,SpacePhenotyper
AAACAAGTATCTCCCA-1,-0.2036549223282386
AAACACCAATAACTGC-1,-0.014654691631872318
AAACAGAGCGACTCCT-1,-0.262580529597383
AAACAGGGTCTATATT-1,-0.2532121250499472
AAACAGTGTTCCTGGG-1,-0.09375185068737157
AAACATTTCCCGGATT-1,-0.023342695644311195
AAACCCGAACGAAATC-1,-0.1456613430704126
AAACCGGGTAGGTACC-1,-0.035357963752118915
AAACCTAAGCAGCCGG-1,-0.08453420733810632
AAACCTCATGAAGTTG-1,-0.09269668114012672
AAACGAAGAACATACC-1,0.06816447320526194
AAACGAGACGGTTGAT-1,-0.059023320626576344
AAACGCCCGAGATCGG-1,0.041531125407161446
AAACGGGCGTACGGGT-1,-0.0512378489618456
AAACGGTTGCGAACTG-1,-0.17334902669377475
AAACGTGTTCGCCCTA-1,-0.17032138794210053
AAACTAACGTGGCGAC-1,-0.1080513137547557
AAACTCGGTTCGCAAT-1,-0.027792595522115722
AAACTCGTGATATAAG-1,-0.2536266099199976
AAACTGCTGGCTCCAA-1,-0.061248804656692364
AAACTTAATTGCACGC-1,-0.06859287206188977
AAACTTGCAAACGTAT-1,-0.18227037329091947
AAAGAATGTGGACTAA-1,0.05340939319401024
AAAGACCCAAGTCGCG-1,0.053609763376728646
AAAGACTGGGCGCTTT-1,-0.08047429570353486
AAAGCTTGCCTACATA-1,-0.22605517817273119
AAAGGCCCTATAATAC-1,-0.031454547157914396
AAAGGCTACGGACCAT-1,-0.1460840417714476
AAAGGCTCTCGCGCCG-1,-0.10266002279560517
AAAGGGATGTAGCAAG-1,0.0032542967146014586
AAAGGGCAGCTTGAAT-1,-0.14523594209733248
AAAGGTAAGCTGTACC-1,-0.1598471645229863
AAAGTAGCATTGCTCA-1,-0.21073631966615636
AAAGTCACTGATGTAA-1,0.028723362960432874
AAAGTCGACCCTCAGT-1,-0.2539182602445994
AAAGTGTGATTTATCT-1,-0.05861691119408351
AAAGTTGACTCCCGTA-1,0.039126708145841106
AAATAACCATACGGGA-1,-0.27640134928803456
AAATAAGGTAGTGCCC-1,-0.005697145218199394
AAATACCTATAAGCAT-1,-0.11834394338646609
AAATAGCTTAGACTTT-1,0.09806230303642949
AAATAGGGTGCTATTG-1,-0.09283025660529183
AAATCCGATACACGCC-1,-0.07334984923509787
AAATCGTGTACCACAA-1,-0.027116150794744477
AAATCTAGCCCTGCTA-1,-0.0927404513293474
AAATGATTCGATCAGC-1,-0.3109603473163035
AAATGCTCGTTACGTT-1,-0.0176046267329438
AAATGGCATGTCTTGT-1,-0.04366410088127243
AAATGGCCCGTGCCCT-1,-0.1960858027099798
AAATGGTCAATGTGCC-1,-0.036685433368552386
AAATGTGGGTGCTCCT-1,0.036519804750956286
AAATTAACGGGTAGCT-1,-0.02825980928937685
AAATTACACGACTCTG-1,-0.32581353972092375
AAATTACCTATCGATG-1,-0.09754177588521218
AAATTCCAGGTCCAAA-1,0.09103352155725293
AAATTGATAGTCCTTT-1,-0.03468548188131986
AAATTGCGGCGGTTCT-1,0.01611760511714546
AAATTGGTGAGAAGCA-1,-0.22461597564186175
AAATTTACCGAAATCC-1,-0.05292775334612947
AAATTTGCGGGTGTGG-1,-0.01513023137959142
AACAACTGGTAGTTGC-1,-0.0391049630777703
AACAATACATTGTCGA-1,-0.059074690597499376
AACAATTACTCTACGC-1,-0.0519203083959703
AACACACGCTCGCCGC-1,-0.14425026605661123
AACACGACTGTACTGA-1,0.045442882084292494
AACACGAGACGCGGCC-1,-0.16933284366807297
AACACGCGGCCGCGAA-1,0.004442742360673721
AACAGCTGTGTGGCAA-1,-0.012695859885090154
AACAGGAAATCGAATA-1,-0.028782694511823474
AACAGGATGGGCCGCG-1,-0.010960195872624767
AACAGGTAGTATGGAT-1,-0.22600840545383286
AACATATCAACTGGTG-1,-0.07533162065185613
AACATCGATACGTCTA-1,-0.3600306514236713
AACATTGAAGTTGATC-1,-0.02319808803820584
AACATTGTGACTCGAG-1,-0.16980490293660075
AACCAAGACTTCTCTG-1,-0.010251501132546725
AACCAGTATCACTCTT-1,-0.06959920711822126
AACCATAGGGTTGAAC-1,-0.06262093107204875
AACCATGGGATCGCTA-1,0.04398352927477537
AACCCAGAGACGGAGA-1,0.07097285554481543
AACCCATCCCATGATC-1,-0.15447344911329655
AACCCGACAACCCGTG-1,-0.1263035750020885
AACCCGAGCAGAATCG-1,0.017161115532171128
AACCCGCTGTATTCCA-1,-0.08896394873951852
AACCCTACTGTCAATA-1,0.05361549552754984
AACCCTGGTGGAACCA-1,0.06104592370961492
AACCGAGCTTGGTCAT-1,-0.0334423713063875
AACCGCTAAGGGATGC-1,-0.23092721387800816
AACCGTTGTGTTTGCT-1,-0.03174644799274028
AACCTCGCTTTAGCCC-1,-0.12243310974624876
AACCTGTCACGGAATT-1,0.08514508182449906
AACCTTTAAATACGGT-1,-0.04002869996643316
AACCTTTACGACGTCT-1,-0.1493610409876879
AACGATAATGCCGTAG-1,-0.08073181737450552
AACGATAGAAGGGCCG-1,0.04154844892714589
AACGATATGTCAACTG-1,-0.13282396705970256
AACGCATGATCTGGGT-1,-0.24194810222543076
AACGCGAACGGCAACA-1,0.03134106885066322
AACGCGACCTTGGGCG-1,-0.11816962093035231
AACGCGGTCTCCAGCC-1,-0.017988546754526265
AACGCTGTTGCTGAAA-1,-0.006074299505462047
AACGGACGTACGTATA-1,-0.24254827874943008
AACGGCCATCTCCGGT-1,-0.012593631245739478
AACGTACTGTGGGTAC-1,-0.03669035137371224
AACGTCAGACTAGTGG-1,-0.14098796640354594
AACGTCGCTGCACTTC-1,0.006081027054903662
AACGTGATGAAGGACA-1,0.006332408985630298
AACGTGCGAAAGTCTC-1,-0.022228086265009446
AACTACCCGTTTGTCA-1,-0.1989459061534293
AACTAGGCTTGGGTGT-1,-0.02673205622051152
AACTCAAGTTAATTGC-1,-0.011408213566879538
AACTCCAGAGCGTGTT-1,-0.06115546791034862
AACTCCTAATCCCATG-1,-0.23350203444357923
AACTCGATGGCGCAGT-1,0.011437494493994886
AACTCTCAATAGAGCG-1,-0.10411399327903183
AACTGAGGTCAGCGTC-1,-0.1393640993590012
AACTGATATTAGGCCT-1,-0.019569562003806468
AACTGGGTCCCGACGT-1,-0.06392326874176132
AACTGGTGTGGGCCTT-1,0.05003780509397426
AACTTCTGCGTCTATC-1,-0.03967810554579886
AACTTGCCCGTATGCA-1,-0.027088728272624225
AACTTGCGTTCTCGCG-1,-0.06472954649851707
AACTTTAGCTGCTGAG-1,0.03801252009383576
AAGAAGGATCAGTTAG-1,0.0027900508605948693
AAGACATACGTGGTTT-1,0.029423424338569718
AAGACCCAACTGAACA-1,-0.11322259272070533
AAGACTAACCCGTTGT-1,0.031817613929623303
AAGACTGCAAGCTACT-1,0.031339459496341704
AAGAGATGAATCGGTA-1,-0.08481064788547978
AAGAGCTCTTTATCGG-1,-0.03335911620570135
AAGAGGATGTACGCGA-1,-0.01951001006838004
AAGAGGCATGGATCGC-1,-0.11299695047667796
AAGAGGCCCTTTGGAA-1,0.012601024630053203
AAGATGGCACCGGACC-1,-0.08269072487437966
AAGATTGGCGGAACGT-1,-0.17609159695256585
AAGCACCCTGCGTATC-1,-0.07393096014541647
AAGCATACTCTCCTGA-1,-0.058737537700169214
AAGCCGAAGCGGTTTA-1,-0.1450714153556682
AAGCCGCCGTGAAATC-1,-0.034740771713828465
AAGCGCAGGGCTTTGA-1,-0.0015695579720410734
AAGCGGCGTCATGGGT-1,-0.15540312683260696
AAGCGTCCCTCATCGA-1,-0.025069696905019447
AAGCTAGATCGAGTAA-1,-0.1892074159390894
AAGCTCGTGCCAAGTC-1,0.003902932543543675
AAGCTCTTTCATGGTG-1,-0.07643531307853361
AAGGAGAACTTATAAG-1,0.041575274794800915
AAGGAGCGGTTGGTGC-1,-0.00011326871736850119
AAGGATCGATCGCTTG-1,0.08354512445996717
AAGGATGAGGGACCTC-1,-0.21206269153232848
AAGGCAGGCTGTCTCC-1,-0.101157636720599
AAGGCGCGTAAAGCTT-1,-0.17559019610817203
AAGGCTGTGCTCATCG-1,-0.05919862461348437
AAGGGAACGACTGGCT-1,-0.05235549884340898
AAGGGACAGATTCTGT-1,-0.13924668681088068
AAGGGACTATGCATTC-1,-0.020657383300077714
AAGGTATCCTAATATA-1,-0.18491755402682167
AAGGTGATAAACCAGC-1,-0.1420460686883284
AAGTAGAAGACCGGGT-1,0.00355576718934989
AAGTAGTGACGCGAGG-1,0.004103911943470012
AAGTCAATTGTCGTCA-1,0.011457630023936153
AAGTGACGACCGAATT-1,-0.06126557019912369
AAGTGAGTCGGGTTTA-1,-0.15253774556532623
AAGTGCCTTGACTGTA-1,0.0029417013183487962
AAGTGCGTTAGAATCT-1,-0.15442535606014188
AAGTGCTTCTCTATTG-1,-0.12189249779921092
AAGTGTTTGGAGACGG-1,-0.14200128449300736
AAGTTCACTCCAAGCT-1,-0.05492513671292001
AAGTTCAGTCTGCGTA-1,-0.26364765508949395
AAGTTCGGCCAACAGG-1,0.01471705945908578
AAGTTGTGATGTTATA-1,0.05369804808589358
AAGTTTACTAATGGCA-1,0.05541747545315904
AAGTTTATGGGCCCAA-1,-0.027183368863749835
AATAACAACGCTCGGC-1,-0.0020750887519728595
AATAACGTCGCGCCCA-1,-0.044884629716481925
AATAAGTCCTCGAGAC-1,0.06970224544733288
AATACAATGTTTCAGG-1,-0.10210343845279231
AATACCGGAGGGCTGT-1,-0.11531749085902039
AATACCTGATGTGAAC-1,-0.09288450212431992
AATAGAATCTGTTTCA-1,-0.3330956060275097
AATAGCAAGCCTCCTG-1,-0.036054747730348544
AATAGCTACCGCGTGC-1,-0.3492659969896196
AATAGTCCGTCCCGAC-1,-0.053839668908090416
AATATCAAGGTCGGAT-1,0.0723604639233743
AATATCGAATCAATGC-1,-0.17015453348249954
AATATCGAGGGTTCTC-1,-0.09679200198563481
AATATTGGAGTATTGA-1,-0.0227766301484089
AATCAGACTGCAGGAC-1,0.0372193605589029
AATCAGGTTTCATTTA-1,-0.08014500874751984
AATCATGTAAAGACTC-1,-0.043100387470122556
AATCCAAGGGCCTGAG-1,0.06577675311287508
AATCCATGCAAGGGTG-1,0.03443974822077373
AATCGCCTCAGCGCCA-1,-0.13495780989619327
AATCGCGCAGAGGACT-1,0.0001908531107698498
AATCGGGACACTACGA-1,0.05065758749318961
AATCGGTATAGCCCTC-1,0.06600971508607245
AATCGTGAGCCGAGCA-1,-0.05023525377958417
AATCTAGGTTTACTTG-1,-0.25201781395921746
AATCTATGCCGGAGCC-1,-0.17035930772179902
AATCTGCGTTGGGACG-1,-0.08819701349556322
AATCTGGCTTTCTAGT-1,-0.1965507686126575
AATCTGGGTAGACCCT-1,0.0025288856996440547
AATGACAGCAATGTCT-1,-0.042978041549320674
AATGACTGTCAGCCGG-1,-0.08534464058724742
AATGAGTTCGCATATG-1,-0.08485670995315216
AATGATGATACGCTAT-1,-0.19917106393699827
AATGATGCGACTCCTG-1,-0.111272091474837
AATGCAACCGGGTACC-1,-0.0271413945283474
AATGCACCAAGCAATG-1,-0.2777703037365677
AATGGTCCACCGTTCA-1,-0.09310531055787151
AATGGTTCTCACAAGC-1,-0.12703787420178628
AATGTATGGCACTGTA-1,-0.0692039698349385
AATGTGCCCGAGGTGT-1,-0.04517310122655752
AATGTGCTAATCTGAG-1,-0.11947169092850239
AATGTTGTCGTGAGAC-1,0.07194851755568445
AATTAAAGGTCGGCGT-1,-0.005325827516329557
AATTAACGGATTTCCA-1,-0.04487844268068716
AATTCATAAGGGATCT-1,-0.2844756947093158
AATTCATTGTCATGCA-1,-0.07569992912517592
AATTCCAAGCATGTAC-1,-0.16650858184006598
AATTCGATTCGAGGAT-1,-0.017922132121163205
AATTGCAGCAATCGAC-1,0.06340401295716011
AATTGCGTGGATTACA-1,-0.05172746421732503
AATTTGGGACATAGTA-1,-0.23236481431213207
AATTTGGTTCCAAAGA-1,-0.005134350478200881
ACAAACCATGCGTCCT-1,-0.055906395755763276
ACAAAGCATGACCTAG-1,-0.008031371782984725
ACAAATCGCACCGAAT-1,-0.2776982847599044
ACAAATTCAGATCTGA-1,-0.04010902159789202
ACAACAGCATGAGCTA-1,-0.03488857248924881
ACAACGGTCCCTGCGA-1,-0.11381222381654041
ACAAGCAGTGCCTAGC-1,-0.014358126940912314
ACAAGGAAATCCGCCC-1,-0.21191765799218226
ACAAGGACAAGAGGTT-1,-0.09126430178009741
ACAAGGATGCTTTAGG-1,-0.11719801121633905
ACAATAGTCGTACGTT-1,-0.1480523839236349
ACAATCCATTTAAACC-1,-0.004374476306424614
ACAATCGATCTTTATA-1,0.059372114924510624
ACAATGAATACGGAGA-1,-0.0195095650523616
ACAATGATTCTTCTAC-1,-0.11235229809471824
ACAATTGTGTCTCTTT-1,-0.15722514930693482
ACAATTTGAGCAGTGG-1,-0.16914987598326292
ACACAAAGACGGGTGG-1,-0.00826744536709161
ACACACCAGGACCAGT-1,-0.17256586562570722
ACACACTTTCTACACG-1,-0.006456775412813381
ACACATGATCAAATCT-1,-0.04645222520423762
ACACATTTCCGTAGAC-1,-0.10475649501109636
ACACCACATAATTAGC-1,0.007684331996215952
ACACCCAGCATGCAGC-1,-0.06406815679650514
ACACCCGAGAAATCCG-1,-0.03115089801739299
ACACCGGTCTGACCGC-1,-0.05086086723742402
ACACCTTAAGTAGGGC-1,-0.06322236624117744
ACACCTTACTACTTGC-1,0.0715108987419627
ACACGAGACTCCTTCT-1,-0.035945219142987705
ACACGGCACTATGCAT-1,0.06463316591051572
ACACGGGAACTTAGGG-1,0.005667796438588808
ACACGTAGGCCACAAG-1,0.03589611127697387
ACACTCCAATGTCACT-1,-0.03230300310137553
ACACTGGGACAGTCGT-1,0.04384862784114493
ACAGAACTGAGAACAA-1,-0.13693347925916924
ACAGATTAGGTTAGTG-1,0.022676384533588938
ACAGCATAGAGCCAGT-1,0.028783348859903777
ACAGCGACATTCTCAT-1,-0.041718202192253744
ACAGCGCACCCGCAGC-1,-0.020076809983756723
ACAGGCACGGATCCTT-1,-0.00881597695301458
ACAGGCTTGCCCGACT-1,-0.07746530297325652
ACAGTAATACAACTTG-1,-0.2707895370796086
ACAGTATACCGTGGGA-1,-0.32968094769562006
ACATAATAAGGCGGTG-1,-0.006533815976058613
ACATCCCGGCCATACG-1,-0.07615315496215568
ACATCCTGGTAACTGT-1,0.07776064291462492
ACATCGATCGTTTACC-1,-0.013345649399577011
ACATCGGTCAGCCGCG-1,-0.02421096294258278
ACATCGTTAACCTAGT-1,0.06537936215352075
ACATCTCAACGCGTAA-1,0.0761019995979978
ACATGGCGCCAAAGTA-1,0.08296306829948077
ACATGGCTCAATTTAG-1,-0.01069219052462361
ACATTTGAAACCTAAC-1,-0.06901528773233954
ACCAAACACCCAGCGA-1,-0.362576071465567
ACCAAACTAGAAATCC-1,0.06772100787543125
ACCAACACCACACACT-1,-0.32301669446636
ACCAACCGCACTCCAC-1,0.0076482427915550944
ACCAAGAACGCGTGTC-1,0.041972420502643354
ACCAAGTCATCGGCAG-1,0.07307410604324827
ACCAATATGCAAGTTA-1,-0.044751584535129736
ACCACAACTCAGAACA-1,0.058968584974531155
ACCACAAGTTTCTATC-1,-0.007260626112405249
ACCACACGGTTGATGG-1,-0.07661224854079374
ACCACCAATGTAACAA-1,0.08036231856459658
ACCACCCTCTCTTCTA-1,-0.2236114245349143
ACCACGTGCAGCTATA-1,-0.265187794377435
ACCAGCCCGGTCTTTG-1,0.07329505377716138
ACCAGGAGTGTGATCT-1,0.030856676432463717
ACCAGTGCCCGGTCAA-1,-0.10516196589867384
ACCAGTGCGGGAGACG-1,-0.2895790913551214
ACCATATCCGCAATAA-1,-0.029780100684165978
ACCATCCGCCAACTAG-1,-0.25724472230150114
ACCATCGTATATGGTA-1,-0.021757637638983307
ACCCAACGCCCGTGGC-1,-0.23257998444381922
ACCCACCTACATGCTC-1,-0.19060699112446605
ACCCATCTTGAGGGTA-1,-0.010943428193034363
ACCCATTTGTCCCTCT-1,-0.026616182889287618
ACCCGAGCGAAATTAC-1,-0.03477285995417962
ACCCGATTGGTTCCGA-1,-0.10762283089166635
ACCCGGAAACTCCCAG-1,-0.0308540773328146
ACCCGGATGACGCATC-1,0.08277688256562626
ACCCGGTTACACTTCC-1,-0.007948872761758928
ACCCGTAGTCTAGTTG-1,0.009582978800902819
ACCCGTGTCATCAGTA-1,-0.1067514294176008
ACCCTATAGGACTGAG-1,-0.016513491541570814
ACCCTCCCGTCAGGGC-1,0.05396095038434091
ACCCTCCCTTGCTATT-1,-0.3536763357188951
ACCCTGGTAACGCCCT-1,-0.3526967456865442
ACCCTTCATCTGCGAA-1,-0.020568694828854296
ACCCTTTAGTTCTCCA-1,0.06399987406658927
ACCGAAAGGGCCCTGC-1,0.027644503691120603
ACCGAAGAGTCTGGTT-1,-0.1529026982478389
ACCGACACATCTCCCA-1,-0.0656464733413615
ACCGACTGAGTCCCAC-1,-0.0219067166688419
ACCGAGTCTCCTTATT-1,-0.004806260870113613
ACCGATAGGCATAACC-1,0.04453285510629979
ACCGATATTTAATCAT-1,-0.26374657529689205
ACCGATGGTAGCATCG-1,-0.09811362960465468
ACCGCAATAACTGCCT-1,-0.21905075304590452
ACCGCGGTGGAAGTCG-1,-0.024216531942656563
ACCGGGCCTTTGTTGA-1,-0.004961306213160172
ACCGGTCAGGTACACC-1,-0.06574346835502498
ACCGTGACCACGTGGG-1,-0.0825390195790076
ACCGTTCCCGCTCTGA-1,0.06751580509387246
ACCTAAGTACCTTTCA-1,-0.18931656153794882
ACCTAATCGACTTCCT-1,0.004151554337294133
ACCTACAGTATGTGGT-1,0.05747797920641828
ACCTACTATAAATCTA-1,-0.16062783886468868
ACCTCCGCCCTCGCTG-1,-0.026150422702507274
ACCTCCGTTATTCACC-1,0.09622711723176323
ACCTCGAACTTATGCT-1,-0.048052477342068384
ACCTGCGTGTCATGTT-1,-0.1799933668473198
ACCTTTCCTTTAGAAG-1,0.06188634820717066
ACGAAATGGGCGGCAC-1,-0.019752005073229818
ACGACTCTAGGGCCGA-1,-0.0687038996775613
ACGACTGGTCATACTC-1,-0.12635837508117886
ACGAGAACCCATCACG-1,0.01958993877025249
ACGAGATATTTGCTTA-1,0.02644807301742785
ACGAGGATACCACTCT-1,-0.18009969265958498
ACGAGGTTTACAACGT-1,-0.12180688959581647
ACGAGTACGGATGCCC-1,-0.19476881763788015
ACGATACATAGAACTA-1,-0.30933561351540817
ACGATCATACATAGAG-1,-0.016082787862635627
ACGATCATCTTGTAAA-1,0.09069050982820438
ACGATGCATATGTTAT-1,-0.012729126691421727
ACGATGGATCCGATGC-1,0.04662609525935921
ACGCAAACTAATAGAT-1,-0.14355483748756406
ACGCAATCACTACAGC-1,-0.13844377797238783
ACGCATAAATGACATG-1,0.03296313739483784
ACGCATACGTTTACTA-1,-0.02392345615276536
ACGCATTCGTGAGTAC-1,-0.0012733989504859005
ACGCCACTCGAAACAG-1,-0.06288098527211639
ACGCCAGATGATTTCT-1,-0.1667369827619811
ACGCCAGTGCGTTTGC-1,0.008500701574421201
ACGCCCAGCTGTCGAT-1,0.07233665818577022
ACGCCGCTAGACGACC-1,-0.0708671823931013
ACGCGCTACACAGGGT-1,-0.03036424810718903
ACGCGGGCCAAGGACA-1,0.003238197285182526
ACGCTAGTGATACACT-1,-0.0949490327253899
ACGCTGTGAGGCGTAG-1,-0.234430431145799
ACGCTTAGTGTCTCTC-1,0.044689239495819905
ACGGAACACGAGTGCC-1,-0.058340469493680526
ACGGAATTTAGCAAAT-1,0.0074613850187624335
ACGGACTCTCAAAGCG-1,-0.0876616424172731
ACGGAGCGCAAATTAC-1,-0.3174166546636707
ACGGATGGTGCGGATA-1,-0.0758318334182796
ACGGCGACGATGGGAA-1,-0.26846651305270797
ACGGCGGGTTGCCCTG-1,-0.0054914956353368195
ACGGCTGGATGTAGAA-1,-0.08378955032311713
ACGGGAGTGTCGGCCC-1,-0.19609232521267767
ACGGGCGTATGCGACA-1,-0.21458088054997068
ACGGTACAGTTCAATG-1,-0.02294424476075787
ACGGTCACCGAGAACA-1,-0.10215344735796328
ACGTACAGATTTCTCT-1,0.036372210711656174
ACGTACTTTGGCACGG-1,-0.0963561546679358
ACGTAGATTGCTGATG-1,0.013754901436968059
ACGTAGGAGAGTCGCT-1,-0.040266425161702875
ACGTATTACTCCGATC-1,0.05413800893428363
ACGTCCTAAACGAGAT-1,0.04986792034718542
ACGTGCGCCTCGTGCA-1,0.01214578383615258
ACGTTAATGTCGAAGA-1,-0.019200862428239724
ACGTTAGATTTGCCCG-1,-0.01036611620255263
ACGTTATTGGTCACTC-1,0.012365178907243913
ACGTTCCGCGCTCCGT-1,0.0070483742341845654
ACGTTCGCAATCAATT-1,0.08327568875990937
ACGTTCGTTCAGGAAA-1,-0.12826285448878427
ACGTTCTGTACAAGTC-1,-0.01038120271393975
ACGTTTAGTTGTGATC-1,-0.0555095843347472
ACTAATACGTCAGGCG-1,-0.009327900607568617
ACTACAAAGAGAGGTG-1,-0.10220395865254471
ACTACATCCCGACAAG-1,-0.05262608051741319
ACTACCAGCTCTCTGG-1,-0.09982024052766236
ACTACGCGTTAGAATT-1,-0.08943450026624465
ACTAGTTGCGATCGTC-1,-0.1759048279058606
ACTATATGCTGTGTTC-1,-0.2789515506254555
ACTATCCAGGGCATGG-1,0.08749203083182908
ACTATCTGCCCGCGTA-1,-0.35607498659581244
ACTATGTCCAGCTGCC-1,-0.035918208445141944
ACTATTCGTCCGTGGT-1,-0.09955229476213581
ACTATTTCCGGGCCCA-1,-0.10778229715205315
ACTCAACGAATGTATT-1,-0.00037143889205334057
ACTCAAGTGCAAGGCT-1,-0.09554337401077749
ACTCAATAAAGGCACG-1,-0.007617941635669805
ACTCAGACCTGCTTCT-1,0.07979740272573048
ACTCATGGCAGCCTTC-1,-0.04002943981054845
ACTCCAATATCATCAT-1,-0.06688608764954346
ACTCCCATTCCTAAAG-1,-0.2296838132121373
ACTCCCGAATTCGTTT-1,0.04754910195973103
ACTCCCGTAGACTAGG-1,-0.2244716970857449
ACTCCCTAATGCTAAA-1,-0.021750901380341758
ACTCCGGCCGACCACT-1,-0.06733600282288293
ACTCGCCGTTCGATAA-1,0.0445294713715611
ACTCGTAACCCGTCCT-1,-0.15069872042276938
ACTCGTCAGTAATCCC-1,-0.07134809014861454
ACTCTCTGACTTAGGT-1,-0.11255625481674711
ACTCTCTTATACACGA-1,0.012083529227553418
ACTCTGACCTAATAGA-1,0.02615367356865235
ACTCTTGTATAGTAAC-1,0.02101462521737853
ACTGAAACGCCGTTAG-1,-0.02221379522650057
ACTGAATGGCGAAAGT-1,-0.3022538415030562
ACTGATTTAGTGATTC-1,0.05781789502420809
ACTGCCCGCCATTCTC-1,-0.06385288481102665
ACTGCCGTCGTAACTC-1,-0.11007554917534551
ACTGCGGACACACCGT-1,0.07983894640060879
ACTGGGATGCCAGTGC-1,-0.09868642249606231
ACTGTACGATACACAT-1,-0.13006370478694596
ACTGTAGCACTTTGGA-1,-0.10370498315363706
ACTGTATACGCGAGCA-1,0.06524753255976559
ACTGTCCAGGATTATA-1,-0.02329132316812618
ACTGTCTTCTTTAGAA-1,-0.02314549499247977
ACTGTGCTAGTAGATC-1,0.042058632899941745
ACTGTTTAGTGTAGGC-1,0.03821968909076674
ACTTACCGGGCGCGCA-1,-0.23747717311276087
ACTTACGCATCCACGC-1,-0.09698508414030038
ACTTAGTACGACAAGA-1,0.05837679315962089
ACTTATACTTACCCGG-1,-0.13409084926430498
ACTTATTAGGATCGGT-1,-0.009939644829892706
ACTTATTTATGTGCCA-1,-0.2467732262640188
ACTTCAGGCTGATCCC-1,-0.2130133388772114
ACTTCCATGCGGGACA-1,-0.11093190269344069
ACTTCGCCATACGCAC-1,-0.037329386380611396
ACTTGACTCCCTCTTT-1,-0.07257899524172289
ACTTGCCATATTGTAC-1,0.03811749912321018
ACTTGGGACCCGGTGG-1,-0.029904211696949345
ACTTGTAGTCCCTTCA-1,-0.2399887939790387
ACTTGTGGATGGAACG-1,-0.35734939963905343
ACTTGTTACCGGATCA-1,-0.09100568603121573
ACTTTACCCTCATGAA-1,0.048685274857290926
ACTTTCCTATAGCTTC-1,-0.05571433667512465
ACTTTGACTGCATCCT-1,-0.1606910762330597
ACTTTGGTCGTGCTCC-1,-0.08451869895791882
AGAAATTATGACTCGC-1,-0.3769751593040346
AGAACCCTCAATTGGG-1,-0.10304713684500083
AGAACGTGGTACATTC-1,-0.012077612981087525
AGAACTGTACTTTGTA-1,-0.11338087682946471
AGAAGAGCGCCGTTCC-1,0.07532815289901916
AGAAGGTACACTTCAC-1,-0.22363547379833493
AGAAGGTTGCCGAATT-1,-0.01764493826969879
AGAAGGTTGTAGGTCG-1,-0.06679354904439028
AGAAGTGATTCGTGAT-1,-0.056563555488349335
AGAATACAGGCTATCC-1,-0.12292475753488953
AGAATGCGGGTTCGGA-1,-0.2547180980692131
AGAATTATGGATTCGA-1,-0.000876880639885187
AGAATTGTTTGACATA-1,-0.038442510334027014
AGACATAGATCCTTCC-1,0.05947789438843603
AGACCATGGGATACAA-1,-0.09156696263106234
AGACCCGCCCTCCTCG-1,-0.038860103044009005
AGACCGCTCCGCGGTT-1,-0.30225995544785345
AGACCGGGAAACCCTG-1,-0.21887410638048932
AGACGAAGTGCCGGTC-1,-0.3043063427913819
AGACGACGATGCCGCT-1,-0.09388223906332285
AGACGGGCCGATTTAA-1,-0.06507206651819723
AGACTAGCCTTCCAGA-1,-0.01031047456204798
AGACTGTTACCGGGTC-1,-0.10980829552753925
AGAGAAACACCAGAAA-1,-0.10489071850652476
AGAGAACCGTCTAGGA-1,-0.2371938636741599
AGAGAAGGAGTACAAT-1,-0.02071496318843997
AGAGATCTCTAAAGCG-1,-0.17913943466419702
AGAGCAGTTATGAGAC-1,-0.11993188295850181
AGAGCCGCCGAGATTT-1,0.03734342687510419
AGAGCGGGCTAATCAT-1,0.005935484898310464
AGAGCGTACAAGCTCG-1,-0.13269922510334733
AGAGCTACGAAAGCAT-1,-0.02637177868044519
AGAGGCTTCGGAAACC-1,-0.2274276333308403
AGAGGGACAATTGTCC-1,-0.04581368180304158
AGAGGTATCTCGGTCC-1,0.030655156445283355
AGAGTAAACTTCACTA-1,-0.1646094965370966
AGAGTATAGTGTTACG-1,-0.17093165147954664
AGAGTTAGAGACCGAT-1,0.0052594328404199624
AGATAACTTCAGGGCC-1,-0.0638076513685414
AGATACCAATAGAACC-1,-0.03949570076290335
AGATACCAGCACTTCA-1,-0.2540169165497797
AGATACCGGTGTTCAC-1,-0.015422734966853705
AGATACGACTTCATAT-1,0.06161001936972577
AGATATAATACGACTA-1,-0.03201858684127219
AGATCGTGCATAAGAT-1,-0.232990665141073
AGATCTCAGGTGTGAT-1,-0.029197368405925937
AGATGACTCGCCCACG-1,0.00212002322830136
AGATGAGGGTTGCGAT-1,-0.24774477270525574
AGATGATGGAGTCTGG-1,0.09198893691873367
AGATGCAAGACGTGCA-1,-0.034181433805788135
AGATTATAGGACGTTT-1,-0.02799791189007387
AGATTCACAACCGATA-1,-0.29817437671945995
AGCAAAGGCCGCTAGT-1,-0.06856048633954935
AGCAACATATCTTATT-1,-0.05497243647572386
AGCAACCGAAAGTAAT-1,-0.08889504913756077
AGCACACGTTTAGACT-1,-0.03491941286267817
AGCACCAGTACTCACG-1,-0.03105872461807907
AGCACTACCGGCCTGT-1,-0.02282196534208772
AGCACTACCTCACCAG-1,-0.10277037139554199
AGCACTTAAGGACGCC-1,-0.01822782519030817
AGCAGAAGGAGAAAGA-1,-0.05717052444232715
AGCAGCCAGATGAATA-1,-0.04509281757654874
AGCAGTCGAAGCATGC-1,-0.03730309931054885
AGCATATCAATATGCT-1,-0.1372076899688411
AGCATCATTTCGAAAG-1,-0.23479714824178005
AGCATCGTCGATAATT-1,-0.021361349932360624
AGCATTACGAGGCAAG-1,0.07112910877918928
AGCCAAGCTTTGTGTC-1,-0.12169759937856992
AGCCACAGGTTACCCG-1,-0.0908547903369132
AGCCACTCCCGTGCTT-1,-0.2751077907167037
AGCCATATAGTATGTG-1,-0.13732013869039572
AGCCCATACATGTAAG-1,-0.05567086190703057
AGCCCGCAACAAGCAG-1,-0.10666993174774395
AGCCCGCACTACAATG-1,0.015357861811845218
AGCCCGGCATTAGAGG-1,-0.05790627236893325
AGCCCGGTAGCCTGTA-1,-0.15291327636347601
AGCCCTAAGCGAAGTT-1,0.0005649625194847325
AGCCCTCCCTGGTGGC-1,-0.050386601643849976
AGCCCTTCTAATCCGA-1,-0.28001551794237756
AGCCCTTGGACATCCC-1,-0.018917008370426536
AGCCGTGGCTAAATGT-1,-0.1685239897084573
AGCCTAATACCCACGT-1,-0.17418797240351955
AGCCTTAAAGCGGAAG-1,-0.031459561353019354
AGCGACATCCCATTCA-1,0.027108861756286937
AGCGACCAACGATATT-1,-0.03214982731043512
AGCGAGACGTGAAGGC-1,-0.025414534473971843
AGCGATGCGCCTAATA-1,-0.006952309184377516
AGCGCATAATGAATCG-1,-0.07816049187036499
AGCGCGGGTGCCAATG-1,-0.17978515974126766
AGCGCTTATGGGCAAG-1,-0.11600164466566922
AGCGGACACTTCGTAG-1,-0.07858240195810277
AGCGGCGGTTAGCGGT-1,-0.1727196125267483
AGCGGGAAGGGTCCAT-1,0.07587405462816776
AGCGGGTCTGACACTC-1,-0.06727368494279262
AGCGGTTGCCGCTCTG-1,-0.3860669575580469
AGCGTACGAGAGCTAG-1,0.03241280560934139
AGCGTCTGAACCCGCA-1,0.008302285917468127
AGCTAACAAGCAATGT-1,-0.05233919069089578
AGCTAAGTACGCAGGC-1,-0.08959527936728989
AGCTAGAAGCAGAAGT-1,-0.2469332767635293
AGCTATTTAATCCAAC-1,-0.13780370830812438
AGCTCCATATATGTTC-1,0.025752277342165005
AGCTCCTTCGCACATC-1,-0.11042225884435547
AGCTCTAGACGTTCCA-1,-0.08418113518101582
AGCTCTTCCCAGTGCA-1,-0.40459862221642856
AGCTCTTCGTAACCTT-1,0.08525522176980843
AGCTCTTTACTCAGTT-1,-0.013733874254514595
AGCTGAAGTAAACCAA-1,-0.41805866120702245
AGCTGTAACCTCAATC-1,-0.048262186694836895
AGCTTATAGAGACCTG-1,0.04496196586530366
AGCTTCTTCTCGAGCA-1,0.06237032114579062
AGCTTGATCTTAACTT-1,-0.08170571593756565
AGGAAGCTGTCCGCCG-1,-0.07676282648721984
AGGACATCGCACGTCG-1,0.059193240474627505
AGGACGACCCATTAGA-1,-0.026012006009685135
AGGACGCTCGATGTTG-1,-0.2765184331976044
AGGAGACATCCACAGT-1,-0.196447361406665
AGGAGGCCTTCGCGCG-1,-0.09861508236787084
AGGATAAAGTCGGGAT-1,-0.039652053786676474
AGGATATAGGGATTTA-1,-0.06668818059004429
AGGATATCCGACTGCA-1,-0.05216863359793012
AGGATCACGCGATCTG-1,-0.23082933635979744
AGGATTGCTTACGACA-1,-0.02637382213888941
AGGCACGTGACTGTCC-1,0.0011179471657804356
AGGCAGATGCGTAAAC-1,-0.245041025717039
AGGCAGGGAGCGTACT-1,-0.17957168596622317
AGGCATTGTCGTAGGG-1,-0.2860961565590375
AGGCCACCCGTTATGA-1,-0.10263382501418286
AGGCCCAGTGACTGGT-1,-0.014953226305438144
AGGCCCATTGTACAGG-1,0.0356949887981759
AGGCCCTAGAACGCCA-1,-0.1681557212931136
AGGCCTATCATACCAA-1,-0.0949771885049252
AGGCCTGAGAATCTCG-1,-0.11461906469246162
AGGCGGTTTGTCCCGC-1,-0.03856154485652157
AGGCGTCTATGGACGG-1,-0.32023192157078206
AGGCTATGGTTAGCTT-1,-0.14500598253662153
AGGCTTGCTAGACACC-1,-0.1620536780847087
AGGGAAACGAGGTACT-1,-0.24604799306735484
AGGGACCGGCTGCGTT-1,0.09626432099895321
AGGGAGACATACTTCG-1,-0.1754902409000225
AGGGCAGCGGCGTGGT-1,0.06880576136679141
AGGGCGAGCAGCTGAT-1,-0.17898357501409848
AGGGCGTGATCGGCTA-1,0.04427661235792212
AGGGCTGCAGTTACAG-1,0.01132260402460802
AGGGTCAGAGCACTCG-1,-0.1510874447125767
AGGGTCAGTAACCCTA-1,-0.2967386058545474
AGGGTCGATGCGAACT-1,0.03943577264864141
AGGGTGCCGTTCTTTA-1,-0.12914676312108708
AGGGTGCTCTCGAGGG-1,-0.10250666947112856
AGGGTTCAGACGGTCC-1,-0.11982810033641804
AGGGTTCCCTTTGGTT-1,-0.19433016514582846
AGGGTTTAGTTCGGGA-1,0.011980115045689885
AGGTAACCTCCTATTC-1,0.07533179025684344
AGGTACGATATTGCCA-1,-0.036731854086638996
AGGTAGATCGAGATAT-1,-0.1044016009054934
AGGTAGGTACAAAGCT-1,0.003841451082299223
AGGTATAATTGATAGT-1,0.09966595935378454
AGGTCAGGTGAGAGTG-1,-0.17008978865761124
AGGTCGCGGAGTTACT-1,-0.07600651943469842
AGGTGCACGTCCACAT-1,0.06913736153641312
AGGTGGTGACCTTCGC-1,-0.14559735598934928
AGGTGTATCGCCATGA-1,-0.16901841766428435
AGGTTACACCATGCCG-1,-0.060717750767372416
AGGTTCTCCTTTCCGG-1,-0.06286829003068149
AGGTTGAGGCACGCTT-1,-0.15421408665087538
AGGTTTCACACACCTT-1,-0.013808568280701532
AGTAACGTTCATCCTG-1,-0.02774419708281426
AGTAACTATAGCAGCC-1,0.06459620306075897
AGTAATCTAAGGGTGG-1,-0.07123450083066583
AGTAATGTCTTGCCGC-1,0.022748534011700138
AGTAATTTGCAAGCGT-1,-0.08121978900548353
AGTACAGAAGCTTATA-1,-0.02487363118830338
AGTACATCATTTATCA-1,-0.2218813802011304
AGTACCTTCGAGTGCT-1,-0.14800338935951038
AGTACGGGCACCTGGC-1,-0.1271105976928372
AGTACGTGGCCTGTCT-1,-0.02954711116329542
AGTACTCTTATGCCCA-1,-0.020601360816749535
AGTAGAAGGCGCCTCA-1,-0.1391048715667342
AGTAGCGTGAACGAAC-1,0.06578319796633042
AGTAGGAAGGAAGTTG-1,-0.2660541351995026
AGTAGGTAACATACAT-1,0.04558962966227538
AGTATAATACTAGGCA-1,-0.21824551558672348
AGTATACACAGCGACA-1,-0.14756128102409685
AGTATCCATAATAACG-1,0.02243460558122638
AGTATGCTGGAGACCA-1,-0.017041489065825234
AGTCAAATGATGTGAT-1,-0.1104471533488856
AGTCAACACCACCATC-1,-0.006943850261329873
AGTCAAGATGACACTT-1,-0.3391124899534092
AGTCACTAGCTCTCGA-1,-0.023784188070880122
AGTCACTCCGCCTCAT-1,0.004401354947748687
AGTCAGCCACCGCCTG-1,-0.009303498044606826
AGTCCAGCGGGTACGT-1,0.02953585983446599
AGTCCATTGGCTGATG-1,0.07292609061864085
AGTCCCGCCTTTAATT-1,-0.20899570233799664
AGTCGACGGTCTCAAG-1,-0.11463930785084894
AGTCGGCCCAAACGAC-1,-0.12326887392696266
AGTCGGCTCAACTTTA-1,-0.1977322746780624
AGTCGGTTGCGTGAGA-1,0.06929800012728501
AGTCGTATAAAGCAGA-1,-0.06404185303975883
AGTCGTCGACCACCAA-1,-0.022949760150144362
AGTCGTGGGCATTACG-1,-0.21152277143512693
AGTCTAAAGTATACTC-1,-0.19711745241892079
AGTCTCACAAGACTAC-1,-0.056297113246807716
AGTCTGGACATCCTTG-1,-0.042588588250572844
AGTCTTCTCCTCAAAT-1,-0.01691095501339317
AGTCTTTAAAGTGTCC-1,-0.0054854659972604315
AGTGAACAAACTTCTC-1,0.015114252793016581
AGTGAAGATGGTGTCC-1,-0.30458390389040524
AGTGACCTACTTTACG-1,-0.00914915002078331
AGTGACTGTGACACAA-1,-0.06454773149020693
AGTGAGACTTCCAGTA-1,-0.18284131578697124
AGTGAGCCTCGCCGCC-1,-0.1611884922275762
AGTGAGGGTTTCTGAC-1,-0.07627055171717396
AGTGAGTCGAATTAAC-1,0.05912177560426746
AGTGATAACCTGCGCG-1,-0.061688812093871906
AGTGATATGAGTAGTT-1,-0.02107693738269574
AGTGATTCAAGCAGGA-1,-0.2046226135663812
AGTGCACGCTTAAGAA-1,-0.0823820168915566
AGTGCGTAGCTCGTAA-1,-0.02102659629867643
AGTGCTAAACACAGCA-1,-0.10745264032735687
AGTGCTTGCACGAATA-1,-0.08405277587411576
AGTGGCCCGCAAATGG-1,-0.08645567438354429
AGTGGCGGCAATTTGA-1,-0.15155635062809142
AGTGGCGTCTGAAGGT-1,-0.12342856272983178
AGTGGCTCCGTCGGCC-1,-0.20832640584678944
AGTGTATTGCGCATTG-1,-0.23241394710133348
AGTGTGGTCTATTGTG-1,-0.04473896665383901
AGTTAAACACTTGCGA-1,-0.004819255781290107
AGTTAAGCGGTCCCGG-1,-0.26314368122714704
AGTTAAGTCAACCGCT-1,-0.18200528145726774
AGTTACCGCACATGGT-1,-0.07234784041937113
AGTTACTCTATCGTGG-1,-0.3205677134934363
AGTTATTCAGACTGTG-1,-0.06829397825083043
AGTTCCTACAGAATTA-1,-0.03175965927709247
AGTTCCTATTTATGTT-1,-0.03467457671046745
AGTTCTGCGTTGTATC-1,-0.061434295424231476
AGTTGACATCGGCTGG-1,0.015156796474754448
AGTTGACGGTCCTTGC-1,-0.10230382318670231
AGTTGCGGTCCTCAAC-1,-0.08918697118601177
AGTTGCTGACTGATAT-1,-0.07092994943443547
AGTTGGCAAGGCTAGA-1,0.07503894383485227
AGTTTATGTAAAGACA-1,-0.22154944459519166
AGTTTCGCAGGTCGGA-1,-0.011379582113096568
AGTTTGCACCTGCCTC-1,-0.06959617267544645
AGTTTGGCACGGGTTG-1,-0.2075042589923577
AGTTTGGCCAGACCTA-1,-0.040378355353290145
ATAAACGGACCCGTAA-1,-0.09575559378638183
ATAAACGTTGCACCAC-1,0.004104561901738761
ATAAAGGCTCGGTCGT-1,-0.01873245719600227
ATAAAGGTCAAGTACG-1,0.036134952603160325
ATAAATATTAGCAGCT-1,-0.012739557993008958
ATAACGCCGGAGGGTC-1,-0.09257597002500957
ATAACGGAGTCCAACG-1,-0.055322490416974596
ATAACGTTACCTCCAC-1,-0.0685328728551754
ATAAGGTGGAGAACAT-1,-0.23931621778045636
ATAAGTACCCGATTGT-1,-0.09705501696693825
ATAAGTAGGATTCAGA-1,-0.07559170560267864
ATAAGTAGGGCGACTC-1,0.09717294797929558
ATAAGTTACCGCGACG-1,-0.028519794522126222
ATAATACCGTTAGCCG-1,-0.05933231189797731
ATAATAGCTGTTGAAT-1,-0.1043040180042303
ATAATAGTGTAGGGAC-1,-0.07612752861011389
ATAATCTTGGAGAACC-1,-0.10442483662887327
ATAATTAGCTAAGTAG-1,-0.07158529915763188
ATACAGGCCCTCCAAT-1,-0.01924096161893122
ATACCACGGGCAACTT-1,0.014239363387138923
ATACCAGCAAATTGCT-1,0.04844398128127858
ATACCAGGCTAATAGA-1,0.014473020358020646
ATACCAGGTGAGCGAT-1,0.043161522957238525
ATACCGTCATCCATAA-1,-0.2775681722175065
ATACCTAACCAAGAAA-1,-0.05075973021096449
ATACGCCGGCGAAACC-1,-0.12883386959902465
ATACGGAACGTCGTTT-1,-0.0714697685020017
ATACGGGTTTCGATTG-1,-0.35044655515509826
ATACGTACTTAGCCAC-1,-0.04094690626292742
ATACGTCCACTCCTGT-1,-0.28324872648763355
ATACGTTATGCACGGA-1,-0.0764138600653587
ATACTACCCGTACCAC-1,-0.04842893694117295
ATACTAGCATGACCCT-1,-0.0010234512919443173
ATACTCTCGCCACTCT-1,0.02365220546355363
ATACTGCCTTACACCG-1,-0.07225970275328238
ATAGACAACGGGACCT-1,-0.10929907063094206
ATAGACGAAGAGAAAG-1,-0.04273845798687458
ATAGAGTACTGGGACA-1,-0.013079726074469625
ATAGAGTTATCAACTT-1,-0.12229957140757299
ATAGATTTGCAGTCGG-1,0.05892060594727403
ATAGCAACTAGGGAAG-1,0.01810485570886733
ATAGCCATAACAGTCA-1,0.013957721742983499
ATAGCCTCAGTACCCA-1,-0.01162567106654706
ATAGGAATCTAAGCTT-1,0.016240070195648427
ATAGGCGGCTATAGAA-1,-0.015414440789371257
ATAGGCTAGCTTCGCA-1,-0.11022882006206507
ATAGGGATATCCTTGA-1,-0.11492427668129696
ATAGGTTGGGCAGATG-1,-0.034665199308240184
ATAGTCTTTGACGTGC-1,0.06473156041730423
ATAGTGAAGCGTTCTC-1,-0.00903277695536157
ATAGTTCCACCCACTC-1,0.08610166820936271
ATATAAAGCGCTCGTG-1,-0.04046627128390549
ATATAAATGTAGCTGC-1,-0.05866517745984202
ATATAACACGGGCGCA-1,0.00330355682973527
ATATACGCTCGTGACG-1,-0.02745751075829642
ATATAGAGTATTGGTC-1,-0.06613805423669765
ATATCAACCTACAGAG-1,0.09082373989872287
ATATCGGTAGGGAGAT-1,0.0882264569861487
ATATCGTGCCAGACCC-1,0.05624343296344316
ATATCGTTCCTCGAAC-1,-0.028735385269331774
ATATCTCCCTCGTTAA-1,-0.433004171469098
ATATCTTAGGGCCTTC-1,-0.031024937923641388
ATATGGGATAGCAACT-1,-0.09584283382122366
ATATGTCTAGAGCGTG-1,-0.08641653236987844
ATATGTCTCCCTAGCC-1,0.008277709646065527
ATATGTGCACAAACCA-1,-0.07702444976249931
ATATTCAGTTAAACCT-1,-0.027425479479577172
ATATTCCACATAGTGA-1,-0.19594173836727652
ATATTCCCACAGGTCA-1,0.02740304795874659
ATATTGCTGTCAAAGT-1,-0.07628308915480003
ATATTTAACCCTCAAG-1,-0.01401365693917434
ATCAAACACTGTTCCA-1,-0.1618178267305778
ATCAAACGAAGGTTTG-1,-0.09042954180990648
ATCAAGATCCCAGGAC-1,-0.09920456977828115
ATCAATCTGGGCTGCA-1,0.014424030706044455
ATCAATGCCGTGGCTG-1,-0.03311470913706489
ATCACATTAGAATATC-1,-0.3881561011622596
ATCACGTGCTAATTAA-1,0.014998006944752446
ATCACTTCATCCTCGC-1,-0.05700182821371078
ATCAGACGGCACGCCG-1,-0.027831134502806897
ATCAGCCTCATGCTGC-1,-0.045515743103275746
ATCAGCTCGTCCACTA-1,-0.13485661519698838
ATCAGGTCGCCATTGC-1,-0.15369028148428626
ATCAGTAGGCAGGGAT-1,-0.34834353351873176
ATCATAGCCCTATGTA-1,-0.012838054875264437
ATCATCCAATATTTGT-1,-0.02782592514448989
ATCATCTGCCCAGTGT-1,0.01755663136735672
ATCCAACGCAGTCATA-1,-0.1572347518368114
ATCCAATGGAGGGTCC-1,-0.07985970167280979
ATCCACATCGACAGAA-1,-0.06607749236265072
ATCCACGCTAAATGTT-1,0.052006532518377904
ATCCACTTTCAGACTA-1,-0.06657087391051444
ATCCAGGATTCGTGAA-1,-0.0020672597903467157
ATCCCATCCACAGCGC-1,-0.07023888068677551
ATCCCATTTCCGTGGG-1,-0.10893707916745332
ATCCTACCTAAGCTCT-1,-0.013443796631454718
ATCCTGAATCGCTGCG-1,-0.0163832547658462
ATCCTGCGTGGAATGG-1,-0.02806396165092214
ATCCTGCTGCAGATAG-1,0.059847259399000936
ATCGACCCAATACAGA-1,-0.024327296579248085
ATCGACTCTTTCCGTT-1,0.007244157178608299
ATCGCACGATTGTTCA-1,0.0059043776753792765
ATCGCACGCCGGGAGA-1,-0.03175095482747117
ATCGCCAGTCAACATT-1,-0.03916606929976387
ATCGCTGCGTGCAGCA-1,-0.22053043444248055
ATCGGAGACAGACGGC-1,-0.12337943890790953
ATCGGCAAGCAGTCCA-1,-0.2430594253679203
ATCGTCCAATCGAGTC-1,-0.023191888571637953
ATCGTGGAAAGTCTGG-1,-0.02749388585556418
ATCGTTAGCTAGCGGA-1,-0.05725314106637088
ATCGTTCACTTTCGCC-1,-0.23480869678690525
ATCTAATATCCTACGG-1,-0.02360140036593919
ATCTACCATCTGCTCC-1,-0.06805890383400962
ATCTAGCTTGTGAGGG-1,-0.10035780361926534
ATCTCCCACGGAATAT-1,-0.009741506409487417
ATCTCCCTGCAATCTA-1,-0.12455507948517998
ATCTCGTGAGCGAAAC-1,-0.29531684878310216
ATCTGACATGGAAGGA-1,-0.07950958907721195
ATCTGCACCTCTGCGA-1,-0.13695438799725126
ATCTGCTGTTATCGCC-1,-0.15754532783137565
ATCTGGGCTGTTCTTG-1,-0.06186925022071631
ATCTGGTTAAGACTGT-1,-0.07840020312468807
ATCTGTAATTGTACCC-1,0.0339702652674505
ATCTTAGGGCATTAAT-1,-0.0835393372848949
ATCTTATCGCACACCC-1,0.040095044303790156
ATCTTGACCTGCAACG-1,-0.02265226476800784
ATCTTGACTTGTCCAA-1,-0.09768682480551286
ATCTTTCGTATAACCA-1,-0.21168643830728134
ATGAAGCCAAGGAGCC-1,-0.06254804071310599
ATGACGCCGGCTCTAA-1,0.028014222647562047
ATGACGCGTTCTATCC-1,-0.14526624032750698
ATGACTATCAGCTGTG-1,-0.0900374056618053
ATGACTATGCGACATT-1,-0.33819334294032016
ATGAGGAGTGTTAATC-1,-0.197218413766733
ATGAGGGCAGCGGCTA-1,-0.24036591780258268
ATGATCGGGAATAGAC-1,0.03134732609435777
ATGATGCAATGGTACA-1,-0.008540541352864825
ATGCACGCGCTGTTCA-1,-0.10178673766080108
ATGCACTACCGCATTG-1,-0.007114660338644522
ATGCATGATCCAGGAT-1,-0.014057914484154818
ATGCATTCCGTGATGG-1,0.023625912474432614
ATGCCAATCGCTCTGC-1,-0.29695281908708776
ATGCCATTTGCGACCA-1,-0.13437077390199328
ATGCCGGTCTTGCATA-1,-0.053740022732807965
ATGCCGGTTGATGGGA-1,-0.4047736691931484
ATGCGACAATTGGTCC-1,-0.24956496361348007
ATGCGACAGTCCCATT-1,0.022131026047458254
ATGCGAGTCCCACCAC-1,-0.17524039496022142
ATGCTCAGTGTTGCAT-1,-0.08027197943716817
ATGCTCTGGCGCGGTA-1,-0.09866260720683141
ATGCTTAGGAGTTGAT-1,-0.015561946738093522
ATGGAACCTTTGCACA-1,0.06442561996980758
ATGGAGCAGGCCGTGA-1,0.021714125104579853
ATGGATCCGGCGTCCG-1,-0.28862666791396446
ATGGATTGACCAAACG-1,-0.05441438080124723
ATGGCAGCATTACGAT-1,-0.05532874562981529
ATGGCTGGAAATGGCC-1,-0.16760821033567952
ATGGGAACGGAAGCGG-1,0.008522867440047526
ATGGGACCTGCTGAAC-1,-0.0488737231484014
ATGGGCCTCGGCCTCT-1,-0.19914035235174482
ATGGGTGTATACCTCC-1,-0.042827554512114265
ATGGTATTGGGAACCG-1,-0.08225063850941113
ATGGTATTTACTGATT-1,-0.08947063866404392
ATGGTCGCGTGGTTTC-1,-0.2123147003192862
ATGGTGCTCAAAGCCA-1,0.05295287927092876
ATGGTTACGAAACATG-1,0.015442441883159052
ATGTAAGGCTGCTCTT-1,0.04469628229307448
ATGTACATGCGGTGAG-1,-0.0734127804723857
ATGTACGATGACGTCG-1,-0.09030697737580606
ATGTAGCGCGCGTAGG-1,-0.0033590136553514603
ATGTGAAAGCCTAATG-1,-0.20024904036213131
ATGTGCATCCGACGCA-1,-0.00537779155137115
ATGTGTAGTTTAGTCA-1,0.04533043881152881
ATGTTACGAGCAATAC-1,0.021439638637287015
ATGTTGATTAGAGACT-1,-0.020570604373305823
ATGTTGTAGTCTGTTT-1,-0.15442415809741597
ATTAAACATGCGGACC-1,-0.01213085126597808
ATTAATACTACGCGGG-1,-0.04561283543341403
ATTAATGAACCAGTCG-1,-0.21584086319524157
ATTAATTCGGTCACTC-1,-0.03481651317177905
ATTACAACTACCGGCC-1,-0.20773607743596156
ATTACATGTCAGTCTT-1,-0.1913283496978001
ATTACCACACTGCCTG-1,-0.34790075698442335
ATTACGACTCCACAGT-1,-0.2829566295845477
ATTACGCGCTGGCAGG-1,-0.027234188962651628
ATTACTAGCCTCTTGC-1,0.02774060083792677
ATTACTTACTGGGCAT-1,-0.22907151133871947
ATTAGATTCCTCAGCA-1,-0.1030183650710823
ATTAGATTGATAGCGG-1,0.00896121785137118
ATTAGGCGATGCTTTC-1,0.01660015031308001
ATTATACTTTGCTCGT-1,-0.2763172505331154
ATTATAGCTACTTTAC-1,0.07640303497438637
ATTATCGGAATGTACG-1,-0.11487809129419636
ATTATCTCGACAGATC-1,0.05993667755954826
ATTATGAGACCCAATT-1,-0.06018661375239782
ATTATGCCATAGGGAG-1,-0.0056362499498775346
ATTATTATGTCCGTCA-1,-0.05350299140680008
ATTATTCAGAGTCACT-1,0.03336230694469066
ATTCAACCATTTAAGG-1,-0.07376534997619626
ATTCACTGATGTTGGA-1,-0.015386950948448545
ATTCAGGACCTATTTC-1,-0.2767414565156896
ATTCAGTAGCAGGGTC-1,-0.10278116343715984
ATTCATATACTGTCCA-1,-0.06745601346079261
ATTCATCGTTGAGGCA-1,-0.11316402276679344
ATTCCCACATAAACAA-1,-0.17920500296886988
ATTCCTAAGACGTGGA-1,-0.30559894712489866
ATTCCTCCGCCAGTGC-1,-0.19889065335536502
ATTCCTTCCAGGCGGT-1,0.010288414111239338
ATTCGACGCCGGGCCT-1,0.0056700201840914535
ATTCGCGCCTTGAGAG-1,0.03974354144120981
ATTCGTGCTATCTCTT-1,0.05507267729653028
ATTCGTTTATCGTATT-1,-0.0868149067686518
ATTCTCGTCTCTTTAG-1,0.0437139630104501
ATTCTGAGTATGAACT-1,-0.006704402486254607
ATTCTTCGTACTTATG-1,-0.09956059285240294
ATTGAAGATCTTAGTG-1,-0.05128662392426823
ATTGACCGGCGATGAC-1,-0.3804804933698095
ATTGACGTAACTCGGT-1,0.06506331852570713
ATTGATAGCAACGAGA-1,-0.002129112308033765
ATTGATGAGTCCTAAC-1,0.027424342868138187
ATTGCCTATTAGACCG-1,-0.02956069757599374
ATTGCCTTTATGTTTG-1,-0.09750906121385504
ATTGCGATCAGTAACT-1,-0.16955028706114933
ATTGCTGCTCCTCCAT-1,-0.016321709467345617
ATTGGATTACAGCGTA-1,-0.061053767501267536
ATTGGGAATATCTTGG-1,0.03741697935781868
ATTGGGAGTTCTGTAA-1,-0.13049305314269258
ATTGGTTGTGCATTAC-1,0.05059143170589765
ATTGTACAACTCGGCT-1,0.08692821609644424
ATTGTCGCAATACCTT-1,-0.3421593119057289
ATTGTCTGTTTCATGT-1,-0.08864383832607235
ATTGTGACTTCGCTGC-1,-0.2019294484569904
ATTTAACTCGTATTAC-1,0.04362591432864429
ATTTACAGTTTACTGG-1,-0.08434676775527619
ATTTACTAAGTCCATT-1,0.0004658799766011837
ATTTATACTGGTAAAG-1,-0.0746514477608201
ATTTCATTATTTCGCG-1,-0.21654711167560153
ATTTCCGGGTTCTGCG-1,-0.043519866101751466
ATTTGCCTAGTTACGA-1,0.04993869798285318
ATTTGCGCGAGTAGCT-1,-0.10080170451040368
ATTTGTCTTGGGAGCT-1,-0.05281895675953029
ATTTGTTCCAGGGCTC-1,-0.16224394245411458
CAAACCCTCCGGCGGG-1,-0.07105676510193418
CAAACGAGTATCGCAG-1,-0.04656495716075129
CAAACGGTCGCACTTT-1,-0.09126523881119172
CAAACGTGGTCTTGCG-1,0.06472166271248017
CAAACTACGATAGAGA-1,-0.2788031232278144
CAAACTATTGAGCTTC-1,0.040372548282356785
CAAACTCGCGACGCCG-1,-0.11800520774055687
CAAAGATTATTGGGCC-1,-0.021620473013864442
CAAAGGTTAAATTCAG-1,0.022546209708670512
CAAATCTCTCACAAGG-1,-0.1470822026200956
CAAATGCGGAGTGTTC-1,0.045086052133900774
CAAATGTCCTTCCGTG-1,-0.016032437920075526
CAAATTGGATTATGCC-1,-0.30526705524355013
CAAATTGTCAGCAAGC-1,-0.04361072775233842
CAACACATCTCCTGCC-1,0.053863300989292574
CAACAGTGCCAAACGG-1,0.06145411697458565
CAACCAGTGGCCTACC-1,0.029042549804097505
CAACCTACCGAGCAGT-1,0.003148189323513764
CAACCTGAACCTGCCA-1,-0.21754180313105306
CAACGACCCGTTTACA-1,-0.008643735210657505
CAACGGTTCTTGATAC-1,0.019849813585260546
CAACGTGGTGGAGTCT-1,-0.09970467647445153
CAACTATATCGAATGC-1,-0.190327563434161
CAACTCCAACGTTTAG-1,0.015611257695456524
CAACTCCGTAACTTGC-1,-0.13048847873434982
CAACTCCTTGATCCCG-1,0.024027098024497727
CAACTGAGGGTATGAC-1,-0.10787343401845029
CAACTGCTCATCCGAT-1,-0.11663312293805103
CAACTTGTAGTGGGCA-1,0.07876142490348378
CAAGAAACCCTAAACT-1,-0.0903997709411298
CAAGATATTATAACGT-1,-0.19314423162521546
CAAGCAACGTCGGAGT-1,-0.05041005310458556
CAAGCACCAAATGCCT-1,-0.05381591584081618
CAAGCGGCACATAATT-1,-0.05657224156833478
CAAGGATCGCATGTTC-1,-0.011494355208658234
CAAGGCCAGTGGTGCA-1,0.05612553867339679
CAAGGTCCTATAGGCT-1,0.09609759065063622
CAAGTAAGTGATAGAC-1,-0.07511682022888587
CAAGTGAACTTTGGTT-1,0.02364053244206394
CAAGTGTGGTTGCAAA-1,0.014698440435873107
CAATAAACCTTGGCCC-1,-0.044042745221891895
CAATACGAGAGTCTGA-1,-0.36643847893550385
CAATACGCTCTGAGGC-1,-0.15267730873007385
CAATATGTAGATTTAC-1,-0.003012211935284986
CAATATTGGACTAGTG-1,0.006843047495574857
CAATCCCTATACCAGC-1,-0.2160230084678028
CAATCCTGCCGTGGAG-1,-0.002220552854432233
CAATGACCCTTAATTT-1,-0.09141385924688904
CAATGAGGTTCGACTA-1,-0.106478989726953
CAATGCGAGAAGTATC-1,-0.07179676344897339
CAATGGAATCTACATA-1,-0.14388057349939726
CAATGGATCTCTACCA-1,-0.22218188127143587
CAATGGTCGGCCTGGG-1,0.025864163158830052
CAATGTGCCAACCCTT-1,0.0840327114434944
CAATTAAGGGTGATGA-1,-0.03598205154734854
CAATTTCGTATAAGGG-1,-0.02981924540150877
CAATTTGACCGGGAAG-1,0.0006135390991193498
CACAAACCGCAGAACT-1,0.02341211099181246
CACAAGAAAGATATTA-1,-0.23698106200339003
CACAAGCTAAGAAAGG-1,-0.04101348202030055
CACAATGAGCTGCTAT-1,-0.006749797933671129
CACACACGCTAACGAG-1,-0.03422597632945451
CACACAGCTTGCGCTC-1,-0.23765274388193494
CACACAGGGATAGATT-1,-0.19806521986493286
CACACGCGCTGTCTTA-1,-0.19286631794559195
CACACGTTTCAATGGG-1,-0.012203538995195353
CACACTTGTATTGCGA-1,-0.10047957321067978
CACAGAGACGAGGACG-1,-0.05936239964633155
CACAGCACCCACGGCA-1,-0.0006039929733654128
CACAGCTAGGGAGTGA-1,0.00280000582590733
CACAGGGCCATATAGT-1,-0.03547919711762379
CACAGGGCCGTTGTCA-1,-0.08324058230840822
CACAGTCCCGCTTCGC-1,0.0349429578860667
CACAGTTCGCTTCCCA-1,-0.27056432191367386
CACATCGTGCACGCGC-1,-0.07677390261437839
CACATCTCACCGACGA-1,-0.04781640967534134
CACATGATTCAGCAAC-1,0.00033431079018093847
CACATGTTTGGACATG-1,-0.013280568685184162
CACATTCTTTCGATGG-1,-0.369404886614947
CACATTTCTTGTCAGA-1,-0.046735759943560565
CACCAGTCAGCATGCA-1,-0.017002176767003246
CACCATCGGAGGAGAC-1,0.024876065443982676
CACCATGATCGCAAAG-1,-0.13755699397176677
CACCCAAATCTTATGT-1,0.09268957608170969
CACCCACACGTCACCC-1,0.04678243861365399
CACCCACGAGGCAATT-1,-0.4098789316815704
CACCCGCGTTTGACAC-1,-0.00446343351398285
CACCCTAACAAGATCT-1,-0.05388922899623997
CACCCTTGGTGAGACC-1,-0.21194117392959985
CACCCTTTCCTCGCTC-1,0.06703406978867452
CACCGATACACCGAGC-1,-0.11789820278114031
CACCGATGATGGGTAC-1,0.01379715560735589
CACCGCCAGAAGGTTT-1,-0.04679833656813041
CACCGCCGACCAGCGA-1,0.048261888476595134
CACCGCGTCCACTCTA-1,-0.300023907514866
CACCGGAGATATCTCC-1,-0.12130213721019363
CACCGGGCATCACAAG-1,-0.07757749674465228
CACCGGTAGAGACATT-1,-0.04753976653195447
CACCGTATCCCATCCG-1,-0.2753008372515685
CACCGTTGCGCGATAT-1,-0.07762629753376375
CACCTAATAGAGTCGT-1,-0.025030900858194694
CACCTAATCAGTTTAC-1,-0.1815972117905352
CACCTCGATGGTGGAC-1,-0.1525500265798152
CACCTTGCGAAACTCG-1,-0.3091768640455552
CACCTTGGCGCCTTTG-1,0.05963567945785997
CACGAAAGTTAGTCCC-1,0.0118131442055241
CACGACGTAATAGTAA-1,-0.009192072109703032
CACGATTGGTCGTTAA-1,0.050715654003204366
CACGCACAGCGCAGCT-1,-0.055170237188346974
CACGCAGCGAGGCTTT-1,-0.07725360725601312
CACGCGGAACTGTTGC-1,0.06504817714341056
CACGGACGTGGATGGC-1,-0.18362372513723343
CACGGCGCGCCAAAGG-1,-0.2952815573079318
CACGTCAATCAATGGA-1,0.01671669092554398
CACGTCGGCAACCTCT-1,-0.05166471454873872
CACGTCTATGATGTGG-1,-0.11681146229550957
CACGTTCGTGCTCTAG-1,-0.1480717202453524
CACGTTTCGTACACAC-1,-0.001244323704953005
CACTAAAGTTGCCTAT-1,-0.021876527879959518
CACTACGGGAGCTGCC-1,-0.020316951761552782
CACTACTCAGTTCTGT-1,0.07352678244701763
CACTCAAGAGCTATGG-1,-0.023163045720742244
CACTCAGCTCTTGAGG-1,0.02755401747275839
CACTCCTATGTAAGAT-1,-0.05837628131360662
CACTCCTCTCGGTCGG-1,-0.36702742878164396
CACTCGAGCTGAACAA-1,-0.20368869931477782
CACTCTCAAGCATCGA-1,-0.10098893311867922
CACTCTTCTGCTAGCC-1,-0.05649624957758121
CACTGACGATTGTGGA-1,-0.1462775050759255
CACTGTCCAAGTGAGA-1,-0.011812052780630246
CACTTAATCAGACGGA-1,-0.020751526797974366
CACTTCGCCACAGGCT-1,-0.1140518525735478
CACTTCGTCTTATCTC-1,-0.12146513208935093
CAGAACTTAGCCCTCT-1,-0.09127211326818517
CAGAATAACACACGGA-1,-0.04411813830635471
CAGACCTGTAAGTGTT-1,-0.050892834617715474
CAGAGCATGAGCTTGC-1,0.004149985903482378
CAGAGTGATTTAACGT-1,0.05182105204701388
CAGATAATGGGCGGGT-1,0.06877189863001952
CAGATACTAACATAGT-1,-0.019916141915287566
CAGATATGAAGATGAC-1,-0.036578976570954165
CAGATCATTTAAAGTC-1,-0.20775859239665814
CAGATCCTGGTTTGAA-1,-0.17378370392031744
CAGCAGCCCGTTCCTT-1,-0.08580954889883007
CAGCAGTCCAGACTAT-1,-0.2761088985531566
CAGCAGTCTGTGCTGC-1,-0.07472673290438354
CAGCCCTCACAGGCAG-1,0.0726447661983038
CAGCCGGGCCCTCTAT-1,-0.2133045921657917
CAGCCTCCTGCAGAGG-1,-0.1634927064606233
CAGCCTCTCCTCAAGA-1,-0.2447009007370049
CAGCTCACTGAGACAT-1,-0.016367934255368952
CAGCTCGACAAGTTAA-1,-0.13310557178238902
CAGCTCGTGCTTGTGT-1,0.07060517815041042
CAGCTGGCGTAACCGT-1,-0.1428431496418579
CAGCTTAGTAGGTAGC-1,0.006580926582343864
CAGGAAGACTTTATAT-1,-0.35128739333201553
CAGGATATATCGTTGT-1,-0.032233056027681437
CAGGCAGTCTTACCAG-1,-0.08640904148650695
CAGGCCAGTACCACCT-1,-0.07842800071278744
CAGGCCGTTTGGGTGT-1,-0.013629315188845506
CAGGCGCACGGTGGTC-1,-0.017031212862869433
CAGGCGCCATGCTAGG-1,-0.18694680166478106
CAGTAACTATTTATTG-1,-0.26805210478186237
CAGTAATCCCTCCCAG-1,-0.051742143893540336
CAGTACATTCTCTAAA-1,-0.2661497555782015
CAGTACCAGTTTACGT-1,-0.1992524304244014
CAGTAGCCCACGCGGT-1,-0.20237796147632034
CAGTAGCGAGGTAGTA-1,-0.012949656418796938
CAGTCCAACGCCTTCT-1,-0.07095715754473295
CAGTCGAGGATGCAAT-1,-0.09050177421412191
CAGTCTCTCGGCTAAT-1,0.02189052895046095
CAGTCTGTATACTGGG-1,-0.03161825261631395
CAGTGAATAAATGACT-1,-0.22633067729802683
CAGTGGTTGCACATGA-1,-0.041342060453010386
CAGTGTCCGCAGAATG-1,0.07268560830153163
CAGTGTCGGCTGGCCC-1,-0.07656293852126675
CAGTGTTAATCTCTCA-1,-0.07243275988349773
CAGTTCAAATTGACAC-1,-0.02420437595700771
CAGTTCCGCGGGTCGA-1,-0.1719561288372005
CAGTTCGAGGACCCGA-1,-0.08087351165093917
CATAACGGACAGTCGT-1,-0.03627250732359158
CATAAGAAGCTTGGCT-1,-0.059197527129485984
CATAAGCTCTCCGTCT-1,-0.23075606560229556
CATAATGAGCGGGCGA-1,0.054684148269251436
CATACAAAGCCGAACC-1,0.06924047325742302
CATACACGGTTCCCAC-1,-0.11981164999480519
CATACCCGTACCCAGT-1,-0.008840796543910918
CATACGAACTAGCTGG-1,-0.10504256800823263
CATACGGCGTCTGGGC-1,-0.022549214795449562
CATACGGGTGCATGAT-1,0.0011468116314922565
CATACTATGTAATTGT-1,-0.022921118992802213
CATACTTAGGCAATAC-1,0.08918846743712629
CATACTTCTTTCTCCG-1,-0.08127006036387911
CATAGAGGAGATACTA-1,-0.06016019572102403
CATAGCCGCCCGGGAT-1,-0.18598847602499843
CATAGTACATTGAGAG-1,-0.14193797909072836
CATAGTAGCATAGTAG-1,0.002582132752956298
CATAGTCAAATACATA-1,-0.03564179839849573
CATAGTCCACAAGAAC-1,-0.0382151969960715
CATATACTACTGATAA-1,-0.2755606821091593
CATATAGGTACAGTCA-1,-0.008766611246222022
CATATGTCAGGCTACG-1,-0.13357931248318064
CATATTATTTGCCCTA-1,0.03762303272342323
CATCAAACTGGCGCCC-1,-0.2515852970300184
CATCATCTACCCGGAC-1,0.013140902514539575
CATCATTACCCTGAGG-1,-0.07037054282564502
CATCCAATATAGTTTG-1,-0.04370527852735501
CATCCCGAGATTCATA-1,0.04116439072043499
CATCCGCAGGCCCGAA-1,-0.12453071003982216
CATCCTCTCAAAGATC-1,-0.0077165075511952345
CATCGCCCGCGGCCAA-1,0.06770525104652186
CATCGGACGGGTTAAT-1,-0.004228321281080128
CATCTACCCGAGAACG-1,0.01888622854623724
CATCTATCCCGTGTCT-1,-0.2922159231391815
CATCTTACACCACCTC-1,0.07502345890756301
CATGAACCGACATTTG-1,0.07672308835382452
CATGAACCTCTTATCA-1,0.07000042401535324
CATGACTTCGCTGAAT-1,0.08149786626183557
CATGAGATGCACTCTC-1,-0.11167348616506749
CATGATCGCTTTGAGA-1,-0.00038769966501328226
CATGATGCACAATTCT-1,-0.09241218347965796
CATGATGGAAGTTAGC-1,-0.027338321388677197
CATGCATGGAGACCCT-1,0.06870937532597934
CATGCCAACTCGCAAA-1,-0.16722707198652348
CATGCGACCAGTTTAA-1,-0.10260959182724001
CATGCGTTAGACAGAA-1,0.013596035366972707
CATGCGTTGAGAGGAG-1,-0.10290013984951614
CATGCTGGCTCCAATT-1,0.017258239079066352
CATGGAAATGGGACCA-1,-0.02045001883456715
CATGGATTGTCTTCCG-1,-0.04705681120004805
CATGGCAGGAAGATCG-1,0.030288396750435417
CATGGGTATGCCTTAT-1,-0.05211783041890884
CATGGGTCGGGTGTGG-1,-0.41560740961126713
CATGGTCTAGATACCG-1,-0.006045154281077589
CATGGTTTATTAATCA-1,0.07100721695321582
CATGTAAGAGACATTT-1,-0.02007011260949826
CATGTAGGAGCGCCAA-1,-0.3061300330743285
CATGTCTCATTTATGG-1,-0.3370278707924053
CATTACATAGATTGTG-1,-0.20569470862743414
CATTACGCAGGAAGGG-1,0.029649114442710008
CATTACGTCGGCCCGT-1,-0.035321122829342806
CATTATAACAGGGTCC-1,0.051397922424217056
CATTATCCCATTAACG-1,-0.07508695537879344
CATTATGCTTGTTGTG-1,-0.01365499266107285
CATTCACTGACAGCTA-1,0.06995682375889528
CATTCAGGTCAGTGCG-1,0.03173963482480165
CATTCCCATTCCGTCG-1,0.05238141161043276
CATTCCCTAAGTACAA-1,-0.05585751974592847
CATTGATGAACACGCC-1,-0.14628605808643488
CATTGCGGGTCAATTC-1,-0.1758876884301877
CATTGTGTGCTAGATC-1,-0.08923951552156528
CATTTAGCGGACCATG-1,-0.2659777028999805
CATTTATCGTTCAAGA-1,0.07181486918192406
CATTTCTAGCAGACTA-1,-0.014655765624927312
CCAAACAGAACCCTCG-1,-0.047263227837445146
CCAAATAACAAGATTC-1,-0.35170542821354933
CCAAATCAAAGGGCAA-1,-0.003469829474202774
CCAACCTTATGTAACT-1,-0.13677522307675968
CCAACGATGCACTGAT-1,-0.059761439905062205
CCAACGCTTGCCAGGG-1,-0.1628389746942156
CCAAGACTTCTGCGAA-1,-0.014170563848999555
CCAAGCGTAACTCGTA-1,-0.010650132520733427
CCAAGGAACAGAGAGG-1,0.057320111878864426
CCAAGGTTGCCCTTTC-1,0.07322699159796019
CCAATAGTGCCGTCGA-1,-0.020831932022747256
CCAATCGGTAGATCGA-1,-0.3649166505365245
CCAATGTCACAGCAAG-1,-0.024114977925871486
CCAATTACGGGTCGAG-1,-0.23678903498142173
CCAATTGAATGTTAAT-1,-0.020973218526576878
CCACAATGTACGTCTT-1,-0.22600442850495275
CCACACTGAGATATTA-1,-0.010822498549404633
CCACAGCTGAAATCAT-1,0.030039764790501338
CCACAGTACCCATCCT-1,-0.35485686847710307
CCACATACTGCACCCA-1,-0.39631886147693496
CCACCCAAGGAAAGTG-1,-0.042446886772439074
CCACGAATTTAACCTC-1,0.07858472617689778
CCACGAGAAGAGAATC-1,-0.18447806205320094
CCACGGAGCCATAAGA-1,-0.12962324585153925
CCACGGTGCCCGGTAG-1,0.0982159724268285
CCACTAAACTGAATCG-1,0.013401738813572671
CCACTATCCGGGTCAC-1,-0.05363714043875417
CCACTCAGATCCGCAA-1,-0.01616545823035485
CCACTGGTGGCTGGTT-1,-0.07830910243325022
CCACTGTTTGGATTAA-1,-0.00847462973749011
CCAGAAACTGATGCGA-1,0.03640018329722431
CCAGAGACAAAGCCGG-1,-0.11298125552753513
CCAGATAGTTGAGTGA-1,-0.20546186339390063
CCAGCCTGGACCAATA-1,0.0043353155507770465
CCAGCTACGCCTCATA-1,0.04476009793615571
CCAGCTCGAACGCATT-1,-0.06432739049731848
CCAGCTGATGGTACTT-1,-0.04832341703908132
CCAGCTTCCGCCCGCA-1,-0.10596768854264398
CCAGGGACGTGGCCTC-1,0.0017028815820396787
CCAGTAGTCTGATCCA-1,-0.1738181817431659
CCAGTCCATTATTCGA-1,0.012136717380322275
CCAGTCTAGACGGCGC-1,-0.3057350349841156
CCAGTCTTGTCATAGA-1,-0.06872207362555603
CCAGTGTACAGACCGA-1,-0.04582645518735866
CCAGTTCGGTAACTCA-1,-0.07789151775307161
CCATAAACAACCCGAC-1,-0.16862003463556413
CCATACCTTTACTTGT-1,-0.10624971673667805
CCATAGGTTGGCGTGG-1,-0.0009792049088596228
CCATAGTCAGTAACCC-1,-0.12560368171626057
CCATATGGAAACTATA-1,-0.11819053885278223
CCATATTGGATCATGA-1,-0.13197558540389284
CCATCCATACCAAGTC-1,0.07463615486514624
CCATCTCACCAGTGAA-1,0.07324682191514371
CCATCTTGTTCACAAT-1,0.0632341976064402
CCATGCCCTAGATTTC-1,-0.031128412483611992
CCATGCCTGTTTAGTA-1,-0.021052755927793734
CCATGCTCTGCAGGAA-1,-0.07734037062417803
CCATGGCCCTTGTACC-1,-0.027703129280698825
CCATGTTCATCTATAT-1,-0.03952766974600449
CCATTAGCGATAATCC-1,-0.049353859068089596
CCATTCCCTGCCCACA-1,-0.031496818502311175
CCATTGTTTCCTCCAT-1,-0.07942226859198163
CCATTTCTACCTATTA-1,-0.027330582719791493
CCCAAACATGCTGCTC-1,-0.21204881347062332
CCCAACATACGTCGCG-1,-0.0025051352407466925
CCCAACCACACTAACA-1,0.0576938663493731
CCCAAGACAGAGTATG-1,0.02430286721918388
CCCAAGTCATTACACT-1,0.031358163218275434
CCCAATGAGATTTGCA-1,-0.09181886255230857
CCCAATTTCACAACTT-1,-0.015723776880150357
CCCAGAGGAGGGCGTA-1,-0.18215392522236806
CCCAGGAAGAATTCGA-1,-0.09279074808451751
CCCAGGTCTGAAGGCT-1,-0.27802778585497984
CCCAGTAAACTTGGGA-1,-0.22657298963000905
CCCAGTTAAGGCGCCG-1,-0.07667553706088841
CCCATATAGGTCGATT-1,-0.043474466541409386
CCCGAAGTTTCGCGAA-1,-0.2904895025412993
CCCGACCATAGTCCGC-1,-0.21543949795491837
CCCGAGTTTCTCCGTA-1,-0.17916534616604668
CCCGCAGCGCGAACTA-1,-0.13313801071970255
CCCGCAGGGCCCAAAG-1,-0.03820911414383084
CCCGCCATGCTCCCGT-1,-0.012158137874505785
CCCGCGCAATGCACCC-1,-0.030025901611421383
CCCGGGTCGTTCAGGG-1,-0.16293036589822077
CCCGGTGGAAGAACCT-1,-0.15946865016674655
CCCGGTGTATCGGAAT-1,-0.2752544548098656
CCCGTAAGTCTAGGCC-1,-0.023385588892514783
CCCGTAGCTGGGAAGA-1,-0.08925431751299341
CCCGTCAGCGTCTGAC-1,-0.0575361879322466
CCCGTTTCGCAGATGT-1,-0.32209663544556627
CCCTACCCACACCCAG-1,-0.07782260683802336
CCCTACTTGAACAATG-1,-0.05285245923178496
CCCTAGTGTCAGGTGT-1,0.01645551859532884
CCCTATGTAGAGCAGA-1,-0.023644719821846367
CCCTCATTCTGGAATT-1,0.05404532568304029
CCCTCCTCGCTCGTAT-1,-0.17105628854370958
CCCTCGATAATACACA-1,-0.03208578675941367
CCCTCGGGAGCCTTGT-1,0.042668566304581414
CCCTGAAATGAGTTGA-1,-0.08181365224198302
CCCTGACTAACAAATT-1,-0.24334871263273905
CCCTGATGTAACTCGT-1,-0.13086353057175154
CCCTGCCCAATCCGCT-1,-0.1748292105007222
CCCTGCGCTACGCATA-1,-0.0035606673375257027
CCCTGGTATGGGCGGC-1,0.06851252634155638
CCCTTTAATGGAGTTC-1,-0.023894386186515612
CCGAAAGTGGTGAGCA-1,-0.030631032047653124
CCGAACACTGGGCCTC-1,-0.18881754249983726
CCGAACCTTCCCGGCC-1,-0.17200330556863716
CCGAAGTATATTGTTC-1,-0.07435798613526338
CCGACAAACACATGAG-1,-0.04869653871976348
CCGACAAAGGGAGTGC-1,-0.02238016555969976
CCGACAATAGGCCGCC-1,0.026034589398109237
CCGACGGGCATGAGGT-1,-0.06849573016225663
CCGACGTAAACACAAC-1,-0.2524820819808936
CCGACTCGCATAGTCT-1,0.07162834160711755
CCGAGAAGTCGCATAA-1,-0.15779456330403288
CCGAGCTGTGCTTGTC-1,-0.38755731656949
CCGAGGGATGTTAGGC-1,0.06553512710326562
CCGATCTCAACCTTAT-1,0.08475335623744432
CCGATCTTAAGAGGCT-1,-0.0883218194231895
CCGATTCGAGGGACCC-1,-0.07095958523086279
CCGCACAAAGACCAAC-1,-0.04658963643330207
CCGCACGTGACCTCGG-1,-0.044401047614232615
CCGCACTTGCAATGAC-1,0.07331237735490821
CCGCATGTGGTACGAT-1,-0.014956435875915247
CCGCCACCACAATCCA-1,0.07004977827638023
CCGCCGGAACTTCTCG-1,-0.2922274931269979
CCGCCGGTCAACACAC-1,0.03749799696080862
CCGCCGTTGAGGATAA-1,-0.3480912877857593
CCGCCTGCGAATTGGT-1,-0.23708450591949556
CCGCGGGTACGAAGAA-1,0.0003880584904445145
CCGCGTAGGTAAGGGC-1,-0.0621642705481823
CCGCTATCAGCACCAG-1,-0.05901480364425737
CCGCTCCAGGGCGATC-1,-0.11193120501479918
CCGCTCTTCCGAACTA-1,0.023480987073040294
CCGCTGGTGCCATTCA-1,0.06943343381819736
CCGCTTACCTCACTCT-1,-0.003698794165495826
CCGCTTGCTGACATGG-1,-0.18496229486178326
CCGGAAGTGCAATATG-1,-0.09684073334900066
CCGGAATGGTTTCAGT-1,-0.15778778340828412
CCGGAGCGTACTTTCT-1,-0.07634584344217266
CCGGAGGTCTTATGGT-1,-0.33704388325205364
CCGGCACGACCGTTTC-1,0.0985226321996828
CCGGCGCATATTGGAT-1,0.03776258293878461
CCGGCGTGAGACTCTG-1,-0.25681877844366047
CCGGGACCCGCAGAGA-1,0.03508079549707913
CCGGGCGGTCTCGTCA-1,-0.04809618004408476
CCGGGCTAAGAATTTC-1,-0.02677011174748592
CCGGGCTGCTCCATAC-1,-0.1630013959907273
CCGGGTTCGAGGTTAC-1,-0.013726393848183534
CCGGTAATGGCTAGTC-1,0.07844255416193754
CCGTAAGTTGGTCCCA-1,-0.05224354820624673
CCGTACCCAAGCGCCA-1,0.06555896178021114
CCGTAGGAAATCCCTG-1,-0.027520155403856713
CCGTAGGGTTGTTTAC-1,-0.05902433911384615
CCGTATCTCGTCGTAG-1,-0.11183977221336114
CCGTATTAGCGCAGTT-1,-0.35667785552661235
CCGTCAACCTCTGGCG-1,-0.060215339508049866
CCGTGAGGCATTCATG-1,0.08346729999567332
CCGTGCCCATGACGGC-1,0.05187592157958917
CCGTGGAACGATCCAA-1,-0.1756266869122737
CCGTGTTAAATTCCAT-1,-0.01752326635839825
CCGTTACGTTAGAACA-1,-0.40982954161768526
CCGTTCCGAATCTCGG-1,-0.06998101298881271
CCTAAACAGGGTCCGT-1,0.050821383231942296
CCTAAAGGCTGACGCT-1,-0.33699870168275226
CCTAAATTAACGGTTC-1,-0.036725560847502454
CCTAAATTGTATCCTA-1,-0.3952120368089256
CCTAACCCAAACAAGT-1,-0.32615614693226724
CCTAACTAAGGCTCTA-1,-0.24951705966915025
CCTACAAGTCCGGAAT-1,-0.10817707046592584
CCTACATTCACAGACG-1,-0.19085234380907565
CCTACGGCTCAGTCGA-1,0.012441168241764576
CCTACTGCTTACACTT-1,0.0016210408501723765
CCTAGGCGTAGCGATC-1,-0.1836827201672571
CCTAGGTAAAGGTAGC-1,-0.18964314154016287
CCTAGTTAGTCGCATG-1,0.02226549520535388
CCTATAATGAGTGCCC-1,-0.05410534008364192
CCTATATCGTGTCACG-1,-0.08379385112215237
CCTATATTTGTCCTGG-1,-0.15670092418706766
CCTATCTATATCGGAA-1,-0.26241800151107264
CCTATGAAGTGGTGCC-1,0.09088438698925073
CCTATGGCTCCTAGTG-1,-0.033513292002096615
CCTATGGGTTACCGTC-1,-0.01431226334912883
CCTATGGTCAAAGCTG-1,-0.047920068692887834
CCTATGTCCACTCCAC-1,-0.0817669560142822
CCTCACCAATCTTGAC-1,0.003956226123716241
CCTCACCTGAGGGAGC-1,-0.1320869713945098
CCTCACCTTAGCATCG-1,-0.05521089724972848
CCTCATGCAGCTACGA-1,0.024932297609133767
CCTCCCGACAATCCCT-1,0.040877580987636386
CCTCCGACAATTCAAG-1,-0.004417769321332082
CCTCCTAGCTAGAGTC-1,-0.051612215723803236
CCTCCTGTTGTGTCGT-1,-0.011962229521719644
CCTCGAAGTGGACGGG-1,-0.09526048212601299
CCTCGACCCACTGCCT-1,0.07362731638680754
CCTCGCCAGCAAATTA-1,-0.21143224813567849
CCTCGCGCGATATAGG-1,-0.20873084052902857
CCTCGCGCTGTGCGAT-1,-0.04744727279243537
CCTCGGACCGGGATAG-1,-0.04475698303768661
CCTCGGTTTCCTTGCC-1,-0.11899340342326584
CCTCGTTACGCCTGTT-1,0.035518482540270846
CCTCTAATCTGCCAAG-1,-0.07766107410435577
CCTCTACAAGGATTGG-1,-0.04001265213002248
CCTCTATCGATTAGCA-1,-0.14605613621167465
CCTCTCTCCCATCTAG-1,-0.016964930534744082
CCTCTGGCCTAGACGG-1,-0.11842214278896991
CCTCTGTACTATTCTA-1,-0.02524584747292278
CCTGAATATTTACATA-1,-0.050883874734743754
CCTGACCACCGATGGT-1,-0.04897885323669003
CCTGACGCAACCTTTA-1,0.023948826349194256
CCTGAGAATAAATGCA-1,-0.09450948622462214
CCTGCGATAGAACTGT-1,0.026531417872429835
CCTGCTATTTGAGAAG-1,-0.01591223076750991
CCTGGAAACGTTCTGC-1,0.07711560978506989
CCTGGCTAGACCCGCC-1,-0.05563330468198145
CCTGGTCGAATGTGGG-1,-0.052860521044041105
CCTGTAAGACATGATA-1,-0.010400969580121691
CCTGTACTCACGCCCA-1,-0.05100939626784068
CCTGTCACCCGGGCTC-1,-0.0246934058100433
CCTGTCCCTCACGTTA-1,0.08945324417208575
CCTGTCGCCCGTAAAT-1,-0.026383261869618476
CCTGTCGTGTATGAAG-1,-0.08764930968141048
CCTGTTCAACCTCGGG-1,-0.0945287715416324
CCTGTTTGAAGACACG-1,-0.025165949353245436
CCTTAAGTACGCAATT-1,-0.13369938739919252
CCTTCAGTTAAAGTGA-1,-0.12926724214477928
CCTTCCGCAACGCTGC-1,-0.09193834506820694
CCTTCGTATAGAATCC-1,-0.15475514565438972
CCTTCTCAGCGTTCCT-1,-0.2202043130465675
CCTTCTTGATCCAGTG-1,-0.19458411130123282
CCTTGACCACTTTATT-1,-0.02303119270484738
CCTTGTGAACGTGGTT-1,-0.11243423222214118
CCTTTCAATGAAGAAA-1,-0.12081618323352565
CGAAACATAGATGGCA-1,-0.0014865522678161503
CGAAACGCAATTCATG-1,-0.02713064328542782
CGAACAGTATGGGCGT-1,-0.2398186645007141
CGAACATAGTCAGAAA-1,-0.12040486935450537
CGAACCCGCATGCGTC-1,-0.11500112214726275
CGAACCTCTTTCCTAG-1,-0.020939868998967447
CGAACGCCCAGTGCCG-1,-0.07773832507385976
CGAACGGCCGGACAAC-1,-0.23622244749771382
CGAAGATCAGTTTCAT-1,-0.0890870844345738
CGAAGCTATAAATTCA-1,-0.23373260489895306
CGAAGGGTTTCAGATT-1,-0.04424115995230172
CGAAGTTGCTCTGTGT-1,-0.004938824177250729
CGAATCTGCTCGACGC-1,-0.02920745125453903
CGAATGAAGTCATTGC-1,-0.052506564706239024
CGAATGACGCATAATG-1,-0.12923567106415448
CGACAATTTGATCTAA-1,-0.015953544303199275
CGACACCGCTTAAGGA-1,-0.0697789968526691
CGACACGCTCCGACAG-1,-0.14534924645552114
CGACAGTTCGCGTTAT-1,-0.009419998497723084
CGACATGCGATCTTCT-1,0.05641995369918628
CGACCCTTAACGCCGG-1,-0.17051148326586493
CGACGCATCCGTACCT-1,-0.16651417918788167
CGACTCAGGATGTTAT-1,-0.32632283884461505
CGACTCGGTACACGGT-1,-0.1461102996586817
CGACTTTGTATAGCCT-1,0.08119681474136314
CGAGACCCTAGAGTGT-1,-0.01405018405123652
CGAGACTACTGCTGCT-1,-0.03469542445064901
CGAGAGATGTGAACCT-1,-0.019469975352710944
CGAGAGCTTTCACTAC-1,-0.07927702416035486
CGAGAGGGTAGCCGCG-1,-0.011528269301229428
CGAGATTTCGCTCGGG-1,-0.03749558286223614
CGAGCACTTCAAGTTT-1,-0.10618541256085828
CGAGCGTTGATCAGCC-1,0.06319141269841289
CGAGCTGGGCTTTAGG-1,-0.03300740077359835
CGAGGAGCTTCCATAT-1,-0.23748724968781335
CGAGGATCGGGAACGA-1,-0.16633437065419676
CGAGGCCAGGCATTGG-1,-0.026784695945482672
CGAGGCTAAATATGGC-1,-0.009572697838347745
CGAGGGACTGCGGTCG-1,-0.11814910156398598
CGAGGGTATCCAGGTG-1,-0.0979190495326901
CGAGTACTAAAGAGGA-1,0.007429542707886747
CGAGTGAAGGTACCAG-1,-0.028029083555893796
CGAGTGCTATAGTTCG-1,0.07485963681038339
CGAGTTCTGTCCCACC-1,-0.21465367165522153
CGAGTTTATCGGACTG-1,-0.0898434027210773
CGATAATACTCAGGTT-1,-0.09671303388722068
CGATACCTCGCGGACA-1,-0.004202119315205815
CGATAGCGATACAGTG-1,-0.05713690518068591
CGATAGTCGTACTGCA-1,-0.043436143517168485
CGATATTAGCCGCAGG-1,0.01101912381183366
CGATCATTAGAGGCAC-1,-0.15104384449949176
CGATCCACCATTGTTG-1,-0.09065144475042532
CGATCCGACCCAGTGC-1,-0.01097974290048131
CGATCCTCGCAACATA-1,-0.1291732625407631
CGATCGAGAAGCACCA-1,-0.09249246781977559
CGATCTGTTGGAGGAC-1,-0.18362646480756767
CGATGGACCCTACGCC-1,-0.2178405115743298
CGATGTTGTTATCTAC-1,-0.09851969247923006
CGATTAAATATCTCCT-1,-0.021070355401875216
CGATTCGCCTGGCTGC-1,-0.03979977080904179
CGCAAACACGAGTTAC-1,-0.13550973591110743
CGCAATTACTTTCGGT-1,-0.1669398074948718
CGCAATTAGGGTAATA-1,-0.019640245437898256
CGCAATTCTACAATAA-1,-0.1704292140096844
CGCACATGTCCACTAC-1,-0.048569395256520875
CGCACGTCTGTTTATG-1,-0.09159143393680676
CGCACGTGCGCTATCA-1,0.0743909960594228
CGCAGAAACATTTGCG-1,0.04097076640141007
CGCAGATCTTCACCCG-1,-0.16614162000150565
CGCAGGCGATCCAAAC-1,-0.2085122760768159
CGCAGTTCTATCTTTC-1,-0.0659364681820983
CGCATCATGGCTTCAG-1,-0.037604051169847254
CGCATCCATCAGCCAG-1,-0.20864227996084603
CGCATGCCGAATGCGT-1,-0.042035348197519536
CGCATGGTGCGATGCT-1,-0.009558378296903335
CGCATTAGCTAATAGG-1,-0.03391210921515005
CGCCAAGAAGCCGAGT-1,-0.2033549269972895
CGCCACCCGCATTAAC-1,0.02293336416668688
CGCCATCCGATTATGA-1,-0.22981035245319092
CGCCCAGCACGCCTAG-1,-0.17383332927834177
CGCCCAGCGTTTCACG-1,-0.06007593045798341
CGCCCGCTTCCGTACA-1,-0.3172030750800717
CGCCCTAATTGTTCAA-1,-0.04838928655468449
CGCCCTTGAAGGCTGA-1,-0.19128049017675552
CGCCGCCCATGCCTGT-1,-0.11750367552397492
CGCCGCGTTCTGAACG-1,-0.08224394477488366
CGCCGTTCAGCATAGT-1,-0.03435601768202872
CGCCTCCCTCCTCTAT-1,-0.09019269302423641
CGCCTGGCCTACGTAA-1,-0.04353701090200537
CGCCTTTAGCATGCTC-1,-0.21648224204016467
CGCGAAGTGGCATACT-1,-0.0017313495657665364
CGCGACCGCGACAGAT-1,-0.11470965033538243
CGCGAGAGGGACTTGT-1,-0.32640773918541227
CGCGAGTCTGCCGGGT-1,-0.17458885050738013
CGCGCAAATGTCCAGA-1,-0.056124654038019535
CGCGCAAGGAACTACA-1,0.015555500566642688
CGCGCCCGACTTAATA-1,-0.19210582147061608
CGCGGCAGTATTACGG-1,-0.08398782165201871
CGCGGCTCAACTTGAA-1,0.03622937054669191
CGCGGGAATTAGGCAG-1,-0.1290727221982645
CGCGGGAATTCCTTTC-1,-0.031867692288300525
CGCGGTAAGTCTAGCT-1,-0.03408792907372841
CGCGGTACGGTATACA-1,0.020719065056184434
CGCGGTCACAAACCAA-1,-0.26501362716250565
CGCGTACATTCTGGAA-1,-0.028434468048879603
CGCGTCATATTAAACC-1,0.0597199029680518
CGCGTTCATGAAATAC-1,-0.0022371675252895306
CGCTACGGGACATTTA-1,-0.013945064801175099
CGCTAGAGACCGCTGC-1,0.08210398930172011
CGCTATACCGCCCACT-1,0.07524508410658742
CGCTATTCAATGTATG-1,-0.12758788184155181
CGCTATTCTTAGGCTC-1,-0.036327966542515536
CGCTCGACATAATGAT-1,-0.04208139415034383
CGCTCTCCGTAGATTA-1,-0.02301783944495019
CGCTGGTGACTACCCT-1,-0.1650049141726216
CGCTGTGACGCCGCAC-1,-0.046193637832212295
CGCTGTGTGGATGTTG-1,-0.13264140562737428
CGCTTAGTATTGATAC-1,-0.1362258153523987
CGCTTATTCCCGGTCG-1,-0.02694255280452471
CGCTTCCACTGAAATC-1,0.02711070663275558
CGCTTCGGTCTAAGAC-1,0.0657284063004461
CGCTTGGACGGATAGA-1,-0.0454809348074404
CGCTTTCATACCGGTG-1,0.05060062875121798
CGCTTTCCGCCAAGGT-1,-0.05400743745496344
CGCTTTCTTGCATTCG-1,-0.2158435042014358
CGGAAATTTCACATCC-1,0.046525986160280516
CGGAACGTAAACATAG-1,-0.04135699885109844
CGGACCTTTACGTCCC-1,-0.10399701123526911
CGGAGCAATTTAATCG-1,-0.027712348534682418
CGGAGCATGGCGATCC-1,0.0022388361788230754
CGGAGCTTATAACACC-1,-0.14859952113164523
CGGAGTTTGAGAGACA-1,-0.028848205227155588
CGGATAAGCGGACATG-1,-0.0038855265335996543
CGGATCCTCAAGGACT-1,-0.12278450616684045
CGGATGAATGCTGTGA-1,-0.011180851505552664
CGGCAAACATCGTGCG-1,-0.08115949137356109
CGGCAATAAGATCGCC-1,-0.08208887151068946
CGGCACCGTTAGCGCC-1,-0.15261250626587977
CGGCACTCAAGAAAGT-1,0.024548728019008023
CGGCAGGGTCGGGTTG-1,-0.06236497443907513
CGGCCACGCACAAAGT-1,-0.045453828242110056
CGGCCAGAGCGACCAT-1,-0.09079733735840516
CGGCCCAACCTGTAGT-1,-0.2891281223028417
CGGCCCAGGTATATCC-1,0.053053103789723804
CGGCGCCATCAATCCC-1,-0.03813349626794168
CGGCTCTAAAGCTGCA-1,-0.15492298680155187
CGGCTCTTCGTCGAAC-1,-0.06907951507480307
CGGCTGCAAGATTAAG-1,0.07123418399675772
CGGCTTTGTATGATAA-1,0.02036095399956059
CGGGAACGCCCTGCAT-1,-0.08839167726646545
CGGGAAGTACCGTGGC-1,-0.0959422886225391
CGGGAATATAGTATAC-1,-0.1358522968965462
CGGGAATTTATGTAAA-1,-0.050249120443746124
CGGGAGCTTCAGTGTA-1,-0.3240174815886895
CGGGAGTATACCGCCG-1,-0.0032816237028864973
CGGGATCAATGTAAGA-1,0.0032285123428055854
CGGGCAGCTAAACCGC-1,-0.009597409258912584
CGGGCCATAGCCGCAC-1,-0.09896377511204389
CGGGCCTTCTTTGTAA-1,-0.010028602144113016
CGGGCGATGGATCACG-1,0.00045191041362602707
CGGGTGTACCCATTTA-1,-0.20718112060572647
CGGGTTCGGCACGTAT-1,-0.04728737244294983
CGGGTTTGTTAGGGCT-1,-0.04731313079404627
CGGTAGAGGTGCAGGT-1,-0.21315185642285928
CGGTATAGGTATTAGC-1,-0.23759299996546665
CGGTATGGGCACTCTG-1,-0.06860112208137248
CGGTCAAGTGGGAACC-1,-0.16118594843938827
CGGTCCATGAGACTCC-1,-0.32452198727514675
CGGTCCGTCGCAAGCC-1,-0.17565680834039948
CGGTCTATCAACCCGT-1,-0.39331180597763454
CGGTGAAGACTAAAGT-1,-0.012059952266119832
CGGTGCAGATAGAACG-1,-0.011206049089227644
CGGTGCGCGTTGGTCC-1,-0.052059905665424865
CGGTGGGCTCCAGCCT-1,-0.2578785520541356
CGGTGTACTTGATCCC-1,-0.03184136972839072
CGGTTATCCAACAGTG-1,-0.08936075586697588
CGGTTCAAGTAGGTGT-1,-0.15161387869135728
CGGTTCCGGCTTCTTG-1,0.025634334009654747
CGGTTGACCTGGCATA-1,-0.03591808869174241
CGGTTGAGTATCCTTC-1,-0.09098853349928919
CGGTTGGGCAGGGTCC-1,-0.07247492225195099
CGGTTGGGTTCAAGTT-1,-0.05797317177973632
CGGTTTATGAAGGAAC-1,-0.14199106101816866
CGTAAACGCTTGAGTG-1,-0.002442032460624355
CGTAAAGCAAGAAATC-1,-0.04019591761771965
CGTAACTTCGACACTT-1,-0.07384130346856305
CGTACCGAAAGTCTAG-1,-0.06154844480401795
CGTACCTGATAGGCCT-1,-0.06489278684548375
CGTAGAGAGTAATTAT-1,-0.049219456308306035
CGTAGCGAATTGTCAG-1,-0.0364843160320866
CGTAGCGCCGACGTTG-1,0.021756454149745665
CGTATTAAGAGATCTA-1,-0.018869406475176643
CGTCACGTCCATTGGT-1,-0.0431444324182395
CGTCAGTGCGCACAAG-1,0.05492414402458963
CGTCAGTTTATCGTCT-1,0.04666012419655716
CGTCATACCATATCCA-1,-0.025777681181990558
CGTCCTCATCGCGTGC-1,0.059241423816125564
CGTCGCATGTGAGCCA-1,-0.03531745826895303
CGTCGCGGCGGGATTT-1,-0.09021223803050529
CGTCGCTTGGTTATAC-1,-0.03572862566934213
CGTCGGATAGTGTTGA-1,0.0014403379100695597
CGTCGGGTCTAAGCGC-1,-0.1170697385089753
CGTCGTCCTTCGCGAA-1,-0.036742563867978265
CGTCTGGAAGGGCCCG-1,0.01700366970726515
CGTGAAGTTAATTCAC-1,-0.014671640249403135
CGTGACATTGGGTCGT-1,-0.3168768769390442
CGTGACCAGTCCTCTG-1,-0.15633551213524113
CGTGCACACCACTGTA-1,-0.08747966364427517
CGTGCAGACTGGGACA-1,-0.07802230046547365
CGTGCATTGTCGACGC-1,-0.028353347965027684
CGTGCCCGACATTTGT-1,0.04187647541693275
CGTGCTGGCCTAGTCG-1,0.0074119038316568095
CGTGCTTCTACCTAAA-1,-0.05002750501501993
CGTGGAAGCCTCGTAC-1,-0.33115710743772697
CGTGGCCGAATATCTA-1,-0.09023340278374781
CGTGGTACCCAAAGGC-1,-0.1211737463163896
CGTGTATGGGAGCTGA-1,-0.005962603026918689
CGTGTCCCATTCGCGA-1,-0.07253376734514459
CGTGTCTCGTTACGAC-1,-0.026885283390581025
CGTGTGTTAAACCCTG-1,0.04877099046723857
CGTTAAACTAGTTAGG-1,-0.17112849709995645
CGTTAAATACGACCAG-1,-0.045712923235138626
CGTTAATGTCCCGACG-1,-0.07245531723139267
CGTTAGCTCACAACTG-1,-0.2378293370298928
CGTTCAAGGAAACGGA-1,-0.08730678130573082
CGTTCAGACCCGCGAA-1,-0.12245485230405397
CGTTCATGGTGCGCGT-1,-0.16466467600951662
CGTTCTTCGCACACCT-1,-0.2887953966663406
CGTTGAATACCGCGCT-1,-0.06211738824861129
CGTTGAGTAATTGCGT-1,-0.19346312015740677
CGTTGCCCGCGTGGGA-1,-0.13422320890014447
CGTTGTAAGATTGATT-1,-0.14905524550778146
CGTTGTCGGCAATTGA-1,-0.0589890635800988
CGTTGTTTCAATTCCC-1,-0.02287764741398938
CGTTTAAGCGGAGCAC-1,0.02534752574051109
CGTTTACAAGGCAGCT-1,-0.3659213441285532
CGTTTCACTTCGGGCG-1,-0.2471878132777757
CGTTTCGCTCATTACA-1,-0.023277249194560434
CGTTTCGGTTATATGC-1,-0.03462512723943702
CTAAAGAATGCCTACT-1,-0.005844661148320539
CTAAAGGGAAATAGGA-1,-0.04423757768865357
CTAAAGTCCGAAGCTA-1,0.03351913108434362
CTAAATCCGGTGTACA-1,-0.053181902805610554
CTAAATCCTATTCCGG-1,-0.24464634177055855
CTAACCGCGCGCCCGT-1,-0.0037486041037227196
CTAACGAAACTTGCTG-1,-0.057836484193069124
CTAACTGATAATCGCC-1,-0.05694316618649185
CTAACTGGTCCGGTTC-1,-0.0970891658885651
CTAAGTACAGGGCTAC-1,-0.017179487870616687
CTAATTATGAAGCGTA-1,-0.11098698106917897
CTAATTCGCACGCGCT-1,-0.08068117325669551
CTAATTCTCAGATATT-1,-0.11259043091479824
CTAATTTCAACAACAC-1,-0.07364182311356575
CTACAAGAAATAACCC-1,-0.10696535647976822
CTACACTCGCAGATGG-1,-0.07386502540363342
CTACATATCGCGGGAC-1,-0.06574997664759417
CTACCCTAAGGTCATA-1,-0.12056189745808749
CTACGAACTAGGTCGA-1,0.07051268968530489
CTACGACTAGCTATAA-1,-0.028409655468846256
CTACGATCCTATCCTA-1,-0.0499207043092949
CTACGCACGGAGTACC-1,-0.03331231608813323
CTACGCCATTTCCGAT-1,-0.1275418351285264
CTACGTGTTGCCACCA-1,0.03757067841562065
CTACTATCATAGGTTT-1,-0.11765248763916956
CTACTATCTTTCAGAG-1,-0.10925227320101398
CTACTCAAGGTATAGT-1,-0.11176208529814538
CTACTCTAGGCCCGGC-1,-0.0238107191863034
CTACTGCCACCTGACC-1,-0.04863536971469692
CTAGACATATATGTAG-1,-0.09505224583481561
CTAGACTGCATTTCGT-1,-0.21150187347515584
CTAGATAAACTCCTCG-1,0.029851226103916162
CTAGATGTGAGTGTAA-1,0.05943928347714378
CTAGATTTACGACGGC-1,-0.09260376514153898
CTAGCATAGTATAATG-1,0.023232311348337382
CTAGCCACAGGCGAGC-1,0.042177421116018465
CTAGCCGATGTTATGA-1,-0.15660214246071757
CTAGGCGCCCTATCAG-1,-0.16016146858055513
CTAGGCGGCAGAGAAT-1,-0.019953225559560354
CTAGGGATAGGGACAA-1,-0.1114956526588772
CTAGGTCTGAAGGAAT-1,0.09482820790381147
CTAGGTTCGGACGTGA-1,-0.04841622215700735
CTAGTAGAAAGGGATT-1,-0.09456292250005498
CTAGTATTCGGAATTA-1,-0.27525410994570215
CTAGTCACGTCTTAAG-1,0.024330324218034667
CTAGTGAAGGACAGGA-1,-0.025202743965659802
CTAGTTACAACCCGGT-1,-0.04910219826579718
CTAGTTGGGCCCGGTA-1,0.004613228325026687
CTATAAGAGCCAATCG-1,-0.11592910009453611
CTATAGGCGTTGATGT-1,-0.0822761277422203
CTATATCCAGCCTGGC-1,-0.053622379581616336
CTATCACAACGCTGGA-1,-0.05551908077610374
CTATCGACGAAATACA-1,-0.04631365354618645
CTATCGCGTAGAGAAC-1,0.023604529499721204
CTATCGGGTCTCAACA-1,0.03317809599241082
CTATGCCCGAATGCAA-1,-0.10322706463451696
CTATGGGAAGCGGAAT-1,-0.08049712934424384
CTATGTCACTAGCCCA-1,-0.023325779374535477
CTATGTCTATTGAAAC-1,0.02653734505407181
CTATGTGAGTCACGGC-1,-0.24387004774266755
CTATTCATGTGTCCCA-1,-0.059150414715831406
CTATTGTGTTTGGTCA-1,-0.24791255646687768
CTATTTGCTTGGAGGA-1,-0.12773212397744346
CTATTTGGTTACGGAT-1,-0.12977021697047142
CTCAAACCACTGCCCG-1,-0.09195488212027443
CTCAACTAACCCGGAT-1,-0.10147696627052566
CTCAAGACATTAGCGC-1,-0.2570290372996756
CTCACACGCAAGCCTA-1,-0.23727752144622025
CTCACATTTACTAAAT-1,-0.06000386674414277
CTCACCGATCCAAACT-1,-0.0868131400941811
CTCACTGTGATACTTA-1,-0.053596537445803796
CTCACTTGGCTGGTAA-1,-0.03279329109229592
CTCAGAGCTAATGTCG-1,-0.09235538257953246
CTCAGGACTCACCTGT-1,0.0005426865018979691
CTCAGTCACGACAAAT-1,-0.11222825824214297
CTCATAAATGTGTATA-1,-0.04515150087386626
CTCATGGCTCACAATC-1,-0.0013007815025262376
CTCATGGTAATTTGCG-1,-0.17535411083578098
CTCATTGCTCTAACAA-1,-0.11261449121523737
CTCATTTGATGGGCGG-1,-0.00704303063962815
CTCCCAATGAGTCGCG-1,-0.3907788110337341
CTCCCTCCTTTCGATC-1,-0.1776748364677021
CTCCGCCCACATGAGG-1,-0.021362288683720684
CTCCGGCCTAATATGC-1,0.01174516707718192
CTCCGGCTTGTAGACA-1,-0.10066075809137566
CTCCTAAGTTATGTCT-1,0.032119129751859515
CTCCTCCAGCTCACAC-1,-0.17568327445255458
CTCCTGTTCAAGGCAG-1,-0.23049462593055822
CTCCTTTACGCAAGTC-1,-0.19268220872656686
CTCGAATGGAACGTAT-1,-0.014792548131131657
CTCGAGATCCAAAGCA-1,-0.09329414856538061
CTCGAGGTCGAACAGT-1,-0.02813149744615687
CTCGATATTTGCGAGC-1,-0.14145295586737108
CTCGCACCTATATAGT-1,-0.022792937949826644
CTCGCATTGCATAGCC-1,-0.0778502033294423
CTCGCCGAATGTAGGG-1,-0.07208163704551757
CTCGCTAGGTAAGCGA-1,-0.06468519120654344
CTCGGGATAACACCTA-1,0.019188281844434246
CTCGGGCATCGTCGGG-1,0.061460171469723386
CTCGGGTTCTCTGGCC-1,-0.03445284748781564
CTCGGTACCACTGCTC-1,-0.09133733759040935
CTCGGTCCGTAGCCTG-1,0.03289171473590728
CTCGGTTGTCGGCCCT-1,-0.030320159030915103
CTCGTCGAGGGCTCAT-1,-0.023340579774053054
CTCGTCTGTGCCTTCG-1,-0.007729923146610803
CTCGTTACGGCTACCA-1,-0.11909082544468615
CTCGTTTCTAATGTTT-1,-0.19358239062937563
CTCTAATGCATTGATC-1,-0.15714100284395854
CTCTACACTGGCGATT-1,-0.22057870289758344
CTCTACATCCTGCGTG-1,-0.11706908317502816
CTCTAGCCCTCGGAAA-1,-0.03169549989026068
CTCTATTTGGCTGCAG-1,-0.12793400689497694
CTCTCACAATCGATGA-1,-0.024257751026086793
CTCTCGATGTGCGCCT-1,0.06533941058000396
CTCTCTAACTGCCTAG-1,-0.05482375463855367
CTCTGCAGGCATTCTT-1,-0.0033650041774162366
CTCTGCGAAGCAAGCA-1,0.04055721759620573
CTCTGGACGCCTGGTG-1,0.010420701906666885
CTCTGTTTGAGGATTC-1,-0.0725027324453058
CTCTTCTATTGACTGG-1,-0.0248054273029994
CTCTTCTGGAAGTTAG-1,-0.06250061682164273
CTCTTGTCCCGCTTGG-1,-0.05746026126588632
CTGAAACGGCCCTCAG-1,-0.02693317550511782
CTGAAAGAGATCCGAC-1,-0.11583782895475396
CTGAATCCGAGACCTC-1,-0.0463622869969663
CTGAATTTATTGCCAG-1,-0.21024025077381464
CTGACATAGAAATAGA-1,-0.4073339432955945
CTGACTGCGCAGCTCG-1,-0.030367510989924247
CTGAGAAAGTTCGGCG-1,-0.36507046726772213
CTGAGCAAGTAACAAG-1,-0.007888069723347461
CTGCAAATGGGCTCCA-1,0.052786129562374204
CTGCAAGCACGTTCCG-1,0.007014914696899738
CTGCACAACTACATAT-1,-0.255656990507179
CTGCACCTAGTCCACA-1,-0.13547519378406106
CTGCACCTGGAACCGC-1,0.055819019458709894
CTGCACTCCAGTACAG-1,-0.053227596628324755
CTGCAGAGAATCAGAG-1,0.008131744964905221
CTGCCAAGGTTGGAAG-1,-0.23371179360404157
CTGCCATGCATCACAT-1,-0.01575483351376285
CTGCCTAGCCACCAAG-1,0.05205533191695299
CTGCCTCATATGCAAC-1,0.07163492494099703
CTGCCTTTAATACCTT-1,-0.07765300487165426
CTGCCTTTCTAGTAAA-1,-0.06570370578227429
CTGCGACCTCGCCGAA-1,-0.0662904969803992
CTGCGATTTCGAGATT-1,-0.09232686041394438
CTGCGGGTGAAATGTT-1,-0.03707575678151716
CTGCGGTAGTCACGTG-1,-0.2123785197770352
CTGCGTTACGATATAA-1,-0.19175204715411154
CTGCTCTGACGGCAAA-1,-0.07770341311735984
CTGCTGAGGCCACGAA-1,-0.07355636634202327
CTGCTGTCTAACGAGC-1,-0.37317865822962976
CTGCTTGGCGATAGCT-1,-0.08832939502839297
CTGCTTTATGTCCGCG-1,-0.3724605818055913
CTGGAAATGGATGCTT-1,-0.012662874766619175
CTGGAAGACACGGTGG-1,-0.26050234795359994
CTGGACGCAGTCCGGC-1,-0.19632833821451953
CTGGCATCCGAATGAG-1,-0.09601688352881955
CTGGCGACATAAGTCC-1,-0.2962366669845873
CTGGCGATTTACATGT-1,-0.008358740252375457
CTGGCGCACAGGTCTG-1,-0.15122931621608446
CTGGCGGGAATAAGTA-1,-0.03205606545855119
CTGGCTCCTGCGGGAT-1,0.03220729812749885
CTGGCTGATTCATCCT-1,0.018953600932773176
CTGGCTGCTAACGTAA-1,0.03262055074277701
CTGGGATACGCTACCC-1,0.08218887021072115
CTGGGATCGCCCAGAT-1,0.05257518060123047
CTGGGCCTGCTATATC-1,-0.029990229362276948
CTGGGCTACTGGAGAG-1,-0.11645157403389818
CTGGGCTATCCTTTGG-1,0.02085034731597735
CTGGGTTGAGTTAAAG-1,-0.3137993841825409
CTGGTAAAGACTTACA-1,0.01080715749503233
CTGGTAAAGTGTGGGC-1,0.04448509452065862
CTGGTAACACATAGAA-1,-0.09793878963244805
CTGGTAACGAGCTCTT-1,-0.08298525145065534
CTGGTCATTCCAATCC-1,-0.10383603489078341
CTGGTCCTAACTTGGC-1,0.062451487656483715
CTGGTGAATGGGCCTA-1,-0.05191868438275294
CTGGTTCAACGCATCA-1,0.050345717912275545
CTGGTTTCGAGCAAGA-1,-0.24399233600224493
CTGTACTTCTTAGCAT-1,-0.009938253900480089
CTGTAGTGAGGATCGA-1,-0.13278443739435344
CTGTATGGTGTAGAAA-1,-0.1557711400810582
CTGTCAAATGGCTCGG-1,-0.32946543335883033
CTGTCACGCCAGGCGC-1,-0.19038348835533056
CTGTGCAGGGTAGGTC-1,-0.049765569974203575
CTGTGGTCGGGAGATA-1,-0.015552046128354821
CTGTTACCCAATCTAG-1,-0.07395954676362845
CTGTTCACTGCCTGTG-1,0.0022315205935945323
CTGTTCATCTCACGGG-1,-0.19942046217888174
CTGTTGTTCAGTCGTA-1,-0.03397133031998252
CTTAACTTACAGTATA-1,0.061493376618982666
CTTAACTTCGAAGTAC-1,-0.0020641865968701397
CTTACACGGTATTCCA-1,-0.07271220009740599
CTTACACTGGGAAATA-1,0.04525722422130666
CTTACATAGATTTCTT-1,-0.04056040112270658
CTTAGATGTTTCATCC-1,-0.09147100722484405
CTTAGCCTTCCACATG-1,-0.2607314326165308
CTTAGGTATAGACCAG-1,-0.05419520174718264
CTTAGTAGGCCTACAG-1,0.03604444066609408
CTTAGTGTAGTAGCAT-1,-0.1192372253152418
CTTAGTTGAGGAATCG-1,-0.10355917874885856
CTTATGCGCTCAGGGC-1,-0.2014745362844577
CTTATGTTGACTACCA-1,0.02041258230673439
CTTCAACTCCACTTGG-1,-0.10546685869141594
CTTCACGCCCTGGTAC-1,-0.021333780388468483
CTTCAGTGGTCGCCTA-1,-0.2078412659208591
CTTCAGTTGGACAACG-1,-0.08258219631851807
CTTCATAGCTCAAGAA-1,-0.0604115147758387
CTTCATTGTCAGTGGA-1,-0.03743874965353512
CTTCGATTGCGCAAGC-1,-0.0606648406044848
CTTCGGCCAATTGTTT-1,-0.20952164179511287
CTTCGTAGATAGGTGA-1,-0.013153257499178594
CTTCTATGTTGAAGTA-1,-0.07116841061583598
CTTCTGGGCGTACCTA-1,-0.12194817347068546
CTTCTTACGTCGTATA-1,0.027488875280406416
CTTGACCCGAAAGATA-1,0.023014763914335757
CTTGAGGTTATCCCGA-1,0.001127015693586389
CTTGAGTTAGGGTAAT-1,-0.06653501747815764
CTTGATGACCATCCAG-1,0.037923921447745645
CTTGCAACCGCCTCCT-1,-0.12068823603127225
CTTGCCCACCCACGCA-1,0.051250824499016884
CTTGCCCAGGCTCTAC-1,-0.02803693851686804
CTTGGCCAAGCTGGGA-1,-0.10294619121038927
CTTGTACTTGTTGACT-1,-0.01968666130954096
CTTGTCAACATTCGAG-1,-0.18481427876747833
CTTGTGAGTCTTTGAC-1,0.05065441287763009
CTTGTGCTCACCGATT-1,-0.19026362362956165
CTTGTTGCTGAGTCAA-1,-0.157334236314499
CTTGTTTATGTAGCCA-1,-0.06384378442784709
CTTTAACTTTCAAAGG-1,-0.02843475569156032
CTTTAATATTGGTCGA-1,-0.19216684140894147
CTTTACCGAATAGTAG-1,-0.2860107758821682
CTTTAGTGCTATTATT-1,-0.05086998311216067
CTTTCTGTGCGGGCTT-1,-0.03710141055151308
CTTTGCATCGCTCTTG-1,-0.049407322246377554
CTTTGGCAGACAGAGT-1,0.03202115354811962
CTTTGGCGCTTTATAC-1,-0.07452705273236104
CTTTGGCTTTAGTAAA-1,-0.062052792508595675
CTTTGGGATTGTTGCA-1,-0.10178635888656144
GAAACAGATGACCACC-1,-0.05886564728695576
GAAACAGCCATGCAGT-1,0.020966056527710317
GAAACATAGGAAACAG-1,-0.02261393357063424
GAAACCATGGTGCGCT-1,-0.17942951162711865
GAAACCGAATTACCTT-1,-0.01346294141828192
GAAACCTATACAAATG-1,-0.13808666152128588
GAAACTCGTGCGATGC-1,-0.07358888489269418
GAAACTCTAATGAAGG-1,-0.011285876198291682
GAAAGAACAGCGTTAT-1,0.08868790220803818
GAAAGCAGTGCACTTT-1,-0.09407718293020198
GAAAGCCCTTTGGACC-1,-0.024548251542898566
GAAAGTGACTAACTGC-1,-0.19981258639669128
GAAATACCTGCTGGCT-1,0.031147726393853763
GAAATACTAAACGTTT-1,-0.040451221417009804
GAAATATCACCATCAG-1,-0.013378955871961407
GAAATATGCTTGAATG-1,-0.3266133175553267
GAAATCGCGCGCAACT-1,-0.09584570282034387
GAAATGGCGGTGTTAG-1,-0.010705052524604738
GAAATGGGATGTAAAC-1,-0.09354568433143125
GAAATTAGCACGGATA-1,-0.26964472178808485
GAAATTCACATCGCTG-1,0.05751382259918918
GAAATTGTCTCTATAA-1,-0.0035515173801773936
GAACAACTGGGATGAA-1,-0.05777838877832691
GAACACACATCAACCA-1,-0.03934570103120029
GAACAGATTACTAAAT-1,-0.03362983555857366
GAACATTAGTATGTTA-1,-0.15480822462506968
GAACCATCTGGGAGAC-1,0.025770450927458458
GAACCCTCTGTGTTCT-1,-0.056984406559348375
GAACCTTTAACGATCC-1,-0.08760362656722687
GAACGACCGAATGATA-1,-0.012363495683102261
GAACGATAAGTTAAAG-1,-0.2126228274181046
GAACGCGGGTCACACG-1,-0.23036523366085143
GAACGGTGTAAAGCAG-1,0.05024388152168296
GAACGTCTCATGGTCG-1,-0.22456239237374245
GAACTGTGGAGAGACA-1,-0.0744430107308974
GAACTTAGCGCCCGGT-1,-0.007478605089846299
GAAGAAACGATATTGT-1,-0.013833831224981014
GAAGAACGGTGCAGGT-1,0.07379046695017549
GAAGACTTCAATGCCG-1,0.06260279468578132
GAAGCCACTGATTATG-1,-0.04093522289884071
GAAGCCTGCACATTCC-1,-0.07988995875467715
GAAGCGTGAGGAATTT-1,-0.01087344404545673
GAAGCTCGGACCCGTC-1,-0.12131969192340196
GAAGCTTGCTGACCGC-1,-0.05519472512609042
GAAGGAGTCGAGTGCG-1,-0.1499412457861765
GAAGGCTACCATTGTT-1,-0.18075981989423862
GAAGGGCATAACCATG-1,-0.03385571603714163
GAAGGGTCATTAAGAC-1,-0.033931678937814236
GAAGTCTCCCTAGCGA-1,-0.12443000260857155
GAAGTGATTTATCGTG-1,-0.011230920285710861
GAAGTGCTGGATAGCT-1,0.023512772040185318
GAAGTTTCCACTCAAT-1,-0.025837944923715054
GAATAGACGCGACCCA-1,-0.07601918666200949
GAATAGCATTTAGGGT-1,-0.33104650808375236
GAATAGCCCTGCGGTC-1,-0.3616959782542642
GAATAGTGCTCGATTA-1,-0.05253544625162425
GAATATTCGGAGTCCC-1,-0.2909558462450592
GAATCGACATGGTCAC-1,-0.03694500254454852
GAATCGCCGGACACGG-1,0.07832545583928599
GAATCTGAACATTCTC-1,-0.02348887567800843
GAATGAAGGTCTTCAG-1,-0.3441852434608772
GAATGCCGAAATGACC-1,-0.027758376386832217
GAATGCGAATCGGTTC-1,-0.05256888205954495
GAATGTATGGCAGGTC-1,-0.2174477384099809
GAATGTTGGGTAATCT-1,-0.03646906510887248
GAATTATAGTGAAAGG-1,0.025368843851560813
GAATTCACCCGGGTGT-1,-0.05474239206106812
GAATTTCTCGCTGCAG-1,-0.030837850367320077
GACAAACATATGCAGG-1,0.04482612023286187
GACAACGACCATTGAA-1,-0.09471013870977515
GACAACGCAGCTTACG-1,0.011381222954109108
GACAAGAGATGAGATT-1,-0.09192745322160864
GACACAAGGGAAGAAA-1,-0.04916431609560233
GACACAGCCGGGACTG-1,-0.011190055699551444
GACACGAGTTAGAGGA-1,-0.03139767422939948
GACACTGAGTTCAGTG-1,-0.020093505076768856
GACACTGGAACCCGAT-1,-0.38504133908397775
GACACTTCCAATTACC-1,0.009864049360390707
GACAGGCACACACTAT-1,-0.04539280387043581
GACAGGTAATCCGTGT-1,-0.06546457141220255
GACATCCGTCGAACTG-1,-0.03345075537753564
GACATTTCGCCCAGCC-1,-0.08994247358571705
GACCAAACGTTGACTG-1,0.017518088632188476
GACCACACTTCCCTTT-1,0.00812977424092375
GACCAGAGCCCTGTAG-1,-0.06265112731457527
GACCAGGTCATTCATA-1,0.07132319383721748
GACCCAATTATGATAC-1,-0.1471983047970561
GACCCGTCGCCGGCTA-1,0.036190056230088266
GACCGACGTGAAAGCA-1,0.08457512822163472
GACCGACTGAAGCGTC-1,-0.009321215046375958
GACCGATTAAATATGT-1,-0.05889582790232484
GACCGCGTCTGACGTG-1,-0.278333658460987
GACCGTCAGGTCGTGA-1,-0.20797125641480393
GACCGTGCTGACGGTG-1,-0.0024131746024654566
GACCTTCCACGTCTAC-1,-0.006404739371638879
GACGACGATCCGCGTT-1,-0.10374850887996448
GACGAGGCTAATAAAC-1,-0.045413506626862395
GACGATATCACTGGGT-1,-0.13901808585787634
GACGCCTGTTGCAGGG-1,0.031856042920253194
GACGCTTGCTTCTAAA-1,-0.010055714057322992
GACGGACCGCGTTCCT-1,0.04165474296737181
GACGGGCATCGAATTT-1,-0.0681889961340146
GACGGGTTGGCCCGTA-1,-0.160199974627063
GACGGTCAATAGAAGC-1,-0.13767251382246726
GACGTGAGACTCCATG-1,0.011547530916693312
GACGTGTAGGGATTAT-1,-0.0325836640956398
GACGTTCGTAAATACA-1,-0.21914191045121445
GACTAACACAGCACCT-1,-0.1137568952621575
GACTAAGATCATGCAC-1,-0.03495050936792638
GACTAAGTAGGCTCAC-1,-0.031009063812980357
GACTACAAAGCGGTGG-1,-0.15084802684061618
GACTACAATTGCTCGT-1,0.04207303739704474
GACTAGGCCGTTAGGT-1,-0.026069351930300966
GACTCACCCACGTGAG-1,0.08903638486475136
GACTCCCAGAATAAGG-1,-0.19501394741315592
GACTCCTTCCAATTGA-1,-0.19980362126508844
GACTCGCGGGAATGAC-1,-0.09352797496652855
GACTCGGTCGGCGGAT-1,-0.12426465077811757
GACTCTAGAGTTCCAA-1,-0.09148737813824849
GACTGATTGGTCACAA-1,-0.11105648163656233
GACTGCAAATCGAGCT-1,-0.08937083354541116
GACTGCGGCACGTGTA-1,-0.06036605952062497
GACTGCTGGTGAGAAA-1,-0.141930103712006
GACTGGGCGCCGCAAC-1,-0.04530780511781047
GACTTCAACGCATCAA-1,-0.11020065595429009
GAGAACGGTTCTGACT-1,0.07342268632351436
GAGACCCTGCAACGCC-1,-0.14466131529252638
GAGACTGATGGGTAGA-1,-0.018935301337410976
GAGAGGCCTATGTGTA-1,0.003084035614861814
GAGAGGGCGCGAGGTT-1,-0.01128609056565285
GAGAGGTGCATTCTGG-1,-0.0610058514726944
GAGAGTCTCGGGAGAG-1,-0.12228197248642537
GAGATCTGCTTGGCAT-1,-0.021296897306229676
GAGATCTGTCACTCCG-1,-0.06023178312457648
GAGATGACAATCCTTA-1,-0.20182319038520435
GAGATGGCTTTAATCA-1,-0.011075734690245274
GAGATGGGAGTCGACA-1,-0.11004044241987933
GAGCACCTGTGTCCAG-1,-0.09479626745706686
GAGCATCAACAACTTG-1,-0.1122988580563756
GAGCATCATCCCTGGG-1,0.07833664810080122
GAGCCACGGTAGTAGG-1,0.06351850521303447
GAGCCAGCTACCTGTG-1,-0.07427158312786446
GAGCCGAGCGTTTATT-1,-0.2473775832832241
GAGCGAGGGAGTACCG-1,0.03027539898504509
GAGCGCAAATACTCCG-1,-0.2635772332711155
GAGCGCGCACGAGTAG-1,-0.32438170418974355
GAGCGCTGTTAGGTAA-1,-0.020456783595760725
GAGCGGAATGCGGTGT-1,-0.08592537344456375
GAGCTAAGGGCATATC-1,-0.18890996297697651
GAGCTCAACATGAGCG-1,-0.0911520488395471
GAGCTCTCGGACCTAA-1,0.05002331566399014
GAGCTGTCGTCTCGGA-1,-0.21680070909582658
GAGGAATATCTCTTTG-1,-0.10233179280115604
GAGGAATGGAGAGGTT-1,-0.07852146066583468
GAGGATAAACAGTGCT-1,0.05517387115561857
GAGGCATTTGCAGCAG-1,-0.22452379168601333
GAGGCCCGACTCCGCA-1,-0.09044334895721197
GAGGCCTGTTGATACA-1,0.0043692968344580235
GAGGCTATCAAAGTCG-1,0.012632033320321734
GAGGGAGTCAGATCGC-1,-0.11439366239774744
GAGGGCATCGCGTATC-1,0.04660654214998623
GAGGGCCATAATATTA-1,-0.2534652866219572
GAGGGCGCAGCTCTGC-1,-0.19912391195168763
GAGGGTAGTAACAAAG-1,-0.093626585238952
GAGGTACATCCATCTT-1,-0.01843312455094473
GAGGTACGCGTGTCCC-1,-0.06955936177488618
GAGGTCCCAAAGATCT-1,-0.0535855289996363
GAGTAAACCGGAAAGT-1,-0.4045993985490615
GAGTAAGGCCACGGGA-1,-0.17423216658608193
GAGTACGGGTATACAA-1,0.06641125830899053
GAGTAGATACTAGTTG-1,-0.06947649179767461
GAGTATGCGCGTGCAT-1,-0.04569690684940314
GAGTCCGCTTACCGGA-1,-0.059137157542303906
GAGTGTCAACCAGAAA-1,-0.11006164232485485
GAGTGTGCGGTACCCA-1,-0.16201579661850293
GAGTTGATGGCAATTT-1,-0.18138032959466832
GAGTTGTCACCAGTCT-1,-0.06594242574963961
GATAAATCGGTGGATG-1,0.07119230779910601
GATAACTCGCACTGTG-1,-0.09208176693438323
GATAAGGCAGATGCAA-1,0.02236778519865817
GATACGATGGGAGTCA-1,-0.02754891535763603
GATAGAACCCGCTAGG-1,-0.10553568167653242
GATAGATAGTACAGTC-1,-0.08379966349622524
GATAGGTAACGTTGAC-1,-0.08937738013283687
GATAGTGCGAGTAAGT-1,-0.1395329898486367
GATATCTCATGCAATA-1,0.02566365842313046
GATATGAGACACTAAC-1,-0.14161121515112415
GATATGCGGTAGCCAA-1,-0.3779935211498884
GATATGGATTACGCGG-1,-0.12812651983535947
GATATTGAGATTGGCG-1,0.06556646762564487
GATATTTCCTACATGG-1,-0.3866459453808097
GATCAACATAAAGGGA-1,-0.07170201438266244
GATCATTCCAAACATT-1,0.0008706524991551651
GATCCCTTTATACTGC-1,-0.052546366409679086
GATCCGGGAATTAACA-1,-0.0314095311978151
GATCCTAAATCGGGAC-1,-0.09768798960020521
GATCCTCGACACTGGC-1,-0.1547991851387401
GATCCTCTTGCGCTTA-1,0.05152775464274408
GATCGACACTATCTGA-1,-0.004368771398973227
GATCGCGGGCTCTCCA-1,-0.018316847157028394
GATCGCTACCCGATTT-1,-0.25067505257307365
GATCGCTATATCTCAG-1,-0.027980646201816475
GATCGCTGTGGTGCGT-1,-0.04034772103175255
GATCGGATAGAACCAT-1,-0.2299626798395208
GATCGGCGATAAGTCG-1,-0.0003372338805999467
GATCGGTGGCCATAAC-1,-0.011327540378164374
GATCGTGACTGATATC-1,-0.009762020669064814
GATCTCGACGCTGTGG-1,-0.3919895360361594
GATCTGCTATCTAAGG-1,-0.12340880518846757
GATCTTGGAGGGCATA-1,-0.07798863643474223
GATCTTTGCAGGGTAT-1,-0.011965016572886306
GATCTTTGCTCAAAGA-1,-0.11941464152102778
GATGACAAGTAGGGCA-1,-0.019532442057884965
GATGACGATGATCGCG-1,-0.3787215788508266
GATGAGGAACCTTCGG-1,-0.025768507066567286
GATGCCAGCAGAAGGC-1,-0.0889660951445358
GATGCCTTCTGCGGCA-1,-0.0852090748942645
GATGCGTCCTGCATTC-1,-0.03577586856599579
GATGCTACAAGCGCCT-1,0.042495134211507045
GATGCTACCTTCGATG-1,-0.1257231472346962
GATGCTGTATTTCATC-1,-0.10943229713280314
GATGGCGCACACATTA-1,-0.09391337813450998
GATGGTGAAATAACCC-1,-0.029689630906374675
GATGGTGCCCTAGGCA-1,-0.002016954156402319
GATGTAACGAACCACC-1,-0.14933936651241994
GATGTCCGGATCACAT-1,0.018956544353822984
GATGTCGGTCAACTGC-1,0.06276420314478386
GATGTGTTGTCACAAG-1,0.06704054960815585
GATGTTCAATCCACGA-1,-0.022801756768567872
GATGTTTGTGCGAGAT-1,-0.1237328536692839
GATTAACCGAAAGCCC-1,0.006851470111931616
GATTAATCCTGGCTCA-1,0.013423829639883856
GATTACTGAATTTGGG-1,-0.028786558915014852
GATTCCCTTGTCGCAG-1,-0.007806400004512508
GATTCCGCGTTTCCGT-1,-0.157064549590597
GATTCCTATACGGCGC-1,-0.19396455927843714
GATTCGACGGTTCACG-1,-0.029066543220333165
GATTCTGTTAATGAGT-1,-0.08047135032903727
GATTGACACTCTGCTC-1,0.06559809683522448
GATTGCTCCAGTTGCA-1,-0.05257290239576436
GATTGGGAAAGGTTGT-1,-0.044785402693908606
GCAAACCCTACATTAT-1,-0.34495129380055034
GCAAACCTTGGCCATA-1,-0.027607589303173974
GCAAACGTCGCCAGGT-1,-0.27088314687964654
GCAAAGGGCGTTAGCC-1,-0.04535858543616071
GCAAATATTACGCTTT-1,-0.018503779363616687
GCAACACACTAGAACT-1,-0.2561186208399226
GCAACAGCAGTATGCG-1,-0.09452137067884817
GCAACCACCAGACCGG-1,-0.2428455441750807
GCAACCACGGCCGCGT-1,-0.05297485248565344
GCAACGGCTAGTTATG-1,-0.022821970611982028
GCAAGAATTCCTTGGC-1,-0.001265055851383638
GCAAGATGTGTTCGCG-1,-0.199370890606499
GCAAGTGCACAGAGAA-1,-0.11389178984900257
GCAAGTGTAAAGCATG-1,-0.12764561020123716
GCAATTAGTCGCACCG-1,0.017287946471282744
GCACAAACCCTAGATG-1,-0.0503392087094283
GCACAAACGAGGCGTG-1,-0.19372857179476194
GCACAACCTCGGGCGT-1,-0.1258766571825982
GCACAAGTGTCGGAAG-1,0.029392114147524157
GCACACACTGGTAGCC-1,0.006034588167899367
GCACACAGCTATTACC-1,-0.09843564720482563
GCACAGCACGGGCCGA-1,-0.11560379692477935
GCACCTAGGCGAGTCC-1,-0.04588184480461748
GCACGCCGATTCCCGC-1,-0.03615203548787294
GCACGTGGTTTACTTA-1,0.018378320475642536
GCACTAGTCGCGCTAT-1,0.07118508026441785
GCACTGCCTACCTTTA-1,-0.05047549698363295
GCACTGTGCAAATGTA-1,0.02577094429584552
GCAGAAACGTAATCCA-1,-0.061228629959065015
GCAGACCCAGCACGTA-1,0.0841637214291194
GCAGATCCATAAGACT-1,-0.20054878265548295
GCAGATTAGGGATATC-1,-0.04342031195648196
GCAGCACACAGCCCAG-1,-0.010413186035529499
GCAGCCTATATCACAT-1,0.09648670133859036
GCAGCGGTGGGCATTA-1,0.005858963152183895
GCAGCTATGGACAGGT-1,-0.18085826782260372
GCAGCTGTCAACGCAT-1,-0.05520496697091051
GCAGGAACTTAGATCT-1,-0.2867741242053002
GCAGGACTATAGAATA-1,-0.013199053332872648
GCAGGTAGAGTATGGT-1,-0.23484702651488826
GCAGTGTGGCTATAGG-1,-0.10027907201601016
GCAGTTCGATCCGAGC-1,-0.11413656965105023
GCATACGAGGTCTTTA-1,-0.250184059383536
GCATAGAGCACTCAGG-1,-0.046640801281379846
GCATCCCTAACTTTGA-1,0.058540639168229935
GCATCGGCCGTGTAGG-1,-0.1978232989279733
GCATGAGGGACGCGGC-1,-0.13246930011939106
GCATGCTAATAACGAT-1,0.013382784113253172
GCATTCAAGGCAACGC-1,-0.324113031534135
GCATTCGAAATGAACA-1,-0.06781903200259427
GCATTGTAATTCATAT-1,-0.13057082789719135
GCATTTCCAAGGCTCC-1,0.08282425133345953
GCCAACCATTTCCGGA-1,-0.12270682224747749
GCCAAGAATACTTCTG-1,-0.2692890126990157
GCCAATAGGGCATCTC-1,-0.09442978993712482
GCCACAATTTAAGGAC-1,-0.002976778386904817
GCCACTCAGAGCGCGA-1,-0.03277468871541896
GCCACTCCTTACGGTA-1,-0.23409416819567486
GCCAGGAAAGAACACT-1,-0.11944024904789499
GCCAGGAGTAACCGAT-1,-0.3943981330846756
GCCAGGCGTTCGCATG-1,-0.09954447379488343
GCCATATTGCACACAG-1,-0.30266275232874357
GCCATCGATGCTGCAT-1,0.045493230562204855
GCCATTAGCCTCAAAC-1,-0.2263252348995455
GCCCACCAAGGCTGTC-1,0.07534499085727796
GCCCAGATGCTGGAGA-1,0.07668223668692944
GCCCAGTTGGTATGCC-1,-0.17571169527518654
GCCCGACTTCTTCCCG-1,-0.1485306209243227
GCCCGAGAGTCTAAAT-1,-0.08576695457557723
GCCCGATCTGTGGTCG-1,-0.0332524727928572
GCCCGCGCGTAAACGG-1,-0.05017889240799187
GCCCGCGCGTTTGACA-1,-0.0501170097105457
GCCCGTAATACCTTCT-1,-0.09773751762512457
GCCCTAGCCGTCGCGA-1,-0.24183519775131826
GCCCTGAGGATGGGCT-1,0.004247978968150319
GCCGAAATTCCTACGT-1,-0.02170469815250087
GCCGACCCACGACTGC-1,-0.06948456651681997
GCCGATTGGCCAAGCT-1,-0.003085873303124476
GCCGCTTGTGAGAAAC-1,-0.008344210690311672
GCCGGAAACACATCTT-1,0.04121684030270192
GCCGGGTTAGGGTCGC-1,-0.002338701995785541
GCCGGTCGTATCTCTC-1,-0.09098776603141223
GCCGTCGGTTTCGGGC-1,-0.11676510866057402
GCCGTGGAAGAAATGT-1,0.07026243277633439
GCCTACGTTCTGTGCA-1,-0.03617972209962087
GCCTAGCGATCTGACC-1,-0.04984547919055358
GCCTATAGTGTCAGGG-1,-0.13413535882864777
GCCTATGCTGGGCCTT-1,-0.39160313965542703
GCCTATTCCGATATAG-1,-0.13075171792523096
GCCTATTTGCTACACA-1,0.037628619605628216
GCCTCATCTGGAAATA-1,0.00909729171015127
GCCTCCGACAATTCAC-1,-0.027181263648375552
GCCTCTATACATAGCA-1,-0.032342599786833036
GCCTGCTACACTGAGA-1,-0.06734144447594306
GCCTGTCCCGGTGCAT-1,-0.08835063919643382
GCCTTCAGCCCTACCG-1,0.043482684979146646
GCCTTGTATATGCAGT-1,-0.021797446077364727
GCCTTTGTCAGTGGAC-1,-0.05710561698024416
GCGAAACGATCGGGAG-1,-0.05995665171218779
GCGAAGAATCTGACGG-1,-0.07156887553916466
GCGAAGCCATACCCGT-1,-0.007864211553626944
GCGAATGGACTAGCGA-1,-0.07736501134449286
GCGACATGTAAACATC-1,0.0923700733489301
GCGACCCAACCATCTG-1,-0.016908339071663003
GCGACGATAGTTGTAC-1,-0.06663604945200825
GCGACGGTAGTCTCCT-1,-0.09088983794256796
GCGAGAAACGGGAGTT-1,-0.09324697031955775
GCGAGAGGCCATGTAA-1,-0.3499556755747066
GCGAGAGTTGCGTCCA-1,0.07875951791173694
GCGAGCGCATGCTCCC-1,0.09110330430857645
GCGAGGCCCGAGCAGA-1,-0.021681698634936138
GCGAGTTCTGCAAAGA-1,-0.015426962020861882
GCGATTCTGGAAGCAG-1,0.0531337613365254
GCGATTGTTAACGTTA-1,-0.07421114914031843
GCGCAAATATATTCAA-1,-0.010502064882588714
GCGCAAGAGCGCGCTG-1,0.08091089655802038
GCGCATCCAGTCAGCA-1,-0.07288561873774402
GCGCCGTTCCACGATA-1,-0.011632964089380762
GCGCCTCCCACTCCGA-1,-0.16726799509099605
GCGCGGTCTAGTAACT-1,-0.1643869968205287
GCGCGTCATTGGTACA-1,-0.06822261404146314
GCGCTAATTGAATAGA-1,0.00963257711945615
GCGCTATGCCGAGGCA-1,-0.021454325815850748
GCGCTGATCCAGACTC-1,-0.42284784108030876
GCGCTGCTTTGCATTT-1,-0.10501618692081303
GCGCTTAAATAATTGG-1,-0.033278179532037905
GCGGAGAAACTTCGCA-1,-0.03984764120473085
GCGGATTACTTGTTCT-1,-0.022520143623273065
GCGGCAAAGTATTGCC-1,-0.014906360589736267
GCGGCTCTGACGTACC-1,-0.012052629185305893
GCGGCTTTAGCAAGTT-1,0.0052565615642633946
GCGGGAACCAGGCCCT-1,0.02946299396519058
GCGGGCAGACGGGTGA-1,-0.057388255513247534
GCGGGCATTACGATGC-1,0.017002922784321074
GCGGTAACCCAAATGA-1,0.030075293689245542
GCGGTCCCGGTGAAGG-1,-0.2761556178947493
GCGGTCCCTAGACGCA-1,0.06820075750096583
GCGGTCTTGCTTTCAC-1,-0.018221034509154965
GCGGTGAACTGCGCTC-1,-0.20463898882918838
GCGGTTCCCTATCATG-1,-0.04793011396853663
GCGTAAATGGCCATAA-1,0.07650166533931652
GCGTCCCTAAGACATA-1,-0.09162713343872579
GCGTCGAAATGTCGGT-1,-0.002029135155132751
GCGTCGCCAGGGTGAT-1,-0.026203812678835585
GCGTCGTAACATGGTC-1,-0.06901120841273489
GCGTCTCTGCATTGGG-1,-0.00978426058187703
GCGTGGTACTGGGTTA-1,-0.05123593185812599
GCGTGTATGTCGTATT-1,0.0485908453806289
GCGTTCGGAGACCGGG-1,-0.26876586344795433
GCTAAACCTGAGGTGA-1,-0.11390366771377257
GCTAACTGAAGTCTGA-1,-0.04794626225538263
GCTAAGCCCAGTATGC-1,-0.03401589375416956
GCTAAGTAAAGGCGAT-1,-0.07149163860256665
GCTAAGTAGTTTCTCT-1,-0.09223969403100771
GCTAATACCGAATGCC-1,-0.038840922071725736
GCTACAATCGAGGATA-1,0.011450158179209044
GCTACAGTACGGACCG-1,-0.22119521035544543
GCTACGACTTATTGGG-1,-0.057376938768837135
GCTACTATAGTAGAGT-1,-0.22700293626680565
GCTAGACCGTCTACTG-1,0.08080330452403382
GCTAGAGTAGAGATGT-1,-0.004222688920817418
GCTAGCAGGGAGTGGG-1,-0.2773054025987319
GCTAGCGATAGGTCTT-1,-0.03601699507725068
GCTAGGCACCACGGAG-1,-0.05553120923342937
GCTAGTAGAGCTTGTA-1,-0.006631342355851795
GCTAGTTTCATTGAGG-1,0.03414954966425213
GCTATAAGGGCCAGGA-1,-0.054566829698079126
GCTATACGTCTCGGAC-1,-0.11492768831684179
GCTATCATACTCATGG-1,-0.06819975391503585
GCTATCGCGGCGCAAC-1,-0.038516392819282735
GCTCAATGTAATACCG-1,-0.09697171617397275
GCTCATTACTGCATGT-1,-0.24473325138045302
GCTCCATGCAAAGCAA-1,-0.09341921089147652
GCTCCCAGTCGGTCCA-1,0.01782696079205023
GCTCCGCTCGCTTCAG-1,0.033427700062762314
GCTCCTGACATACTGG-1,-0.02616867549057937
GCTCGCTCATGTCCAA-1,0.07365546451982857
GCTCGGAATTTAAAGC-1,-0.38227594558499084
GCTCTAAACCCTGACG-1,0.0021824066647393096
GCTCTATGTTACGTGC-1,-0.07433336851942789
GCTCTCGGGTACCGAA-1,-0.04310367924154221
GCTCTTTCCGCTAGTG-1,-0.16820257792541238
GCTGAACTCTCCAGGG-1,0.006642752122277576
GCTGAATCTTCCAATC-1,-0.014432279331822293
GCTGAGGCGTGAGTAT-1,-0.01110384486771961
GCTGCACGGTTTCTTA-1,-0.05490295773987325
GCTGCTAAGTAGTCGA-1,-0.06459921327001335
GCTGCTACTGCGTAGC-1,-0.19811439139063644
GCTGCTCTCCGGACAC-1,-0.009629501489761659
GCTGGACCCAAAGTGG-1,-0.2990441478392561
GCTGGCATATTCACCT-1,0.004802488063700355
GCTGGCGGCGCATGCT-1,-0.03605742036590713
GCTGGTGACTCGTAGT-1,-0.10904146702840588
GCTGGTTTAGGCCATA-1,-0.06314323211124663
GCTGTATTACTGGCCC-1,0.008144302529098856
GCTGTTGCTACCGAAC-1,0.002810926766442104
GCTTAATGTAACTAAC-1,-0.06106740443501322
GCTTACGTAGTTAGTA-1,0.09425875222044358
GCTTATGAAGCAGGAA-1,-0.1892597999501849
GCTTCAGTGGGATTAC-1,-0.03640716028235621
GCTTCCAGCTTAGATT-1,0.002542669004975512
GCTTCCATGTAACCGC-1,-0.09039320242754953
GCTTCCCGTAAGCTCC-1,-0.1200031246647027
GCTTCCGTCCCTAGAC-1,-0.05700692524654526
GCTTCGACGTTCAATC-1,-0.08336261162115514
GCTTGAGTGACCTCTG-1,0.011292323870197823
GCTTGATGATAATCAG-1,-0.2000110133163221
GCTTGCAGCACAATTG-1,-0.3811158045370436
GCTTGGATCGATTAGG-1,-0.07495867511725694
GCTTTACACAACTGGG-1,0.03324970207242694
GCTTTCAGAGGAGGTG-1,-0.047744384531274775
GCTTTCTATCTCAACT-1,0.022394215829838363
GGAAACCTTGTTGAAT-1,-0.21339876690077658
GGAAACTAAATGGGCC-1,-0.04206015988794824
GGAAAGGGAATTGAGC-1,-0.08712623443694302
GGAAAGTGCCCATGCC-1,-0.3801348857190179
GGAACCGTGTAAATTG-1,-0.10976138236103185
GGAACCTTGACTCTGC-1,-0.011211420675736973
GGAACGGCCTGCAGCC-1,-0.0916363443102349
GGAACTTTGGCGATTA-1,0.023025481032238986
GGAAGCTCGCTTACAG-1,-0.12858373023327738
GGAAGGACACCGTATA-1,-0.029508426123641733
GGAATAACCTCAAGAA-1,0.06029745813847297
GGAATGCGCTAGCGTG-1,-0.11395300542595468
GGACAACCATGAAGCC-1,0.060426501544335307
GGACACAAGTTTACAC-1,-0.193343550204512
GGACACCTCGGTGTTG-1,-0.06877788851973539
GGACCAACAGGATAAC-1,-0.14499041616179442
GGACCTACGGTAACGT-1,-0.33145771241374933
GGACCTCTAGGCCGCC-1,-0.013035898502636782
GGACGGCTTGCGCAAC-1,-0.04425008374942841
GGACGGGCGACCAACC-1,0.012948900928188421
GGACGTCCATAGTTGG-1,-0.13408128278088655
GGACTCGACAGCGCAT-1,-0.11680650887579472
GGACTCGTGAGTGGTC-1,-0.11719204014975525
GGACTCTTTGACTAAG-1,-0.005204728954520639
GGAGAAGTCATTGGCA-1,-0.16073783448208231
GGAGACCAATGTGCTT-1,-0.29250084414480654
GGAGACGACACCTTTG-1,-0.03801729376609297
GGAGCAACATTTCAAG-1,-0.040572074744721555
GGAGCACCAAGAACTA-1,-0.20245562460343455
GGAGCGAGGCCTACTT-1,-0.04599351559524724
GGAGGATTGAAAGGAG-1,0.06703545896530783
GGAGGCCGAAGTCGTC-1,0.04842125744996359
GGAGGGCTTGGTTGGC-1,-0.06961993545070637
GGAGGGTCAAGTAAGA-1,-2.1318337893065143e-05
GGAGTGCCGCCCTGGA-1,0.018313891799832633
GGAGTTGATTCTGTGT-1,0.05248136214731488
GGATACTCATGAATTG-1,0.07607099481768137
GGATCAAAGGACGAGG-1,0.024922423795793926
GGATCATCCCGTACGC-1,-0.2793672648769058
GGATCCCTACCAGCTA-1,-0.021196035320098637
GGATCCGGAATATACT-1,-0.11150622674411485
GGATCTTACTGCCCTT-1,-0.12458973164365116
GGATCTTGACTCAACC-1,-0.23336495602620705
GGATGAAGATCGCTGA-1,-0.009876961986254856
GGATGACGCGAGTTTA-1,-0.016911443129329764
GGATGCTGGCGTTCCT-1,-0.15149559480298497
GGATGGCTTGAAGTAT-1,0.054031083285171595
GGATGTCCTTACCGCA-1,-0.12010004574001175
GGATTAAGCTAAGGTC-1,-0.038047621092975166
GGATTAATCATGGACC-1,-0.0443999962730129
GGATTCAGTACGGTGG-1,-0.14662660278638925
GGATTCCGCTATACCC-1,-0.3321986339219282
GGATTGCTGTGACTCC-1,-0.10193416069267154
GGATTTCACTTCTATA-1,-0.16203868599315205
GGCAAAGGCGCCAATA-1,-0.05275710759712609
GGCAAATTACTTTACT-1,-0.0025343267761028213
GGCAAGCCAGGGATAG-1,-0.2279358275828123
GGCAAGCCCATAGTGG-1,-0.16307901896961216
GGCAAGGCGAAATAGC-1,-0.08787482444187474
GGCAATAGTCAATGAG-1,-0.025776999330363055
GGCACGCTGCTACAGT-1,0.04324791731988695
GGCACTCCACTGGGCA-1,-0.021702581937099705
GGCACTGCGGTGGTTT-1,0.07123950780236801
GGCAGCAAACCTATGC-1,-0.2370741260829318
GGCAGCGGTAATCCTA-1,-0.27802202542678994
GGCATACAGGTAGCGG-1,-0.006530518753336165
GGCATATCGGTTCTGC-1,-0.36975549314651973
GGCATCAACGAGCACG-1,0.032397600540380087
GGCATTGAACATCTCA-1,-0.08718119814527293
GGCCAATTGTATAGAC-1,-0.10218978714274722
GGCCCAATCTAGAGGG-1,-0.03659741181711634
GGCCCAGCTGGTTTGC-1,-0.024227477772877086
GGCCCAGTTATCAGCA-1,-0.10190277294125517
GGCCCGGAGCATGTCT-1,0.08564816778142766
GGCCCGTATACCATGC-1,-0.1983454744356218
GGCCCTCACCCACTTA-1,-0.03011967957727346
GGCCGAGACTCTGGTG-1,-0.07894782372913045
GGCCGCAGGAACCGCA-1,0.02135493151289644
GGCCGGCGTCTGCTAT-1,-0.05155965863663235
GGCCGTTTGGGTTTCA-1,-0.14521189986974808
GGCCTGCTCTGATGTT-1,-0.11378558108864321
GGCCTGCTTCTCCCGA-1,0.04511241788600275
GGCGAAATCTAACTTG-1,-0.09182754098312604
GGCGCAGGACATCTTC-1,-0.0011124948852441416
GGCGCATGAATTGATG-1,-0.005963795160296594
GGCGCGGAGATCTTTC-1,-0.05850694359933101
GGCGCGTTCGAGTTTA-1,-0.07949216759432225
GGCGCTCCTCATCAAT-1,-0.0432534739212695
GGCGCTTCATTCCCTG-1,-0.02609172258619271
GGCGGAGTAATATTAG-1,-0.05760096418602863
GGCGGTAGGATCATTG-1,-0.03360140609045501
GGCGTACCCTATATAA-1,0.037762806158039446
GGCGTAGGGAAAGCTG-1,-0.0984905307070868
GGCGTCCTATCCGCTG-1,-0.005122863542301166
GGCTAAAGGGCGGGTC-1,-0.27511661811707516
GGCTAATGATTGAAAT-1,-0.14199558786375632
GGCTACTATACACTCC-1,-0.11521360523695451
GGCTATTAAGTTGTAT-1,-0.037505516577194344
GGCTCCTCCACCTGTT-1,-0.02288865555570016
GGCTCGCGTTGAGGTA-1,-0.09273065922599281
GGCTCGTGCCACCAGC-1,-0.08308646757058541
GGCTCTGCTCCAACGC-1,-0.019468804921224193
GGCTGAAATAGCAAAG-1,-0.31319888609558677
GGCTGAGCATCGTAAG-1,-0.12077457704557366
GGCTGGCTAGCTTAAA-1,0.022541236556901958
GGCTTTCAATAAGGGT-1,-0.07127401798522352
GGGAAAGAATGCCAAC-1,0.07403852455742338
GGGAACGGGAGGTTAG-1,-0.008384588799265054
GGGAACGGTTTCAGAT-1,-0.12990317084477807
GGGAAGACGGTCTGTC-1,-0.05329600751256675
GGGAAGGGCTTTCTCA-1,-0.10089579295070486
GGGAATGAGCCCTCAC-1,-0.18816404447545562
GGGACAGAGTTACTCC-1,-0.06958990613784038
GGGACCCGTATATCTT-1,-0.15367491396876004
GGGACTGCATAGATAG-1,0.005283936900136084
GGGAGAACTCACAGTA-1,0.004933308030599404
GGGAGCGACCGTAGTG-1,-0.05879028490192729
GGGAGGATGCCCGAAA-1,-0.022186711552052634
GGGAGTAATGGCTGGC-1,0.07916061313088431
GGGAGTTAATGAGGCG-1,-0.03279924680312394
GGGATCCCAATACAAA-1,-0.2839647382456202
GGGATGGTCGTAACCG-1,-0.03438020445563796
GGGATTTACCGCACCT-1,-0.11504173280579702
GGGCAACCGCACGTGC-1,-0.1546111416739484
GGGCACGTAGTACTGT-1,-0.08679785599172452
GGGCAGAGCAATCGTT-1,-0.04979270554596103
GGGCAGTCAACGCCAA-1,0.0038247402977648
GGGCATGCATGTCGAG-1,-0.08986052207028741
GGGCCATTCGTGCTGG-1,-0.06024971178625583
GGGCCCGTCTTAAACA-1,-0.001878052672665582
GGGCCCTACGAAAGGG-1,-0.19355298437915727
GGGCCGGCCGAAGTAC-1,-0.16502825920738087
GGGCCTATTTAAGTAT-1,-0.14874933401551207
GGGCGATATGTGTGAA-1,-0.03621931616485336
GGGCGCAGCGTTACTC-1,0.07784886685876762
GGGCGGGTTCCCTACG-1,-0.007069164281509649
GGGCGGTCCTATTGTC-1,0.03143565894256696
GGGCGTACATTTATAT-1,-0.027899588237716332
GGGCGTCACCACGTAA-1,-0.06639309935658863
GGGCGTCCACTGGCTC-1,-0.3560969752495056
GGGCGTGGTTTCCCAG-1,-0.12530258618327225
GGGCGTTTACATTCAT-1,-0.045673980565687874
GGGCTCATCGAACCCA-1,-0.2519921878851112
GGGCTGCCTAGGGCGA-1,0.006979002088228439
GGGCTGGTTAGTCGCG-1,-0.036754957053843046
GGGTAATGCTGTGTTT-1,0.025131876354143077
GGGTACCCACGGTCCT-1,0.019191020268984962
GGGTACTTCATGAACT-1,-0.013645724774231446
GGGTATGTATGCACTT-1,-0.03455628577905265
GGGTATTCTAGCAAAC-1,-0.2091411566699279
GGGTCACCGTGACGGT-1,-0.02529329338036207
GGGTCAGGAGCTAGAT-1,-0.16981993992164843
GGGTCATGCGTACCAT-1,-0.06549324987384099
GGGTCCTTGGAAGAAG-1,-0.09436222323362839
GGGTCGTGGCAAGTGT-1,-0.1450682034654836
GGGTCTATCGCTTTCC-1,-0.06873750184643561
GGGTGACACCTTAACT-1,-0.04936816971796181
GGGTGCATATGAAAGC-1,-0.0714400916281919
GGGTGGTCCAGCCTGT-1,0.06394585456363677
GGGTGTTTCAGCTATG-1,-0.05653871525736327
GGGTTCAGACGAACAA-1,-0.02181586800895811
GGGTTTAGGATAGGAT-1,0.032548450879223284
GGTAAACTCTGCGCTG-1,0.00013653612868412096
GGTAAATGTGCGTTAC-1,-0.06948877855092607
GGTAACCGGGAGGATA-1,-0.02655164380186496
GGTAACTATGTATCTG-1,0.07019719741577903
GGTACAAACATGCTAT-1,-0.01306879531422563
GGTACACCAGATTTAT-1,-0.19340915869694406
GGTACATCTGGGACGA-1,-0.1283655357382235
GGTACCATTAAGACGG-1,-0.1451744382024312
GGTACGTTGCGGCCGG-1,0.005387205026821679
GGTAGAAGACCGCCTG-1,-0.07340020457850205
GGTAGGCCAATATCAC-1,-0.09399646085438197
GGTAGTGCTCGCACCA-1,-0.007874079819277142
GGTATAGTGACACATA-1,0.08882273964754002
GGTATTGCCGAGTTTA-1,-0.028694519489219403
GGTCAAGACTACTTCG-1,-0.16403072380291883
GGTCACGTTAGATTCA-1,0.03207836126228018
GGTCAGTGGGTCCCAC-1,-0.10961005972166739
GGTCATTGTAGTCATA-1,-0.15308103889151212
GGTCGGATAAACGGCG-1,-0.17566476920459823
GGTCGGCCAGGAGCTT-1,-0.17861939696725193
GGTCGGTAATTAGACA-1,0.07424095673151196
GGTCGTAAGCTCGCAC-1,-0.17435431755915898
GGTCTCCGTCCAGGTT-1,0.05092730541971368
GGTCTCTGAATGGACT-1,-0.14134016257424714
GGTCTGAGAATCTGGA-1,-0.163644437711079
GGTCTTGAGCGCTCTT-1,-0.07010005236982764
GGTGAAACCGGGAATG-1,0.04720889663665283
GGTGAACGGGCTAGCC-1,0.007037888504088521
GGTGAAGTACAGGGAT-1,-0.005588540437481813
GGTGAGATGCAGATAA-1,0.053909997896940245
GGTGATAAGGAGCAGT-1,-0.10541638463080362
GGTGATTTCATCTTGT-1,0.07124525653682073
GGTGCAGAGCCTATCG-1,-0.2521816116597848
GGTGCATAAATGATTA-1,-0.1227403368079099
GGTGCGGATAAGTGGC-1,0.04951020750183264
GGTGCTGATCACAAAG-1,-0.14156937539112072
GGTGCTGGTACACATT-1,-0.012825584957417448
GGTGGACCACGTGTTA-1,-0.03865486993055937
GGTGGACTGCTCTGGC-1,-0.035731276109621166
GGTGTAAATCGATTGT-1,-0.11552689737050742
GGTGTAGGTAAGTAAA-1,-0.0842836550141029
GGTGTTCTGTTTCTAC-1,0.0018878504180079249
GGTTACCACCCTCGGG-1,-0.010196772737927889
GGTTACCCGACACTTT-1,0.07016042257489705
GGTTAGCTATATGTCT-1,-0.280104873987829
GGTTAGGCTTGGAGAA-1,-0.11245318729073406
GGTTAGTTACGGCGCC-1,-0.1223869240150423
GGTTCCCTAGTGTCTC-1,-0.06291355224487774
GGTTCGATGCTGAGTT-1,0.04510696397882517
GGTTCGCATTTGCCGT-1,-0.11718989627604674
GGTTCTACTCGTCTGA-1,0.08427533790729849
GGTTGTATCGTGAAAT-1,0.04887418353367811
GGTTTAATTACCATCG-1,-0.10210997488027765
GGTTTAATTGAGCAGG-1,-0.2041838191113711
GGTTTACAATCTCAAT-1,-0.03449817562169237
GGTTTAGCCTTTCTTG-1,-0.06389393815158881
GGTTTCAATCGGTCAG-1,-0.11767375617619225
GGTTTGACAAGAAGCT-1,-0.18206599634278184
GGTTTGAGTGCTGGAA-1,0.07383662549517166
GGTTTGCGAACACGTA-1,-0.13193472031785666
GGTTTGTGACCTGAGG-1,-0.025961946360538266
GTAACAACTGACCTTG-1,-0.11708315776735813
GTAACATCTAAGATAA-1,0.007469909930691171
GTAACTGCCCAAGGAG-1,-0.13908344956651997
GTAACTTGCGGCAGTC-1,0.07957066634821702
GTAAGCGGGCAGTCAG-1,0.00017621793602723765
GTAAGGATTTGTCGGA-1,0.0407632151861308
GTAAGTAACAGTCTGG-1,-0.09462449703825342
GTAAGTAGGGTATACC-1,-0.12630355302939983
GTAAGTCCACACTCTA-1,-0.21751255871483777
GTAATAAAGGGCTCCC-1,-0.010283221566706325
GTACACTTACCTGAAG-1,0.005839979681682965
GTACAGAGGCAAGGGT-1,-0.15715928887537578
GTACGACGGCGCTGCG-1,0.013859677856065077
GTACGAGATTGCGACA-1,0.009456496226489983
GTACGTCACGTATTAA-1,-0.16236594066135285
GTACGTTTGCCCGTCA-1,-0.0631583512031999
GTACTAAGATTTGGAG-1,-0.015076992748069307
GTACTCCCTTATCGCT-1,0.009451128880065806
GTACTCCTGGGTATGC-1,-0.07198525172534652
GTACTGAGGTCGTAAC-1,0.06574973471623945
GTACTGCATGAAGCGT-1,0.07662144951332459
GTACTGGAGTTAGACC-1,-0.10082849015881824
GTACTTGGGCACTTCT-1,-0.02022293383611854
GTAGAAACGGGTGGAG-1,-0.1399056066199685
GTAGACAACCGATGAA-1,0.017967628380637382
GTAGACACGCCTGACT-1,-0.056931576178314985
GTAGACGTCGTTACAT-1,0.07690259675038737
GTAGAGGGAGACAAGT-1,-0.22811537171363228
GTAGCCAAACATGGGA-1,-0.22610854552016546
GTAGCGCTGTTGTAGT-1,0.03697828865488001
GTAGCGGCTATACACT-1,0.0022257790206643533
GTAGCTAGTAAGCGCG-1,0.034306027911545786
GTAGCTCCGGGAGGCT-1,-0.11439243218576907
GTAGCTTCCTCTTGTT-1,-0.18307203287759483
GTAGGTGATCCGTGTA-1,-0.24007429360343305
GTAGTCGCGGGAATCA-1,-0.31908437508846954
GTAGTCTACGATATTG-1,-0.06665782007653286
GTAGTGAGCAACCTCA-1,0.05989444891136591
GTAGTTCGAAGGCGAA-1,-0.1329518038036606
GTATAATCTCCCGGAT-1,-0.12119889084714658
GTATAGGACTCAGTAG-1,0.011010009667583465
GTATAGTGGCCCATGT-1,-0.00331092728152613
GTATATGTTACGGCGG-1,0.03473529983755715
GTATCAAACGTTAGCT-1,-0.003872248513202838
GTATCAAGGTACTTCC-1,-0.08244458233508052
GTATCAGCTTGGGTTC-1,-0.16083581997906576
GTATCCTTTGGTAACC-1,-0.054644194222646936
GTATCGGGACGAGCTG-1,-0.005617620660927203
GTATCTCAGTCTTGAC-1,-0.03320703260442023
GTATCTCCCTAACTGT-1,0.0416471810849028
GTATCTCGGGCGCTTT-1,-0.04389315292226748
GTATCTTGTTGCTCAC-1,0.04542609256044002
GTATCTTTCATAACCA-1,-0.07761796677438412
GTATGAAATTTCACTC-1,-0.15057628369105228
GTATGACGTGGGAAAC-1,0.02238680060925813
GTATGTGGGTCTAGTT-1,-0.08136386018897142
GTATTAAGGCGTCTAA-1,-0.06703892574874686
GTATTAGGGTTCGCGT-1,-0.02524680378363454
GTATTCTGAGAAACGA-1,-0.021519077608230106
GTATTCTTACCGTGCT-1,0.027179288895811646
GTATTTAATGGCATAA-1,-0.3398113964440823
GTCAAAGAAGTGGTGT-1,-0.11137803112245015
GTCAAAGTTTACATAG-1,0.03179223054845121
GTCAACCAGGCCTATA-1,0.06756181904956285
GTCAAGCGGACTCGGG-1,-0.11744139730215196
GTCAATGCTATAATTT-1,-0.25903124181653875
GTCAATTGTACTGAAG-1,0.04886193916683866
GTCACAAAGTTTCCAA-1,0.04414946418114216
GTCACTCTCCAAATCT-1,-0.13063212161814236
GTCAGAATAGTCTATG-1,-0.00922339464909738
GTCAGTTGTGCTCGTT-1,0.057608299142915015
GTCAGTTTGGTAGTCG-1,-0.06736256845108549
GTCATCTCCTACAGCT-1,-0.11199922758573735
GTCATGCACCTCCGTT-1,-0.042266175796865875
GTCATGCGCGAGGGCT-1,0.02533325623339587
GTCATGGACATGACTA-1,-0.03293817885956901
GTCATTAGAGCGAACG-1,0.017791373016468038
GTCCAATATTTAGCCT-1,-0.15708324872129872
GTCCAGGCACGTGTGC-1,-0.09777650753413257
GTCCATTACTGCTACG-1,0.07720871517262229
GTCCCAACGTAAAGTA-1,-0.031859049088408774
GTCCCGCGACGTTATG-1,-0.0831253818059497
GTCCGGACCTGAAATT-1,-0.029779932861334135
GTCCGGCTGAATTGCG-1,0.004202621236860754
GTCCGGGTTCACATTA-1,-0.03120359862012091
GTCCTACAGGCGGCTC-1,-0.021425220551204226
GTCCTACGAATAGTCT-1,-0.06307342104696048
GTCCTTCTAGTGGGTT-1,-0.055219714013089546
GTCCTTTAATGACTTC-1,-0.08977446670291905
GTCGAATTTGGGCGCT-1,-0.07730967211409603
GTCGCGTAACCCGTTG-1,-0.0806516043264124
GTCGGAAGGATACCAG-1,-0.13099113379157787
GTCGGATATCTCAGAC-1,-0.02923468574672719
GTCGGATGTAGCGCGC-1,-0.20939106926469883
GTCGGGAAGCAGAAAC-1,-0.060259958380421114
GTCGGGTGAAGTACCG-1,0.002209227352861184
GTCGTACCATCTCGGG-1,-0.08673122913406812
GTCGTATTGGCGTACA-1,-0.2331770195199436
GTCGTCAATTATAAGG-1,0.07514339866149983
GTCGTCTGGTTGGCTA-1,-0.02975481548277689
GTCGTGTCTGGTCATC-1,-0.2877316007454867
GTCTAGTGAGCCGCTT-1,-0.01529741587820561
GTCTATCTGAGTTTCT-1,-0.011189851625448683
GTCTATTGCATGCTCG-1,0.05839309166492476
GTCTATTGGTTCCGGT-1,-0.25515087433967076
GTCTCAAGGCCCGGCT-1,-0.06716162284400487
GTCTCCCGAGTCCCGT-1,0.050565528655409836
GTCTCCGCCTCAATAC-1,-0.11752604639926414
GTCTCCTGCCAGTATG-1,-0.08032992265956894
GTCTCGACTAAGTTTG-1,-0.1184858773444933
GTCTCGATCTGCTTTC-1,-0.3206420970014206
GTCTCGCCAACACGCC-1,0.06075849515597678
GTCTGCCGACTCGACG-1,-0.057704058838105116
GTCTGGGCGGTCGAGA-1,-0.02808108602670032
GTCTTACCACGCCAAG-1,-0.02987514625922573
GTCTTAGTACAGCCGG-1,-0.08405794592921365
GTCTTGAGGAGCAGTG-1,0.07557962574602464
GTCTTGTAGCTATTCA-1,-0.06649808112400123
GTGAAACGGCGCCACC-1,-0.30160746113603293
GTGAAACGTGCTCCAC-1,0.07120902611663903
GTGAACTCCCATTCGA-1,-0.08171735511525204
GTGAAGATTTCAAGTG-1,-0.2276235382364173
GTGAAGCCGTATAGTC-1,-0.21453698078951247
GTGACAGCTTCCCACT-1,-0.037690861492640934
GTGACCGCACACTACG-1,-0.10787773974984675
GTGACGAGGGTGACCC-1,0.03879129819965985
GTGACGCAGGTTTCAT-1,-0.023425630628087574
GTGACTTCAGTAGTGC-1,-0.0267800330334031
GTGAGATAACCTTATA-1,-0.14075230143657572
GTGAGCGTGCTGCACT-1,-0.005856576413147481
GTGAGGACACTTAAGG-1,-0.10866035434292648
GTGAGGAGCGGTTGAG-1,-0.289486721096997
GTGAGTCGACTAATAG-1,0.047871774660096046
GTGATCAAGCGTGCAC-1,-0.05526704245416792
GTGATCACTAACGCCT-1,-0.10752636608871653
GTGATCATAGATCTGC-1,-0.036458375972561935
GTGATCCTTGTCATGA-1,-0.12006538166840222
GTGATGCACAACATCT-1,-0.24670319058523912
GTGATTCGCCGCTCAA-1,-0.027791088633521425
GTGCAACAAATGTGGC-1,0.012011149692281018
GTGCACCAGCTTCAAC-1,-0.1521202814949618
GTGCACGAAAGTGACT-1,-0.14743724082900456
GTGCCATCACACGGTG-1,-0.005833517849308579
GTGCCGCTTCAAAGGT-1,-0.02452197123196648
GTGCCTCAGTGTACGG-1,-0.21790432396479428
GTGCCTGAGACCAAAC-1,-0.07150951007528605
GTGCGAAATCGAACAC-1,-0.029430601471389727
GTGCGACAGGGAGTGT-1,0.08438864005669001
GTGCGCAGCTTGCTCC-1,-0.013917506312388469
GTGCGGGACCATCGGC-1,0.05591604283486033
GTGCGGGTCTCCAAAT-1,0.01309123557069904
GTGCGTGTATATGAGC-1,-0.06835732231320771
GTGCTCAAGTACTGTC-1,-0.013666475360662024
GTGCTTACATCAGCGC-1,-0.26830033161648636
GTGGAACCTACATGCG-1,-0.25724232496828714
GTGGACCAACCCGATT-1,-0.07507680752662098
GTGGACGCATTTGTCC-1,-0.021183558011446963
GTGGACGTGCTGAGAC-1,0.04556814752772675
GTGGAGCGTTTACCGA-1,-0.05880605979459055
GTGGCAAACAGCGGCA-1,-0.15193733792815886
GTGGCCGGTTTCTCGG-1,-0.06413251340073862
GTGGCGGGCCGTAGCT-1,0.059410701745408745
GTGGCGGTCCCAGCGT-1,-0.1017558386238897
GTGGCTGTTTCTGTTC-1,-0.0499837209195139
GTGGGAACAAACCGGG-1,-0.09720452954015134
GTGGGAAGACTGAATC-1,-0.28066351713653154
GTGGGCTTAGACACAC-1,-0.09826517763285385
GTGGTCAGCGAAGTAT-1,-0.15671781196571122
GTGGTTACTTCTTTCG-1,0.0025178393556478116
GTGGTTTCCGCCTTTC-1,-0.01748991064319844
GTGTACCTTGGCTACG-1,-0.11027349183899697
GTGTATATCAGCGGGC-1,-0.08646618882175401
GTGTATGACTTTAAAG-1,0.040747540947037385
GTGTCAGTGTACGTGG-1,-0.142535212228173
GTGTCGTATAGCGTTC-1,-0.05771206502227578
GTGTCGTATTCACCTT-1,-0.10208405448089336
GTGTGAATAACTTAGG-1,-0.11937313094895635
GTGTTACTATGCGTCC-1,-0.09026250721366512
GTTAAAGTAGGACTGG-1,-0.3289343980059633
GTTAACATCACTTAAA-1,-0.03030010715906349
GTTAACTATGTTGTCA-1,-0.0027918790573163554
GTTAAGGGTGCGATGT-1,-0.05871995543232262
GTTAAGTTAGAGTGGG-1,0.0869525953491947
GTTACAATTGGTGACG-1,-0.007636688980156018
GTTACCTACAACTTGC-1,-0.11057053700186736
GTTACTTTGGGCCTAG-1,-0.006720397346207211
GTTAGAGTGTGCCGCT-1,0.0696997394438994
GTTAGCCCATGACATC-1,-0.0003387543915905374
GTTAGCCGTAAATCAA-1,-0.07645148834408536
GTTAGGCTACCCGTTT-1,-0.27149343276866666
GTTATAATACGGTGAA-1,-0.182307213607639
GTTATATCAGGAGCCA-1,-0.240481207942791
GTTATATTATCTCCCT-1,-0.06670995063452137
GTTATCAAGCTATCGA-1,0.04171310277905305
GTTATCACCTTCTGAA-1,0.04530512585084656
GTTATTAAATACGACC-1,0.02668323509614066
GTTATTAACGTGGGAG-1,-0.0701467412300934
GTTCAATCTATGTCAA-1,0.03322338001338926
GTTCACAGGAGTCTAG-1,-0.003265387386779231
GTTCAGTCGCCAAATG-1,-0.12757837643307393
GTTCATCGTTTGGCTG-1,0.07134439376763399
GTTCCAAGACAGCGAC-1,0.02311335701204963
GTTCCAGTCTGACCAT-1,0.035166298239371535
GTTCCCGTAAACATAT-1,0.03816454689670286
GTTCCGTCCGCCTGCA-1,-0.1096477579913415
GTTCGACAATTGTATA-1,-0.0282092632841102
GTTCGCCATAAGTGCC-1,-0.017360336736100317
GTTCGCTGAGACGTCT-1,-0.20518558824310823
GTTCGGAGCACTCAAC-1,-0.06953213198650585
GTTCGGATCGGGAACA-1,-0.06594446630970544
GTTCGGGCGTACCATT-1,0.046151727532957446
GTTCGTCTAAAGAACT-1,-0.1659249856683077
GTTCGTCTGGGTCCCT-1,-0.2986403624511052
GTTCTTCCCTCGATGT-1,0.05055196104608994
GTTCTTGTAACTCAAT-1,-0.07555905679875999
GTTGAACCGGTTCCAT-1,-0.02260807162874038
GTTGAGTCCCGCCGGT-1,-0.1292280828461491
GTTGCACGGAGTTTCG-1,-0.072473048518065
GTTGCGCTAACATTAC-1,-0.018566098514963773
GTTGCGGACGGTCAGG-1,-0.38930633475164467
GTTGGACCGCATCAGG-1,-0.3818159064272019
GTTGGATTCAGTGGCT-1,-0.25539224126614646
GTTGGATTGAGAACAC-1,-0.20949994677070422
GTTGGATTTGCGTTGG-1,-0.022855973398863177
GTTGGTCATGCTATCC-1,-0.022578824818648896
GTTGTAGATTTATGAG-1,-0.13609922790780032
GTTGTCGTGTTAGTTG-1,0.06109078454462483
GTTGTTACATTGCGCT-1,-0.10767537216089307
GTTTACGTTCCATCTG-1,-0.11203781018619449
GTTTCAAACGAGTTGT-1,-0.022999261929538373
GTTTCATATCGTCGCT-1,-0.025955809591545143
GTTTCCTGGAGGGTGA-1,-0.038343049934589236
GTTTCTAGAGGCGCGG-1,-0.03269990529901396
GTTTCTGCAGTCTCCC-1,-0.0358868152879158
GTTTGACCAAATCCTA-1,-0.005151635596810085
GTTTGGCCCAAGTTAT-1,-0.08217071664173224
GTTTGGCCGCTCAGCG-1,0.049231416972396566
GTTTGGCGTCAGGCAC-1,0.030938134590213887
GTTTGGGCTTGTGAGC-1,-0.10936940531803593
GTTTGGGTTTCGCCCG-1,-0.08942450241933748
GTTTGGTGATCGGTGC-1,-0.13711323427827052
TAAACGTCGTCAATGA-1,0.007000593678383122
TAAAGACAACCCTTTA-1,0.035338302015878016
TAAAGAGCCCGAAACC-1,0.06431805625116041
TAAAGCGGTATTTCCA-1,-0.15221596296874423
TAAAGCGTTAGGAGAA-1,-0.17982295653499555
TAAAGCTGCAATAGGG-1,-0.2640446990176958
TAAAGTGCACGTCTCG-1,-0.10263316069569701
TAAATCTTTACACCTC-1,-0.22023451171651148
TAAATGAATCCGTTTC-1,-0.11847232136267757
TAAATGCCGTCTCATG-1,-0.2084451593111327
TAAATTGTGGGTAAAG-1,-0.08137054676372545
TAAATTTAGTAACACC-1,-0.11030513826221058
TAACAAAGGGAGAAGC-1,-0.17787215589157382
TAACAATATTTGTTGC-1,-0.10251588900460858
TAACAGCGTTTGTGCT-1,-0.08855046418410362
TAACAGGTTCCCTTAG-1,-0.0751841370868917
TAACATACAATGTGGG-1,0.012292276448232478
TAACATACACGCGATC-1,-0.07306904755355093
TAACCGCCCGCAGTGC-1,0.05440318168517012
TAACCTACCGTCCGAG-1,0.0474126235627841
TAACCTAGGGAGTCCA-1,-0.045164332703274135
TAACGCTTTGAGAGCG-1,-0.08113262810791505
TAACTATCGAAGGTCC-1,-0.1640674648356968
TAACTATTACGCCAAA-1,-0.20027281107079178
TAACTCATCCGCGCGG-1,-0.012834952398089013
TAACTCCATGGAGGCT-1,-0.07201177455869559
TAACTGAAATACGCCT-1,-0.06003944358753938
TAAGAGGGACAGGGAC-1,-0.0522550688709558
TAAGCAGGCGACACGC-1,-0.054909213049718145
TAAGCCCTTACGACCA-1,-0.23634718337229804
TAAGCGCGAATCAAAT-1,-0.040098184961390025
TAAGGAACTTGTGGGA-1,0.061161313938901535
TAAGGCAACATAAGAT-1,-0.012007844501266839
TAAGGCCCGTCACCCT-1,-0.0528426108209285
TAAGGCTGAATCCCTC-1,-0.016044935381809535
TAAGGGCCTGTCCGAT-1,-0.020000769287835278
TAAGGGCTGGGAGAGG-1,-0.045825271077981226
TAAGTAAATGTGCCGC-1,0.002050324796997765
TAAGTAACATCTTGAC-1,-0.011278596050932378
TAAGTCGCCGAGTATC-1,-0.05570882284299195
TAAGTTGCGACGTAGG-1,-0.04008798250998725
TAATAAACAAGGAGAT-1,-0.34700401117412694
TAATACACAGTAGTAT-1,-0.04016878711512821
TAATACTAGAACAGAC-1,0.006503036237666887
TAATAGAACAGAGTTA-1,-0.08537402388425717
TAATAGGTCACCAGAA-1,-0.033843943466769555
TAATAGTGACGACCAG-1,-0.19619562564853416
TAATATTGAAATTCGC-1,0.04038107436577608
TAATCGATCCGTACGT-1,-0.13702284729775296
TAATGAAAGACCCTTG-1,-0.11446690863973989
TAATTACGTCAGTAGA-1,0.038909355744478576
TAATTAGATGGATATG-1,0.03701337864038569
TAATTAGGACATCCGT-1,0.06911167406280404
TAATTGCGCTGATTAC-1,-0.06369933440134481
TAATTGGAATCGGGAA-1,-0.27891905311089316
TACAACAGCGCATACA-1,-0.04418632622087082
TACAACGCACAACTCA-1,-0.005991704435723392
TACAAGCTGTTCACTG-1,0.045157324792981124
TACAAGGGCTTCTTTA-1,0.0026460038587662552
TACAAGTCTCGTGCAT-1,-0.0007230748301006159
TACACAGCCGTGGTGC-1,-0.05817340646065772
TACACCGTCGTTAGTC-1,-0.14477812482939242
TACACCTCTTCGAATC-1,-0.08120036683767916
TACAGAAACGGTGGGC-1,-0.08488315583613089
TACATAGGCATACACC-1,-0.01243787520881712
TACATCCCTATCCCTG-1,-0.2644239138600754
TACATTTCTAACGTGC-1,-0.019843124716869484
TACCAAATAGCCCAGA-1,-0.06011900273160507
TACCAATAAAGTACCA-1,-0.050706728202156194
TACCAGAAGTAGGTTC-1,-0.10055374185119965
TACCAGCTAGGTTTAA-1,-0.012653525702966354
TACCAGGAATCCCGTC-1,-0.12413511325761148
TACCGAATAATTGTAA-1,-0.008581387340664355
TACCGCGGACTTGCAG-1,-0.010009733396389468
TACCGGCTCACTGCCC-1,-0.1152982732490268
TACCGGTCGTTTCCAT-1,0.005034589063060703
TACCGTAGGTTAACTA-1,-0.0871974928245296
TACCGTGCCTCGGACC-1,-0.13876826544247786
TACCTACTCCCAGTAT-1,-0.04633062165515824
TACCTCACGCTTGTAC-1,0.029020282043449017
TACCTCAGTTGTCTGT-1,-0.15906580981573573
TACCTCCACACCAATG-1,-0.07295717243451112
TACCTGCTGCACTGTG-1,-0.09612028005795463
TACCTTAAGATTTCCC-1,-0.12577194014339801
TACGAACACGACTTCA-1,-0.02106577140604718
TACGACGCTTGCTGCG-1,-0.03893427482927121
TACGACTGCCTCTTAG-1,-0.04690899653038657
TACGAGAACTTCACGT-1,-0.022840965295223652
TACGATGTTGATCATC-1,-0.002007194945606452
TACGCAGTTCTTTCCT-1,-0.0064657187460382525
TACGCCATATTCTAAT-1,-0.012311166698468516
TACGCCGAGGGTACCC-1,-0.03242780059594505
TACGCCTCCATTCCGA-1,-0.05370460243418562
TACGCTATAGAAACCT-1,0.08484555959586243
TACGCTCCTAGAACTG-1,-0.08818499952394468
TACGCTCGGTATTGGA-1,0.015300462505859114
TACGCTGCACGGTCGT-1,-0.048579025542545
TACGCTGCTGTGTTAA-1,-0.029689545566716588
TACGGAAGCCAAACCA-1,-0.009456871389227711
TACGGCATGGACGCTA-1,-0.059963648248453835
TACGGGATGCTAGCAG-1,-0.3853057787317704
TACGGGTAATAACATA-1,-0.08831925526643679
TACGTAAAGCGGAGTG-1,0.05442374940217985
TACGTACTAGTGCTGA-1,-0.07934202366385663
TACGTGCACTATGCTG-1,-0.1495167462292508
TACGTGGGCCCAGGGC-1,-0.004246848911114838
TACGTTTACCGGCAAT-1,-0.019566449879843194
TACTACGTGCAATGCG-1,-0.021990417220259118
TACTCCTCTAGTTGAC-1,-0.10923543149267495
TACTCGTTTGAATCAA-1,-0.061318217163514294
TACTCTCCGAACAAAT-1,-0.31896024926944405
TACTCTTACTTTACTG-1,0.03681314548323009
TACTGCAATCAATTAC-1,-0.2401031160544579
TACTGGACAGCTCGGC-1,-0.0025938488961062536
TACTGTTTCTCTGGTA-1,-0.3331426590858957
TACTTAAACATGTACA-1,0.03768527427844263
TACTTTACTGAGCCGG-1,-0.08610475808768633
TACTTTCCGCACGCCA-1,-0.19057848915295242
TAGAAACCACTAAGTA-1,0.06778873804382028
TAGAAAGGTGGCGCTA-1,-0.13497251254054157
TAGAATAGCCGATGAA-1,0.037923405980397326
TAGAATTAAGGGCAAC-1,0.023896365666869507
TAGACGAAACGCCAAT-1,-0.04238998284409577
TAGACGCCCGTACCGG-1,-0.12793095337646848
TAGACTACCTAGCGTT-1,0.08646957175517567
TAGACTCAGTTGGCCT-1,-0.0840625550161492
TAGAGATCATGCAACT-1,-0.09144975549496803
TAGAGCTACGAAGAAC-1,0.04242564808809713
TAGAGGGAGTTTATCT-1,-0.10275272990965517
TAGAGGTTCTACTTGT-1,-0.020909952203283948
TAGAGTCTAAGCGAAC-1,-0.013312576493378988
TAGAGTGTTCCGGGTA-1,-0.11875531110768953
TAGATATGGACTGGAA-1,-0.08469184774510326
TAGATCCGAAGTCGCA-1,0.0546267091866286
TAGATGGTTCCTTACT-1,-0.026944920346245148
TAGATTCAAAGTGCGG-1,-0.13674955634612115
TAGATTCCTGGTTATT-1,-0.0405717709030702
TAGATTCTCTAGCAAA-1,-0.017915581359136356
TAGCAACCTGTCACAA-1,-0.08680965991933226
TAGCAGATACTTAGGG-1,-0.09032181568428137
TAGCAGTATGACTAAA-1,0.03715739388705888
TAGCCATTTCAAAGTC-1,-0.11904904847778751
TAGCCGGCGGTCAGCG-1,-0.1690763555673116
TAGCGTCCCTCGATTG-1,-0.09624396298702463
TAGCGTCCGGTGTGGT-1,-0.08716073993018754
TAGCGTTGGGTCTTAC-1,0.01825422583334854
TAGCTAAGTCCGGGAG-1,-0.012284142064287734
TAGCTAGTGATGATGG-1,-0.1577668859416769
TAGCTCAGATCCTAGT-1,-0.10486663263932507
TAGCTGATGTGAAGCG-1,-0.17625570050532088
TAGGAACAGCCTCCAG-1,0.0027715196720385776
TAGGAGGCTCGAGAAC-1,-0.0019376070483649703
TAGGCATGTTACGCCA-1,-0.3555583037112158
TAGGCCTATATAGTCT-1,0.021570225561710284
TAGGCGATGAGGTCTC-1,-0.2600150924997179
TAGGCGGCTGCAAAGA-1,-0.06510362100585318
TAGGCTAAAGTGGCAC-1,0.03060678812481717
TAGGGAGCTTGGGATG-1,0.023192014872282857
TAGGGTGTTTCAAGAG-1,-0.010437872740420096
TAGGTCCAAGTAAGGA-1,-0.07991181218175318
TAGGTCGCCGGAACTG-1,0.024440340441746342
TAGGTGACGATAACCT-1,-0.1211395550728104
TAGGTGAGCCCTACTC-1,-0.031716681442762525
TAGGTGCTCGCCTAGC-1,-0.053768755069503994
TAGGTGTTCCACAGAT-1,-0.06880170453588079
TAGGTTCGAGTTCGTC-1,0.025354963054177726
TAGGTTCTGCTGAGAA-1,-0.10035165600104581
TAGTACCACAACTTTC-1,-0.07458968936331131
TAGTACCTTAGTGGTC-1,-0.038939334953728866
TAGTAGCTTATACCAG-1,-0.09563843849615704
TAGTCCCGGAGACCAC-1,-0.10700725668795873
TAGTCCGCAGAGAATG-1,-0.009278245324620944
TAGTCCGTATGCATAA-1,-0.09673277762414693
TAGTCCTGCACTAAGC-1,-0.021075274655599666
TAGTCGATCACGGGTT-1,-0.22250094802902842
TAGTCTAACAACGAGA-1,-0.009528477389144566
TAGTCTGCGGCACATT-1,-0.11918174632653833
TAGTCTGTGACGTTGC-1,-0.17842239289273787
TAGTCTTTCCGAATTG-1,-0.3807911200168056
TAGTGCCCTCCAGAGT-1,-0.026480928531346964
TAGTGGAACTCATACA-1,0.036846116202295595
TAGTGTCAGAAACGGC-1,-0.039310138421854844
TAGTTAAGATAGGATA-1,-0.19557570512686168
TAGTTTATTCTTGCTT-1,0.03441115572959031
TATAAATCCACAAGCT-1,-0.023397396193273627
TATAAGTGAGGATAGC-1,-0.1303825547314042
TATACACGCAAAGTAT-1,0.005078009398248096
TATACCGAGTGCCACA-1,-0.3604066970274904
TATACGCGTCATCACT-1,-0.05954465035344708
TATACTCATGCGGCAA-1,-0.023605335886438567
TATAGAGTCGCTTGAA-1,-0.1492506794310247
TATAGATGGTCGCAGT-1,0.0841738731086163
TATAGGGTACTCATGA-1,-0.039246830014524565
TATAGTTAGGTGTACT-1,-0.1245559157793534
TATATAGGGCTTTACG-1,-0.10841549999968224
TATATATCGAGAAATG-1,-0.02001301342635661
TATATCAAAGTGATCT-1,-0.1150969509290896
TATATCCCTGGGAGGA-1,0.06943266574641759
TATATTACAAATGTCG-1,-0.2694452393833565
TATATTCGCGTCGATA-1,0.051887213649308685
TATCACAGCACGGGCA-1,0.06354927511271055
TATCACCATGTAAAGT-1,-0.19069800969224956
TATCACCCAACCGACC-1,-0.15367480893916954
TATCACTTCGAGTAAC-1,-0.2718943010589369
TATCCAATTGGTTATC-1,-0.04453216810289497
TATCCATATCATGCGA-1,0.028442359375990003
TATCCATCTCGGTTAG-1,-0.0476592874465003
TATCCGCACCGTCGGG-1,-0.14626604299303653
TATCCTATCAACTGGT-1,-0.14466931353420218
TATCCTGCATGGGAAT-1,0.038732384118522
TATCGATCTATGCATA-1,-0.3585108744429172
TATCGATGATTAAACG-1,-0.0738891650027757
TATCTACAGAGGTAAT-1,-0.03910027938488692
TATCTACCACAGCGGG-1,-0.0020429754452633967
TATCTGAGCCGATATT-1,-0.06732065487456354
TATCTTGCAATACAAC-1,-0.1329742845507447
TATGAAGAATTAAGGT-1,0.05114343689479886
TATGAAGACAGGTGCG-1,-0.10946175309795225
TATGATAAATCTAACG-1,0.05786963296104579
TATGATCCGGCACGCC-1,-0.17200652395329355
TATGATCTTCTCTTTA-1,-0.035228025079418405
TATGATTCTGCTTGGT-1,-0.004864236683348922
TATGCTCCCTACTTAC-1,-0.02104944805218628
TATGGAGTTTCTCGTT-1,-0.0031589312762720875
TATGGATGTGCTACGC-1,-0.02418600482363003
TATGGCCCGGCCTCGC-1,0.0046488927015666745
TATGGGACCGAGCAGG-1,-0.031686809381821085
TATGGGTACGTATCGT-1,-0.001245398814087997
TATGGTCTGAGTAACA-1,-0.0489389468207799
TATGGTTAGTGGGAGA-1,0.08293928590848097
TATGTAAAGTGCTTAA-1,-0.13100549731664438
TATGTCAAGACCGACT-1,-0.19795229322497443
TATGTCTCATTGTGCC-1,-0.19390224896887978
TATTAACACCAAAGCA-1,-0.32688227790630037
TATTACCATCCTGCTT-1,0.03562821896252023
TATTATGTTTGCCTGC-1,-0.08934703090775613
TATTCAATTCTAATCC-1,-0.015578968172484003
TATTCCGAGCTGTTAT-1,-0.04738449147922933
TATTCCGGCAGTCCTA-1,0.025722298803397246
TATTCCTCCGCCCACT-1,-0.030613778131512285
TATTCGTGCCAGAATA-1,0.019014695704315642
TATTGACATTTCTGCC-1,0.08817256480293702
TATTGCCGGGCTTGTA-1,0.026128392460166378
TATTTAGTCTAGATCG-1,0.020377143347163302
TATTTATACCGAGTAG-1,-0.19918846054892142
TATTTGATTTGCACAG-1,-0.3346725825552066
TATTTGTTACCCTTTA-1,-0.08741769351126026
TCAAACAACCGCGTCG-1,0.007824504176881823
TCAAACTTAGATTGTT-1,-0.014326585137227019
TCAAAGTCACGGCGTC-1,-0.01504999042567509
TCAAATTGTTGTGCCG-1,0.005120005811436298
TCAAATTTGAGACTCA-1,-0.05739528198787223
TCAACAAAGATAATTC-1,-0.09265740763410744
TCAACACATTGGGTAA-1,0.06175415472116962
TCAACATAGCGCCCTA-1,-0.16184943536243268
TCAACATCGACCGAGA-1,-0.2444776977918254
TCAACCATGTTCGGGC-1,-0.035516296527908206
TCAACGAGGAGACAAA-1,-0.004640894994654949
TCAACGCAGGAAATAA-1,-0.11435699354522477
TCAACGCGACCGGCAG-1,-0.04771030102097591
TCAACTAACGTATAAC-1,-0.09773753405346822
TCAACTGCAGAGTCAG-1,0.01725754665210733
TCAAGAAATACTAGCT-1,0.09501374412314197
TCAAGCGCGGACGGTA-1,0.030542500814559555
TCAAGGTTACTACACC-1,-0.12691939998276075
TCAATACGCCGTCATG-1,-0.08567094854741579
TCAATATACAGGAGGC-1,0.019113742860703543
TCAATCCGGGAAGTTT-1,-0.06860374205456948
TCACAAACCGAGGTAC-1,-0.06150249082146641
TCACAGATCCTCAAAC-1,-0.06536516681818369
TCACAGGTTATTGGGC-1,-0.04509259545825704
TCACATCTTATCTGAT-1,-0.12300058350109529
TCACCCTCTTAAGATT-1,-0.04076445141290245
TCACCGCTCGGCACTC-1,-0.10868607127143227
TCACGATGTCCGTGGA-1,-0.14052854997668124
TCACGCATTGTAGATC-1,-0.04052402593538963
TCACGGCCCAAGAGAG-1,-0.0462988271044494
TCACGGTCATCGCACA-1,-0.09532527291078977
TCACGTGCCCGATTCA-1,-0.02681578007885075
TCACTACGACCAATGC-1,-0.26919354278704233
TCACTATCCCTTCGGT-1,0.027221975126396052
TCACTCGTGCAACGGC-1,-0.21520105025962508
TCAGAACCTCCACAGG-1,-0.09228403993985394
TCAGAACGGCGGTAAT-1,-0.043864081734311534
TCAGAGGACGCGTTAG-1,-0.08430418347499413
TCAGCAAATGCATCTC-1,-0.05422670790300874
TCAGCAGTAGGCCCTG-1,-0.07349128061393001
TCAGCCAATCCGTAAA-1,0.027914765849281365
TCAGCGCACGCCGTTT-1,-0.051045534545400104
TCAGGGCGCAAACTCG-1,-0.058590901709086984
TCAGGGTGCACGAAAC-1,-0.05261644622854962
TCAGGGTGTAACGTAA-1,-0.009599149521461748
TCAGGTTCTTTGAGAA-1,-0.07344863598788619
TCAGTACTGACCCGCG-1,-0.1505667702907357
TCAGTAGGGACTATAA-1,-0.035002765550898846
TCAGTGTATACGTCAT-1,-0.05169178399243343
TCAGTTACGGAATGAT-1,0.07411843752768427
TCATACTTACAGATCC-1,-0.072434403665286
TCATATGAGCTTTGTT-1,-0.0878942091809491
TCATCACTCGAGCTCG-1,-0.03226966740439889
TCATCCCAGAGGGTGG-1,5.5268835679011356e-05
TCATCCTCAGCTGCTT-1,-0.03671974112077491
TCATCGATGGTCCCAA-1,-0.014770918365478223
TCATGCAGGTTCTCAT-1,-0.4200591886739893
TCATTCGTATAATTTG-1,0.022858697614442147
TCATTTAAGTCTCCGA-1,0.05864266153387904
TCATTTAGAAGTGTGA-1,-0.12372290587705763
TCCAACTCAGCTATCT-1,-0.025876143608596434
TCCAACTTTAAATTCT-1,-0.012514884940199523
TCCAAGCCTAGACACA-1,-0.006865881873870178
TCCAATAAAGGCTACC-1,-0.1693145658599923
TCCACAATGGTTTACG-1,-0.06830264759756963
TCCACATCGTATATTG-1,-0.09255050396887161
TCCACCAAGACATAGG-1,0.05524508951404083
TCCACCTCTAGCCTTT-1,-0.13763753671540693
TCCACTTTATCTAGGT-1,-0.10628448664679606
TCCAGAGCACCGGTTC-1,-0.016592748194078785
TCCAGATGTACGCCAA-1,-0.22206267222035528
TCCAGCGCTATAAGCG-1,-0.398707668526456
TCCAGGCAGGACGATC-1,-0.09516633128163988
TCCAGGCGAGTACGGT-1,-0.0006707768228221727
TCCAGGGTATATACGA-1,-0.07782416678445746
TCCATCAATACTAATC-1,-0.04994277813160841
TCCATTAGTTGGATAG-1,0.035830978530396365
TCCATTGTGACCTCGT-1,0.06861522243470848
TCCCAAACAGACAACG-1,-0.2608955785206065
TCCCAAAGACGAAGGA-1,-0.03896988788614402
TCCCAAAGCCCTAAAT-1,0.06787736970780767
TCCCACTCTCTTCCGG-1,-0.0021666361725520052
TCCCAGCTTTAGTCTG-1,-0.022488385107379678
TCCCAGGCTTAGCTAA-1,-0.0475096853448573
TCCCGCCTATGTGCGT-1,0.05389812616060275
TCCCGCGTACTCCTGG-1,-0.0030692236395633175
TCCCGGGTGTGCTGCT-1,-0.0036226474813491625
TCCCGGTCAGGAATTT-1,0.02615645864586346
TCCCGTCAGTCCCGCA-1,-0.10741671605057779
TCCCGTCGCGTCATAG-1,-0.1747398404222145
TCCCTAGATCAATAGG-1,-0.26315297657306363
TCCCTCTTCTCAAGGG-1,-0.04228273858479618
TCCCTGGCGTATTAAC-1,-0.036729638240005705
TCCCTGGCTCGCTGGA-1,0.00949990666790943
TCCCTTAGATTACTCG-1,-0.43051788147204983
TCCCTTGTCTGAAACT-1,0.020992870124460456
TCCGAACTTGGCTTAC-1,-0.044308669661504214
TCCGAAGTAGTCACCA-1,-0.26253282386392685
TCCGAATGGTCCTGAG-1,-0.001200854699028234
TCCGACCGCTAATCAA-1,-0.12281235723068999
TCCGAGAAGGCTAAGC-1,0.06504939494819416
TCCGATAATTGCCATA-1,-0.019719882401167992
TCCGATGACTGAGCTC-1,-0.2092555835334566
TCCGATGGTGCGACAT-1,-0.03611311777766957
TCCGATTACATTGCCG-1,-0.0037818873367661426
TCCGCCTGTCTACAAG-1,-0.025234117218594816
TCCGCGGCAGCATCTG-1,-0.1703051436537402
TCCGCGGCCCAATGAA-1,-0.06828799563597496
TCCGCTGTCATCCCGG-1,-0.33566486522619426
TCCGGAGGAAGGGCTG-1,-0.3011844764659574
TCCGGCCTAGCGTACA-1,-0.094607373368442
TCCGGCCTGCATCGAT-1,0.024001400521915735
TCCGGGCTTGACGGGA-1,0.017779663991867593
TCCGTAACCACAATCC-1,-0.0018078735662015175
TCCGTTAAGCTAATAT-1,-0.15025477915488755
TCCGTTTAGCCTTGAA-1,-0.16781368881220995
TCCTAAAGATTCAGAC-1,-0.053269096689632395
TCCTAAATTGGGAAGC-1,-0.023300612583575485
TCCTAACCGTCGGGCA-1,-0.12978635611690964
TCCTAGCAAAGAAGCT-1,-0.02689704216955552
TCCTATCATAGGTAAC-1,-0.30418947996751705
TCCTCCTAAGACATTC-1,-0.18545768344241442
TCCTCGGGCTGGGCTT-1,-0.11566215836299411
TCCTCTACGAGATGGC-1,-0.1626519644318002
TCCTCTCCAGTTGTCC-1,-0.09447311095876897
TCCTCTGGCCCATTAG-1,-0.12658435808602153
TCCTGCCAACTGGAGA-1,-0.21652031998558421
TCCTGCGTTGATACTC-1,-0.017825904485873754
TCCTGGCGCTGCCTGG-1,-0.25827961719977227
TCCTTACGACGGTCCG-1,-0.30289205850566714
TCCTTCAGTGGTCGAA-1,-0.061078829267066474
TCCTTGTCCTTTAATT-1,-0.05245102787993178
TCCTTTAAATCCGCTT-1,0.0020580725349083244
TCCTTTCTTACGCTTA-1,-0.02327159402391372
TCGAAATTTAGGACCA-1,-0.040634605302978535
TCGAAGAACCGAGCAC-1,0.030246613133099114
TCGAATATCCCGCAGG-1,-0.015482016612980858
TCGACAACTGAACCCG-1,-0.10903369581249359
TCGACTGACGATGGCT-1,-0.05945076861136266
TCGAGACCAACACCGT-1,-0.03141369387964987
TCGAGCCAGGCAGGCC-1,-0.058307632676664535
TCGAGGGCAACAGACG-1,-0.03186772586036004
TCGATAGGCTAGTCGC-1,0.046317806457969596
TCGCACCAGGAGGCAG-1,-0.2696721647379283
TCGCATAAAGGGCGCA-1,-0.043269515926418846
TCGCATCCCTAAGTGT-1,0.035039151901447234
TCGCATTCAATGACTT-1,0.054477176214944446
TCGCCCAACTGACTCC-1,-0.15358736789737196
TCGCCGAAGTTGCGTC-1,0.00715715189254099
TCGCCGACATATTCGC-1,-0.05330959851394814
TCGCCGGTCGATCCGT-1,-0.002245014135922903
TCGCCTCCTTCGGCTC-1,-0.09737982231651993
TCGCGCGTTTACATGA-1,-0.06446468906485527
TCGCGTAGCAGTGTCC-1,-0.05848967608804052
TCGCGTCCAGAAGGTC-1,0.00857073276221245
TCGCTAAACCGCTATC-1,-0.4202314787357283
TCGCTACTGGCTTTGA-1,-0.01888970075496799
TCGCTCGATATATTCC-1,-0.04476636925223477
TCGCTCGGCACCAGCG-1,-0.17050952849045137
TCGCTGCCAATGCTGT-1,-0.015181077885885616
TCGCTGGGCGGATTGT-1,-0.02487923029681985
TCGCTGTGCGTAAATC-1,0.048849379286501335
TCGCTTAATTACGAAG-1,-0.15643735459535188
TCGCTTTAAACGTTTG-1,-0.26854591683034423
TCGGAATGACCATCAA-1,0.07113240234376368
TCGGAATGCGCTCTGA-1,-0.0021326560349005626
TCGGACGCCCAGCCCA-1,-0.07702160799462848
TCGGAGAGTATCGGGA-1,-0.17683912496125184
TCGGAGTACATGAGTA-1,-0.02600337341343285
TCGGCGAACCCAAACC-1,-0.16134509187031135
TCGGCGTACTGCACAA-1,-0.13276488048744292
TCGGCTAACTTCCCTT-1,0.06290386692221248
TCGGCTTGTATCGACG-1,-0.03154103869517227
TCGGGAACGTGCCTAG-1,-0.00412712539603668
TCGGGAGACAGCGTAC-1,-0.05896832313624826
TCGGGATTCAAACATA-1,-0.24270741080382172
TCGGGCCGTCGTGGTA-1,-0.08528068813666083
TCGGGTGAAACTGCTA-1,0.024242689555146014
TCGGTCCCGACAATAG-1,-0.0538423855677141
TCGGTCCCTGACTCCA-1,-0.16636238164128023
TCGGTGACCGCTCCGG-1,-0.32323541910903986
TCGGTTAGCCATGTAG-1,-0.02203445160306446
TCGTAAGACGACATTG-1,-0.06235079135571931
TCGTAAGCTCCGAGGA-1,-0.3018291188898145
TCGTACCGACGTCAAG-1,-0.13374909659913492
TCGTATAGTGCAATTA-1,0.0376279979749301
TCGTATTACCCATTGC-1,-0.013763452651574927
TCGTATTTCGTCCGGA-1,0.06284259616833593
TCGTCAAGTACGCGCA-1,-0.08684029621658498
TCGTCACACTGTTAGC-1,-0.12015917522574639
TCGTCCGCTGGCGTCT-1,-0.12436503076108739
TCGTCCGGGTACACTC-1,-0.036686381485403645
TCGTCTTAGGCGTTAA-1,-0.10415129303384359
TCGTGTATTGGTCACG-1,-0.4332187262790012
TCGTGTCACGCTGACA-1,-0.14956652502297008
TCGTGTTCGACCACAA-1,-0.019164710417657802
TCGTTCGTTATTATGT-1,0.02923328469123431
TCGTTGGCTCGTCAAT-1,0.02119638213279074
TCGTTTACGCGACCCT-1,-0.029838373697572026
TCTAAAGAACAGTCTC-1,-0.21986828031027925
TCTAACCTAGCCTGCG-1,-0.022425461398995233
TCTAATACTGCCTCAG-1,-0.049299426588482555
TCTACACGTTCATGCA-1,-0.030252926684132812
TCTACCCAATAGAGAG-1,0.005161302581628876
TCTACCCGCATCATTT-1,-0.03964644822591414
TCTACCGTCCACAAGC-1,-0.017551337501753868
TCTACGGGCTCAGTTG-1,-0.19086080815898795
TCTAGCAATCTCCGCC-1,-0.03321618186233794
TCTAGCATCTTCGATG-1,-0.1345440958483698
TCTAGCATGCCCAGAA-1,-0.13233063810409468
TCTAGGTGGCGACGCT-1,-0.09681608403881538
TCTAGTGATATCGTGG-1,0.051587225322071995
TCTAGTTATCAGAAGA-1,-0.022030687263983648
TCTATAGGTGGGTAAT-1,0.018369919608612492
TCTATCATGCAGTTAC-1,0.026958510599977028
TCTATCCGATTGCACA-1,-0.03589829798360322
TCTATCGGTCGCAACA-1,-0.029062296110186056
TCTATGCTATAACGAC-1,-0.026261761587700477
TCTATTACGCTGGCGA-1,0.06778150024470407
TCTATTACTAGAGGAT-1,-0.2248717927380748
TCTCAAATCAATCGGG-1,-0.08344277058139205
TCTCAGGCTACTCGCT-1,-0.014678606406796501
TCTCATGAGATAGGGT-1,-0.3152790946867966
TCTCCAACGTAGGTTA-1,-0.28332723072392024
TCTCCACAAGTTGAAT-1,-0.08838671767071395
TCTCCCTGGGCAGCGT-1,-0.07184192464771826
TCTCGAACGAGGTCAC-1,-0.26092916601309496
TCTCGACGTATCGCCG-1,-0.11029961788357573
TCTCGAGGAGGTTCGC-1,-0.39584250650414116
TCTCGGCTCCAGGACT-1,-0.012221798044172066
TCTCTAATAGCTGGTA-1,0.008649303121292539
TCTCTCGCCGCACATA-1,-0.15930851439607607
TCTCTTACCGCGAACC-1,-0.11704286064399466
TCTGAACCGGTCGGCT-1,-0.16252085640374933
TCTGAACTCGTACCCG-1,-0.18912413796994457
TCTGAAGCACGTGGTC-1,-0.04380458259438505
TCTGAATTCCGTACAA-1,-0.0542094683936163
TCTGACGGGCTAACCC-1,-0.15974404534956232
TCTGACTGTAATGGTT-1,-0.0019097364269385533
TCTGAGCAATTGACTG-1,-0.21077654928751172
TCTGATCGGGTGCTAG-1,0.08414382968112484
TCTGATGTATTCTGTC-1,-0.20687253176777395
TCTGCATACCTTGCTT-1,-0.004672614814749951
TCTGCCAGAAACTGCA-1,-0.12266903707419849
TCTGCGAATCGTTCGC-1,-0.21264835745754684
TCTGCGTCCGGTTTCT-1,-0.04228985776729353
TCTGGGAACCTTTGAA-1,0.07505947190869595
TCTGGGTAGCGCTCAT-1,-0.01407441136792092
TCTGTCATACAAGAGC-1,0.07575292227445149
TCTGTGATGGAGGTTG-1,0.029147202315216097
TCTGTGCCATCATAGT-1,-0.08999871083750971
TCTGTTACCCAGCATA-1,-0.17502265447864165
TCTTACAGAGGTACCG-1,0.06329549845856867
TCTTACCGGAACTCGT-1,-0.3732300493107911
TCTTACGGCATCCGAC-1,-0.20086513827146266
TCTTACTTATGCCTCT-1,-0.172336294482703
TCTTAGAGCTCCAATT-1,0.08095327818891623
TCTTAGAGTGAACTCT-1,0.06216801646544249
TCTTATGGGTAGTACC-1,0.04712181309823934
TCTTCCCATGGGCACA-1,-0.0781060967807489
TCTTCGAATAGACGTT-1,-0.0034674637349484025
TCTTCGATACCAATAA-1,0.0044739302252326104
TCTTCGCGGTGAGAGG-1,0.046510927169631934
TCTTCTATAACCCGCC-1,-0.06183808995129127
TCTTGATGCGTAGCGA-1,-0.009035232177747004
TCTTGCTCCCGATACT-1,-0.05208190666212506
TCTTGGTAACACCAAA-1,-0.03293802028501774
TCTTTAAGACTATGAA-1,0.04488880328118819
TCTTTAGAGTCTAACA-1,-0.3410190242097868
TCTTTAGCAGGCGAAC-1,0.08445547777261163
TCTTTCTCTTAAGGAG-1,0.06421604006328537
TGAAACTTATGCAAGC-1,0.044916900024908155
TGAAAGGACCTGACTC-1,-0.10990570952591594
TGAACAAGCAGGGACT-1,-0.12189012769346293
TGAATACCGACGCGTA-1,-0.06893632503024437
TGAATATGCTATAAAC-1,-0.3138892807264944
TGAATGAGTGTTTCCC-1,-0.11626601673505242
TGAATGTCAGCCGGCC-1,-0.19120115057438347
TGACACTTCTCTTTGC-1,-0.2957048294342189
TGACATCGAGCGGACC-1,0.07849995244271007
TGACATGTAACGTGAC-1,-0.15071553680723615
TGACCAAATCTTAAAC-1,-0.12760974081144272
TGACCAGCTTCAAAGT-1,-0.057398890682976426
TGACCCACGTTAGACA-1,-0.04116450449883764
TGACGAATATTTCCCT-1,-0.17880621420961806
TGACGATGCACTAGAA-1,-0.025312879303112275
TGACTATAATCCTTTC-1,-0.11303510607569835
TGACTCCGAATCATAC-1,-0.062104122107271134
TGAGAATGCTTTACCG-1,0.028306187523757464
TGAGAGATTTACCACG-1,-0.1012244599804855
TGAGATCAAATACTCA-1,0.0599465090779394
TGAGATTAGGCCCTAA-1,-0.22291543969060446
TGAGCAGTCGTGAAGT-1,0.01547618947134007
TGAGCCATACAGTCTC-1,-0.020945417639076435
TGAGCGGAAAGTGTTC-1,-0.02879599805163383
TGAGCTTTAATGACGC-1,-0.43590580554123054
TGAGGAGTGCCAGCTT-1,-0.061289569466291785
TGAGGTGTGTGGCGGA-1,-0.08151905481994375
TGAGTAAATTAGCGTA-1,-0.06562682079654587
TGAGTGCCTCTTAAAT-1,-0.021576760976388092
TGAGTGGTCCGTGACG-1,-0.2490056565136071
TGAGTGTAACAACGGG-1,-0.027671875509059
TGAGTTAAAGACATTC-1,-0.18026418303858888
TGATAGCGGGATTCTA-1,-0.0729837498452983
TGATCACCACACTGAC-1,-0.07382562095340221
TGATCAGGGAACTGCT-1,-0.08543216644748376
TGATCCCAGCATTAGT-1,-0.10794509628626311
TGATCGGTTTGACCCT-1,-0.005318835235524989
TGATCTACGCTGATCT-1,-0.29286282317826
TGATCTATCACACTCT-1,-0.08710483254797169
TGATCTCCGGCGCCAG-1,-0.0028754691251669873
TGATGGCTGTTTCTGA-1,-0.07459632827829604
TGATGTCAATTAAGTG-1,-0.06227542974523785
TGATTATGGCACGCAG-1,-0.21051555331500346
TGATTCCCGGTTACCT-1,-0.16593004891732907
TGATTCGTCTATCACT-1,-0.08751377275183397
TGATTCTGTCGCCGGT-1,-0.04911495546636745
TGATTTATTAGCTGTG-1,-0.004503148452916811
TGATTTCCTCCTGACG-1,0.030115706463934504
TGCAAAGTTCGTCTGT-1,-0.1206676783835469
TGCAACCCATCTGCGG-1,-0.07580779349997858
TGCAACTACTGGTTGA-1,-0.05505561638423998
TGCAAGAATGACGTAA-1,-0.01706404668598598
TGCAATCTAACACGGT-1,-0.1058137460673576
TGCAATTTGGGCACGG-1,-0.29466646329718177
TGCACAGTGAAGTTAT-1,-0.25172865653777815
TGCACGAGTCGGCAGC-1,0.06881923054328393
TGCAGAACTATATCGT-1,-0.11301876408276335
TGCAGAGTACCGAGCA-1,-0.013748303646255072
TGCAGATCGTCCTAGG-1,-0.18633360680206154
TGCAGCTACGTACTTC-1,-0.22138460490762632
TGCAGGATCGGCAAAG-1,-0.08303444053379117
TGCAGTGAGGCTCGGG-1,-0.21375641719757885
TGCAGTGGTAGGGAAC-1,-0.036682250388462845
TGCAGTTTCCTCCCAT-1,-0.10065794703039196
TGCATATGTCTGTCAC-1,-0.1552222085273261
TGCATGGATCGGATCT-1,-0.06518337650441201
TGCATGTGACCCATAG-1,-0.1465971081162713
TGCATGTGGTAATCTA-1,-0.1421654295761865
TGCCAAAGTCAGACTT-1,-0.1776531635239313
TGCCACCTGGCGAAAC-1,-0.2575480380121405
TGCCAGTACGTGGAGA-1,-0.16089378619328445
TGCCATTACTAAAGAA-1,-0.4071798126159669
TGCCCGATAGTTAGAA-1,-0.020835422775792603
TGCCGAAAGCGTATTC-1,0.07353391937628351
TGCCGGATGTACGAGC-1,-0.07901769994930166
TGCCGTGGATCGTCCT-1,-0.026115714939401537
TGCCGTGGGACCCAAT-1,-0.1277903418339802
TGCCTAATTGAAGATT-1,-0.03486168906272746
TGCCTGACATCGGTCA-1,-0.06947807860856285
TGCCTGATCAAACGAT-1,-0.14756802570359076
TGCCTTGGCCAGGCAA-1,-0.1521962717289965
TGCGAATATGGGATTT-1,-0.27051497861431273
TGCGACACCCTAGTGC-1,-0.03390318681550325
TGCGACGGCCGAACGT-1,-0.02384282101433452
TGCGAGAATATTACCC-1,-0.06345317088761791
TGCGAGATGGCGGCCA-1,-0.0830041666414046
TGCGAGCCCTTCCGCG-1,-0.24703791096499675
TGCGCAAAGCATTTGG-1,-0.023600235626247777
TGCGCGATTAACGGAG-1,-0.07419042293991976
TGCGGACTTGACTCCG-1,0.0017029428722272874
TGCGGAGTAAAGGTGC-1,-0.08759651759814024
TGCGGCATAGTTCAAC-1,0.0315543170180277
TGCGGGTATTGGGATC-1,0.06174404570581959
TGCGGTGAAATTTCAT-1,-0.0413070208495216
TGCGTAAGAACCTGAT-1,-0.032147412455635196
TGCGTACGGCTAATTG-1,0.06514179435757608
TGCGTCATGACTGAGC-1,-0.16990799958862146
TGCGTGATTGGGTGTC-1,-0.05942127748994409
TGCGTTTGTTGACACT-1,-0.10806873294521982
TGCTAAGTGTCTATTT-1,-0.09934100744814978
TGCTATACAAACGGAC-1,0.02130251157284461
TGCTATGGCAAAGGGA-1,-0.027127135084422545
TGCTCCACAGTTCTTA-1,-0.0960112215224415
TGCTCGGCGAAACCCA-1,-0.03160903494763008
TGCTCGGTGGGTCACC-1,-0.006794866432728817
TGCTCTTGAGAGTTTG-1,-0.04782129568243347
TGCTGGTTGGACAATT-1,-0.08824201512506791
TGCTGTTGAAGAACTC-1,0.012196087052887819
TGCTTAGAGAGAATGC-1,-0.04126805871378577
TGCTTCCCAAGCAGTA-1,-0.06212863332638392
TGCTTGAAACCATGCA-1,-0.0028691303557941213
TGGAAACGGAGTGAAC-1,0.008982621595361921
TGGAACCACTGACACA-1,-0.15381246907110305
TGGAAGAAGGGAACGT-1,-0.0035695900644223547
TGGAAGACGAACACCA-1,0.06514066139642445
TGGAAGGATAAAGATG-1,-0.10920278298373154
TGGAATATCCTTGACC-1,-0.1936095514777235
TGGAATTAGACGCTTT-1,-0.10600359263549801
TGGACCAATCTAAGAT-1,-0.11843222828389492
TGGACCACGGCGTTGA-1,0.011049493528047688
TGGACGCAATCCAGCC-1,-0.03109874278468575
TGGACTGTTCGCTCAA-1,-0.005601023819007251
TGGAGAATAATCGTCC-1,-0.10379201643906436
TGGAGCTAAAGTTCCC-1,0.06897364753645581
TGGAGGGAAACACCTC-1,-0.22192772913001058
TGGAGTGATGCGATGA-1,-0.08524543471683489
TGGATAGAGTAACAGA-1,-0.032750971197784265
TGGCAAACTAAATTAC-1,-0.2867423980598447
TGGCAACTCGCGCGCC-1,-0.3737449548544251
TGGCAAGCACAAGTCG-1,-0.15933953436746615
TGGCAATGGGACGGCG-1,-0.0824813743603281
TGGCACGAGCTCGAGT-1,0.008804422678479334
TGGCAGATTACGATCA-1,-0.02948503542884344
TGGCAGCAGTAATAGT-1,-0.028886154472113377
TGGCATGAAGTTTGGG-1,-0.167520766855319
TGGCCAAACTGAAGTA-1,-0.047162521158415634
TGGCCAATTTGGTACT-1,-0.1193559852404097
TGGCCGTATATTGACC-1,-0.09464476243422171
TGGCGGTGTGCGATTG-1,0.071012953222013
TGGCTACACTCTACCT-1,0.0519522199445488
TGGCTATGTGACATAC-1,-0.11465865229159038
TGGCTCTTGTCGCGTA-1,-0.21295870010459023
TGGCTTGTACAAGCTT-1,-0.29946904346740216
TGGCTTTGGGTAGACA-1,0.013728443621900444
TGGGAAATGCCTTTCC-1,-0.1156507369749506
TGGGATGCACTCATTC-1,-0.25028950179919707
TGGGCAATAGTTGGGT-1,-0.1345377576954575
TGGGCACAAACAGAAC-1,0.0573324375757716
TGGGCACGTTCTATGG-1,-0.09863899834345227
TGGGCAGGCCACCGCA-1,-0.31939132132134257
TGGGCCACAAGAGCGC-1,-0.18428930548449227
TGGGCCCATACTAATT-1,-0.2794827270810598
TGGGCGATACAATAAG-1,-0.1530669009628038
TGGGTAAGGTTCCCGC-1,-0.15821304399742397
TGGGTGCACAAGCCAT-1,-0.040874039860240435
TGGGTGGGATGTCATT-1,-0.1439622074613154
TGGGTGTAATAGATTT-1,0.07124207972656763
TGGGTGTTAAGTAGAA-1,-0.10991697543783704
TGGGTTTCGGGCGTAC-1,-0.009337624111740123
TGGTAAGCAGGATTGA-1,-0.19785713247495446
TGGTAGAATATATGGG-1,-0.23273512246469855
TGGTATCGCATCCCAA-1,0.05764322602932189
TGGTATCGGTCTGTAT-1,0.04230507324717637
TGGTCCCACGCTACGG-1,-0.12367542732566705
TGGTCTGTTGGGCGTA-1,0.000992491072239986
TGGTGATCGTATTTGT-1,-0.08753899013860789
TGGTGCCCTGCCTTAC-1,-0.10269125996717053
TGGTTAAGGGCGCTGG-1,-0.1823566167218586
TGGTTCAACGGGTAAT-1,-0.2558823118760489
TGGTTCGTAGCAAAGG-1,-0.020307306030302293
TGGTTGGAGGATCCTG-1,-0.1862057233480848
TGGTTTAAACGTGGGT-1,-0.20106365309717106
TGTACCCGACCCTAAT-1,-0.05267015608887481
TGTACCTACACGAGGG-1,-0.044308683939619
TGTACGAACAAATCCG-1,-0.03798126213939345
TGTACTACTCTCACGG-1,-0.3127648472592971
TGTACTTCCGGGCATG-1,0.04082247524617007
TGTAGCCAATTCCGTT-1,0.005049428605994822
TGTAGCCATCCCATTC-1,-0.014815054818657495
TGTAGGAGAAATTTCC-1,-0.2071681779487366
TGTAGTGATCTATAAT-1,-0.0037356016673536327
TGTATAACAGATCCTG-1,-0.10183136294102166
TGTATCAGACTGAAGC-1,-0.14264956026331574
TGTATCCTTATTCCAT-1,0.03772665267994792
TGTATGGCGCAGACAG-1,-0.0891854903899465
TGTATTTACCTAATGC-1,-0.17537484126779712
TGTCATTTGTTGGGAA-1,-0.252551884209109
TGTCCACGGCTCAACT-1,0.0534626760792286
TGTCCCGACATAGCAC-1,0.029100536003001776
TGTCCGCAAACAATTC-1,-0.10911098854206391
TGTCCGTGGCGCCTTT-1,-0.1076143347529744
TGTCCTAAGTCACCGC-1,0.005291681578099428
TGTCGGCATGGTGGAA-1,0.021880153612128056
TGTCGTGGGTATAGGC-1,-0.07539659714659931
TGTCGTTATCACATAT-1,-0.06401941953218457
TGTCTACAGTTTCTGT-1,0.03690491616409271
TGTGACTACGCCAGTC-1,-0.1400323665418373
TGTGACTAGAGTTTGC-1,0.06386790353159863
TGTGAGACTAGCCCAA-1,-0.059097039645688174
TGTGCCGGTGCCGGAA-1,-0.05270161874452341
TGTGCTTTACGTAAGA-1,-0.08294371872629865
TGTGGAGGAAGCTTAA-1,0.0431619677881041
TGTGGCAAAGCGTATG-1,-0.23126165905858517
TGTGGCGGGCTTCTGG-1,-0.14546283217216877
TGTGGCTCCCACCAAC-1,-0.28105327392601503
TGTGGTTGCTAAAGCT-1,-0.13416006577309048
TGTGTAGTAGCACGTG-1,0.02799763336802367
TGTGTCGCGAGTTGCA-1,-0.19945668754396498
TGTGTTCGTATCCAAG-1,-0.05555201093050278
TGTTATTGTATGTGGC-1,-0.14070374985273498
TGTTCCGCTTCCATGA-1,-0.01719641168022775
TGTTCCGGCCTGAGCT-1,-0.11806509948980548
TGTTCTCTACTCCCTA-1,-0.15548261542576866
TGTTCTTCCATTGACT-1,-0.03905021640169583
TGTTGTCAAGAAGTCT-1,-0.25897398481106765
TGTTTAATACTTCATC-1,0.05409685331676781
TGTTTCGGTACTTCTC-1,0.026890707729849504
TGTTTGAGATCGTCAG-1,-0.30059774553666513
TTAAACAGAGTCCCGC-1,0.026816455843868856
TTAAACCGGTAGCGAC-1,0.024355370348539716
TTAAACCTGGTTCCTT-1,-0.07431986022405858
TTAAACTCGAATTCAT-1,-0.05860206337573061
TTAAAGGCGATGCTCG-1,-0.10722687802542348
TTAAAGTAAGTCGCCA-1,0.07216763485228055
TTAACACCTCGAACAT-1,-0.18144357286657173
TTAACCAACCCTCCCT-1,0.019409336881941804
TTAACGAACAAGCAGT-1,-0.2971288384909826
TTAACGTCGCAAGACC-1,0.020941968528562543
TTAACTCACGCGTGGA-1,-0.125519511464649
TTAACTTCAGGTAGGA-1,-0.1222411752368209
TTAAGACGAACGAACC-1,-0.022613351112879293
TTAAGATAGGATTGAC-1,0.06806925625217838
TTAAGCCGACAACTTC-1,-0.1067929004890254
TTAAGCGCCTGACCCA-1,-0.05922460257579025
TTAAGGATACGGAGGT-1,0.041955976427585875
TTAAGGCCCGTACTTT-1,-0.020086168138588212
TTAAGTATTGTTATCC-1,-0.07318323534758303
TTAATCAGTACGTCAG-1,-0.24556928578683676
TTAATGCGAGGTAACT-1,0.07213518562322563
TTAATGTAGACCAGGT-1,-0.02408683193872153
TTAATTGCTTTGGGTG-1,-0.09245574886877078
TTAATTTCAGACGCGG-1,-0.08360661823857958
TTACAACTACGCATCC-1,-0.04010445832943347
TTACACGATCTGCGAC-1,-0.015287787981616471
TTACAGACCTAAATGA-1,-0.10513790084235952
TTACATCGTGGCCTGG-1,-0.12118048358326859
TTACATGCCACAACTA-1,0.08310669695061829
TTACCATTGATTACCC-1,0.013351838196297948
TTACCCATTGCCGGGT-1,-0.40470964546046956
TTACCCTAACAGTCCT-1,-0.15750979592952724
TTACCCTAGGGATTGG-1,-0.07345989215182007
TTACCGCCTTAGGGAA-1,-0.006805925105602894
TTACGGATGGTTCGAG-1,-0.08672238827712811
TTACGGTGTCACCGAG-1,-0.005679888993250239
TTACGTATCTATGACA-1,-0.06890455018064967
TTACTAAAGGACTTTA-1,-0.33005056031971425
TTACTCCGGCCGGGAA-1,-0.06225457277472674
TTACTCTGGTACGTAC-1,-0.032605197874938346
TTACTGGGATATTTCA-1,-0.0182668464965534
TTACTGTCTAGAGCTC-1,-0.38428690536284577
TTACTGTTTCTCTACG-1,0.06757116363594953
TTAGAAGAACATGACT-1,-0.06835638449690486
TTAGAATAAGGGTCGG-1,-0.1131227840025312
TTAGACACGATCGTTG-1,-0.3793493325547382
TTAGACGAGTCACCTC-1,-0.31980542079994856
TTAGAGTTTAGAAGGA-1,-0.23916563463999552
TTAGATAGGTCGATAC-1,-0.030089525814965844
TTAGCAACATGGATGT-1,-0.08585641334766438
TTAGCTAATACGATCT-1,-0.2279320890642782
TTAGCTGATTTGCCGT-1,-0.019533451405078114
TTAGGTCATAACCGAC-1,-0.07970979206395057
TTAGTAAACCTGCTCT-1,-0.05435321338345478
TTAGTAGGGCGGCGGG-1,0.0129656556764871
TTAGTTATTCGTGGCA-1,-0.2927022957946673
TTAGTTCAAGTGTTCG-1,-0.30470760157033955
TTATAGATGCACATTA-1,0.023471805159939085
TTATAGGTAATTGTCT-1,-0.0739682964408733
TTATAGTCCAAGGTGC-1,0.04434972223676098
TTATATACGCTGTCAC-1,-0.04512965226321849
TTATATTTGGCAATCC-1,-0.021915898263163775
TTATCCAATCGAACTC-1,0.05838884071029132
TTATCCGGGATCTATA-1,-0.17307361092516957
TTATCCTCAAGGAATA-1,-0.2103559593751544
TTATCGCCTGCGAAGC-1,-0.09244132505632048
TTATCTGTATCATAAC-1,-0.00020292354560085904
TTATGAATGAAAGGGA-1,-0.007272667391312326
TTATGACAAACTGGAT-1,-0.13968135735282028
TTATGATCTTAACGAA-1,-0.15819962103966576
TTATGCGTCCCGGTCC-1,0.06543770114108154
TTATGTTTGCGATAGA-1,-0.15822562567519316
TTATTAGGGAAGCATC-1,0.028494242361467904
TTCAAAGTCTCTAGCC-1,-0.013994277937918659
TTCAACGACCCGACCG-1,-0.014331514942904001
TTCAAGCCGAGCTGAG-1,-0.02607219597058278
TTCAATTAGCCATAAT-1,0.07059884831681201
TTCACGAAAGGATCAC-1,-0.024438039555791265
TTCACTCGAGCACCTA-1,-0.02246437043532787
TTCACTTCCTAGAACG-1,-0.09827341534138666
TTCAGAGTAACCTGAC-1,0.04046930799666027
TTCAGCCCTGGTCCAC-1,-0.3006483330291051
TTCAGCTGGCGTGCCC-1,0.009584655294613447
TTCAGGCGTCAAAGCC-1,-0.2291408499160875
TTCAGTTCAAGAGGAG-1,-0.11280801091404244
TTCATAGCCTTGTAAC-1,-0.0017084372756992468
TTCATGGCGCAACAGG-1,-0.22402231687256782
TTCCAATCAGAGCTAG-1,-0.15481769531390463
TTCCAATCTGGCTATC-1,-0.06379526438762335
TTCCAGACGAGATTTA-1,0.0830158286312395
TTCCATCATGCGGTGA-1,-0.2729229680833207
TTCCATCGACAGCGTG-1,-0.03786371763097729
TTCCCGGCGCCAATAG-1,-0.26485711154423386
TTCCGCAGAGAAATAT-1,-0.2510805944737902
TTCCGCGTGAGGCGAT-1,-0.08178859491824117
TTCCGGCTCGACTTCT-1,-0.20550322995207676
TTCCGGTATCTGTGTC-1,0.03277886520779863
TTCCGGTTACCCACTT-1,-0.18497881530894686
TTCCTCGAGGGTGTCT-1,-0.026456883139026017
TTCCTCGGACTAACCA-1,-0.26589536357720445
TTCCTTTCTGTGTTGC-1,0.0013771046341172453
TTCGACAGAGCCCGTG-1,-0.09071510692151981
TTCGACGGGAAGGGCG-1,-0.10070782652394125
TTCGAGCCGGCGCTAC-1,-0.034254833287157116
TTCGCACTCGCGTGCT-1,-0.05692874184294255
TTCGCACTGTACGACA-1,-0.08133912686899605
TTCGCATCCGGAAGCA-1,-0.041232599850149584
TTCGCGCGCCATACGA-1,-0.14703702382373557
TTCGCTAGGAAGTTGT-1,0.01697499131629597
TTCGCTATCTGACGTG-1,-0.27958688139140525
TTCGGACTGATGCCTT-1,-0.015256709527939871
TTCGGCAACCCGCTGA-1,-0.3265480605523325
TTCGGCTAGAGATGGT-1,-0.03728158690600884
TTCGGGACTAATCGCG-1,0.0035063033912043685
TTCGGGTTGCCACGGG-1,0.03559224019784038
TTCGGTACTGTAGAGG-1,-0.1443129249732463
TTCGTAATCCCAGCGG-1,-0.25151479551823414
TTCGTACTCCAGAACG-1,-0.014800686672962828
TTCGTTCAACGAAGTT-1,-0.18218304796315682
TTCTAACCGAAGCTTA-1,-0.12930141754724933
TTCTACCTCAATCGGT-1,-0.018939905865172406
TTCTACCTTTATGTTG-1,0.04439620251037614
TTCTACTTGCGAGGGC-1,-0.15022638049305811
TTCTAGAAAGTCTTAT-1,-0.13454313368092832
TTCTAGGCCAATTGTG-1,-0.06598581326991822
TTCTATGCCTTTCGCA-1,-0.09732647487618623
TTCTATTAAACGCAGC-1,-0.14199612282323754
TTCTCAATTGCTACAA-1,-0.1054442545694806
TTCTGACCGGGCTCAA-1,-0.13187237348206282
TTCTGCCGCGCCTAGA-1,-0.1395132351512812
TTCTGCGGGTTAGCGG-1,-0.11839007974637285
TTCTGCTAGACTCCAA-1,-0.2986134585480203
TTCTTAGTGAACGGTG-1,-0.0427096122075399
TTCTTAGTGGCTCAGA-1,0.019367625741250855
TTCTTATCCGCTGGGT-1,-0.3231573194640392
TTCTTCCCTTTGATAT-1,0.06981220386326281
TTCTTGAGCCGCGCTA-1,-0.02528494608813133
TTCTTGCTAGCATCTC-1,0.07966701093305098
TTCTTGGACGATCTGC-1,-0.142512003462794
TTCTTGGAGTAATGAG-1,-0.27724206107599014
TTCTTGTAACCTAATG-1,-0.19262318174830292
TTCTTTGGTCGCGACG-1,-0.1297370323985682
TTGAAAGGTGTAAAGG-1,-0.28019427134760466
TTGAACGAATCCTTTG-1,-0.02403427541238888
TTGAACGACGTGCTGA-1,-0.09171662191700959
TTGAAGAATTCCCAGG-1,-0.035227849697807394
TTGAAGGATGGGCGCC-1,-0.09041921196486599
TTGAATATGGACTTTC-1,-0.035955579534994654
TTGAATCGTTGTATAA-1,-0.16364205537799187
TTGAATTCACGTGAGG-1,0.04360115403861954
TTGACAGGAGCTCCCG-1,-0.04818838460199614
TTGACATGAACGTGGA-1,-0.009486090483149905
TTGACCAGGAACAACT-1,-0.07742654835211829
TTGACCATGTTCTCCG-1,-0.1530102437404126
TTGACCGTGTTAATGA-1,-0.12718950467668294
TTGACGATTCAGCACG-1,0.04026736232913903
TTGACGCTCCATGAGC-1,0.08094702827847991
TTGACTACCATATGGT-1,-0.031069774087369814
TTGACTATTGTCCGGC-1,-0.07674240236880635
TTGAGAAGTTTAGCAT-1,-0.02444062634092959
TTGAGAGTACTGCTAA-1,-0.012313830955143708
TTGAGCAGCCCACGGT-1,-0.1403968670782404
TTGAGCGCCACGTGAT-1,0.07178517793355621
TTGAGGCATTTAACTC-1,-0.09489289508500094
TTGAGTCCCGCTGCTG-1,0.061943590021686645
TTGATAGTCAATACAT-1,-0.198871224914893
TTGATCTAACTTTGTC-1,-0.042013211218568644
TTGATGCCGCTCGTCG-1,-0.12350202405306855
TTGATGTGTAGTCCCG-1,-0.26218557100515555
TTGATTAGCTGTTTCT-1,-0.019185342045695785
TTGATTATGCAGATGA-1,-0.11306900730664943
TTGCAAGAAGACTCCT-1,-0.09442780435917959
TTGCACAATTCAGAAA-1,-0.011560288022856984
TTGCACGGAGCAGCAC-1,0.00845091027738921
TTGCATGCTGATCACG-1,-0.019890865830084297
TTGCCAAGCAGAACCC-1,-0.0967383797119429
TTGCCATAGCCCGCTC-1,-0.09924559354967515
TTGCCCTGATCACGGG-1,0.000981541810553986
TTGCCGCAGACCTACA-1,-0.05205325738524301
TTGCCGCTTTCTAGTA-1,-0.11062874582888813
TTGCCGGTGATCCCTC-1,-0.22794485832145384
TTGCCTAATCCAAAGT-1,-0.034669712640775646
TTGCCTTCTCGCCGGG-1,0.07229079243595768
TTGCGCACAACCACGT-1,-0.1395335139033108
TTGCGCTTGATCAATA-1,0.06518084553260209
TTGCGGCGACTCATGC-1,0.06895950781171396
TTGCGTAGTTTGAGGA-1,-0.11529745939807921
TTGCGTGAACGCTTAG-1,-0.2663415642131635
TTGCGTGTGTAGGCAT-1,-0.022521683757597246
TTGCTCATAGTACGTG-1,0.06855792006633607
TTGCTCCCATACCGGA-1,-0.12562008528594398
TTGCTGAAGGAACCAC-1,0.01530995745603754
TTGCTGATCATGTTCG-1,-0.01933151962994096
TTGCTGCACCTATCCA-1,-0.061896603404233246
TTGCTGGCCGGGCTTC-1,0.058822091876632836
TTGGAAGAATACAGTC-1,-0.16030029406981328
TTGGACATGTGGCTTA-1,-0.03540827782668161
TTGGACCATCTGGCAA-1,-0.2511473282531733
TTGGACCTATAACAGT-1,-0.03564007121437235
TTGGAGTCTCCCTTCT-1,0.0701914324701794
TTGGATATCGTCTACG-1,-0.06104941985115816
TTGGATCGACTTCTGG-1,0.039186349409049005
TTGGATTGGGTACCAC-1,0.03189037065236128
TTGGCCAAATTGTATC-1,-0.05837483166469999
TTGGCCATCTTGCGCT-1,-0.05485136197411327
TTGGCCTAGAATTTCG-1,-0.32008282824562134
TTGGCGATCCGAATAT-1,0.08359739630406474
TTGGCTCAATATGTGT-1,-0.03220543420978539
TTGGCTCGCATGAGAC-1,-0.22721588379589122
TTGGGAAGACGAGCCG-1,-0.11243020724810578
TTGGGACACTGCCCGC-1,-0.0019396632554666746
TTGGGACGTAAGAGTT-1,-0.2863472974668888
TTGGGCGGCGGTTGCC-1,-0.08546468883475912
TTGGTATGGCTTGTGT-1,0.07459957539419751
TTGGTCACACTCGTAA-1,-0.07031105869473474
TTGGTTGCGGTGCGCG-1,-0.14132864746607557
TTGTAAGGACCTAAGT-1,-0.0012248462017770234
TTGTAAGGCCAGTTGG-1,-0.1551492702011113
TTGTAATCCGTACTCG-1,-0.029029181158921228
TTGTATCACACAGAAT-1,0.016550303030311103
TTGTCGTTCAGTTACC-1,0.0030757849807855554
TTGTGAACCTAATCCG-1,-0.0033555697648788804
TTGTGAGGCATGACGC-1,-0.2094568116202943
TTGTGATCTGTTCAGT-1,0.06981567523146631
TTGTGCAGCCACGTCA-1,-0.08145051033441887
TTGTGGCCCTGACAGT-1,0.008112810741209286
TTGTGGTAGGAGGGAT-1,-0.1761566670146822
TTGTGGTGGTACTAAG-1,-0.04215813383634705
TTGTGTATGCCACCAA-1,-0.02373388550870106
TTGTTAGCAAATTCGA-1,-0.1060327408770371
TTGTTCAGTGTGCTAC-1,-0.006089064387566115
TTGTTGTGTGTCAAGA-1,-0.07499430009553482
TTGTTTCACATCCAGG-1,-0.13708886136820495
TTGTTTCATTAGTCTA-1,-0.024039294980229067
TTGTTTCCATACAACT-1,-0.11609243388855799
TTGTTTGTGTAAATTC-1,0.03891042677475498
