,TP,Hazard,Immune,RCB,Proliferative
AACACCTACTATCGAA-1,-0.593681763,-0.1296751,0.330474956,0.060180703,-0.507527061
AACACGTGCATCGCAC-1,-0.765594509,-0.0722521,0.431380574,-0.055135682,-0.734318299
AACACTTGGCAAGGAA-1,-0.732237874,-0.0639608,0.431508595,-0.040783136,-0.558312585
AACAGGAAGAGCATAG-1,-0.646334452,-0.2492135,0.426879689,-0.420903337,-0.439714379
AACAGGATTCATAGTT-1,-0.747267961,-0.0586044,0.419587322,-0.001189954,-0.6582575
AACAGGCCAACGATTA-1,-0.452145557,-0.0643517,0.259442701,0.080791783,-0.379431092
AACAGGTTATTGCACC-1,-0.720375386,-0.0433033,0.422151071,-0.405322069,-0.628972939
AACAGGTTCACCGAAG-1,-0.288196438,-0.2029912,0.066827004,-0.188154571,-0.126647042
AACAGTCAGGCTCCGC-1,-0.006397615,-0.251173,-0.120777469,0.06593843,0.18683717
AACAGTCCACGCGGTG-1,-0.52659907,-0.2306436,0.24550252,-0.181230926,-0.316305264
AACAGTCGTGTCGCGG-1,-0.318611078,-0.1614211,0.198514047,0.028915866,-0.216721397
AACATACTCATATGCG-1,-0.792213072,-0.104506,0.472974823,-0.381932955,-0.687087362
AACATAGTCTATCTAC-1,-0.6878968,-0.1170793,0.400006796,-0.060219905,-0.570142406
AACATATTCTTGCGAA-1,-0.487937527,-0.1846576,0.326198775,0.020404165,-0.340722923
AACATCGCGTGACCAC-1,-0.493973666,-0.1991886,0.265764035,-0.039704713,-0.344824467
AACATCTAATGACCGG-1,0.07705061,-0.2903704,-0.148997998,-0.041230517,0.202259473
AACATCTTAAGGCTCA-1,0.030190491,-0.2467707,-0.156493194,0.094160906,0.19811442
AACATGACGCAGCGTG-1,-0.447309714,-0.1030109,0.266913652,0.067976768,-0.358430754
AACATGACTTGGCTGC-1,-0.732615819,-0.0401444,0.395394808,0.018746712,-0.718471439
AACATGCGCAAGTGAG-1,-0.742133782,-0.1490214,0.469548692,0.01215351,-0.644467911
AACCAAGCGTGGCCTC-1,-0.434701398,-0.544001,0.519883763,-0.498401971,-0.054421595
AACCAAGGTATCAGGC-1,-0.427381605,-0.1732851,0.197338491,-0.055945739,-0.221895093
AACCAATCTGGTTGGC-1,-0.674339968,-0.2664952,0.450498895,-0.296228034,-0.491373667
AACCACTAACATGATT-1,-0.160954897,-0.2781554,0.037981089,-0.16326459,0.041744815
AACCACTGCCATAGCC-1,-0.425875123,-0.2219904,0.198630808,0.003210107,-0.24656639
AACCAGAATCAGACGT-1,-0.498060812,-0.2258447,0.36470115,-0.144525729,-0.349874204
AACCATAGAATTCGAA-1,-0.502049715,-0.1509104,0.296592671,0.011992954,-0.388410742
AACCATCGGAAGCGAC-1,-0.752391445,-0.1193638,0.462643142,-0.011366569,-0.64567499
AACCATGAATTGCCTT-1,-0.187783783,-0.2876455,0.200877097,-0.059284531,0.036528341
AACCGCATGTATGTTA-1,-0.716886353,-0.0450815,0.39185019,0.048054401,-0.694413436
AACCGCCAGACTACTT-1,-0.798818825,-0.0243286,0.468918543,-0.031050565,-0.679574654
AACCGCGGTAACTACA-1,-0.57762378,-0.3052688,0.407363205,-0.235393884,-0.363660519
AACCGTGCTTATGTTG-1,-0.557738649,-0.2359627,0.299252855,-0.118247713,-0.398730116
AACCTAAGATACTGAG-1,-0.47112361,-0.2575513,0.301681657,-0.196060221,-0.361920667
AACCTACAGAGGTAGT-1,-0.653218336,-0.1026891,0.333168596,0.023859749,-0.604203771
AACCTACCTACCGGTT-1,-0.192580085,-0.3654516,0.084583072,-0.083470439,0.063029475
AACCTACTGTAACTCA-1,0.087715261,-0.2378763,-0.19246459,0.067479389,0.255568818
AACCTGACAGTGCCGC-1,0.050727505,-0.2479535,-0.174661291,0.116482204,0.234771035
AACCTTAGCGTCCGGT-1,0.123035505,-0.2360782,-0.221302276,-0.015099876,0.215157637
AACGAAGCGTGGAAGT-1,-0.741160719,-0.058667,0.429491796,-0.170850052,-0.702329376
AACGAATTGACCGGTT-1,-0.752242517,-0.1126539,0.45787057,-0.32976604,-0.629278603
AACGACATTAAGATGG-1,-0.224760012,-0.2611757,0.046015596,-0.144820906,0.029573779
AACGACCATTCGAATC-1,-0.54879451,-0.3111597,0.385940803,0.050001215,-0.305623183
AACGAGCCTCTTCGGC-1,-0.560162928,-0.1353459,0.253107944,0.064766838,-0.37524754
AACGAGCTAATAACTA-1,-0.66534755,-0.1470863,0.386676713,0.059190871,-0.498439417
AACGCACTGGTGCTCG-1,-0.095825123,-0.2634384,-0.072646609,0.110634629,0.078337748
AACGCATGCCTCAATA-1,-0.202271108,-0.293747,0.03673226,-0.324897774,0.029405123
AACGCTTCGAGTAACT-1,-0.509199059,-0.3826323,0.42519672,-0.277335166,-0.23448193
AACGGCACAGAATATT-1,-0.051832714,-0.2598482,-0.085765127,0.057045591,0.145637942
AACGGTAATCGACCTG-1,-0.730885296,-0.1944437,0.48800429,-0.570706949,-0.557961081
AACGTCGCGACAAGGT-1,-0.295979993,-0.2249931,0.07964464,0.114433802,-0.04348713
AACGTGACGGTCCACC-1,-0.752945877,-0.0739331,0.428041885,0.02166157,-0.714605243
AACTAACGAACTAGAT-1,-0.203227433,-0.2401064,0.012034264,-0.07131328,-0.02736196
AACTAGCACTGTTCGA-1,-0.766817511,-0.1459993,0.507754878,-0.336505304,-0.564418025
AACTAGCATCACGTAC-1,-0.716093647,-0.0449428,0.379587194,0.027254234,-0.659130685
AACTAGCCTAATAGCA-1,-0.137834148,-0.2983762,-0.002833347,0.074563039,0.113946897
AACTAGCCTTGCAATA-1,-0.746402106,-0.2001641,0.527841926,-0.403623281,-0.574516333
AACTAGCGCTCCAGTT-1,-0.023190427,-0.2431186,-0.11061144,-0.040689078,0.107524468
AACTAGGCCTGACACC-1,-0.472515355,-0.1509561,0.277025442,0.024282821,-0.347821419
AACTATCGTCATAGTC-1,-0.445214283,-0.2504712,0.268106681,-0.350198682,-0.282291687
AACTATCTAGCAGTAT-1,-0.284208998,-0.3504733,0.183408129,-0.449349135,0.01335538
AACTATGCTGCATTCG-1,-0.31846727,-0.2426209,0.10568832,-0.063783071,-0.222827008
AACTATGTGCTTGTTA-1,-0.544109705,-0.0992672,0.311336211,0.065028098,-0.393956648
AACTATTCTGCGGCCT-1,-0.692111169,-0.094182,0.389482646,-0.049690284,-0.601253258
AACTATTGGCGGATTC-1,-0.523384134,-0.2366442,0.298987152,-0.120334268,-0.253243463
AACTCAACCTTGACCA-1,-0.669556231,-0.1567326,0.470636252,-0.477160095,-0.513887997
AACTCAACTTGACAGC-1,-0.654822483,-0.1227448,0.334498816,-0.019042786,-0.546077761
AACTCACCGAACTTAT-1,-0.787906701,-0.0629109,0.453082244,-0.054646293,-0.726436859
AACTCACCTCGGTGTT-1,-0.763229249,-0.0630221,0.407902932,-0.064625991,-0.714630516
AACTCACGGAGTACGT-1,-0.376288796,-0.3080725,0.353612901,-0.205440559,-0.131054135
AACTCAGATCCATGCC-1,-0.149865295,-0.2789034,0.002002814,0.059034265,0.083775838
AACTGCAACGTCCTGG-1,-0.552236127,-0.1004854,0.308075098,0.031808371,-0.48430442
AACTGCAATACGGATT-1,-0.014608448,-0.244618,-0.114196622,0.05122544,0.185766171
AACTGCCGGAGTAACA-1,-0.700953651,-0.1062381,0.370633156,-0.027428174,-0.741206672
AACTGCCTCGATAGGT-1,-0.741873622,-0.0973106,0.408362738,-0.038277463,-0.733981227
AACTGCGAACCTTACC-1,-0.033245314,-0.2512189,-0.109453685,0.078605747,0.16406267
AACTGCGATCGACTAA-1,-0.66626405,-0.177683,0.372753459,-0.039387462,-0.647894054
AACTGCGATGAATAGG-1,-0.351054576,-0.219351,0.097870612,-0.07634217,-0.261434909
AACTGCGGTCCGAAGC-1,-0.370893573,-0.2367959,0.159630306,0.079923845,-0.116397338
AACTGCTACCTCGATA-1,-0.528925665,-0.1938586,0.31604715,0.019179521,-0.402249775
AACTGGATACTTCACT-1,-0.599591726,-0.1894714,0.369715881,-0.164118648,-0.471898222
AACTGGTCATGTGGTT-1,-0.019100152,-0.2422635,-0.127532111,0.088282057,0.166494395
AACTTAACAGTGAGGA-1,-0.723579242,-0.1360383,0.44641666,-0.18005912,-0.587813601
AACTTATGATACGTAC-1,-0.771860711,-0.0387875,0.415203748,0.01320358,-0.778709964
AACTTCAAGGATAATC-1,-0.44676651,-0.2410718,0.358594828,-0.065386885,-0.245979082
AACTTCACAATAACTG-1,-0.029756362,-0.2518742,-0.105611483,0.05350048,0.154638742
AACTTCAGATACTACC-1,-0.588848881,-0.1223826,0.365676978,-0.120270213,-0.437563353
AACTTCAGCATGGCCG-1,-0.343013861,-0.1179232,0.206737274,0.054582281,-0.202286711
AACTTCATCTTCTGGT-1,-0.60056294,-0.1675104,0.285447842,-0.066905757,-0.469672488
AACTTCGCTTAGTCAG-1,-0.640753873,-0.1843958,0.372351712,-0.354537332,-0.600410369
AACTTGCAACTTGGAC-1,-0.204286899,-0.272654,0.026769052,0.067786052,0.048042822
AACTTGCTCGTAACCG-1,-0.134917958,-0.2317343,-0.038745982,-0.131756535,0.081312648
AACTTGGTTAATACTA-1,-0.230557074,-0.2550529,0.058096539,0.030525046,0.018400096
AACTTGGTTACATAAC-1,-0.490957226,-0.3812344,0.439912335,-0.648103548,-0.196453808
AACTTGTTGACCGATA-1,-0.146453653,-0.2365818,-7.14E-05,-0.075336457,0.024745387
AAGAATTCTGGCTGCA-1,-0.611233923,-0.3842953,0.543910192,-0.649245934,-0.291777428
AAGACAATCTCCTGCA-1,-0.270312819,-0.2077914,0.065607917,-0.099018778,-0.091484647
AAGACTAAGGAGATCC-1,-0.733588509,-0.1096981,0.454795873,-0.11196913,-0.618805572
AAGACTCAAGGCTCCA-1,-0.700375026,-0.054243,0.386434063,-0.051315094,-0.624958747
AAGACTGCTACTTCCT-1,-0.537881304,-0.0331943,0.300232079,-0.017343831,-0.473445593
AAGACTGTCATAGTGC-1,-0.797907382,-0.0313161,0.451802889,-0.016787028,-0.749571669
AAGAGCAGATGTGCCA-1,-0.787672954,-0.1368532,0.507498718,-0.101648459,-0.608928684
AAGATACAGGCGAACG-1,-0.727485688,-0.0243608,0.403827654,0.052031872,-0.690236756
AAGATAGGCTTGCTTA-1,-0.315745811,-0.3907724,0.330957338,-0.109026883,-0.033640385
AAGATAGTCGACCTTG-1,-0.666240587,-0.1772561,0.441470216,-0.169881479,-0.517597849
AAGATATTGGACGTCC-1,-0.141048053,-0.3578628,0.130581594,0.033135543,-0.08324209
AAGATCTGTAACTTGT-1,-0.298542535,-0.2619123,0.121531152,-0.084839413,-0.105399099
AAGATGAAGGTCATCG-1,-0.659422822,-0.0617091,0.355267298,0.001653267,-0.616247754
AAGATGCACTATACTT-1,-0.242678876,-0.2724583,0.070676751,0.051540936,0.011613942
AAGATGGCCGCTAGTT-1,-0.757122758,-0.0747445,0.4512291,0.034622624,-0.698919328
AAGATTAGGCTGTCTA-1,0.069498444,-0.247819,-0.183008536,0.102202438,0.237087756
AAGATTATCTAGCATA-1,-0.709835296,-0.0640949,0.422381749,-0.314178518,-0.619203523
AAGATTCTGGTCGCGA-1,-0.140203752,-0.2856462,-0.020421261,-0.004656369,0.052328541
AAGATTGACACTCGAT-1,-0.520821561,-0.233848,0.35766831,-0.57531407,-0.394822765
AAGCAAGAGCGTGATC-1,-0.143159866,-0.2407557,-0.043133829,0.091063638,0.060237698
AAGCACTCAGGAATGT-1,-0.226552559,-0.2727838,0.028723557,-0.42989411,-0.005987786
AAGCAGCCTACTAAGC-1,-0.519851131,-0.4200853,0.470103921,-0.606022136,-0.229183292
AAGCAGCGGACACGTG-1,-0.774882828,-0.1050471,0.494273247,-0.697914412,-0.640288897
AAGCAGTATCAGAATC-1,0.070331336,-0.2358339,-0.190004809,0.078162212,0.230539348
AAGCAGTGAGTGCGAC-1,-0.737829746,-0.0960579,0.40379241,-0.357823968,-0.707223732
AAGCAGTGGCATCACT-1,-0.503335154,-0.2405896,0.389950568,-0.153917751,-0.300930374
AAGCAGTGGCTCATCC-1,-0.416460617,-0.4815347,0.417253604,-0.658382947,-0.111818831
AAGCAGTGTACACCGC-1,0.054499524,-0.2705888,-0.133403018,-0.06119503,0.195221791
AAGCAGTGTAGAATCT-1,-0.77030366,-0.0667025,0.441932413,-0.013218258,-0.692329537
AAGCATCAAGCGTGAT-1,-0.764242308,-0.0723834,0.432117714,-0.023453899,-0.685428968
AAGCATTGAGTGGTTG-1,-0.155664714,-0.2498932,-0.023036111,0.083337234,0.062308561
AAGCCACCATTCAAGA-1,-0.779533422,-0.0776895,0.436504086,-0.073780832,-0.738721925
AAGCCACGCATAATGA-1,-0.334859415,-0.3616815,0.156506373,-0.066071795,-0.089019657
AAGCCACTATGTCTAA-1,-0.586845197,-0.1171681,0.287773464,0.047470352,-0.430253471
AAGCCAGATATCAGAA-1,-0.691680283,-0.1029578,0.395631841,0.029114813,-0.623756383
AAGCCAGATCCAACAT-1,-0.279162843,-0.102402,0.181583316,0.05905859,-0.157101124
AAGCCAGGCCGACGTG-1,-0.811004909,-0.0424488,0.481017815,-0.011072741,-0.723451692
AAGCCAGGCTGCTTGA-1,0.022445288,-0.3002098,-0.087424965,0.001284122,0.104327615
AAGCCAGGTTACGAAC-1,-0.715926052,-0.1198581,0.420455972,-0.111402744,-0.633783402
AAGCCATCCGTGCTAT-1,-0.747740372,-0.0710361,0.40883738,-0.07068237,-0.723588988
AAGCCATCGCGATATG-1,0.080012681,-0.1641858,-0.158174482,-0.015804037,0.224995434
AAGCCATTATCGAAGG-1,-0.399401557,-0.016986,0.202677892,0.022028679,-0.343513371
AAGCCATTATCTGCCA-1,-0.753318739,-0.0823322,0.444869922,0.000546262,-0.676737848
AAGCCGGTTACAAGGC-1,-0.687209122,-0.1902501,0.454577774,-0.278099344,-0.501868895
AAGCGACGAACCGCCT-1,-0.644770936,-0.1259445,0.32635141,0.020355866,-0.429630496
AAGCGAGCCGTCCGCT-1,-0.207542657,-0.3965595,0.112449805,-0.37873386,0.067047539
AAGCGAGGAAGTGAAC-1,-0.716348118,-0.031069,0.397888442,0.049305435,-0.691651728
AAGCGTTCGTCTGTCC-1,-0.208077422,-0.2009054,-0.016223794,0.075239287,-0.035785964
AAGGACATAACCGCAC-1,-0.308297692,-0.1376613,0.184888417,0.032488634,-0.21726699
AAGGACCAACATGGCT-1,0.086226799,-0.235027,-0.200455608,0.076204324,0.251251352
AAGGACCTGCAAGCAT-1,-0.574176572,-0.0228461,0.330620666,0.087693749,-0.491773532
AAGGAGGCACTCAATT-1,-0.781278415,-0.0381305,0.452411331,-0.037912364,-0.713613836
AAGGAGTGGCTACCAA-1,-0.769598014,-0.0601252,0.442636103,-0.226526509,-0.717194009
AAGGCAGTCTGATCAC-1,-0.599386915,-0.0560889,0.335410435,0.057597212,-0.522449443
AAGGCATGAACAGCTC-1,-0.436856519,-0.3957633,0.330565618,-0.114774106,-0.152844655
AAGGCCAATTCAATAA-1,-0.347918907,0.01127729,0.218457112,0.109305592,-0.208974785
AAGGCCAGCAATCGCC-1,-0.178375063,-0.2686236,-0.001534787,-0.456247514,0.030750992
AAGGCCAGTCGCAATT-1,0.082567389,-0.2231993,-0.196376993,0.075279522,0.236040472
AAGGCCGACCTACCTG-1,-0.80637817,-0.049944,0.481267326,-0.075312684,-0.664198743
AAGGCCGACTATGTAA-1,-0.020351874,-0.2395434,-0.125650937,0.080882882,0.156423727
AAGGCCGATTCTGAGC-1,-0.494078583,-0.1344034,0.283266061,0.09864017,-0.353811164
AAGGCCTCGCGAGGAA-1,-0.45852143,-0.0609862,0.240433831,0.129248818,-0.344644958
AAGGCGAACAGCATAA-1,-0.45210928,-0.2258073,0.339910961,0.051523609,-0.265653298
AAGGCGAACTAGTAGA-1,-0.795167658,-0.0271304,0.446844797,-0.07391292,-0.722778172
AAGGCGACGGTGTCGG-1,-0.378023535,-0.2046801,0.135005373,-0.019889438,-0.220261563
AAGGCGAGGTTCATGT-1,-0.514546895,-0.2070871,0.284030613,-0.671185453,-0.453453055
AAGGCGCCGACAATCT-1,-0.724327592,-0.0895255,0.401541211,-0.056980712,-0.628547793
AAGGCGCCTAACATAG-1,-0.687406286,-0.0235488,0.391943955,0.027251369,-0.629401807
AAGGTGATCCGTGACG-1,-0.513170532,-0.2316594,0.329641032,0.061406748,-0.378316929
AAGGTGCCGCTAAGGT-1,0.036000024,-0.290612,-0.124144951,-0.036670609,0.114945024
AAGGTGGATATGATCG-1,-0.746125279,-0.0671956,0.428303083,-0.538344862,-0.693480694
AAGGTGTCCATTAAGA-1,-0.729489457,-0.1041834,0.417014306,0.027036404,-0.67943169
AAGGTTACTATGACGC-1,0.067708239,-0.3219938,-0.204291664,0.141424798,0.203301418
AAGGTTCATGCGGTGC-1,-0.363925707,-0.1649684,0.257506061,-0.514995438,-0.208495504
AAGGTTGCAGAAGCAG-1,-0.561352899,-0.1216357,0.316123772,0.024699065,-0.524483419
AAGGTTGCTGAGTTGA-1,-0.430127142,-0.2876487,0.235105942,-0.076828618,-0.157102526
AAGTACTAAGGTTACG-1,-0.766334467,-0.0882488,0.438542913,-0.417796573,-0.649398863
AAGTACTACAGTAGAA-1,-0.651991089,-0.0767999,0.342986291,-0.443237834,-0.624419746
AAGTACTGGATGCGCA-1,-0.749714981,-0.0705101,0.457606216,-0.14619188,-0.521150844
AAGTATTGTAGGTCGC-1,-0.276846104,-0.1229857,0.178242954,0.080980216,-0.167594658
AAGTCGCTATCCTGTC-1,-0.627866851,-0.2757026,0.428947568,-0.016110005,-0.376880944
AAGTCGGACACTTCAG-1,-0.098440617,-0.2439617,-0.069744914,0.059465687,0.09815125
AAGTCTACCGGTTGGA-1,-0.744878414,-0.0860517,0.424089842,-0.031076428,-0.666851022
AAGTCTACGCACTCGG-1,-0.337523855,-0.1677802,0.221986551,0.108102394,-0.136008659
AAGTCTGTCAATTCTT-1,-0.762744057,-0.1227883,0.492777941,-0.347669081,-0.641135976
AAGTCTTAAGTTGCCA-1,-0.796734874,-0.0339839,0.487305346,-0.109806788,-0.66903493
AAGTCTTAATAGAACT-1,-0.613036086,-0.2745589,0.401266041,-0.150580995,-0.324900961
AAGTGAGCCTGTTACA-1,-0.285081637,-0.1048899,0.188191412,0.058043513,-0.155572447
AAGTGATCCACGAGCG-1,-0.611859735,-0.136747,0.363609684,0.019249599,-0.546707896
AAGTGGACGAATCTAC-1,0.004319123,-0.2167346,-0.140775885,0.038697509,0.179300442
AAGTGGCGAAGTTAAT-1,-0.676954295,-0.0808772,0.417062398,-0.561865792,-0.563175458
AAGTGGCGAGTGTACA-1,-0.758565534,-0.0549483,0.426395526,-0.013084188,-0.732339032
AAGTGGTTCCTCGCGT-1,-0.117957783,-0.2417979,-0.059825313,0.026018075,0.064370273
AAGTTAAGCACTATAA-1,0.106478731,-0.233319,-0.217476122,0.088258624,0.261636572
AAGTTACTATTACATC-1,-0.71111048,-0.2516549,0.527487362,-0.72080198,-0.511851033
AAGTTCCTATTGCTGG-1,-0.778122431,-0.0627332,0.429969705,-0.019043095,-0.696770366
AATAACATGTGCTATG-1,-0.691712806,-0.1065725,0.334778567,0.020839145,-0.653131551
AATAACATGTTACGTC-1,-0.627867693,-0.2215204,0.48341989,-0.22830717,-0.412235197
AATAACGTAACTGTGA-1,-0.834091375,-0.1645203,0.561228714,-0.060787297,-0.683763735
AATAACGTATTGAACA-1,-0.610359988,-0.2931703,0.464486561,-0.094333729,-0.442991295
AATAACTCTAATACAG-1,-0.3609955,-0.2611053,0.156402582,-0.034415991,-0.118416466
AATAACTCTACGATGT-1,-0.764693857,-0.2081385,0.555924957,-0.483821998,-0.561866877
AATAACTTCATACGGA-1,-0.465470755,-0.1916983,0.234011127,-0.078340166,-0.253034146
AATACAATGCGAGCAG-1,-0.300718526,-0.3626627,0.115311553,-0.017183834,-0.071089415
AATACGAGAACACTCG-1,-0.708851508,-0.0430901,0.396857567,0.017259357,-0.669783233
AATACGAGCAAGCCAG-1,-0.634237158,-0.1789724,0.396835971,-0.473768921,-0.410487864
AATACGCATATCCAGA-1,0.06186689,-0.2400696,-0.184119723,0.069130343,0.222902158
AATACGGTACGGCCTA-1,-0.297503696,-0.3575921,0.193363423,-0.081235844,-0.021676711
AATACGTAGACAGTTA-1,-0.53272882,-0.2588186,0.402364044,-0.350917767,-0.32024705
AATACTAACCACTTAT-1,-0.75840089,-0.0718928,0.427381678,-0.043785631,-0.727683896
AATAGATAGCCTAACC-1,-0.651261607,-0.2566202,0.426449663,-0.044523063,-0.402412118
AATAGCACGGAAGCGA-1,-0.723715124,-0.1261791,0.462027506,-0.082792562,-0.622422166
AATAGTATAGTTGTCG-1,-0.70874042,-0.1469596,0.446327904,-0.669295733,-0.59377592
AATAGTCGTTATCTAG-1,-0.647563917,-0.1451347,0.383707278,-0.358362147,-0.55532884
AATAGTCTGGAACAAT-1,-0.344091644,-0.1568584,0.227769636,-0.098163922,-0.174316577
AATAGTGCTCATAGAA-1,-0.770376723,-0.0463275,0.431611204,-0.107004155,-0.749888776
AATAGTGGAAGAGCAT-1,-0.742302962,-0.2229387,0.534445665,-0.095832334,-0.532086984
AATAGTTGGTGCTCAG-1,-0.698534359,-0.0878233,0.418936719,-0.544577117,-0.588336102
AATATTAGGCTTCTGG-1,-0.725640279,-0.1545186,0.477295058,-0.174209638,-0.589440427
AATCCGACCACGGTCC-1,0.035806576,-0.3334872,-0.091152514,0.013199481,0.174502467
AATCCGCCGACCTGAG-1,0.088868284,-0.2835454,-0.192391593,0.024191058,0.208100408
AATCCGCCTGGTCAAT-1,-0.782131967,0.0021581,0.458634495,-0.103063301,-0.705291383
AATCCGGAGCTTGTCT-1,-0.017174855,-0.2098552,-0.125527521,0.048978486,0.164350873
AATCCTCGTCACAGGC-1,-0.640976914,-0.1087395,0.351333492,-0.086407203,-0.443237413
AATCGAACGGACGGAG-1,-0.803912061,-0.0651091,0.485650722,-0.199193648,-0.712832275
AATCGAATGTAACAGT-1,-0.698936385,-0.033311,0.403856787,0.044578207,-0.622100486
AATCGACTATCGCTAG-1,-0.745199724,-0.0823937,0.444312885,-0.058733942,-0.681724374
AATCGGCGCCAACGGT-1,0.100183384,-0.2266335,-0.177995837,0.098924706,0.224545843
AATCTATCTAACCGAG-1,-0.014708924,-0.2454889,-0.121456341,0.069445417,0.169811833
AATCTGCGAGACGTTC-1,0.045692131,-0.2509113,-0.161330738,0.090020266,0.21886565
AATCTGCGTTCCTTAC-1,-0.310108667,-0.2365697,0.077217816,-0.332528114,-0.103165238
AATCTTAGCCTCTGTC-1,0.000980867,-0.3227669,-0.02481449,-0.052955224,0.198574914
AATGAACTACGTCCAG-1,-0.766125443,-0.0887266,0.450283649,-0.034052972,-0.693323831
AATGAAGACGGTTCAG-1,-0.807097246,-0.0809102,0.511058293,-0.087175337,-0.637167957
AATGAAGAGGATGTAT-1,-0.100781387,-0.2924232,0.093789901,0.00615433,0.081665279
AATGAATCGGAAGGCA-1,0.006639841,-0.2142748,-0.151210209,0.162604907,0.053470742
AATGATCTTGACAGCG-1,-0.655484332,-0.1646504,0.38777564,-0.06089138,-0.536749708
AATGATTACAACCTAA-1,-0.605558752,-0.1600141,0.372531028,-0.580021515,-0.482797358
AATGCAATCACTGTCG-1,-0.584678737,-0.3692649,0.512835941,-0.432962379,-0.289057951
AATGCCGACGAGCAAC-1,-0.348189426,-0.499988,0.402511341,-0.374991205,-0.036076199
AATGCCGCGATTGAGC-1,-0.392839693,-0.2843931,0.250886826,-0.267152547,-0.138327697
AATGCGAACCTCGCGT-1,-0.154839283,-0.3058612,0.104169855,-0.222709823,0.110677003
AATGGACATCCTACTC-1,-0.814228995,-0.0669401,0.5165373,-0.075787921,-0.638959864
AATGGAGGACCTGGTG-1,-0.442405018,-0.200771,0.209211813,0.064823597,-0.267520434
AATGGCATAGTATCAT-1,-0.743452703,-0.062128,0.446597523,-0.248693264,-0.646490293
AATGGCTCCACGAATT-1,-0.338016144,-0.2444289,0.192277339,-0.489498096,-0.22338644
AATGGTCGAACGTGAA-1,-0.794701161,-0.1571967,0.546316123,-0.46279105,-0.620793074
AATGGTCGATACTCGG-1,-0.076650408,-0.2345958,-0.089609926,0.088993938,0.117196066
AATGGTCTCGAGCGCT-1,0.073482688,-0.2284336,-0.184353411,0.066240973,0.238712696
AATGGTGCGTCCTAAC-1,-0.651024038,-0.1529564,0.359546805,-0.038940754,-0.566193378
AATGGTTATTCTAGCT-1,-0.018256997,-0.2437885,-0.126683848,0.072267776,0.158727978
AATGGTTGAGTCGGAA-1,-0.561511976,-0.0249381,0.300139717,-0.058043141,-0.510487115
AATGTACTTAACATCA-1,-0.509705079,-0.0832737,0.315900314,0.045010334,-0.408877968
AATGTAGTCTTACGAG-1,-0.757065837,-0.0697376,0.422585615,-0.058611491,-0.716094868
AATGTCAGGTCATTAC-1,-0.789168744,-0.0329529,0.443484757,-0.012297539,-0.763926456
AATTACCAACTCCGTA-1,-0.332702408,-0.0684438,0.174245436,0.098416585,-0.218516635
AATTAGCAACCGTTCC-1,0.008196959,-0.247578,-0.133973261,0.072025573,0.20152106
AATTAGCTTAGGTGTA-1,-0.331162294,-0.2180475,0.128601562,0.088218129,-0.114365581
AATTATACCTCAATGA-1,-0.692113281,-0.1613542,0.442821378,-0.03121291,-0.576644341
AATTATCTAGATAACC-1,-0.371130135,-0.2262884,0.207617578,0.06587567,-0.277244301
AATTCTAACATCGTGC-1,0.036304587,-0.2671463,-0.105588062,0.000698886,0.040955797
AATTCTCAGACGCAAC-1,-0.585099683,-0.3256433,0.47560211,-0.548410597,-0.326972492
AATTCTCGCACCAGTA-1,-0.641262222,-0.1302493,0.359700192,-0.653534933,-0.50582137
AATTCTTGCATTGGTC-1,-0.63102391,-0.130283,0.357997361,-0.632079593,-0.532306017
AATTCTTGGATACGGA-1,-0.410958825,-0.1469262,0.140233954,-0.042840657,-0.254642047
AATTGAATTCACTAGA-1,-0.036628713,-0.3380659,0.024855527,-0.049656529,0.197063834
AATTGCATTGAAGAAT-1,-0.635289749,-0.4033246,0.606278479,-0.215991244,-0.284744104
AATTGCGGTGCTAATA-1,-0.28779131,-0.2257374,0.065726115,0.054010364,-0.081023071
AATTGCGTCAGACACT-1,-0.184424341,-0.2364304,-0.016415172,0.060692458,0.014199275
AATTGGACGGCATCGT-1,-0.186696796,-0.1990215,-0.014207037,0.072530851,0.001479709
AATTGGAGACATGGAG-1,-0.819202213,-0.0513571,0.521576577,-0.334252918,-0.667255772
AATTGGCTTGAGTTGC-1,-0.691130857,-0.1334294,0.428709273,-0.074474116,-0.587191876
AATTGGTTATGATACA-1,-0.626281443,-0.155518,0.400421811,0.001346253,-0.384220136
AATTGTAGAATCCTAG-1,-0.227653436,-0.2422126,0.040167532,-0.320329526,-0.063492453
ACAACCTTGGTGTCAA-1,-8.67E-05,-0.2785563,-0.115694489,0.0639418,0.196421477
ACAACGAGCGATCTGA-1,-0.300788657,-0.2507827,0.162553931,-0.048565317,-0.065295776
ACAACGCCGATAGTAT-1,0.006617791,-0.2360763,-0.142405413,0.019288823,0.190705642
ACAACGTGAATTCACG-1,-0.14480832,-0.2420838,-0.030725195,0.084798756,0.072885144
ACAACGTGGAGCTACT-1,-0.331817099,-0.326754,0.336779615,-0.187631805,-0.11622482
ACAACTAACCAGTGGA-1,-0.584960279,0.00240269,0.324286708,-0.165209348,-0.534111297
ACAACTAAGGTGTTAT-1,-0.764172435,-0.1127695,0.466550745,-0.114388554,-0.675984931
ACAACTAAGTGGCGCT-1,-0.481543493,-0.1676991,0.265956218,-0.069049154,-0.315838595
ACAACTGAATCCAGTC-1,-0.501893021,-0.2502569,0.260367635,-0.123829608,-0.325131801
ACAACTGTCGTGGATA-1,-0.375339038,-0.2035232,0.203018725,-0.032651003,-0.215697096
ACAAGTAGTTCCGGTA-1,-0.404556814,-0.1894421,0.244433795,-0.110968463,-0.260575732
ACAATACAATCCTTAA-1,-0.455759013,-0.2600175,0.335100502,-0.134848341,-0.247278713
ACAATACACTTCCATC-1,0.004318324,-0.2616718,-0.132436606,0.085604905,0.189533158
ACAATACAGGCGCCGT-1,-0.626191151,-0.0895402,0.379674218,0.003808442,-0.516218707
ACAATACGCCTTATTC-1,-0.711057045,-0.0431661,0.417888767,0.040254916,-0.631373413
ACAATAGGATCCAACC-1,-0.032354042,-0.2295693,-0.11246594,0.032337869,0.163567533
ACAATATCATCCGGTA-1,-0.553103506,-0.1722617,0.292710597,-0.171518789,-0.472962444
ACAATATGAATCATGA-1,-0.385737775,-0.2614416,0.172132447,0.033806109,-0.118851011
ACAATTGGTCGCGTAA-1,-0.479533606,-0.1116946,0.272505622,0.039330671,-0.336240797
ACAGAAGTGATCAATC-1,-0.811830543,-0.1062897,0.504132544,-0.070284538,-0.698032593
ACAGAATAAGAACCAT-1,-0.428487086,-0.2119549,0.25563969,-0.061145259,-0.241095649
ACAGAATAAGATAGTG-1,-0.532148738,-0.2174775,0.385879274,-0.705184482,-0.373328036
ACAGAATACATACTAA-1,-0.118171692,-0.3343747,-0.033093699,-0.137765743,0.090149629
ACAGAATCCGTTGCTT-1,-0.63918088,-0.0779433,0.376823549,-0.138305734,-0.540790867
ACAGAATCTTGATAAG-1,-0.734377663,-0.182298,0.507493114,-0.122791356,-0.583898935
ACAGAATGTCTTATTG-1,-0.615367762,-0.1337964,0.392424743,-0.558717543,-0.473850524
ACAGAATGTTGAGTCC-1,-0.754664299,-0.0775698,0.431093745,-0.051937653,-0.722278685
ACAGATCTGAAGTATC-1,-0.522764773,-0.2132087,0.261985296,-0.05009089,-0.31244821
ACAGCCAGGCATAAGC-1,-0.680263208,-0.1521272,0.430192518,-0.252639999,-0.578195679
ACAGGAACTACAGAAC-1,-0.808467628,-0.0297681,0.469982192,-0.09169141,-0.702673655
ACAGGACTGAGCCGAT-1,-0.455545454,-0.1277979,0.186749151,-0.043457693,-0.306565831
ACAGGAGTCATAATGT-1,-0.328371703,-0.1652501,0.185775557,0.012375267,-0.226186919
ACAGGATACCGGATTC-1,-0.1615007,-0.2214443,-0.008320518,-0.003270511,0.050764747
ACAGGCACGCGAGGAT-1,-0.660208139,-0.1595539,0.380545656,-0.588410183,-0.445380538
ACAGGCATTGAACCAT-1,0.025106527,-0.2751059,-0.135950451,0.015019907,0.205962282
ACAGGCCTTCTAATGC-1,-0.498212964,-0.1801931,0.245762271,0.026516062,-0.244707424
ACAGGTACCAAGGAAG-1,-0.445301915,-0.2047,0.263251004,-0.476215817,-0.289718315
ACAGGTGGACGACCTC-1,-0.450029791,-0.0759956,0.252439887,-0.330022275,-0.343651335
ACAGGTTCAGTGAACG-1,-0.776745325,-0.1738044,0.54866184,-0.405754261,-0.579751209
ACAGTACGCACTACCT-1,-0.534532533,-0.144681,0.327766898,-0.07098214,-0.369315965
ACAGTATGCCTGGATG-1,0.110652243,-0.2408416,-0.229606797,0.12100639,0.250727288
ACAGTCACAATATTAG-1,-0.390130127,-0.408254,0.360175544,-0.508908815,-0.126264263
ACAGTTGAGGCTAATG-1,-0.204520791,-0.03137,0.114969812,0.022192941,-0.122276072
ACATAACCTCTGCCTT-1,-0.382255729,-0.0964974,0.217544222,-0.507274431,-0.331413924
ACATAAGACGCATATG-1,-0.643055851,-0.0538277,0.32879182,0.032980743,-0.619824498
ACATAAGCAATGCGGT-1,-0.534183992,-0.2682085,0.333255865,-0.565971843,-0.352566117
ACATCACTGGCGTTCG-1,0.092754313,-0.2231335,-0.187820704,-0.070768372,0.210215567
ACATCGAAGTGATTAA-1,-0.372837617,-0.1018242,0.207602449,-0.30114439,-0.263854881
ACATCGAATGCGAACC-1,-0.686323582,-0.1754885,0.423706206,-0.305208488,-0.510456211
ACATCGCCACAAGAGG-1,-0.561340869,-0.3635611,0.496683745,-0.654983621,-0.278540836
ACATCGCCTAGTATGT-1,-0.646928035,-0.0993261,0.340245015,0.00735508,-0.57413851
ACATCGGCTTACAAGG-1,-0.798324069,-0.1518555,0.50955657,-0.15832267,-0.691237022
ACATCGTAGACAGGTT-1,0.07246959,-0.2223191,-0.195167399,0.060237644,0.237234873
ACATCGTCGGTCTACC-1,-0.503409992,-0.1420188,0.312125728,-0.18742634,-0.403430045
ACATCTACCTGTTCTA-1,-0.661005237,-0.1274808,0.413391054,-0.050240083,-0.530663528
ACATCTATCCGAACCA-1,-0.665670674,-0.2242117,0.441634807,-0.134240168,-0.549645312
ACATCTCAGTATTGCA-1,-0.752217833,-0.0325595,0.42475597,0.031499645,-0.715207176
ACATCTCGACAACCAC-1,-0.366169894,-0.1880756,0.223559343,0.075031396,-0.230184968
ACATCTCGCATAGAAT-1,0.007808061,-0.235409,-0.15590399,0.123821388,0.185615234
ACATCTGACCTTGTCT-1,-0.076510646,-0.3124027,-0.073169044,0.05326804,0.106436419
ACATGGATGCGTAAGC-1,-0.641790483,-0.1037607,0.423889811,-0.428821709,-0.491950829
ACATGTTCACCGGCAG-1,-0.441290943,-0.1387851,0.299641505,0.066930196,-0.295602374
ACATGTTCCACTGATA-1,-0.432012604,-0.1699965,0.295936497,-0.088788552,-0.26591758
ACATGTTCCAGGACGT-1,-0.737302981,-0.13221,0.486736532,-0.636863921,-0.591154949
ACATGTTGCTTGATCT-1,-0.706825379,-0.1915342,0.41277328,-0.615240003,-0.618100994
ACATTCCTGAGTTCCG-1,-0.781244364,-0.0294954,0.452910027,-0.053393801,-0.658758078
ACATTGAACTAAGCTA-1,-0.404185571,-0.3395901,0.284626584,-0.173198142,-0.198595866
ACATTGAAGGCGGTGC-1,-0.447523397,-0.1899836,0.148890009,0.094945849,-0.25561419
ACATTGAATACGCATA-1,0.015251971,-0.2643754,-0.122966724,-0.004620472,0.123007603
ACATTGATCGTAATCC-1,-0.192818348,-0.2456268,0.019533052,-0.098875036,-0.047363541
ACATTGCAGTTCGGCA-1,-0.707368047,-0.2404264,0.515231755,-0.142556145,-0.545486671
ACATTGGTTCACAGTG-1,-0.483170353,-0.1028312,0.236381005,0.056209592,-0.288598968
ACATTGGTTCTGCCGT-1,-0.703468573,-0.1883749,0.454583199,-0.208578211,-0.486411238
ACATTGTACATTCTTG-1,-0.739969591,-0.2836136,0.589253609,-0.195856893,-0.431568166
ACCAAGCACTTGCGCA-1,-0.660020646,-0.1919119,0.394201351,-0.24347714,-0.513091254
ACCAAGGCTTCGCTAG-1,-0.027587266,-0.3488199,-0.009380618,0.042142708,0.095106875
ACCAAGTGATGGTGAG-1,-0.783636431,-0.1324088,0.470265047,-0.095162431,-0.721764798
ACCAAGTGGCTGTATG-1,-0.757332132,-0.251154,0.547057868,-0.650872465,-0.580134628
ACCAATCATGGTTCAT-1,-0.62780173,-0.0997659,0.381694755,0.076583725,-0.485890409
ACCAATGAGCCTCATC-1,-0.513667012,-0.4334391,0.535623763,-0.580021097,-0.189170075
ACCAATGATCGCGGCC-1,-0.388032027,-0.2986188,0.21845995,-0.070369628,-0.200831046
ACCACGGAAGTTAATT-1,-0.708748181,-0.1996514,0.489448549,-0.507302582,-0.515635445
ACCACGGATCCGGATA-1,-0.268827903,-0.2274806,0.064189297,-0.030266801,-0.139505702
ACCACGGCCTCGCACC-1,-0.275832767,-0.2434773,0.073469683,0.045596249,-0.087460411
ACCAGCACTCCAATAC-1,-0.459496835,-0.1421241,0.271883552,0.071436955,-0.355660103
ACCAGTATGAAGTTCC-1,-0.666959901,-0.292045,0.56165522,-0.703848414,-0.402740065
ACCATAACTCCTCGTA-1,-0.451986438,-0.2662684,0.297222552,-0.51664549,-0.214843548
ACCATCCGTTCGAGTG-1,-0.755691072,-0.0626563,0.433249576,-0.011390626,-0.712261941
ACCATTAGATCGTGGC-1,-0.512854645,-0.1858921,0.257209185,-0.114601601,-0.339013384
ACCGAAGATGTCGGCA-1,-0.427345456,-0.2276388,0.283265076,-0.124843716,-0.275341088
ACCGAAGCCGAATTAA-1,-0.689198636,-0.2743759,0.547963088,-0.706040582,-0.418945574
ACCGAGAACGTGTTGG-1,-0.680837543,-0.1385187,0.352429733,-0.215634293,-0.72840987
ACCGAGGTGATACCGA-1,-0.673351075,-0.1168241,0.381040699,-0.21311588,-0.542341563
ACCGATTCCGGATACT-1,-0.623217432,-0.1110564,0.386461255,0.005004188,-0.474842659
ACCGATTGAGGATCTG-1,-0.730455828,-0.0124263,0.396344392,0.024232728,-0.710076108
ACCGCAGGTCGAGTTG-1,-0.523592233,-0.2096406,0.297466778,-0.217374362,-0.417181654
ACCGCTTGCTAAGCAG-1,-0.538113504,-0.1114952,0.280974083,-0.012226192,-0.473309837
ACCGGACGCCAAGCGT-1,-0.782256932,-0.0336009,0.469542937,-0.065049451,-0.615850839
ACCGGCACCATACTGC-1,-0.773071448,-0.1248865,0.485329501,-0.301699495,-0.665491153
ACCGGCACGTACGAAC-1,-0.331356574,-0.1641575,0.193683795,0.126788675,-0.175844502
ACCGGCCGACCTGCAC-1,-0.395378347,-0.2066642,0.267510083,-0.173394052,-0.221100447
ACCGGCCTCAGGAGTT-1,-0.737705372,0.00423499,0.410444621,0.040453713,-0.681924732
ACCGGCTATCGTGCGG-1,-0.654265485,-0.1741131,0.357493222,-0.654319644,-0.581020068
ACCGTACACGACCGTC-1,-0.669322672,-0.1176102,0.397373589,-0.123645351,-0.584335469
ACCGTACTATCGGAGG-1,-0.485012513,-0.1211547,0.310363892,0.020569465,-0.322199019
ACCGTAGGCGGAGGTT-1,-0.397894901,-0.2367645,0.155884135,0.06039756,-0.174663758
ACCGTCGAGTATACTC-1,-0.776345009,-0.0222121,0.438189508,-0.077570172,-0.723948883
ACCGTGTTATAAGTCG-1,-0.389116989,-0.4355992,0.362268162,-0.666631103,-0.115536149
ACCTAACAATCTTCAA-1,-0.648693128,-0.0670527,0.365288149,0.026561334,-0.573249167
ACCTAAGTAGAACAGA-1,-0.720684903,-0.064037,0.411729185,0.012098363,-0.689416927
ACCTAAGTGATAATCA-1,-0.702317002,-0.1350251,0.437499443,0.020837627,-0.577496339
ACCTAATGTTACCAAT-1,-0.31013634,-0.1081795,0.199801941,0.037495441,-0.189302797
ACCTAATTGTCGCTGA-1,-0.773587214,-0.0697774,0.425013249,-0.041236984,-0.73872333
ACCTATAACGAACTAC-1,-0.350654916,-0.1248577,0.196942098,0.079283745,-0.233543661
ACCTATGCTACCGGAT-1,-0.798208863,-0.0976363,0.475790189,-0.020754971,-0.700728065
ACCTCCACAGAACTCA-1,-0.376964819,-0.1918602,0.187183832,-0.263691974,-0.214880652
ACCTCCACAGCTACGT-1,-0.099337385,-0.2682388,-0.039645506,0.073862028,0.121555738
ACCTCCGATTATAAGA-1,-0.132050141,-0.3013557,0.165202029,-0.064226415,0.111190702
ACCTCCTAGAGGCATG-1,-0.577305342,-0.3103751,0.362626999,-0.00156439,-0.303721001
ACCTCGCACTAAGAGC-1,-0.262701351,-0.2011383,0.216563731,0.090636577,-0.107736913
ACCTGAGCAGGACCGC-1,0.002672565,-0.1981576,-0.116041527,-0.128403136,0.141333988
ACCTGCACTAGATGGC-1,0.016955067,-0.2596036,-0.137707938,0.09077867,0.207256907
ACCTGCCACTATCAAT-1,-0.6556701,-0.0299304,0.332877509,0.061256856,-0.635615814
ACCTGCCACTGCGGTT-1,-0.302821329,-0.2405874,0.125412521,-0.130775376,-0.13634949
ACCTGCCAGAGGATCT-1,-0.583560799,-0.2619686,0.412877777,-0.296023735,-0.357942383
ACCTGCTTATAGTTCG-1,-0.706156713,-0.0579254,0.349586596,0.00869278,-0.606229044
ACCTGCTTCCACATTG-1,0.010413224,-0.2473113,-0.133963956,-0.04932552,0.187099236
ACCTGCTTGAGCCTGG-1,-0.622988474,-0.0517895,0.347000891,-0.182195387,-0.494978535
ACCTGCTTGCTACGAC-1,-0.633378053,-0.1961254,0.431698637,-0.582128357,-0.450623892
ACCTGTAACCGAATAA-1,-0.390947504,-0.1941481,0.161616537,-0.085893699,-0.275762453
ACCTGTCTGCGGTTGT-1,-0.562890592,-0.098997,0.320734656,0.061573361,-0.473060982
ACCTGTGGCGCTGCAA-1,-0.748162241,-0.0991641,0.421201021,-0.089822447,-0.676979334
ACCTGTGGTCACCTCG-1,-0.786045408,-0.0345077,0.464848872,-0.040874869,-0.662112081
ACCTTCAGACCTCGGT-1,-0.501998786,-0.0436767,0.277469641,0.060744988,-0.442792824
ACCTTCGGTGCTACGA-1,-0.024327731,-0.2231143,-0.12350099,0.051192685,0.135863763
ACCTTGGCTCTGTAAG-1,-0.287975666,-0.1640082,0.195979022,0.094589146,-0.163394028
ACGAACATAGGATCGG-1,-0.039966817,-0.2226723,-0.099255735,-0.213969581,0.13071798
ACGAACGCACGAGCAC-1,-0.457766117,-0.1120051,0.257332045,0.033510061,-0.275094625
ACGAAGATCGAATTGA-1,-0.781001453,-0.0940099,0.45813677,-0.150097502,-0.727861376
ACGAAGCCACCTGAGG-1,-0.136052971,-0.2083916,-0.044785273,0.132204778,0.071444428
ACGAAGCTCATCCTCG-1,0.095287451,-0.2296022,-0.210205038,0.096454762,0.253730102
ACGAAGTTCCAGCACC-1,-0.17699555,-0.1917621,0.149795382,-0.446540543,-0.077876707
ACGACAAGCACTTCAC-1,-0.668249921,-0.23957,0.467874656,-0.300861995,-0.468751439
ACGACTGAAGACTTAC-1,-0.783864089,-0.0520548,0.462541719,-0.353989873,-0.719351012
ACGAGGACAACTCACC-1,-0.284196976,-0.2157261,0.067860371,0.023015089,-0.063410607
ACGAGGACCTGCTAGT-1,-0.293183211,-0.2633182,0.102016986,0.001482391,-0.119332815
ACGAGGCTAGGTGGCT-1,-0.112611089,-0.2806594,-0.034462771,0.072746914,0.108903008
ACGAGGCTTAATCACG-1,-0.322783315,-0.2761271,0.26808482,0.003135804,-0.156466622
ACGAGTGCGTGCGTTC-1,-0.74861395,-0.1571648,0.458339844,-0.118887744,-0.655371672
ACGATGACTATTAGAT-1,-0.484548842,-0.229714,0.253659124,-0.006659081,-0.330778804
ACGATGCGAAGGAGCA-1,-0.412199447,-0.195779,0.241468842,-0.070630123,-0.236590724
ACGATGCTCCAATACA-1,-0.779980027,-0.020491,0.440732023,-0.106881928,-0.714360749
ACGATGTCGCACAATC-1,-0.151950489,-0.2133071,-0.01350507,0.047692236,0.023832341
ACGATGTCGTTGCCAA-1,-0.439778158,-0.2079088,0.280353067,0.027281328,-0.269699006
ACGATGTTACCTCATT-1,-0.519960972,-0.4367641,0.537342275,-0.393093344,-0.154070125
ACGCAACGAAGAGTAT-1,-0.744007656,-0.0439305,0.397866999,-0.051078025,-0.652161711
ACGCAACGTGTAATTG-1,-0.530368423,-0.2112473,0.28912851,0.015986847,-0.389006218
ACGCAAGCTCCGCTTA-1,-0.416198913,-0.185512,0.133819669,0.045021848,-0.226471499
ACGCAAGGCATAAGTC-1,-0.092634277,-0.2481109,-0.084906244,0.0538635,0.089823147
ACGCAAGGCGTCCAAT-1,-0.284408273,-0.0224997,0.137966657,0.029673384,-0.200991926
ACGCAATAGTATACGA-1,-0.276935064,-0.288188,0.119466696,-0.145087538,-0.022538638
ACGCACATTGTAAGTA-1,-0.714080674,-0.0895495,0.395212378,-0.205315567,-0.639969486
ACGCATCGTCGAGCAG-1,-0.185748303,-0.2922227,0.031562533,0.037742841,0.055569811
ACGCCGGCATAGTCAG-1,-0.552962174,-0.289409,0.350033725,-0.699994865,-0.421603866
ACGCCGGCATCACTGG-1,-0.570500113,-0.1349386,0.346127052,-0.694969559,-0.437013424
ACGCCTCCGATGTTCC-1,-0.581293721,-0.3770922,0.486993707,-0.576252285,-0.28307684
ACGCGGAAGAGTTCCG-1,-0.767220141,-0.0394993,0.420838996,-0.052232398,-0.746822704
ACGCGGCTCAAGTTCA-1,-0.766332434,-0.0370256,0.420140436,0.026061253,-0.745746682
ACGCGTAGACTCAACT-1,0.057850223,-0.2250944,-0.168484903,0.06866429,0.235161925
ACGCGTCGGTGAGGTT-1,-0.779067957,-0.1762138,0.54725333,-0.46174987,-0.572598997
ACGCGTTCCAGCCTTC-1,0.008022371,-0.2369084,-0.136948459,0.062137295,0.188100531
ACGCGTTCGCGATCAT-1,0.024274049,-0.2298545,-0.150652419,0.056197466,0.204048518
ACGCTCAGTGCACCGT-1,-0.098827675,-0.3031374,-0.026272647,-0.129228305,0.141653326
ACGCTCAGTGCTATTC-1,-0.737751311,-0.1010915,0.409218534,-0.06708481,-0.660012657
ACGCTGCGATTAACGA-1,-0.767369827,-0.089313,0.435097455,-0.108156922,-0.714952319
ACGGCCGGAACGCTAG-1,-0.004304692,-0.2469834,-0.134113168,0.082296656,0.174197204
ACGGCCGTCAACGTAT-1,-0.394785894,-0.1796801,0.227979393,-0.215376031,-0.305818646
ACGGCCGTGACATTAA-1,-0.663866269,-0.1776959,0.445664944,-0.093215593,-0.532677471
ACGGCCTGGCTAAGTT-1,0.051183101,-0.2376661,-0.170498356,0.08919682,0.230670243
ACGGCCTTGCCAGAAC-1,-0.540611835,-0.2191505,0.289715586,-0.043414468,-0.412401301
ACGGCTATGGCATACC-1,-0.684746928,-0.3065583,0.552587803,-0.709564434,-0.397041069
ACGGCTTAACGATAGT-1,-0.730636219,-0.1812073,0.438285729,-0.103488594,-0.551021907
ACGGCTTACGTATGCC-1,-0.697569061,-0.0596507,0.3999687,-0.029745494,-0.5615416
ACGGCTTATTGGTATG-1,-0.713253024,-0.1197501,0.396918877,-0.485695007,-0.671628612
ACGGCTTCAGGTACCG-1,-0.12759209,-0.2645007,-0.044677351,0.08607052,0.069454558
ACGGCTTCCATCGGAA-1,-0.789628558,-0.1227039,0.506157999,-0.144166828,-0.678009182
ACGGCTTCGATTAAGC-1,-0.776404006,-0.046779,0.432087251,-0.001177829,-0.748963961
ACGGCTTGTTCAATCG-1,-0.785487255,-0.0314838,0.438986026,-0.041704747,-0.750963563
ACGGTCGCATCTAGAA-1,-0.587350568,-0.4726651,0.592365011,-0.663307934,-0.237820426
ACGGTCGGACAGGCGA-1,-0.030210125,-0.2769425,-0.022865689,0.059262455,-0.001987467
ACGGTGATAATGTTAC-1,-0.044257238,-0.2464655,-0.106797546,0.099369352,0.138933536
ACGGTGTACGGTGCCA-1,0.048404279,-0.246575,-0.176204685,0.101811203,0.21528698
ACGGTTACATCCGAAG-1,-0.637470808,-0.2641604,0.455426794,-0.620251877,-0.428631575
ACGGTTCACCTTCCGG-1,-0.770584506,-0.1251678,0.513311869,-0.165953682,-0.577276764
ACGGTTCGCAAGTAAC-1,-0.226677497,-0.2718131,0.061752564,-0.018859092,-0.058641429
ACGGTTCGTACAGTTG-1,-0.802898279,0.01991759,0.463745459,-0.07712905,-0.715321453
ACGGTTCGTCCGACCG-1,-0.792391587,-0.0146102,0.445753617,-0.002210826,-0.757911361
ACGTCAGATTACTTCG-1,-0.689781634,-0.0025034,0.378243995,0.057586791,-0.625843387
ACGTGAAGGTCGCCTC-1,-0.48243649,-0.2618813,0.301073251,-0.46971928,-0.296895806
ACGTGCAATTATTCGG-1,0.091935258,-0.223328,-0.202259967,0.073461338,0.246325874
ACGTTAATACAATGAC-1,-0.67391461,-0.1232737,0.375646993,-0.240747215,-0.496888817
ACGTTACGCAGACAGC-1,-0.739843214,-0.0268108,0.420620117,0.026641878,-0.641235174
ACGTTAGGCTCAAGCC-1,-0.033671025,-0.2074673,-0.11691727,0.016407969,0.136023783
ACGTTAGTACTGGACA-1,-0.046181026,-0.2921554,-0.134879077,0.033421706,0.094216606
ACGTTCACATGATCTG-1,-0.327841338,-0.2174919,0.115103207,-0.049686914,-0.148893273
ACGTTCACGACTAGGT-1,-0.555335438,-0.2020101,0.393088571,-0.596637202,-0.377332122
ACGTTCACTAGTTGTA-1,-0.651925334,-0.0165958,0.338645811,0.05325659,-0.609472763
ACGTTCCATTACCTCA-1,-0.275772252,-0.2729562,0.144227718,-0.600743755,-0.133879631
ACGTTCGTCCGCCTAT-1,-0.728200263,-0.0304593,0.412341761,-0.062500809,-0.680421761
ACGTTCTATGCACGAC-1,-0.719540405,-0.26218,0.518735552,-0.699031271,-0.528092919
ACGTTCTGCCATAATC-1,-0.436117918,-0.1755861,0.294002561,-0.101155641,-0.270358231
ACTAATAGTCAACATA-1,-0.1375749,-0.2523089,-0.029709172,-0.099228388,0.064291449
ACTAATCGGCCACCGA-1,-0.622084158,-0.0842188,0.36012015,-0.178666696,-0.440860216
ACTAATGCCTTGCATC-1,-0.497266038,-0.0574278,0.29896446,0.044733823,-0.340187619
ACTAATTCTATGCGCA-1,-0.04658507,-0.2439826,0.06176227,0.027626478,0.125041818
ACTACAATGACCGTAA-1,-0.065288594,-0.2527652,-0.078017973,0.056776762,0.137659427
ACTACCAACTGTGGCT-1,-0.423387027,-0.2187811,0.320369838,0.041656219,-0.239563954
ACTACCTTGGTTGACC-1,-0.252836889,-0.3116889,0.067420442,0.082098288,-0.001314483
ACTACGCCTCATGATT-1,-0.621938236,-0.1009822,0.341118137,-0.693652861,-0.532233507
ACTACGTCTAATGGCC-1,-0.418940889,-0.2466123,0.167421538,-0.187109842,-0.177566282
ACTAGATCTGAAGCGG-1,-0.792071716,0.02324335,0.436409348,0.02965582,-0.736727262
ACTATCAAGGACGGAA-1,-0.388441602,-0.1737975,0.10311422,-0.118063401,-0.302601719
ACTATGAGGTTCTGTC-1,-0.516662552,-0.1948836,0.269337399,-0.137601255,-0.488830994
ACTATTACCAGGTGCT-1,-0.571518873,-0.2572311,0.377720685,-0.04471461,-0.479163073
ACTATTAGACAGGCTG-1,-0.752058706,-0.0661798,0.414320725,-0.354451718,-0.700665821
ACTATTAGCCTAATCG-1,-0.105275082,-0.2788196,-0.032954106,-0.273652596,0.099241666
ACTATTGCGAGCTAGA-1,0.093820215,-0.2351029,-0.206261641,0.102097686,0.255985655
ACTATTGTTCGCACAG-1,-0.709256131,-0.0844198,0.385216501,0.06233436,-0.640938958
ACTCAGCGGTAGATTG-1,-0.136554997,-0.3275987,0.168349835,0.010625853,0.120410658
ACTCAGCTCGAGTGTC-1,-0.011362691,-0.2251587,-0.137552635,-0.172130424,0.171556654
ACTCAGCTTCTGAGAC-1,-0.1772074,-0.2138176,-0.008752166,0.084028368,0.029138182
ACTCAGGCCTGCAACT-1,-0.818291478,-0.0657185,0.507185956,-0.345213399,-0.66919992
ACTCAGTAGATACAAT-1,0.074987171,-0.2317182,-0.183811295,-0.041964612,0.176481458
ACTCAGTGAGCCTCCA-1,-0.633005975,-0.2289937,0.487360866,-0.436281786,-0.400596348
ACTCCACGTTCGCTAC-1,-0.307264444,-0.1858589,0.114421706,0.053421198,-0.151048692
ACTCCAGGCCGAAGAC-1,-0.422488239,-0.1796263,0.204932567,-0.623702021,-0.239588373
ACTCCAGTAGCTCCAG-1,-0.664648645,-0.0715009,0.344887892,0.077835147,-0.598915366
ACTCCTATGTTCCTAC-1,-0.707655145,-0.2562036,0.502355087,-0.209200009,-0.540428888
ACTCCTGACCACTGAG-1,-0.106931977,-0.2252965,-0.059015853,0.041428706,0.068200691
ACTCCTGCGGCAACCA-1,0.012211757,-0.2420914,-0.137466184,0.078392472,0.199558916
ACTCCTTGTCCAGACC-1,-0.639729766,-0.3340911,0.477214962,-0.668714387,-0.371856411
ACTCGAACGTTCGTTA-1,-0.205250136,-0.2462922,0.000903892,0.138987551,0.008065439
ACTCGACGTACACGCC-1,-0.196027463,-0.2111046,0.005984204,0.025573839,0.003778478
ACTCGAGTCCAAGTTG-1,-0.290306955,-0.1811945,0.068896696,-0.4046772,-0.117240304
ACTCGATAAGACCAGG-1,-0.050208747,-0.2399651,-0.104768638,0.101938977,0.150329955
ACTCGATTGATATCCA-1,-0.798919288,-0.0278438,0.45156872,-0.159593524,-0.748588398
ACTCGTATTGTCAGAA-1,-0.667125703,-0.2601538,0.506445232,-0.178703635,-0.460189144
ACTCGTTCCTGATACA-1,-0.51220103,-0.1692913,0.340505175,-0.601638392,-0.338384448
ACTCTAAGCTTGCGCC-1,-0.569242674,-0.0799368,0.346383845,-0.324635346,-0.421046765
ACTCTACTTCCGCATT-1,-0.79555294,-0.0351955,0.458865469,-0.069602275,-0.717236004
ACTCTGACCTTACTGA-1,-0.710182231,-0.152088,0.435863558,-0.556166324,-0.592446593
ACTCTTGCGGAGAACC-1,-0.529967427,-0.26703,0.368910993,-0.028058929,-0.441399102
ACTGACGGCCATGTCT-1,-0.65076354,-0.2587716,0.451327543,-0.62345788,-0.458376262
ACTGACGGCGAATAGT-1,-0.77666477,-0.0696018,0.426309864,-0.013047034,-0.740587972
ACTGACGTGATATTGG-1,-0.546389151,-0.2143581,0.31053079,-0.017091658,-0.400806656
ACTGACTCTGCTGGCC-1,-0.13160185,-0.2775075,-0.032404413,0.0910469,0.076929607
ACTGACTGTCATCTAC-1,-0.760878441,-0.0398121,0.425104657,0.003821525,-0.725837258
ACTGAGACCTTAGCAC-1,-0.735451531,-0.041172,0.411099072,-0.087528755,-0.705957885
ACTGAGCAAGAACACG-1,-0.002464588,-0.3048825,-0.154353588,0.091432667,0.161763251
ACTGAGCGATTACTAA-1,0.054092826,-0.2530852,-0.14242755,-0.031578862,0.188149399
ACTGAGCGCAACTCAT-1,-0.458995217,-0.1784274,0.192007569,0.018957937,-0.274375372
ACTGAGGATAGGCGCT-1,-0.011287026,-0.2391792,-0.124986998,0.054628268,0.188128357
ACTGATACAGAACGTC-1,-0.495356032,-0.1479283,0.208969553,-0.086299097,-0.408930498
ACTGATACCTTCACTA-1,-0.695799267,-0.1330878,0.417652027,-0.069681994,-0.608450862
ACTGATACTCCATTAC-1,-0.171640456,-0.2685786,0.010675878,0.050069222,0.063030743
ACTGATAGCACGGTCT-1,-0.447697737,-0.1903947,0.310151435,0.073928113,-0.270400241
ACTGATGTCCACTCGC-1,0.053496332,-0.2243274,-0.176405316,0.063921086,0.222759718
ACTGCAACTTCAGTCA-1,-0.019774174,-0.2385624,-0.136901939,-0.117184422,0.134559576
ACTGCAAGGCTTCTCG-1,0.129302592,-0.2484454,-0.250649625,0.120246887,0.248447521
ACTGCATCTTGTTCCA-1,-0.424399177,-0.1837809,0.266671993,0.054711783,-0.285691056
ACTGCCGTTGGTGAGC-1,-0.096135918,-0.2757007,0.046662863,-0.347462475,0.143192511
ACTGGTAAGGCCTCAG-1,-0.760933531,-0.1265531,0.480938654,-0.090817747,-0.68381065
ACTGGTGATTCCGATC-1,-0.024142027,-0.2346992,-0.125059101,-0.114211938,0.15630157
ACTGGTTCTGAACGAT-1,-0.489450125,-0.2915354,0.271250975,0.041423529,-0.215109311
ACTGTACAATTCTACT-1,0.008595901,-0.2297226,-0.158334782,0.107079614,0.17177179
ACTGTACATCCGATAC-1,-0.455474956,-0.2516015,0.255108892,-0.054936003,-0.219907806
ACTGTAGACAAGGAAT-1,-0.284446525,-0.2189599,0.074167527,-0.184671452,-0.069256906
ACTGTAGAGTGCCGGC-1,0.091654762,-0.2597233,-0.21906916,0.107569583,0.213539847
ACTGTAGCAGCTTCTG-1,-0.253779368,-0.2561429,0.0645305,-0.190373031,-0.004964824
ACTGTATGATCCTCAT-1,-0.36613748,-0.1190166,0.246073947,-0.138726885,-0.263865459
ACTGTATTCTAGTCCA-1,0.020982373,-0.2248193,-0.164457222,0.092976299,0.194129256
ACTTAAGCCAGTAGGA-1,0.004939865,-0.2514388,-0.140415393,-0.062001072,0.127617559
ACTTCGACGGATCATT-1,-0.483713558,-0.1569051,0.28424808,0.075760603,-0.375531633
ACTTGAAGCGAGCGGT-1,-0.801107355,-0.1792616,0.565607467,-0.588204492,-0.592040108
ACTTGAATGTATTGGA-1,0.076050749,-0.2469727,-0.178256144,0.062710767,0.249165389
ACTTGAATTAACTTAG-1,-0.654513891,-0.0886873,0.337833304,2.18E-05,-0.530351926
ACTTGAATTAGCCGGT-1,0.028530993,-0.2400233,-0.160946109,0.093714546,0.203745891
ACTTGACTGAGCACGA-1,-0.747041458,-0.1034284,0.446821469,0.037764914,-0.527788427
ACTTGAGCACGAACAT-1,0.060371021,-0.2531677,-0.16848451,0.090614837,0.234414341
ACTTGAGCCGTTCTTA-1,-0.586717304,-0.3597929,0.505975611,-0.080210712,-0.359617409
AGAACAGGAGCATGGA-1,-0.762027059,-0.074753,0.448967602,-0.085503376,-0.717436083
AGAACATACTGGTCGT-1,-0.120434694,-0.2445109,-0.039627898,-0.153318375,0.00574155
AGAACTTCGATGCGTA-1,-0.697587047,-0.0791369,0.378923511,-0.157068163,-0.615755583
AGAAGCAATGAGGAAC-1,-0.304809459,-0.2279966,0.092103721,-0.130879128,-0.156342086
AGAAGCAGCCTAAGCT-1,-0.615170306,-0.2403259,0.406697262,-0.624430067,-0.49956522
AGAAGCGATGTTCTAA-1,-0.369980378,-0.2662237,0.201007386,-0.1973417,-0.237241664
AGAAGCTGGCCTAGTG-1,-0.545613924,-0.3519228,0.369868594,-0.224438404,-0.305110342
AGAAGCTTGCCTCCGC-1,-0.49537844,-0.2309747,0.224264461,-0.076529616,-0.293152158
AGAAGGATGGTATGAA-1,-0.585378925,-0.1312239,0.336673561,-0.598551021,-0.463500794
AGAAGGCGTAGAATAG-1,-0.692639881,-0.3234551,0.526550768,-0.428648052,-0.500515506
AGAAGTTAACCAGAGC-1,-0.476625791,-0.2610222,0.266689312,-0.024921145,-0.337914034
AGAAGTTGAGCGCAAG-1,-0.64493527,-0.3225219,0.5263508,-0.508526326,-0.396478752
AGAATTCTGTTGACAA-1,-0.022615363,-0.2388132,-0.122040238,0.066703691,0.158420674
AGACAAGACGTATCGC-1,-0.618023856,-0.1403273,0.319633622,-0.593915036,-0.503598783
AGACATCTTAGCACCT-1,-0.420032544,-0.1222859,0.225808755,-0.011531679,-0.285856313
AGACCGAACCGATGTC-1,-0.557411034,-0.3102957,0.366756075,-0.401701172,-0.368950353
AGACCGAAGACTACTC-1,-0.191352549,-0.2501277,0.01727681,0.041745338,0.048418936
AGACCGACCGCAGACA-1,-0.812302465,-0.1584718,0.551550105,-0.370431244,-0.617551861
AGACCGCCAAGTTCAA-1,-0.53564061,-0.137214,0.320545239,0.060266371,-0.391130846
AGACCGCCGGCCAATG-1,-0.798436981,-0.0453183,0.45825644,-0.021435142,-0.757952327
AGACCGGACTGTCCAT-1,-0.509347956,-0.0561582,0.296378749,0.100023192,-0.424703124
AGACCGGAGCAACGCT-1,0.030577297,-0.292169,-0.110893834,-0.037765309,0.155461065
AGACCGGTATCCGTGG-1,-0.489512132,-0.0472559,0.261581827,0.106520708,-0.418758255
AGACCGTCACTGAGCT-1,-0.328257252,-0.2544027,0.174597315,-0.140964377,-0.123644391
AGACCGTCATTAGTTA-1,-0.79839958,-0.0700177,0.486258184,-0.112098504,-0.720806899
AGACCTATCCTTATAG-1,-0.737428411,-0.180749,0.475804118,-0.025903701,-0.591601367
AGACCTCAGCGAGGTG-1,-0.7151577,-0.1410428,0.396396795,-0.078546682,-0.702498717
AGACCTGATAACAGTG-1,0.087718586,-0.24065,-0.20271297,0.080711626,0.248443035
AGACCTTCGCGTGAAC-1,-0.660633747,-0.3572057,0.554396992,-0.08655848,-0.4299103
AGACGAGTATACGGAA-1,-0.581934666,-0.374694,0.500533584,-0.477458086,-0.31888223
AGACGATGCTGATAAT-1,-0.5450455,-0.1228847,0.310057622,0.001145814,-0.529486496
AGACGCGTGATGCATC-1,-0.331356977,-0.2320756,0.15273262,0.028215357,-0.341052628
AGACGCTTGGCCTCAC-1,-0.611426496,-0.1204482,0.392502407,-0.484572529,-0.470349459
AGACGGCCTTACGGAG-1,-0.722132564,-0.0451546,0.387325553,0.024574022,-0.573825083
AGACGTAGGCGGACCG-1,-0.63448055,-0.1744017,0.342092734,-0.066458123,-0.485685676
AGACGTGGCGTTGAGT-1,-0.797435441,-0.0687508,0.455762997,-0.114059461,-0.732415469
AGACGTTGCACCGCCA-1,-0.343335923,-0.3804852,0.271852329,-0.236594408,-0.089416376
AGACTACGTGCTCCAT-1,-0.400948178,0.00702672,0.212541064,0.08380858,-0.345703643
AGACTCAGACAGATAA-1,-0.713479632,-0.1074349,0.413280783,-0.061167497,-0.593436015
AGACTCATGACCTGGC-1,-0.8059572,-0.0134743,0.458032106,-0.085321473,-0.720193623
AGACTCATTGCGGACA-1,-0.760294917,-0.0857717,0.479029896,-0.049133172,-0.548350671
AGACTCCGCTTCGTAT-1,-0.515466797,-0.1006075,0.273628375,-0.040746843,-0.421591889
AGACTCCTGTATGGCG-1,-0.79170654,-0.0322221,0.453934345,-0.119822165,-0.66315837
AGACTCCTTATCATAC-1,-0.012113823,-0.2507279,-0.127354231,0.067993284,0.161500399
AGACTCGACTCCTAAT-1,0.000846383,-0.2360684,-0.149168496,0.057725873,0.174839857
AGACTCTATTAGCGCT-1,-0.630074147,-0.08586,0.353202629,-0.030465691,-0.60032697
AGACTGGAACCGTTGG-1,-0.627611347,-0.1718118,0.3899813,-0.525095975,-0.529968837
AGACTGGTAAGGAGGT-1,-0.536028645,-0.0779621,0.312222701,0.079475993,-0.441705582
AGATAACCAATACGCC-1,-0.283738893,-0.0381815,0.159345579,0.007612614,-0.193429645
AGATAAGCCACTCATA-1,-0.643363573,-0.0444143,0.361307128,-0.024142264,-0.405210044
AGATAAGTGCTACGAC-1,-0.209830089,-0.2066429,0.009253951,0.060383734,-0.043713075
AGATACAAGGATGGTG-1,-0.744470824,-0.1373737,0.420837483,-0.316584881,-0.734959473
AGATACATCTACGCAC-1,-0.603460894,-0.2184128,0.359063285,0.064397944,-0.452944479
AGATACTAATCAGGCG-1,-0.632402041,-0.1609602,0.353152353,-0.134226308,-0.475165198
AGATAGGTGAATTGCC-1,0.026989875,-0.2528282,-0.079850071,0.052323053,0.195218459
AGATAGGTGACCGCGT-1,-0.572931515,-0.3009461,0.387591328,-0.250438686,-0.391189186
AGATCAACTCGCTATG-1,-0.625314215,-0.3344882,0.486741733,-0.352483638,-0.400069318
AGATCAAGCATCTACT-1,-0.731451479,-0.1185223,0.414934299,-0.213744732,-0.595357121
AGATCAGTCGATAGAA-1,-0.725951013,-0.2225456,0.553060619,-0.032131134,-0.474787283
AGATCATTCACGCTGT-1,-0.700691778,-0.1524695,0.417293521,-0.256617828,-0.591386038
AGATCTAACGAGCTCA-1,-0.098313083,-0.3157973,0.091294671,0.000669335,0.102912781
AGATCTAACGTAATGT-1,-0.023225603,-0.2476973,0.008778184,0.05363504,0.13441582
AGATCTCCGCCTTATT-1,-0.777435074,-0.0396976,0.427190528,-0.197539908,-0.729966535
AGATGAGGCGCCTCCA-1,0.018846587,-0.2348979,-0.152410028,0.100465171,0.207187005
AGATGCACGTAGGTGC-1,-0.685864228,-0.2059401,0.454070446,-0.058336173,-0.573958216
AGATGCGGCTAGTGAC-1,-0.473135734,-0.4166271,0.403588343,-0.514847962,-0.163138159
AGATGCTCCGTCATCT-1,-0.669596808,-0.1534023,0.448126737,-0.216887313,-0.493064717
AGATTGAGTTAGGAAC-1,-0.678319407,-0.1296906,0.423016479,-0.520523629,-0.586751296
AGATTGCGCCTCGCTC-1,-0.760252412,-0.2174501,0.527684016,-0.540165988,-0.584382874
AGCAACAGTATGTCGC-1,-0.526734424,-0.5257405,0.572405859,-0.600000425,-0.159223646
AGCAATAACAATTCCA-1,-0.256711395,-0.248772,0.083205113,-0.165876418,0.006348643
AGCACCTCCAATCACG-1,-0.615863215,0.01925241,0.352695578,0.005641332,-0.518693104
AGCACGAGATAACGGT-1,-0.733712601,-0.0780129,0.413285674,0.040822786,-0.668559754
AGCACGATACCTAAGC-1,-0.004990084,-0.255168,-0.115194432,0.065144309,0.197340033
AGCACGCTCGATCTAA-1,-0.806342384,-0.0575077,0.484552276,-0.240096808,-0.696800244
AGCACGGAGGCAGTCA-1,-0.706524155,-0.1102177,0.378786455,0.048777169,-0.590767038
AGCACGTGCACCTCTG-1,-0.51460428,-0.0927044,0.332622401,0.102732564,-0.33133994
AGCACGTGCACTGTAA-1,-0.719245831,-0.0943865,0.388056128,-0.000996205,-0.57258907
AGCACTCATACAGAAC-1,-0.740660565,-0.0865351,0.41914446,-0.008383301,-0.688422341
AGCACTGCATCCTAGC-1,-0.06294094,-0.2187598,-0.095343024,0.082348304,0.132387249
AGCAGGATAGGTCTCC-1,-0.447900167,-0.1930878,0.276511539,-0.040927331,-0.344284849
AGCAGGTAAGTATCTG-1,-0.70982256,-0.156636,0.466872243,-0.295732926,-0.568587962
AGCAGGTATGCCATTG-1,0.05320452,-0.2010432,-0.118967244,-0.023876275,0.223601348
AGCAGGTGCAATGGTT-1,-0.339345171,-0.1540257,0.189091688,0.02553489,-0.240105788
AGCATAATTCCAGATA-1,-0.001241443,-0.2610938,-0.122880382,-0.304340346,0.192404914
AGCATCCTGACAGCCG-1,0.07072654,-0.2236159,-0.182409893,0.06604021,0.24826197
AGCATGAGCGAATATT-1,-0.747279185,-0.1323119,0.469918208,-0.643644564,-0.574854421
AGCATGCACCGCGTCA-1,-0.697447816,-0.1306602,0.374693772,-0.114679997,-0.610831824
AGCATTAGACGGATTG-1,0.045274207,-0.2390282,-0.164238417,0.070518961,0.224444424
AGCCAGATACTCGAAC-1,-0.190210026,-0.2189547,-0.000742428,0.038642631,0.018334405
AGCCAGATCAAGATTC-1,-0.508827334,-0.1708364,0.222179161,-0.020866326,-0.294745744
AGCCAGCGGCAAGCGT-1,-0.347453612,-0.1112751,0.20882791,0.039681243,-0.202301186
AGCCAGCGTTACAGTC-1,-0.731066858,-0.1035269,0.452203305,0.052305558,-0.627624275
AGCCATCCGTCAACTC-1,-0.597966539,-0.1803539,0.371397154,-0.009870736,-0.456357242
AGCCGACCGATGTACA-1,-0.439157228,-0.3037257,0.339840347,-0.057493205,-0.257089304
AGCCGATGTTCTACTC-1,-0.364882803,-0.2229499,0.254272634,-0.173067805,-0.139899999
AGCCGGCCTATTCCAG-1,-0.776968932,-0.1102135,0.508291743,-0.184837448,-0.569702611
AGCCGTAGACTCTGAA-1,-0.7113378,-0.1188617,0.41612669,-0.271728713,-0.624261247
AGCCGTAGTGGAGTGC-1,-0.261513661,-0.2151876,0.06949711,-0.027573337,-0.082287428
AGCCGTATCTTCGTCT-1,-0.431342376,-0.1362676,0.136909087,-0.00040413,-0.314523789
AGCCGTATTCAACCGT-1,-0.387333683,-0.1824564,0.227533013,-0.026961725,-0.244002558
AGCCGTTGCATCCTAG-1,0.039244891,-0.2465449,-0.167148189,-0.102418855,0.208787143
AGCCTACGGTGACCAA-1,0.001716147,-0.2745306,-0.060429044,-0.025729474,0.177781884
AGCCTCCGAACTACCA-1,-0.722306861,-0.2683106,0.522957961,-0.654177761,-0.533315378
AGCCTCGCATGGTCCT-1,-0.196128487,-0.246909,0.046239632,0.00790841,0.01555659
AGCCTCTATGCAGCAA-1,-0.53184875,-0.2099745,0.281858998,-0.112097431,-0.516393757
AGCCTCTGTTCCGATG-1,0.111185732,-0.282531,-0.22651664,0.161059661,0.255669899
AGCGACAGCTACATCG-1,-0.217417056,-0.1102423,0.106451846,0.137056063,-0.103329885
AGCGACATCCTTCTAA-1,-0.345636702,-0.0997471,0.202644806,-0.556810019,-0.267731606
AGCGACATTCGATCTG-1,-0.419196047,-0.0942538,0.241951307,0.015269876,-0.353851715
AGCGACCGTTCTATAC-1,-0.32120863,-0.2960244,0.166380724,-0.710709409,-0.134516816
AGCGACTATGTATCTT-1,-0.77500145,-0.1214066,0.498518855,-0.172070606,-0.632464795
AGCGAGAACAGATTCT-1,-0.801406843,-0.0562946,0.462747655,-0.043619011,-0.731842734
AGCGAGGAACTGGTCC-1,-0.72633566,-0.0147545,0.398975604,-0.006319681,-0.702604752
AGCGCAGATGAGGTGC-1,-0.052179864,-0.1450937,0.070955545,0.011888523,0.072159453
AGCGCATCGTGGTCGA-1,-0.336363837,-0.2105898,0.125684368,-0.101845612,-0.197316588
AGCGCTAGGTACGCAA-1,-0.599956487,-0.2346959,0.372900301,-0.113268379,-0.388698529
AGCGGAATGTCGCTGT-1,-0.795419311,-0.0684601,0.456826748,-0.328633196,-0.734199105
AGCGGATCGCGGACAG-1,-0.245706411,-0.3013094,0.096216713,-0.332083255,-0.105713612
AGCGGCGAATAATCTT-1,-0.753946652,-0.1117345,0.445342153,0.002906777,-0.67330735
AGCGGTACGCCGAGAA-1,0.091954198,-0.2279695,-0.205656416,0.080086136,0.251454515
AGCGGTACGGCGCATC-1,-0.047674118,-0.2435888,-0.06820932,-0.142594158,0.116691316
AGCGGTGAGTGACATG-1,-0.759147917,-0.1039445,0.48013115,-0.077203391,-0.559885088
AGCGGTGCACCAAGCC-1,-0.130306877,-0.2327344,0.024882636,-0.083507046,0.036345715
AGCGGTGCAGGCATCT-1,-0.715807666,-0.1536263,0.420849353,-0.471527491,-0.595046357
AGCGGTTAATCGAAGT-1,-0.2504092,-0.2371444,0.039751687,-0.261394836,-0.03305548
AGCGGTTACAATACGC-1,-0.404927546,-0.2500809,0.207064262,0.026449022,-0.205607726
AGCGGTTAGACTCGCC-1,-0.784206786,-0.0065557,0.426304009,-0.023070054,-0.740478538
AGCGTGCCTGTATGCC-1,0.139567364,-0.2484908,-0.257524213,0.154740728,0.260217796
AGCGTGCGCCTGATCG-1,-0.768643818,-0.0638579,0.422248297,-0.01643021,-0.736821472
AGCGTGCTTCGCTCAT-1,-0.779720232,-0.1408354,0.536370883,-0.556596325,-0.572911016
AGCGTGGCACCGACAA-1,-0.657459418,-0.1487296,0.444980595,-0.348979527,-0.489896964
AGCGTGTATGTACGGT-1,-0.030206248,-0.2528461,-0.082680371,-0.275853267,0.165190734
AGCGTTACAGTCCTGG-1,-0.249152165,-0.243769,0.051571049,0.069931366,-0.018340352
AGCGTTATACCTGTTG-1,-0.77782972,-0.1953891,0.532212603,-0.54937571,-0.584668977
AGCGTTATAGCGCACT-1,-0.773960987,-0.0866843,0.4719411,-0.391788715,-0.658780735
AGCGTTGGCTCACGAT-1,0.086029325,-0.1592341,-0.166553323,-0.016264325,0.221957299
AGCTACCAGCGTTACT-1,-0.44784116,-0.1808892,0.24680965,-0.03937533,-0.279483149
AGCTAGCGTACAGTAA-1,-0.681032205,-0.0841499,0.37286276,0.037662014,-0.598726646
AGCTATAAGTCCAGCA-1,0.029984542,-0.244148,-0.151994479,0.100740573,0.21449999
AGCTATAGAATAGTCT-1,-0.675321178,-0.1090095,0.418939668,-0.440747511,-0.528286953
AGCTCAACATCGTCCG-1,-0.750766548,-0.1244527,0.427331258,-0.029838848,-0.684790789
AGCTCACTATGCAGTT-1,-0.406910504,-0.1814135,0.275812665,-0.37755607,-0.254596675
AGCTCATTAACGAATG-1,-0.758820797,-0.1400166,0.457356882,-0.291176115,-0.643961975
AGCTCGACAGGCGATA-1,-0.721899766,-0.1899119,0.491813981,-0.165522909,-0.527907923
AGCTCGCATTAGGATT-1,-0.571835223,-0.1241298,0.284478854,0.00717243,-0.426753704
AGCTGACGTAACGCTG-1,-0.778593287,-0.0815805,0.437459178,-0.581655548,-0.714618781
AGCTGATCGGATTGTT-1,-0.484978573,-0.1835251,0.219113764,0.033979086,-0.274605523
AGCTGTACGCTGACTC-1,-0.025540681,-0.2195664,-0.128841259,0.054090159,0.159229927
AGCTGTCCAGATGCTA-1,-0.720807636,-0.0210351,0.390887601,0.065030156,-0.682333661
AGCTGTTCCGGTGATT-1,-0.492991111,-0.2607096,0.395005559,-0.080507753,-0.310919396
AGCTGTTGAAGGCCTT-1,-0.555957952,-0.2207079,0.372940392,-0.14368696,-0.477815775
AGCTTCGCTGCGGTCA-1,-0.65250621,-0.2548371,0.476775943,-0.105487987,-0.4705725
AGCTTGAGTCAGGCCG-1,-0.743502708,-0.1143032,0.490494272,-0.018848965,-0.580247104
AGCTTGGATGCAAGCC-1,-0.054142354,-0.2604385,-0.071012735,0.053133675,0.162625089
AGGAATTACGGTGACG-1,-0.448778771,-0.3720927,0.426695281,-0.214508443,-0.189921639
AGGACCAGTAACCTAA-1,0.072643555,-0.2406205,-0.189918527,0.080589276,0.232265602
AGGACCAGTGCGCCAG-1,-0.59469032,-0.176326,0.337069026,-0.081509917,-0.43583712
AGGACCGCAATAGTTA-1,0.084627164,-0.218397,-0.198094327,0.072478866,0.247472123
AGGACCGTAGATGCTA-1,-0.662262562,-0.354751,0.545504302,-0.447608427,-0.389155048
AGGACCTGTACCATTC-1,-0.595729729,-0.1863755,0.298021458,-0.21022322,-0.40743398
AGGACGAAGCCTCCTT-1,0.058486488,-0.2313299,-0.171163816,0.08582559,0.225615043
AGGACGAATGCTTCAA-1,-0.446324886,-0.1834409,0.231677455,0.03028969,-0.274696403
AGGACGTATCGCCGTA-1,-0.592465383,-0.1195831,0.365560704,0.001540163,-0.471004859
AGGACGTCGGCACGAA-1,-0.612128315,-0.314187,0.488066271,-0.730406431,-0.418911323
AGGACTAGGACCGCAG-1,-0.455584392,-0.2361748,0.29912057,-0.654098939,-0.265004734
AGGACTGAAGTGCCTT-1,-0.290552372,-0.1160098,0.166622434,0.078339428,-0.183255431
AGGACTGGATGAAGAC-1,-0.810029351,-0.0837899,0.5003325,-0.463006237,-0.693041268
AGGAGCAGAACATCTT-1,-0.637334689,-0.1037553,0.371324105,-0.094411521,-0.450667244
AGGAGCAGCGTTAATA-1,-0.659636702,-0.1936253,0.385738836,-0.3807095,-0.433033666
AGGAGCATAATCCACT-1,-0.562831873,-0.1195168,0.299641553,0.126782793,-0.451825351
AGGAGCATCACTCAGC-1,0.0663259,-0.2301009,-0.189836132,0.089474598,0.236538338
AGGAGCATCTTAACTC-1,-0.148292971,-0.3562043,0.199261415,-0.017608152,0.111816262
AGGAGCCGCTGAGTAG-1,-0.596964398,-0.2854306,0.468761616,-0.072006814,-0.389204256
AGGAGCCTCGAACGTT-1,-0.559484653,-0.2534187,0.406102464,-0.153315995,-0.38222744
AGGAGCCTTCGCCTTA-1,-0.631596492,-0.124248,0.362335652,-0.092287293,-0.432740368
AGGAGCGAATGCGTTA-1,0.087673927,-0.2981943,-0.203453276,0.143183424,0.228168952
AGGAGCTATGAACACT-1,-0.325491444,-0.3810401,0.174059977,0.034809168,-0.037607074
AGGAGCTGCAAGGACT-1,-0.404211847,-0.3149054,0.287655851,-0.073374521,-0.198779467
AGGAGTACAGTGCATA-1,0.046509863,-0.2348667,-0.181242912,0.112380846,0.205567771
AGGATAACCGGTCGGA-1,-0.785518398,-0.0866005,0.509362314,-0.10798822,-0.544015554
AGGATACCTCCGAGCG-1,-0.252914192,-0.2517022,0.039885619,0.0942618,-0.030241548
AGGATAGAGTTAATCA-1,-0.039116461,-0.2706711,-0.093998292,-0.026174066,0.160912726
AGGATAGATAATTGGA-1,-0.684433731,-0.2584004,0.485812512,-0.572391686,-0.433658032
AGGATAGGCTCAGTTG-1,-0.351585798,-0.1844324,0.206703074,-0.115337468,-0.21510853
AGGATATCGCGAATAC-1,-0.512036683,-0.0695871,0.317011633,-0.033158859,-0.403600516
AGGATCAACATTCGTT-1,-0.649339001,-0.0580314,0.335518454,0.038309976,-0.554159009
AGGATCCGCTCGGTGC-1,-0.28691656,-0.0406524,0.128571018,0.13330766,-0.215344185
AGGATCCGTAAGTAAT-1,0.1022421,-0.2355994,-0.234780636,0.131761254,0.228688113
AGGATCCGTGAGGCGG-1,-0.242003021,-0.229373,0.068654491,0.024613808,-0.064713767
AGGATCGAGCACCGCC-1,-0.713393413,-0.1505769,0.431864297,0.03999855,-0.589793679
AGGATCTTAATGGTGA-1,-0.473586559,-0.1600887,0.263795406,0.0670414,-0.382741065
AGGATGAGTGCGTGCG-1,-0.657684053,-0.2159094,0.416977294,-0.112154284,-0.517056562
AGGATGCTCGACAGTC-1,0.078299439,-0.2190032,-0.191811598,-0.066218948,0.181348252
AGGATTCCTTGCTGCG-1,-0.668203073,-0.2585035,0.474399541,-0.517451402,-0.520968826
AGGATTCTACGCCTAG-1,-0.588479127,-0.099567,0.344008657,0.022808385,-0.455167909
AGGCAACAGCGTTCGC-1,-0.520686393,-0.1006619,0.282832051,0.067870083,-0.448700339
AGGCAACAGTCTGGTT-1,-0.381993448,-0.114611,0.235337208,-0.174868371,-0.258462914
AGGCAACTAGCGTACC-1,-0.707992759,-0.1691128,0.48383983,-0.212032916,-0.463228768
AGGCAATGTCAGCTGG-1,-0.776154796,-0.0606612,0.435631052,-0.007718813,-0.746949553
AGGCATGCATGGAATT-1,-0.518352746,-0.0842105,0.295556874,0.049614167,-0.436738919
AGGCATTAAGTCTGGC-1,-0.736590507,-0.0687731,0.4094141,0.005222304,-0.607399235
AGGCATTACTATAGTA-1,-0.724667129,-0.0537902,0.450530396,-0.039091933,-0.599853009
AGGCCGCAGAATAACG-1,-0.700388643,-0.0308996,0.405201623,0.052396535,-0.630124153
AGGCCTGTCTAGTGGC-1,0.035981226,-0.2271133,-0.161061014,0.026055356,0.206498707
AGGCCTTGTCGTTGAT-1,-0.306259818,-0.1208162,0.184626363,0.035448257,-0.195676325
AGGCGATTCCACTTCT-1,-0.22531615,-0.2400348,0.038710221,-0.113804266,0.009755436
AGGCTGCAGCTCAGGC-1,-0.468730629,-0.4545878,0.475813173,-0.658641401,-0.157920478
AGGCTGCGCAGCAACT-1,-0.710275623,-0.296964,0.525401984,-0.336326761,-0.484430629
AGGCTTAACCGATTGT-1,-0.626083814,-0.1914044,0.391973777,-0.187075086,-0.424397285
AGGCTTAGCATTAACC-1,-0.538028137,-0.1098913,0.303905596,0.072218534,-0.453571082
AGGTACAGCTATGATA-1,0.001581152,-0.2455463,-0.145998208,0.106879416,0.173822327
AGGTACCAGACGCCAG-1,-0.00845705,-0.2340682,-0.132760596,0.083844943,0.183812471
AGGTACGGAAGTCAAC-1,-0.704497994,-0.233656,0.47866146,-0.120112434,-0.53828909
AGGTACGTGATATCTG-1,-0.605724585,-0.400782,0.495685848,-0.524052965,-0.314892862
AGGTACTCTGCCACCG-1,0.043077287,-0.3238187,-0.09116945,-0.005461052,0.180051444
AGGTCACCTCCGCCTC-1,-0.752750793,-0.1033011,0.46843611,-0.015287539,-0.648062776
AGGTCGAGGTCTAGGC-1,-0.421841627,-0.2131915,0.272843272,-0.069856394,-0.26650717
AGGTCTCACGCCAATA-1,-0.325636804,-0.2042369,0.103685591,0.046859551,-0.109958968
AGGTCTTCCATCGCCG-1,-0.742057048,-0.234359,0.561261253,-0.477282904,-0.491884909
AGGTGAAGTGACGACT-1,-0.749508461,-0.0834451,0.436301166,-0.546487665,-0.691069796
AGGTGAATCCACAACC-1,-0.274965834,-0.2230909,0.071871185,-0.10429766,-0.129419222
AGGTGAGCAATGTCTT-1,-0.781385151,-0.0484354,0.453421323,-0.038795777,-0.711824039
AGGTGAGGTAGAATAC-1,-0.424399032,-0.118348,0.264711194,0.051423486,-0.302468745
AGGTGATTGGCGGTAT-1,-0.767257049,-0.1152137,0.434196757,-0.407661877,-0.732098585
AGGTGGACTTGCCACC-1,-0.396450616,-0.2869299,0.166413403,-0.088086695,-0.174087759
AGGTGGCACTTGTCAG-1,-0.769354372,-0.1719364,0.519296883,-0.184898144,-0.602950196
AGGTGGCTGTCGCCAA-1,-0.718827431,-0.0964969,0.383200565,0.009937478,-0.720747872
AGGTTACATTCCACGC-1,-0.396097068,-0.1870122,0.155697578,-0.117784363,-0.259618608
AGGTTAGTGGCCATAG-1,-0.525481754,-0.100434,0.237333024,0.059564937,-0.39001495
AGGTTCCACGCCGAAG-1,-0.728495157,-0.106117,0.429795894,-0.009897296,-0.607086168
AGGTTGAGTAGGAGAT-1,-0.776209825,-0.0508214,0.422016187,-0.128129686,-0.732361158
AGTAACCGCAGGTCAA-1,-0.67299767,-0.0496062,0.391928315,-0.139155247,-0.573224207
AGTAAGCTCGGCCAAT-1,-0.604214791,-0.1668104,0.399860811,-0.259020514,-0.472905525
AGTACATATGTAGGAA-1,0.040584506,-0.230613,-0.172488702,0.096973872,0.204622978
AGTACCGAACCGCAAT-1,-0.479253464,-0.171518,0.275540273,0.106870428,-0.372802662
AGTACCGTTGTACGCC-1,-0.802680722,-0.0578153,0.481762981,-0.093506694,-0.71662463
AGTAGACAGATAACGG-1,-0.254391633,-0.2088319,0.055147695,0.057333442,-0.01731376
AGTAGACAGTAAGGAG-1,-0.802477172,-0.0021769,0.45893551,-0.024483846,-0.681211726
AGTAGAGCATGGACGT-1,-0.792698146,-0.0541419,0.467383367,-0.105167075,-0.718076525
AGTAGAGTGCCGAATG-1,-0.303762072,-0.2146569,0.192442305,-0.272145653,-0.285691786
AGTATTACGGTATTCG-1,-0.766683028,-0.1825378,0.486901937,-0.192593987,-0.61123413
AGTATTAGCTGATCGA-1,-0.567998394,-0.0983094,0.345529164,0.044817709,-0.451771732
AGTATTCAGCTGAATG-1,-0.494215383,-0.2490904,0.376993775,-0.112888018,-0.29305916
AGTATTCGTCGGTATC-1,-0.656835322,-0.0820599,0.338472399,0.004956365,-0.492911091
AGTATTGATTGAGTCA-1,-0.520476906,-0.0341033,0.277627414,0.051513525,-0.499913075
AGTATTGGTATGTCTA-1,-0.737470794,-0.0014878,0.416588664,0.015762436,-0.681208419
AGTCACCATACCTCCA-1,-0.265232116,-0.1050962,0.139091952,-0.466028811,-0.147684565
AGTCACTTATTCAAGG-1,-0.745684578,-0.0896962,0.407588368,-0.029309302,-0.734604239
AGTCCGTGATCACTAC-1,-0.679178502,-0.0588206,0.391038768,-0.55965186,-0.612629426
AGTCGCAGGAACGAGT-1,-0.374427984,-0.2234893,0.135304658,0.002033005,-0.153524782
AGTCGCCACTCGGCGA-1,-0.827745549,-0.0810093,0.526007841,-0.029344024,-0.661525904
AGTCGGACCGTGCTTA-1,-0.770145056,-0.0715944,0.451282462,-0.091277161,-0.711513423
AGTCGGTCTAATCTGT-1,-0.662856331,-0.1161874,0.39160756,-0.001800696,-0.497358649
AGTCGGTTATACATAG-1,-0.363657239,-0.2044582,0.137440214,-0.078709495,-0.105432597
AGTCGGTTGGTTGGCG-1,-0.132878091,-0.2469704,-0.047513856,0.089156881,0.0621433
AGTCGTTGCCGCCAAC-1,0.127153391,-0.2529844,-0.230489685,0.095266316,0.25150269
AGTCGTTGCCTTACCT-1,0.115917828,-0.2218747,-0.215485518,-0.050639176,0.209555922
AGTCTAGGATTGTCAC-1,0.051536274,-0.2349509,-0.176010398,0.071442928,0.210394871
AGTCTGTTACAATAGT-1,-0.760453769,-0.1106082,0.448214018,-0.043604477,-0.689837979
AGTGAGCGCCTGTCCT-1,-0.71802423,-0.1839273,0.469868664,-0.715293988,-0.532673674
AGTGAGGTCTGTGCTC-1,-0.665131886,-0.188659,0.423326459,-0.152951129,-0.522514769
AGTGAGTATTCTAAGT-1,-0.627948705,-0.1309848,0.404036333,-0.705038502,-0.497748743
AGTGCAATAACTAACA-1,-0.544363659,-0.160564,0.347821813,-0.342099809,-0.387939606
AGTGCAGCTTCATCGG-1,-0.633360483,-0.1633832,0.405102899,-0.679596479,-0.503752992
AGTGCCAGATGCTCTG-1,-0.7297624,-0.0708466,0.419788552,-0.24522447,-0.684338094
AGTGCGCAACATGCGT-1,-0.675213445,-0.0891909,0.394301411,-0.314160994,-0.427488046
AGTGCTAACTCCTGGA-1,-0.67458475,-0.2260632,0.430891801,-0.576420308,-0.507695336
AGTGCTTCGCGGACGC-1,0.139223856,-0.2484954,-0.257201199,0.123693821,0.24741466
AGTGGTATGTCCAAGT-1,-0.796010218,-0.0197202,0.466119674,-0.040942293,-0.716456807
AGTGTAAGCCGAACAA-1,-0.355776764,-0.1727045,0.206066103,-0.003521346,-0.245893223
AGTGTAAGCCTGCAAG-1,-0.362962849,-0.0752051,0.2134419,0.078144628,-0.278906707
AGTGTAAGTCCATACA-1,-0.705997038,-0.0354172,0.400290042,0.043422674,-0.638517327
AGTGTACCTCTGTATG-1,-0.755309418,-0.0763228,0.465870926,0.014393733,-0.644156253
AGTGTAGCTCTTATCT-1,-0.526092916,-0.3847887,0.399799882,-0.584885283,-0.284501651
AGTGTATGCGCTGCCT-1,-0.480257795,-0.1951279,0.319634652,0.024353045,-0.330897824
AGTGTCATGGTTGTGG-1,-0.515022626,-0.1060152,0.31212931,-0.056197403,-0.407459135
AGTGTCGTGGCATGTT-1,-0.302085939,-0.1923873,0.137339354,-0.123794515,-0.070416568
AGTGTCTAGGCTAATA-1,-0.743275793,-0.0875307,0.433806287,-0.400991249,-0.666660731
AGTGTCTGAACTGTGG-1,-0.118534492,-0.2528412,-0.050979203,0.079117018,0.080117739
AGTGTCTTAAGCTTGT-1,-0.464391319,-0.2154979,0.215446628,0.051155437,-0.215362058
AGTGTTCGAGGATGAA-1,-0.49742442,-0.0335255,0.271260063,0.108838039,-0.449246518
AGTTAACGAGCCACTC-1,-0.297485981,-0.2651801,0.133272234,-0.100837336,-0.119436572
AGTTAAGACTGGCTCC-1,-0.737089851,-0.0753469,0.408576516,0.00553681,-0.69319201
AGTTAAGGTAGATACT-1,-0.19235463,-0.2965811,0.065901353,0.086303077,-0.107847935
AGTTACCTCACCAGCA-1,-0.467548694,-0.2050354,0.314985829,-0.567256519,-0.256738339
AGTTAGAAGGACGAAT-1,-0.108334891,-0.2210076,-0.07589558,-0.041289623,0.081477234
AGTTATCCTGAACGAA-1,-0.740818947,-0.1982782,0.539842063,-0.368220593,-0.522796392
AGTTCAGTTCATACAT-1,-0.620186934,-0.0450192,0.356762054,0.077506446,-0.546492746
AGTTCGGCACATACGG-1,-0.642779817,-0.1364888,0.359888778,-0.719785205,-0.541896156
AGTTCGTCTAGTGCAG-1,-0.77012763,-0.045048,0.418410822,-0.007307238,-0.774834391
AGTTCGTGCAGACCTT-1,-0.564882816,-0.0924781,0.341945919,-0.027587215,-0.457898591
AGTTCGTGCATGTCGA-1,-0.481550351,-0.1509784,0.262758677,-0.048117362,-0.330168686
AGTTGGAAGAGTATTG-1,-0.262677867,-0.1582953,0.209048134,0.045704617,-0.11500261
AGTTGGACGTTGGTAT-1,-0.651280031,-0.072346,0.370975359,0.066934904,-0.561759291
AGTTGGCAACGTTGTC-1,-0.279121837,-0.1513192,0.174331888,0.05887016,-0.137723586
AGTTGGCACCAGTTAC-1,-0.745973578,-0.1987781,0.487936418,-0.070382335,-0.58383584
AGTTGTACTTAATGGA-1,-0.818219435,-0.0009959,0.482358382,-0.002950482,-0.705070289
AGTTGTCCACAGACCA-1,-0.805039666,-0.0556389,0.492458675,-0.087363527,-0.719257926
AGTTGTGAACCTGATG-1,0.098669842,-0.3287637,-0.225031461,0.127156377,0.236204305
ATAACCTAGAACCTGC-1,-0.823051491,-0.1499102,0.526217204,-0.249354158,-0.71038202
ATAACGAAGAGCACGC-1,0.093134703,-0.1675874,-0.159785113,-0.000213563,0.237321118
ATAACGCCTGTAGGCA-1,-0.372424666,-0.2413763,0.220811183,-0.369101427,-0.185912064
ATAACGGCAAGACTCC-1,-0.428754787,-0.3279214,0.323962998,-0.199884831,-0.23386752
ATAACGGCGTTACACT-1,-0.232970637,-0.2428269,0.028577683,0.114837826,-0.012984213
ATAACTGAACTCCTGG-1,-0.510697949,-0.2203608,0.321962942,-0.54984192,-0.405204616
ATAAGAATCATGCATC-1,-0.38873236,-0.1669526,0.23602537,0.000902979,-0.254273783
ATAAGACCAATCGCGG-1,-0.675066402,-0.0777153,0.384385135,-0.016967021,-0.549220783
ATAAGGAATAGAACAT-1,-0.665654061,-0.0598654,0.362668685,0.008359724,-0.581989248
ATAAGGAGCCGTGATG-1,-0.053753503,-0.2322803,0.027645059,0.050786855,0.091141469
ATAAGGCGGACAAGTT-1,-0.352346431,-0.272335,0.139664344,0.019894367,-0.105678996
ATAAGGTTAGCTCACG-1,-0.670141162,-0.0793454,0.352060604,-0.006587086,-0.637707471
ATAAGTACCACGAGTT-1,-0.460310673,-0.1678622,0.236033987,0.021893375,-0.295354544
ATAATCCGTTCCGTTC-1,-0.591118826,-0.1306789,0.338058371,0.055673457,-0.521955013
ATAATCGTAGTTATTC-1,0.015825208,-0.2309061,-0.143745498,0.03335778,0.194980855
ATAATTAGTTCTACGG-1,-0.782751836,-0.1222517,0.489200018,-0.579804413,-0.647501334
ATAATTATCGACCACG-1,0.012677612,-0.2360217,-0.15197654,0.08885924,0.18799314
ATAATTCTCCGGTCGG-1,-0.154176794,-0.2303812,0.02374954,-0.090053724,-0.00056493
ATACAAGGTCAGTAGA-1,-0.636568167,-0.0879498,0.401019398,-0.122736702,-0.497491037
ATACAATTGCGGTATT-1,-0.532817445,-0.1290686,0.313015022,0.049814204,-0.405389146
ATACAGATAGATTGAC-1,-0.748652394,-0.1721719,0.459033992,-0.661777743,-0.637959701
ATACATCAAGGATTGC-1,-0.830901248,-0.11058,0.534564293,-0.060641372,-0.689691041
ATACATCACGCCTTCT-1,-0.721229215,-0.010803,0.398365418,0.027234958,-0.640710782
ATACATCACTGTCCGG-1,0.034075566,-0.23835,-0.169615158,0.094444427,0.211507107
ATACATCATGCACCAA-1,-0.669789179,-0.0792642,0.370834774,0.043215866,-0.617368371
ATACATGCATGATCTG-1,0.091934921,-0.2925746,-0.17565623,0.067526243,0.246286758
ATACATGCTGGTGCAG-1,-0.202258525,-0.3129512,0.068779848,-0.207032474,0.059571834
ATACCATAGCCAATCG-1,-0.587718257,-0.3584468,0.515010779,-0.55751196,-0.287801197
ATACCGTTCCAGTCCA-1,-0.345028537,-0.1645062,0.182151618,-0.175370333,-0.209704642
ATACGACATCTAGACC-1,-0.350817563,-0.2736933,0.221708,-0.012570844,-0.311126429
ATACGCGGTGAAGCCG-1,-0.707126887,-0.0958971,0.437749263,0.053297666,-0.575175035
ATACGCTGAGATCAGA-1,-0.824620356,-0.1445206,0.564500314,-0.104995684,-0.646623312
ATACGGCACGTTACGA-1,-0.032479392,-0.2467742,-0.110581247,0.083677832,0.151496623
ATACGGCGACTGGTCT-1,-0.788413732,-0.0356,0.442338214,-0.032489994,-0.739835581
ATACGGTCCTTGTCTT-1,-0.761083383,-0.1195567,0.497678563,-0.021736595,-0.617528628
ATACTAGCCACTTCGC-1,-0.302763128,-0.1318639,0.160575184,0.050318667,-0.216508833
ATACTAGCCATTAGTT-1,-0.799758308,-0.0337284,0.472846408,-0.090543995,-0.718630751
ATACTAGTAACTGAGT-1,-0.746357629,-0.053653,0.434644891,0.00680607,-0.667003175
ATACTATCAACTTGTA-1,-0.756880795,-0.1090684,0.452637298,-0.044432375,-0.588148569
ATACTATCCGAACATA-1,-0.774221146,-0.0896969,0.459844745,0.003108566,-0.688375131
ATACTATGAATGTCTT-1,-0.679560595,-0.2416866,0.488882294,-0.118278916,-0.444128147
ATACTATGACTTCTTA-1,-0.702109574,-0.1288086,0.432191478,-0.168726504,-0.605857845
ATACTATGCCAGTGAG-1,-0.672194618,-0.0602263,0.376792014,0.070564293,-0.621816934
ATACTATGGTTACATT-1,-0.40901022,-0.0584773,0.255673176,0.077043298,-0.303452605
ATACTCGTCCAACTGC-1,-0.123316442,-0.2629614,-0.040369428,0.062317945,0.091719564
ATACTGACTTCGGCAC-1,0.005208331,-0.2743812,-0.117133194,0.014749536,0.096538861
ATACTGGACCACAGCC-1,0.077968356,-0.2397566,-0.19216573,0.111545408,0.253033105
ATACTGGAGGATAACG-1,-0.777069623,-0.1190687,0.478194253,-0.134793361,-0.689416576
ATACTGTCCACTACCG-1,-0.432891732,-0.3979417,0.275201851,-0.56146386,-0.152349612
ATAGAACCTCTACCGA-1,-0.570175581,-0.149056,0.292811416,-0.138968004,-0.501681586
ATAGAACGTTCGATCT-1,-0.744540234,-0.051344,0.422647217,-0.010640771,-0.573030877
ATAGAAGGAGCAGTAG-1,-0.688003143,-0.2171258,0.455284222,-0.009860433,-0.438856248
ATAGAATTCTACTTGA-1,-0.389462635,-0.2015361,0.24215478,0.032462184,-0.26156256
ATAGAATTCTAGGCCG-1,-0.659023941,-0.1788891,0.374441647,-0.094443519,-0.411117266
ATAGACATGGCTATGG-1,-0.79735305,-0.004489,0.453208688,-0.111982925,-0.72720544
ATAGATCGGCATCCGA-1,-0.694738637,-0.0746301,0.371650588,0.076651524,-0.65516102
ATAGATGCCTAAGCAC-1,-0.668451278,-0.1980124,0.464879962,-0.48096027,-0.497261334
ATAGATTGAGTTCGAG-1,-0.793036619,-0.0444087,0.465173461,-0.128244189,-0.733871408
ATAGCACCTGCTGTCT-1,-0.246343483,-0.2690744,0.073243675,-0.023073423,-0.063934024
ATAGCCGGCGACCGTC-1,-0.307227672,-0.2878967,0.141498712,-0.068743968,-0.071694602
ATAGCGGCGAGTAATT-1,-0.444501645,-0.1627554,0.265923943,-0.158607538,-0.241246704
ATAGCTATTCGCACTC-1,-0.607893541,-0.3673189,0.53853429,-0.393665024,-0.290361654
ATAGCTGCGGATAAGA-1,-0.053425795,-0.2345278,-0.098484073,0.070637309,0.140288317
ATAGCTGTGAATCGGC-1,0.04976058,-0.2137095,-0.168396185,0.040873832,0.227826643
ATAGCTTCACAACCGT-1,-0.581947038,-0.2413888,0.309271746,-0.385823965,-0.360414629
ATAGCTTCGTGGAACG-1,-0.580146008,-0.223595,0.365328171,-0.375057135,-0.387979618
ATAGGCCGATAGAAGT-1,-0.363601012,-0.2096888,0.246082779,0.046176135,-0.198494686
ATAGGCCGATGATCTA-1,-0.738684829,-0.0003044,0.413375174,0.054256196,-0.696801542
ATAGGCCGGTAATTCT-1,-0.768784575,-0.0339078,0.426344672,-0.188049574,-0.745779398
ATAGTACTATGGTTCT-1,-0.743306741,-0.1120939,0.434051939,0.032932797,-0.676329819
ATAGTCCGCCGTTGGC-1,-0.761796167,-0.0873335,0.436277022,-0.067564045,-0.722035961
ATAGTCGAAGGAAGCT-1,-0.731154006,-0.0833811,0.445675926,0.034913843,-0.65177913
ATAGTCGAGTTGTCTG-1,-0.515691706,-0.0733212,0.298474067,-0.163709454,-0.426958631
ATAGTCGCTAAGGTAT-1,0.079273236,-0.254471,-0.156214004,-0.02250678,0.204274811
ATAGTGACGAATAGAT-1,-0.244574357,-0.2019884,0.036123994,0.059893302,-0.013572659
ATAGTGAGTGAGGATT-1,-0.728743351,-0.0773857,0.413844479,-0.195883708,-0.651461415
ATAGTGTCAGATGTAG-1,0.040188008,-0.3237324,-0.084299735,0.040053881,0.096048593
ATAGTTAAGCCTGCCG-1,0.096652145,-0.2953109,-0.183299324,0.053009145,0.157396779
ATAGTTAAGGCACGAG-1,-0.642514264,-0.0896657,0.407356805,-0.672828626,-0.52872611
ATAGTTAGTCCTTAAT-1,-0.372824236,-0.2143761,0.275918826,-0.168400574,-0.16904125
ATAGTTCATCGGATCT-1,0.08571252,-0.2369879,-0.205560074,0.118899751,0.254569228
ATAGTTCCTAGGCCGG-1,-0.725872661,-0.198333,0.469555302,-0.005361359,-0.450325769
ATAGTTCGCAGCCGTG-1,-0.653713042,-0.3678678,0.579245822,-0.596323357,-0.335153592
ATAGTTCGGTTCCAGA-1,-0.616715304,-0.3397804,0.489427059,-0.352203718,-0.365785556
ATCAACATAAGCGTAG-1,-0.455460543,-0.2137598,0.288028086,0.040047998,-0.327585656
ATCAAGGAGCTTACAT-1,-0.484195175,-0.133403,0.21026873,-0.209704176,-0.375615549
ATCAAGTGGTGATGGC-1,0.011972617,-0.2143969,-0.144442183,0.025805596,0.162603994
ATCAATCTGCAGGACC-1,-0.16401539,-0.2654342,0.029720854,-0.133835979,0.091677806
ATCAATGGTTGTACCT-1,0.016186299,-0.2496747,-0.137555883,0.042112444,0.200706931
ATCAATGTCAACTCGG-1,-0.164185795,-0.2640467,-0.007583758,0.084452423,0.061410558
ATCACCAGTTCGGCGA-1,-0.706595651,-0.0154302,0.386397726,-0.035736752,-0.638407087
ATCACGTTCAATGATA-1,-0.695715653,-0.1622028,0.426306676,-0.016050278,-0.616739005
ATCACTTAGGCCTTGT-1,-0.688391767,0.00932521,0.378222537,0.061032555,-0.640755439
ATCAGATACCAGCTGT-1,-0.763686395,-0.1235492,0.456576728,-0.051701354,-0.674878971
ATCAGTAAGCTCGCCG-1,-0.505594979,-0.1872233,0.376197449,-0.430358403,-0.327009634
ATCATTCACCAGATTG-1,-0.773906133,-0.0803709,0.501949789,-0.325688662,-0.645041055
ATCATTCCAACTTCGC-1,-0.101474906,-0.2353448,-0.045980017,0.04577466,0.118196541
ATCATTCCACTTAGCA-1,-0.369233351,-0.5158361,0.446802919,-0.650696776,-0.010310605
ATCATTCGGACAACAG-1,-0.495404308,-0.2369123,0.327620055,-0.704440058,-0.331320125
ATCATTGTCCATGCCA-1,-0.759052649,-0.0323454,0.434321148,-0.553970066,-0.70005463
ATCCAACGCATGGTAC-1,-0.346734038,-0.2479268,0.191894974,-0.11988894,-0.146290759
ATCCAACGCCACATCG-1,-0.099231141,-0.2617381,-0.071773669,0.140824543,0.099209007
ATCCACATCACTGCCG-1,-0.51051293,-0.256261,0.333470527,-0.3340366,-0.328540939
ATCCACATGTTGGACC-1,0.057098102,-0.2349255,-0.162905856,-0.297251488,0.217523987
ATCCACGAACGTTCGG-1,0.084708371,-0.3295122,-0.214873752,0.117273015,0.201670152
ATCCACGACACGAATG-1,0.019304326,-0.2099823,-0.143701648,-0.069809455,0.137346946
ATCCACTCGTACTCGG-1,-0.717508191,-0.0902215,0.428593492,-0.328640601,-0.546887733
ATCCGAACAGGCTCGA-1,-0.421696027,-0.1866287,0.25522248,-0.142187598,-0.290334448
ATCCGAACGCAACCTT-1,-0.515714793,-0.1168573,0.2987605,0.059114766,-0.42519477
ATCCGAGTACAGGAAT-1,0.010919952,-0.2232856,-0.147118921,0.032676709,0.183043201
ATCCGAGTACCACGTG-1,-0.67628932,-0.2235786,0.442848722,-0.386524332,-0.541755668
ATCCGAGTCACTTGTA-1,-0.273652371,-0.230622,0.084348855,-0.083717086,-0.107947013
ATCCGATGACCTCGGA-1,-0.488321481,-0.1505531,0.324242192,-0.343468352,-0.343187826
ATCCGATGTCTGTCAC-1,-0.693391558,-0.2831229,0.466271295,-0.13637501,-0.499032077
ATCCGATTATCTACGT-1,-0.612225065,-0.1878648,0.428254161,-0.513939956,-0.426913575
ATCCGGATCGCCGTAT-1,0.07966285,-0.2415878,-0.181142319,-0.019127769,0.220234457
ATCCGGATGACGTAAC-1,-0.819190633,-0.1083043,0.518063161,-0.250505605,-0.712929582
ATCCGGATTACCGGTC-1,-0.605964869,-0.0596414,0.337058176,0.041709307,-0.5576778
ATCCGGCGTAGTCTGA-1,0.025028151,-0.2961848,-0.071961628,0.036926134,0.048589062
ATCCGGTACCGTCCTT-1,-0.583993012,-0.1879539,0.383262198,-0.111434681,-0.437710119
ATCCGGTATCACAAGT-1,-0.790706407,-0.0116607,0.445334147,-0.005053506,-0.700862246
ATCCGTAGCTTCAGTA-1,-0.68676245,-0.3601473,0.60716272,-0.127528707,-0.377531734
ATCCGTAGTGTCGCTC-1,-0.55597225,-0.0428992,0.291831947,0.060028421,-0.476025842
ATCCGTGGAACTTCAA-1,-0.553175973,-0.1254279,0.300236421,-0.070413725,-0.374105586
ATCCGTTATCGAAGGC-1,-0.470263671,-0.2112622,0.24411359,-0.238474581,-0.274702934
ATCCTCCAGCCATTGT-1,-0.469644161,-0.1495057,0.26936893,0.129739009,-0.333114498
ATCCTCGTTCCAGGCC-1,-0.751918123,-0.0470205,0.46534433,-0.131167161,-0.666687062
ATCGAACATGCTAAGC-1,-0.316220243,-0.4699682,0.387985927,-0.272030269,-1.01E-05
ATCGAACTCGTCCGGC-1,-0.57837991,-0.0552238,0.31711325,0.067690118,-0.529574526
ATCGAATCTAGCAGAC-1,-0.403576434,-0.2400752,0.16501042,-0.127147195,-0.137643672
ATCGACAGCGGCAACA-1,-0.720398088,-0.1309905,0.446281919,-0.011359717,-0.575016519
ATCGACCGGAGTATCG-1,-0.689194814,-0.2420529,0.469364584,-0.10206238,-0.554152752
ATCGACTAAGTACTGC-1,-0.640864543,-0.1046363,0.374433028,0.036665011,-0.564117726
ATCGATGTCAGATAGA-1,0.001850361,-0.243973,-0.133224281,0.102884805,0.19000572
ATCGCAATGCACTAAC-1,-0.813234009,-0.0723383,0.497631502,-0.342459909,-0.689872427
ATCGCAGTAACTTATT-1,-0.769362928,-0.0736374,0.466355311,-0.708437013,-0.681106818
ATCGCAGTAATATCAG-1,-0.667787695,-0.1655491,0.418240544,0.03685556,-0.549129972
ATCGCAGTCTATGGCA-1,-0.700619621,-0.0193655,0.378188799,0.026309241,-0.635798536
ATCGCATCACGCATCT-1,-0.592566276,-0.1838159,0.369366249,0.035109175,-0.541605722
ATCGGCTCTATGCCTC-1,0.007558094,-0.146235,-0.109837411,-0.022486973,0.155004523
ATCGTAACTACCTCTT-1,-0.80301273,-0.0884422,0.49069576,-0.054668646,-0.702234372
ATCGTAATCCACATGC-1,0.035376199,-0.2383731,-0.176286247,0.114181378,0.201705318
ATCGTACAACTGGCTA-1,-0.212100898,-0.2459977,0.005785736,-0.030058101,-0.013351902
ATCGTACACCTATGCC-1,-0.701138875,-0.2247301,0.491569567,-0.568228973,-0.539281083
ATCGTACCGCGTACGC-1,-0.40829236,-0.1244693,0.253531679,-0.132766859,-0.297622192
ATCGTAGCATGTAGAT-1,-0.295299976,-0.1582952,0.156725324,0.024085586,-0.204016009
ATCGTATTACTCGGAG-1,-0.77308159,-0.1532086,0.510877641,-0.464764943,-0.610710113
ATCGTATTGGAATCCT-1,-0.128607754,-0.2276384,-0.048072825,-0.121634967,0.06825998
ATCGTCACCATGTCAC-1,-0.736089382,-0.1605657,0.507247982,-0.560904804,-0.569519109
ATCGTCAGTTAGTCCA-1,-0.794330446,-0.0188872,0.456622846,-0.052232054,-0.728250076
ATCGTCCTAGTACGAA-1,-0.281406991,-0.2193647,0.086155856,-0.51799123,-0.086307119
ATCGTCTATGATGCCG-1,-0.463447422,-0.3657727,0.412130317,-0.143279963,-0.199890309
ATCGTCTTAACGAAGG-1,-0.660902693,-0.1637441,0.349996201,0.002883936,-0.517758139
ATCTACAGGAGTGCAC-1,-0.626249524,-0.1722292,0.326093313,0.021889,-0.426286485
ATCTACCATATTCCAG-1,-0.522433723,-0.2492563,0.380815903,-0.656541376,-0.328048225
ATCTACGACAGCTCTT-1,-0.322371494,-0.2842871,0.130920694,0.093130692,-0.048669308
ATCTACTCACATCTCC-1,-0.722102572,-0.0532529,0.412995505,-0.00699454,-0.508285004
ATCTCCTTGCGATACA-1,-0.741930592,-0.0853071,0.408787497,-0.027763912,-0.717941562
ATCTGAAGTATGCACG-1,-0.648659884,-0.1468233,0.411409225,-0.08914644,-0.556282621
ATCTGACCGGAGTCCT-1,-0.416659258,-0.0448855,0.266733325,0.032244804,-0.299288413
ATCTGAGGAACGGTTG-1,-0.643601072,-0.199839,0.437852366,-0.195581299,-0.31029298
ATCTGATACTTCATTA-1,-0.095963724,-0.3582447,0.058648329,0.042796461,0.022894683
ATCTGCCGTCTACAGC-1,8.59E-05,-0.2395671,-0.151262682,0.1238631,0.172145402
ATCTGGATCCTCAGAC-1,-0.711188021,-0.22615,0.522941791,-0.255189375,-0.492422739
ATCTGTACGCGTCTCC-1,-0.780644488,-0.0985171,0.467197741,-0.454229741,-0.698029695
ATCTTAAGCTCCTTGA-1,-0.681712258,-0.1464332,0.427849909,-0.529464535,-0.555444026
ATCTTAGACGCCTACT-1,-0.500161645,-0.0896578,0.311761585,-0.035567135,-0.391417302
ATCTTAGACTTGATCT-1,-0.493780692,-0.0845569,0.296669366,0.059762002,-0.429893642
ATCTTAGATAGGTTCA-1,0.086766896,-0.2591,-0.179467047,0.038679899,0.104472436
ATCTTAGTGGCATGGA-1,-0.614364439,-0.0335676,0.328986084,-0.360791269,-0.551547208
ATCTTATCAGCAATAC-1,-0.413903453,-0.404058,0.34918392,-0.195457648,-0.106242197
ATCTTCGGACATACTA-1,-0.318021341,-0.1918421,0.179875534,0.05503911,-0.171683631
ATCTTGGCTTCGTCCT-1,-0.647867975,-0.2651241,0.497047243,-0.636660911,-0.42464367
ATGAACAATCGATGCG-1,-0.402700763,-0.1769691,0.160933531,-0.06538513,-0.260584944
ATGAAGCTGAATCCAG-1,-0.756284323,-0.0593369,0.439284592,0.001600827,-0.679367251
ATGAATGTATCGTGGT-1,-0.595548286,-0.1566675,0.339018687,-0.550779502,-0.496901174
ATGACACTAATCGCAC-1,-0.021695186,-0.3196637,-0.045527391,0.047502574,0.052145297
ATGACCAGACGGCCGG-1,-0.021871765,-0.2436852,-0.112917282,0.012186912,0.158816725
ATGACCTCACGCACTG-1,-0.033950388,-0.2488317,-0.103097411,0.07319885,0.168769006
ATGACCTCACTTAACC-1,-0.676917491,-0.0799785,0.411655442,-0.202825064,-0.561872388
ATGACGAGATCATTAA-1,-0.702659572,-0.1054923,0.370918272,-0.022144385,-0.751849799
ATGAGCATGGCATTCT-1,-0.317272356,-0.2099697,0.230044259,-0.050000183,-0.159148319
ATGAGCTACATGGAAG-1,0.011724029,-0.2302323,-0.155460661,0.093359763,0.19674487
ATGAGCTACTGGACAT-1,-0.250909455,-0.1032855,0.095345429,0.084516382,-0.266195139
ATGAGCTATTCGAAGA-1,-0.704006939,-0.0596274,0.394291002,-0.10264789,-0.63042168
ATGAGGAACGACCAGC-1,0.089250421,-0.215365,-0.174541651,-0.058810332,0.221387428
ATGAGTACGCTTCCTA-1,0.031428765,-0.2284886,-0.148574913,0.05091167,0.204766627
ATGAGTAGCGTGTTAG-1,-0.541198893,-0.1236009,0.306265842,0.041802948,-0.465542019
ATGAGTATCAGATCTG-1,-0.518631189,-0.2600764,0.304720522,-0.578813203,-0.26492167
ATGAGTCCTGAAGTGG-1,-0.549828617,-0.0458186,0.286505379,0.01957851,-0.400997944
ATGAGTCTAGATACTC-1,-0.461977986,-0.4306616,0.423004005,-0.321615018,-0.128430832
ATGAGTCTTAGGAAGG-1,-0.459568843,-0.1208614,0.331254902,0.052214688,-0.301979499
ATGAGTTACAGATAGA-1,-0.658390689,-0.0837451,0.410804414,0.027200949,-0.511909215
ATGATAATGCACGCAC-1,-0.540226736,-0.2013684,0.29409691,-0.387349215,-0.422710101
ATGATAATTCCTTGCG-1,-0.119145742,-0.2324069,-0.046995676,0.039100155,0.07052689
ATGATATCTAGTCTTA-1,-0.809132945,-0.1203721,0.512405161,-0.123203068,-0.678808032
ATGATTGATTCCGAAT-1,-0.022631545,-0.2528648,-0.120092238,0.054261387,0.165747925
ATGCATCCTGACTCAC-1,-0.830616097,-0.0697678,0.52353544,-0.071335543,-0.651092125
ATGCATGCCTGCGATG-1,-0.707893523,-0.1806088,0.420861851,-0.352071236,-0.616408038
ATGCATGGTTCCGCCT-1,-0.622218051,-0.1115605,0.39316069,-0.076257559,-0.479780402
ATGCATGGTTGCTGTA-1,-0.265820677,-0.2539871,0.062777397,0.069992795,-0.030305417
ATGCATGTATGTGAGT-1,-0.775608108,-0.0560644,0.439254474,-0.071311303,-0.711306288
ATGCATGTCACTCGTG-1,-0.020425997,-0.2700299,-0.098115231,-0.022593805,0.185557074
ATGCATGTCGATGTGG-1,-0.570097133,-0.2010071,0.344040849,0.068689752,-0.45255892
ATGCATTAGATATCCA-1,-0.441247583,-0.2473753,0.250051908,-0.165599233,-0.254274635
ATGCCAGCTGCCATCT-1,-0.67475099,-0.1852589,0.433311561,-0.254847486,-0.514302587
ATGCCGTCGATAAGAC-1,-0.376503487,-0.0325456,0.20689963,0.08725189,-0.299930739
ATGCCGTTGTGAAGCG-1,-0.612665575,-0.3400198,0.517242912,-0.532988294,-0.358077907
ATGCCTTCGTAAGTTA-1,-0.496005032,-0.2004219,0.257978117,-0.006106916,-0.329595224
ATGCTACTGAATAGTA-1,-0.716752173,-0.1983124,0.50520634,-0.324786085,-0.474195373
ATGCTCATGCCTGCCT-1,-0.15854673,-0.250618,0.022878826,-0.624676794,-0.008873304
ATGCTCCAACCTGGCC-1,-0.737669329,-0.151555,0.440075753,-0.171333,-0.599322454
ATGCTCCGTTCTACTG-1,-0.804293332,-0.2172367,0.561223963,-0.130214417,-0.630970899
ATGCTCGCCTCCAATT-1,-0.030221245,-0.222662,-0.126661241,0.101481975,0.14759847
ATGCTGAATGCAATAG-1,-0.618899058,-0.1324241,0.366978163,-0.002036549,-0.520556051
ATGCTGACAGTTACAT-1,-0.079409612,-0.3875079,0.029352704,-0.230422779,0.116373569
ATGCTGACGACTCGCT-1,-0.516365909,-0.1219156,0.286539791,0.095118776,-0.366238503
ATGCTGCCGGCATACT-1,-0.682323505,-0.0059308,0.378815276,-0.016710208,-0.626599684
ATGCTGCCTACTGCAT-1,-0.173368584,-0.2670246,0.011876661,-0.248751054,0.056505288
ATGCTGCGCTGTTGCA-1,-0.78227513,-0.0454888,0.437766728,0.029377002,-0.736315075
ATGCTGCGGAACTACC-1,-0.595526101,-0.198655,0.428181297,0.059284986,-0.337585233
ATGCTGCGGATGGTTG-1,-0.752826519,-0.0587799,0.406571348,0.019839466,-0.716842586
ATGCTGGCTTACTACA-1,-0.549061174,-0.0154654,0.29127914,0.089727771,-0.511668272
ATGCTTACTCTAGGAA-1,-0.609187061,-0.1291376,0.408691083,-0.661448757,-0.442654777
ATGCTTGGACGAACTT-1,-0.817337535,-0.0717425,0.519097821,-0.188386664,-0.597043482
ATGGAACGATAGTGAT-1,-0.724602043,-0.0490971,0.414456748,-0.001764529,-0.667672072
ATGGAGCGCACTCGGT-1,0.107828983,-0.2684352,-0.235094622,0.127634187,0.215629955
ATGGAGCGGACCGATT-1,-0.621461009,-0.1391696,0.415054271,-0.556447034,-0.458371691
ATGGAGGCCACGGCTT-1,-0.728826014,-0.1559505,0.488181649,-0.002831761,-0.586628367
ATGGAGGCCGCTATCC-1,-0.24485243,-0.3857194,0.098448355,-0.179311974,0.014461328
ATGGAGGTTCACCGGT-1,-0.362897862,-0.1047329,0.213148989,0.068977612,-0.319466964
ATGGAGTAATCGGACC-1,-0.735243092,-0.0559126,0.443834537,-0.117774369,-0.624970262
ATGGAGTCTTCGCAGT-1,-0.543633662,-0.2902503,0.411475121,-0.716060964,-0.31563983
ATGGCATTATGGCTCG-1,-0.711659466,-0.0721359,0.398232315,-0.353143409,-0.639878136
ATGGTAACGGACCGGA-1,-0.707008405,-0.1775927,0.466438519,-0.256671272,-0.547293905
ATGTAAGAGCCACCTC-1,-0.697598632,-0.1017062,0.40627852,-0.400027716,-0.585341644
ATGTAATTGTCGTTCG-1,-0.697423695,-0.2008063,0.483364474,-0.497779377,-0.525772878
ATGTACAGTGCCTATG-1,-0.772363216,-0.1008552,0.446955257,-0.018631563,-0.627859525
ATGTACATCGTGGTTA-1,0.009666455,-0.2445137,-0.14168343,0.06731252,0.174104231
ATGTACATGAACTCCG-1,-0.728182299,-0.0479304,0.396992418,-0.017159836,-0.670338062
ATGTACCAGTTACTCG-1,-0.190762363,-0.3041094,0.039921607,0.008605046,0.065869033
ATGTACCATTATTGTC-1,-0.644229654,-0.1849463,0.37479044,-0.113260539,-0.516042374
ATGTACCGATCCAGAA-1,-0.336560897,-0.3152015,0.228462366,0.074442214,-0.260439597
ATGTACCTTCACATTA-1,-0.207317979,-0.2123093,0.01281732,0.06352515,0.002878283
ATGTACGGTGGCGTAT-1,-0.609614259,-0.3478363,0.48844871,-0.202107061,-0.333592922
ATGTACTACCGACTTC-1,-0.734854683,-0.1128955,0.475619718,-0.470069466,-0.607385715
ATGTACTAGAGGAATT-1,-0.731228947,-0.0014433,0.388756973,0.04526489,-0.711892662
ATGTACTCGTGGCTGT-1,-0.314445672,-0.2505034,0.09335698,0.03897756,-0.08283944
ATGTACTCTGCAGCAC-1,-0.574097221,-0.0995689,0.280090455,-0.186217116,-0.395514437
ATGTACTGGTCGAAGC-1,-0.411759832,-0.434631,0.425018494,-0.345376962,-0.083490319
ATGTAGAAGCGAATAG-1,-0.392029954,-0.14368,0.227024311,0.085423476,-0.28795465
ATGTAGCCGACCAAGG-1,-0.508528295,-0.4211473,0.43302062,-0.548562203,-0.195093525
ATGTAGGTAACCGTAC-1,-0.722859432,-0.1296395,0.451704046,-0.292703458,-0.625636909
ATGTAGGTGGTCTAAC-1,-0.513562657,-0.2922453,0.304229507,-0.442939472,-0.207469159
ATGTAGGTTGGCGAGG-1,-0.711243619,-0.0923502,0.394398774,-0.007020984,-0.671130093
ATGTAGTCCAGAACAT-1,-0.529644619,-0.2870124,0.402893409,-0.270001595,-0.238730911
ATGTATCCAAGGTGGC-1,-0.70236933,-0.0447515,0.373122578,0.014404779,-0.678178758
ATGTATCCATAAGTTG-1,0.043010307,-0.2243662,-0.167037582,0.043945842,0.211013338
ATGTATCGGAATACGG-1,-0.631649702,-0.1246348,0.418874154,-0.631751918,-0.501538702
ATGTATGAGTACCGGA-1,-0.299881843,-0.2453722,0.113220948,0.043782855,-0.085634332
ATGTATGTACTATCTT-1,-0.408569121,-0.0154765,0.205000633,-0.34952941,-0.375675623
ATGTATGTTATTGAAG-1,-0.42873575,0.02913802,0.234680645,0.044864271,-0.375787808
ATGTCATACTTAGACC-1,0.077253494,-0.1856083,-0.149815962,-0.015139876,0.227127921
ATGTCATCAGGTTATG-1,-0.569925942,-0.1665181,0.338016936,-0.282664329,-0.432619639
ATGTCGCATGCCATAC-1,-0.38257404,-0.0980865,0.204478314,0.021187161,-0.315762975
ATGTCGCATTGATTGC-1,-0.262304017,-0.2642957,0.215165146,0.101510159,-0.05421482
ATGTCGGACTGAAGTA-1,-0.468874251,-0.4362264,0.48690732,-0.371471672,-0.146164887
ATGTCGGATAAGCCGA-1,-0.732659267,-0.0989823,0.415186937,0.016516972,-0.67855655
ATGTCGGCTGTCGTAA-1,0.068182371,-0.2339976,-0.182185776,0.078231883,0.242371808
ATGTCGTTACCAGACG-1,-0.261972558,-0.2307362,0.119267052,-0.166022341,-0.058556563
ATGTCTAACTGGCGAA-1,-0.52534854,-0.3181061,0.46806134,-0.000361673,-0.290554746
ATGTCTGCGTTGCAGC-1,-0.76252586,-0.0073121,0.418635508,0.026214755,-0.740809805
ATGTGAATCCATACGA-1,-0.684272188,-0.1193406,0.38722804,-0.041369806,-0.563718131
ATGTGAATTGCTGACC-1,0.091558387,-0.2314474,-0.201432791,0.075453637,0.259958623
ATGTGACATAGAGTCC-1,-0.36872303,-0.2462269,0.286186726,-0.052720647,-0.198524926
ATGTGATCCGTCTAAC-1,-0.563281577,-0.2122413,0.345169552,-0.140569241,-0.361851886
ATGTGCCGGTGACAGA-1,-0.466425163,-0.4782284,0.450609109,-0.625955179,-0.146872364
ATGTGCGTCTGAACAG-1,-0.62282885,-0.1555886,0.402781911,-0.494514835,-0.511225259
ATGTGCTAACATCGAA-1,-0.240737509,-0.2920121,0.07047888,0.039407389,0.023739746
ATGTGCTTGTGCTACC-1,-0.200819621,-0.2271649,0.000939701,0.088403123,0.022411534
ATGTTAAGATTACTGA-1,-0.778939863,-0.1193534,0.512384779,-0.39098411,-0.614675678
ATGTTACCTCGTCTGT-1,-0.530683117,-0.1977593,0.262081168,0.048403432,-0.298547236
ATGTTACGCCATTCCT-1,-0.046379093,-0.2427707,-0.085298244,-0.043196193,0.09388828
ATGTTACTGGAGGCGG-1,-0.728321449,-0.00611,0.410536093,0.053849844,-0.673919643
ATGTTAGAATAGTACT-1,-0.624881088,-0.153202,0.392549494,-0.302142438,-0.463461339
ATGTTAGACTATCTCA-1,-0.317216009,-0.0626644,0.192425166,0.082408201,-0.178738619
ATGTTCGCAGAAGTCT-1,-0.263827926,-0.1062887,0.180888096,-0.006338712,-0.162927556
ATGTTCTGCCTTATCT-1,-0.575879096,-0.1769472,0.40518384,-0.333945193,-0.365926062
ATTAACGGAGTGAATT-1,-0.557731322,-0.089094,0.314887227,0.03536921,-0.504406637
ATTAAGAACAGCTCCG-1,-0.698629163,-0.1360259,0.455464117,-0.688976702,-0.56338198
ATTAAGAATAACGCTT-1,0.017060331,-0.2425845,-0.140298924,-0.020724892,0.144591775
ATTAAGCGTCCTGCCG-1,-0.683541847,-0.0971071,0.42824537,-0.010521432,-0.541386161
ATTAAGTGGCCTAAGG-1,-0.117268388,-0.2094188,-0.058766655,0.052882657,0.070990453
ATTACAAGCAAGTGTC-1,-0.376717286,-0.3002303,0.195296686,-0.098829719,-0.10711181
ATTACATGTTATTGAC-1,-0.362819856,-0.2118537,0.288103098,-0.149491256,-0.213324256
ATTACATTGAAGTATG-1,-0.794031901,-0.0306899,0.470419094,-0.170480392,-0.66128312
ATTACCTTCGCAGAAG-1,-0.67129373,-0.2747891,0.49935987,-0.228033639,-0.450082791
ATTACTCAGTTAACGA-1,-0.355272838,-0.2920461,0.210093872,-0.257648598,-0.132341149
ATTACTCCGTGAAGCG-1,-0.768432147,-0.0643014,0.431750113,-0.257126664,-0.737125947
ATTACTGAGTGCCTCC-1,-0.519294286,-0.0893721,0.322387949,0.051465615,-0.417562574
ATTACTGATATTCGCC-1,-0.421095622,-0.2372905,0.177209463,-0.072688645,-0.289968527
ATTACTGTACGCGGTG-1,-0.757242113,-0.1196535,0.428123212,-0.043357465,-0.68976662
ATTACTGTCGCATATT-1,-0.70787595,-0.2882739,0.562850476,-0.146117586,-0.436680183
ATTACTTAACCACTTC-1,-0.443808437,-0.1770851,0.282670713,-0.367175936,-0.305801678
ATTACTTGAGCAAGAT-1,-0.104506642,-0.3622373,0.037435487,0.040937814,0.173666759
ATTAGAACAGTGGTAG-1,-0.507198823,-0.1847681,0.34809066,-0.052771037,-0.316402855
ATTAGACCAAGTATAC-1,-0.555436874,-0.2906423,0.399391711,-0.330934517,-0.316473406
ATTAGATAAGACGGCG-1,-0.787410136,-0.2376286,0.597753303,-0.578889956,-0.541761171
ATTAGATTCGTACTCA-1,-0.155767683,-0.338855,0.213985888,-0.05763713,0.094586407
ATTAGCAGGATGTATT-1,-0.092590631,-0.2622633,-0.059153665,0.039294992,0.113209314
ATTAGCATTCCGATCG-1,-0.61982966,-0.2062432,0.312376692,-0.026548479,-0.447953127
ATTAGCCTCACTTCTA-1,-0.806450232,-0.0350936,0.474899411,-0.023158607,-0.718947759
ATTAGCCTCAGTAGAT-1,-0.69679529,-0.198857,0.436149603,-0.160830536,-0.556328236
ATTAGCGAGCATGCTG-1,-0.572535623,-0.1802739,0.319648909,0.009938213,-0.413428108
ATTAGCTAGATGCGCA-1,-0.524295298,-0.0760148,0.284111475,0.008941561,-0.450781802
ATTAGTCGTGTTATGC-1,0.088305892,-0.2374107,-0.200281277,0.107645861,0.255728458
ATTAGTGAGGTATCGC-1,-0.486782872,-0.1824363,0.305155837,-0.210269039,-0.325020722
ATTAGTGCTTGGTCAT-1,-0.3487558,-0.1799597,0.112554156,0.038991639,-0.212587229
ATTAGTTCACAGACTC-1,-0.478020046,-0.4080259,0.462566163,-0.329422741,-0.218545775
ATTAGTTGGACGTGAT-1,-0.683389847,-0.1876535,0.376928473,-0.047294111,-0.627440061
ATTATCACAACTCGGC-1,-0.793147472,-0.0574667,0.469496626,-0.056425755,-0.717065839
ATTATCAGTTCGATGC-1,-0.760655573,-0.1040144,0.432102453,-0.196171227,-0.73849124
ATTATCCAGGTGAAGT-1,-0.545003147,-0.1535021,0.234566245,0.048761066,-0.409802294
ATTATCCATTGTGACA-1,-0.525962308,-0.1033316,0.290730083,0.044180492,-0.345537756
ATTATCGAAGCCTAAG-1,0.011873855,-0.290173,-0.057427453,-0.02680232,0.204387959
ATTATCGAGTGCAGAT-1,-0.71858588,-0.143318,0.386276656,-0.061841029,-0.637684427
ATTATCTAGATTAACG-1,-0.539790214,-0.173992,0.282849426,-0.003585342,-0.478616985
ATTATCTTATTGAGAC-1,-0.17551371,-0.2231857,-0.014576927,-0.106462313,0.011715487
ATTATGATACTGCGCA-1,-0.296547474,-0.2782147,0.172696849,-0.132858068,-0.056408464
ATTATGCCATCGTTAA-1,-0.247238036,-0.1315394,0.170621931,-0.004588488,-0.115962664
ATTATGTTAAGGTAGT-1,-0.772254477,-0.0782916,0.447128854,0.008137134,-0.719618744
ATTCAAGATTAGTTGC-1,-0.648102089,-0.1291628,0.407048791,-0.530714122,-0.514912428
ATTCACATAGGATGAG-1,-0.448184628,-0.1382469,0.258762346,-0.019768727,-0.347364221
ATTCACATCGTCACAG-1,-0.084217249,-0.2100827,-0.057636465,-0.060686931,0.113043364
ATTCACATCTTATTCT-1,-0.621349848,-0.1520921,0.419517391,-0.293480762,-0.427661063
ATTCACCTGACCAGTT-1,-0.765821019,-0.0424182,0.421023437,-0.073556932,-0.734898806
ATTCACGCTGCCTAGG-1,-0.661351673,-0.1920673,0.472542276,-0.662326323,-0.476999132
ATTCACGCTGTTATCG-1,-0.794779863,-0.0204186,0.448828248,0.006622436,-0.729718775
ATTCACGTCGCAGGCT-1,-0.66337747,-0.0963804,0.41136975,-0.548673978,-0.553142675
ATTCACTCACGTGCAC-1,-0.701742111,-0.0616029,0.397136567,-0.501754698,-0.603949956
ATTCAGCTCCTACTAA-1,-0.780151196,-0.0450857,0.433158918,0.005204973,-0.736845406
ATTCAGTCACCGCCAT-1,-0.031139163,-0.2931813,0.003407204,0.075943183,0.167668162
ATTCATAGCGAAGCGT-1,-0.720024748,-0.1039959,0.401112349,-0.60752187,-0.668131382
ATTCATAGTTCTAACT-1,-0.14108989,-0.212956,-0.033582472,-0.055310473,0.068077654
ATTCCATTGTGAACGC-1,-0.100864474,-0.2889885,-0.043803192,-0.131558446,0.072304938
ATTCCGCAACGCCGCT-1,-0.473567195,-0.151323,0.196646858,-0.031061754,-0.361343259
ATTCCGCTCCATCAGC-1,-0.540785593,-0.0776583,0.317848529,0.084203901,-0.396899833
ATTCCGGACCGGTCTT-1,-0.24895182,-0.1739609,0.060070082,-0.096812082,-0.076547017
ATTCCGGTTACATACC-1,-0.765988762,-0.0556703,0.424938359,-0.083111132,-0.735904698
ATTCCGTAAGGATTCC-1,-0.748508798,0.00448358,0.411205003,-0.039481368,-0.719104353
ATTCCTCAATTCCATA-1,-0.623871692,-0.3045864,0.445019488,-0.444893405,-0.423034783
ATTCCTGCCTTAACAG-1,-0.580791859,-0.1001427,0.313762168,0.058321259,-0.475917948
ATTCCTTCGAAGGTGC-1,0.035769355,-0.2401781,-0.165939703,0.06421914,0.205679911
ATTCGCTCGCGGAGGC-1,-0.778145428,-0.0201682,0.442755958,-0.065710639,-0.723344149
ATTCGGAAGCTATTAC-1,-0.785304402,-0.0370363,0.451728496,-0.107968115,-0.708886368
ATTCGTGCCGACATGT-1,-0.557397221,-0.1665102,0.262341812,-0.16197628,-0.383586187
ATTCGTTAGAATTCGG-1,-0.620734812,-0.3174295,0.46135243,-0.544603253,-0.357694492
ATTCTAACGCCTGTTA-1,-0.496918719,-0.0285565,0.291274109,0.030943854,-0.418113211
ATTCTACAGCCAGCAC-1,-0.523372858,-0.0719262,0.279145466,0.014418654,-0.429159021
ATTCTACGTGGCAGAT-1,-0.421824626,-0.2019261,0.334682254,-0.055393562,-0.249113766
ATTCTACTGGTCGTTC-1,-0.672237343,-0.0850182,0.386278242,-0.241578746,-0.618072442
ATTCTAGGACATCAGT-1,-0.726602177,-0.1582967,0.513745569,-0.48579091,-0.460568881
ATTCTAGTCCACAAGA-1,-0.362467372,-0.2144934,0.159303028,-0.024283212,-0.177791566
ATTCTGAGTACTGTAG-1,-0.371345991,-0.4351177,0.414874043,-0.582863213,-0.034170613
ATTCTTGAGGCGACGC-1,-0.539205801,-0.2438902,0.373668433,-0.236393787,-0.431452306
ATTCTTGGAGTGATAG-1,-0.747679082,-0.1102817,0.469117242,-0.484493226,-0.638336374
ATTGACCTTCGGCGTC-1,-0.294997131,-0.4103397,0.306981328,-0.151573807,-0.01752662
ATTGACGAGCAGCGAC-1,0.005220634,-0.212553,-0.144817869,0.048592553,0.190295189
ATTGACGCATCTCAAC-1,-0.248238972,-0.2835394,0.058389183,-0.045168013,-0.026399446
ATTGACGCCACCTTCT-1,-0.102655846,-0.2476879,-0.072154451,0.086778863,0.094931665
ATTGACGCCAGCCAAG-1,-0.3436476,-0.2560722,0.141117015,-0.098618048,-0.181933943
ATTGACTGAATACTAT-1,-0.392686796,-0.1486817,0.276967801,-0.012630337,-0.216557505
ATTGACTTATGTGGTA-1,-0.050711855,-0.2537897,-0.099867859,0.062362125,0.134738493
ATTGATAACACTAAGA-1,-0.770301926,-0.0778522,0.466335678,-0.075108785,-0.677955536
ATTGCAAGGCAATGGA-1,-0.408498462,-0.1523311,0.217508907,-0.017924557,-0.300677819
ATTGCAATTATGGTTG-1,-0.427092745,-0.2091992,0.179258219,0.032471748,-0.191218336
ATTGCACGACCACTTG-1,-0.735339701,-0.0284155,0.39869196,0.036866659,-0.664722636
ATTGCACGCATAACAG-1,0.059279669,-0.2310497,-0.171505166,0.080040599,0.238164635
ATTGCAGTTCTTCATT-1,-0.72693708,-0.0951219,0.401731285,-0.560011621,-0.643608118
ATTGCATATTGTTATC-1,-0.662337764,-0.0799317,0.414030568,-0.081585625,-0.550412251
ATTGCATCACTGACTG-1,-0.756030946,-0.1588465,0.499741827,-0.646622391,-0.616862195
ATTGCCTGATGTGCGG-1,0.075824497,-0.2397492,-0.177488319,-0.024729213,0.20540557
ATTGCCTTACGCAGTT-1,0.145229608,-0.270978,-0.260793472,0.123479925,0.250268426
ATTGCCTTGTCTAAGT-1,-0.219406484,-0.2543846,0.047416589,-0.122716098,0.038206909
ATTGCGTAGTTAGGAG-1,-0.561886987,-0.2975904,0.401213952,-0.136386854,-0.392152922
ATTGGCACCACGCCAT-1,-0.451849941,-0.0394741,0.237001787,0.101386142,-0.359964118
ATTGGCCTAGGAATCG-1,-0.385136295,-0.2181479,0.129488527,-0.075497151,-0.263599289
ATTGGCCTTCCGTGCA-1,-0.678929878,-0.2313904,0.43585031,-0.180083656,-0.447663976
ATTGGCGAATTGCACT-1,-0.582421999,-0.2550551,0.387227568,-0.251501095,-0.450281877
ATTGGCTAACAGACAA-1,-0.272620395,-0.2144346,0.052182481,0.051842505,-0.074191516
ATTGTTAAGTAGACTA-1,-0.255146733,-0.0414109,0.14151276,0.018241687,-0.182555835
ATTGTTACGACTAGCG-1,-0.425349249,-0.2111203,0.254546572,-0.141791273,-0.204392651
ATTGTTATACTTCACG-1,-0.718565989,-0.2266748,0.470940853,-0.698301066,-0.585495114
ATTGTTATCGTAATAC-1,-0.010972704,-0.2283538,-0.129287154,0.032109805,0.169792134
CAACAGCCAGACCTTC-1,-0.552443364,-0.1186735,0.344694393,0.030904268,-0.372448384
CAACAGCCGCCTTGAG-1,0.050751268,-0.2756399,-0.145327854,0.040148364,0.104112486
CAACAGGTCAGAGGAC-1,-0.705485513,-0.0030829,0.385878995,0.049326688,-0.660450236
CAACAGTACGGCAATG-1,-0.39960028,-0.2640785,0.282580177,-0.367769867,-0.224352054
CAACCGTACTGATCTT-1,-0.364444674,-0.184847,0.095328619,0.067917995,-0.16691318
CAACCGTATTACTGTA-1,-0.780837957,-0.0424344,0.458029506,-0.424042543,-0.705588083
CAACCGTTAACAGACC-1,-0.420802305,-0.3241356,0.373389318,-0.203221481,-0.193173762
CAACCGTTAATGTCAT-1,-0.404175163,-0.0230558,0.215312638,-0.106559382,-0.324392409
CAACCGTTCCACTCAC-1,-0.608662497,-0.2777056,0.433379832,-0.122848648,-0.409955797
CAACGCTTGCTCCTAC-1,-0.700100784,-0.1549021,0.477146607,-0.392105048,-0.540980352
CAACGGCACTCAGTCC-1,-0.444495801,-0.1625743,0.277267155,-0.05718832,-0.310329953
CAACTGACAAGACAAG-1,0.020297094,-0.2284071,-0.156089901,0.06031006,0.194664594
CAACTGCAGTGCAATA-1,-0.637142578,-0.0967658,0.382313266,-0.10188491,-0.523747503
CAACTGCATTCGACTC-1,-0.457101219,-0.132585,0.256460856,-0.584734587,-0.323665373
CAACTGCTGGAGTTAT-1,-0.708239009,-0.1635695,0.387817775,-0.153875529,-0.720988627
CAACTTGGACATAGAT-1,-0.773844536,-0.2450941,0.546594236,-0.042343317,-0.626290407
CAACTTGGTACGATGT-1,-0.325166961,-0.0278595,0.171576578,-0.022505482,-0.248909738
CAAGACCACTATCGAA-1,-0.682733329,-0.1125266,0.437865735,-0.462505068,-0.541153372
CAAGATAAGTGCAATG-1,-0.016845038,-0.2453974,-0.125708283,0.062785141,0.154137987
CAAGATAATGAGACCG-1,-0.487942368,-0.1841952,0.304090764,-0.10603732,-0.262414706
CAAGATTACCGATCAT-1,-0.652065204,-0.1432957,0.389162393,-0.059057986,-0.545144694
CAAGATTAGATGAGTT-1,0.064339846,-0.2308091,-0.185405777,0.084783383,0.232916114
CAAGATTCGTCAGCTG-1,-0.293756463,-0.2118219,0.211030871,0.093759221,-0.137038681
CAAGCATGCCTGACTT-1,-0.177770367,-0.2801471,-0.012854519,-0.012039076,0.029598733
CAAGCCGCCATAGAGG-1,-0.714812237,-0.0635037,0.366266019,-0.0339988,-0.618903106
CAAGCCTCCACTATCT-1,-0.241029136,-0.2445925,0.028192785,0.08979332,-0.036709643
CAAGGCAAGATTAGCA-1,-0.331865662,-0.2422156,0.19904789,0.112246134,-0.154982192
CAAGGCAAGCATCTCG-1,-0.754902776,-0.0473547,0.422621226,-0.261100956,-0.710501631
CAAGGTCAGCGATGTC-1,0.109764287,-0.290923,-0.214607588,0.114605728,0.235548725
CAAGGTCTCAATACAG-1,-0.777056134,-0.0505746,0.429232018,-0.021875458,-0.706591642
CAAGTACTCCGCATCG-1,-0.751720021,-0.1507907,0.494784498,-0.654146094,-0.570859529
CAAGTACTTATTAAGC-1,-0.62758201,-0.1711352,0.384751137,-0.16552107,-0.456575646
CAAGTACTTCAATAGT-1,0.083481313,-0.2463303,-0.196906538,0.100037696,0.24821064
CAAGTAGCCTCGATCC-1,-0.236398559,-0.289906,0.065120559,0.087062363,0.024371472
CAAGTATCGGCAACCA-1,-0.655475216,-0.3386463,0.546683351,-0.070998601,-0.412896663
CAAGTCCATCGGCGGT-1,-0.560883085,-0.2307519,0.386004986,-0.137439483,-0.310723263
CAAGTCCGCTACCGTT-1,0.084107786,-0.2356498,-0.200881513,0.065667505,0.247050602
CAAGTCGCAGTCACTC-1,-0.109408905,-0.2433558,-0.069000595,0.083743143,0.088132033
CAAGTCGTAGGACTCG-1,-0.485228714,-0.0652343,0.263633337,0.034800353,-0.394165338
CAAGTCTTGGCGATAG-1,0.052728683,-0.2314345,-0.183650025,0.119371614,0.215437369
CAAGTGAATTGGATGC-1,-0.732774509,-0.0913571,0.432202711,-0.018048743,-0.63979145
CAAGTGGATCATCCAG-1,-0.466061917,-0.429094,0.482225854,-0.431146728,-0.134165835
CAAGTGTTCGCCACGC-1,-0.583948533,-0.1554291,0.347142695,0.068302502,-0.448393797
CAAGTGTTGACGGCCA-1,-0.72696741,-0.2178293,0.500803632,-0.524643988,-0.541874514
CAATAACTACATTAAC-1,-0.791743266,-0.0281178,0.443480372,-0.332356183,-0.748058912
CAATAACTCAAGGCAA-1,-0.080604449,-0.2475518,-0.075670897,0.021121261,0.028202763
CAATAACTCAGATGAG-1,-0.765051742,-0.136751,0.470146171,-0.304026918,-0.632901209
CAATAAGAACCGACTT-1,-0.730024755,-0.0857822,0.424849487,-0.027392744,-0.648819933
CAATAAGCGGCCAGAT-1,-0.548148061,-0.2086137,0.30633364,-0.439711664,-0.393866209
CAATAAGGTAACTCGT-1,-0.765438303,-0.1056892,0.474739565,-0.141536004,-0.648564013
CAATAAGGTAGCGATG-1,-0.203943287,-0.2020434,-0.022047675,-0.080112754,-0.106765462
CAATAATCGTAGGATA-1,-0.549378841,-0.0975725,0.322586058,0.037622158,-0.378665616
CAATCCATGCCGATGC-1,-0.237975617,-0.274926,0.071312818,-0.269562859,0.010001733
CAATCCGAGGTGCTAG-1,-0.122561978,-0.2344175,-0.046146001,0.063798646,0.077227849
CAATCGTCGGAGCATG-1,-0.594245597,-0.0558937,0.361201492,0.080651997,-0.454336043
CAATCGTGAAGTGATA-1,-0.1694168,-0.2509341,-0.018223265,0.086344095,0.035264727
CAATCTATGAGGTCAG-1,-0.059122811,-0.2417336,-0.097722984,0.080526663,0.134881409
CAATCTGAGTCGACTC-1,-0.784160089,-0.030207,0.432082427,-0.049505133,-0.766525017
CAATCTTATTAGAATG-1,-0.281356641,-0.2685044,0.091922199,-0.072419334,-0.026160014
CAATGCAGATCATAGA-1,0.018240378,-0.2435053,-0.145824527,0.065906143,0.207989657
CAATGCATCATTATGC-1,-0.446456056,-0.0169688,0.267947524,-0.059979201,-0.356854422
CAATGCATTGACGGCA-1,-0.508697082,-0.2071278,0.312320185,0.011164975,-0.34501843
CAATGCGGATGCTGGT-1,-0.749915663,-0.1314578,0.403256335,-0.036841141,-0.659899221
CAATGGCTGAGCGATT-1,-0.268128081,-0.17082,0.067650999,-0.160736363,-0.088208595
CAATGTCCGTTGCGTG-1,-0.508908337,-0.0828609,0.331248516,-0.038425038,-0.37430731
CAATTACAGGTGTCAT-1,-0.103156837,-0.2551371,-0.009113053,-0.094615665,0.112370147
CAATTGAACCGGCTCG-1,-0.712372721,-0.1405678,0.440612161,-0.416708346,-0.637028263
CAATTGTTGACGTGAG-1,-0.718034756,-0.1670971,0.43199298,-0.019842179,-0.67069918
CACCAGGCACGCTATC-1,-0.423948339,-0.2852971,0.276168532,-0.611140772,-0.154936273
CACCATAAGCTGGCTG-1,-0.80465846,-0.0734568,0.4674779,-0.341871775,-0.727256615
CACCATAGGTAACCAG-1,-0.56811054,-0.2452072,0.381966389,-0.026012731,-0.382966845
CACCATTCTTACGAGC-1,-0.268822135,-0.271852,0.095268209,0.050888289,0.001609559
CACCGACAAGGCGTAT-1,-0.167011608,-0.2554577,-0.010736759,-0.05206447,-0.046974217
CACCGAGTCTTGGACA-1,-0.771562668,-0.0167606,0.431826557,-0.025187888,-0.663231026
CACCTACATGATTGAT-1,0.056715555,-0.2245255,-0.162349324,-0.046700587,0.194782692
CACCTACCGCTACCTT-1,0.03893364,-0.2385382,-0.16912191,0.091889553,0.216106279
CACCTAGAATACTTCT-1,-0.77649375,-0.0544747,0.435613577,0.012728823,-0.707967412
CACCTAGACGAGCCGG-1,-0.612150061,-0.112508,0.358693553,-0.039006951,-0.500279358
CACCTATTACTCAGAT-1,-0.483223979,-0.2954144,0.399129272,-0.394117943,-0.268385086
CACCTCGAAGCGCTAG-1,-0.289769892,-0.3213741,0.163845508,0.068112902,-0.192717575
CACCTCGAGCGATGCT-1,-0.719053838,-0.1269887,0.386384717,-0.576772225,-0.745341159
CACCTCGAGGACTCTA-1,0.027753814,-0.2578554,-0.150497079,0.112723538,0.216981169
CACCTTAGCTATTGTC-1,-0.740647722,-0.2061437,0.496219413,-0.080039983,-0.583325059
CACCTTGCGAGTTATG-1,-0.770107464,-0.0342535,0.429539048,-0.445278784,-0.740731673
CACGAACGGTCTTCAG-1,-0.39285378,-0.3915976,0.356724774,-0.049623877,-0.083694413
CACGAAGGTGAATGGT-1,-0.260872579,-0.2519448,0.135776412,0.063244976,-0.127883385
CACGACCTCCGTCATA-1,-0.428046076,-0.157693,0.276798099,0.087589087,-0.281385383
CACGAGGCCATCCACT-1,-0.769507687,-0.1119214,0.456836826,-0.035010023,-0.699014276
CACGAGGTATAGGTAT-1,-0.555568133,-0.1390528,0.377607412,-0.151924833,-0.402701793
CACGATAAGGCCTAAG-1,-0.189754038,-0.2668403,0.02201356,-0.227245157,0.046970161
CACGATACAATAGCCA-1,-0.203711581,-0.2121772,-0.019841004,0.06689859,-0.025246073
CACGATCATACAATTA-1,-0.721255627,-0.1013468,0.448151219,-0.543077158,-0.600871467
CACGATCTTCGCCGAC-1,-0.533621557,-0.1216157,0.265164796,-0.005762237,-0.388209928
CACGATGGTGCTAATA-1,-0.676975005,-0.1161574,0.380847718,-0.211430068,-0.594334849
CACGCCACAATCGCAC-1,-0.776002552,-0.0253845,0.442688756,-0.337747969,-0.70246748
CACGCCACTCCTTCAT-1,0.023281116,-0.2844796,-0.119900834,0.0120995,0.085820805
CACGCCTGGCGAATGT-1,-0.478305105,-0.0861267,0.274719112,0.044435956,-0.366825796
CACGCTTATCAATCTT-1,-0.496499598,-0.0380767,0.292957179,0.110599698,-0.391226137
CACGGATTCTCATCAC-1,-0.732963766,-0.0456437,0.39453141,0.051024002,-0.65047394
CACGGCGACGGTGCCT-1,-0.444525121,-0.0831518,0.253892412,0.105558089,-0.317651566
CACGGCGATACATACG-1,-0.602901391,-0.1616293,0.372671185,-0.20996411,-0.408421081
CACGGCGTCAGCCTGC-1,-0.674027827,-0.0545561,0.38601092,0.053619327,-0.604658816
CACGGCTGCGCTTGGC-1,-0.752996194,-0.188081,0.5140392,-0.051377198,-0.608956903
CACGGCTTACTCCGTT-1,-0.380222674,-0.1608281,0.244613941,-0.046803339,-0.238229071
CACGGTCTCCTTACGA-1,-0.029077244,-0.2532472,-0.115066132,0.076852852,0.168849396
CACGGTCTTGGTTAAT-1,-0.406950157,-0.1260683,0.254540486,0.041049687,-0.218861105
CACGGTGCCGGACCAC-1,-0.255260942,-0.2493706,0.051890398,0.040824257,-0.025332954
CACGTACACTCGCACC-1,-0.59419033,-0.1606135,0.296668736,-0.075660592,-0.496352018
CACGTACGTAGCTCAT-1,-0.738846846,-0.1022944,0.429527446,0.007692351,-0.610385554
CACGTAGGTAGGCTGA-1,-0.783938334,-0.0539239,0.445046347,-0.035624279,-0.737845015
CACGTCAAGTGCGATC-1,-0.788720253,-0.0407884,0.442485694,-0.059851875,-0.763699148
CACGTCCAATTCGACT-1,-0.619987026,-0.2029567,0.419888901,-0.126223096,-0.46845256
CACGTCCACGACCTAT-1,-0.663566933,-0.1473248,0.394253319,-0.669673703,-0.534699916
CACGTCCATCTACTGA-1,-0.744599923,-0.06607,0.428818445,-0.078381826,-0.650168468
CACGTGCCAGAATTCT-1,-0.778775368,-0.0992794,0.460271184,0.002030193,-0.701101383
CACGTGGCGGCACTAG-1,-0.347582711,-0.2192764,0.170504965,-0.018710668,-0.172512245
CACGTTGCACATACCG-1,-0.35680258,-0.1125416,0.221278338,-0.06151776,-0.248159429
CACTACAATATTGCGG-1,0.077542918,-0.2318537,-0.199800897,0.097162408,0.235088465
CACTACCATACGCAGA-1,-0.265725039,-0.2502435,0.069214387,-0.031361296,-0.030488883
CACTACCTTCGCTTCA-1,-0.013658304,-0.2678566,-0.066080503,0.00575635,0.064569218
CACTACTGCGGAATTG-1,-0.766093721,-0.0684212,0.414221003,-0.074095306,-0.748439487
CACTACTGGCTGAACC-1,-0.458634498,-0.2193501,0.320988826,-0.72073938,-0.279598591
CACTAGTCGACATCTA-1,-0.488806724,-0.1657238,0.326605776,-0.2270534,-0.335128248
CACTCAACGCAACGAC-1,-0.504144872,-0.4111592,0.457939427,-0.54559777,-0.179533419
CACTCAAGACCATGCA-1,-0.644819318,-0.2639181,0.462701688,-0.116711903,-0.433050569
CACTCAAGACGGACTA-1,-0.632723666,-0.1785008,0.360987043,-0.033064986,-0.504610649
CACTCAAGGCGGCACT-1,-0.424728008,-0.1241064,0.263464421,-0.393989651,-0.313734054
CACTCAATAAGCCGAA-1,-0.653972769,-0.313293,0.535707039,-0.69173027,-0.380949798
CACTCAATAGTGATGC-1,-0.541090821,-0.242083,0.311708105,-0.163468639,-0.392457292
CACTCAATGGTTCGGA-1,-0.234964189,-0.0522291,0.152007085,-0.000195117,-0.142125617
CACTCAGAGCAACCGG-1,-0.055288534,-0.2435922,-0.103027379,0.031224903,0.14182142
CACTCAGTACTCCGCT-1,0.027655482,-0.2472922,-0.149143932,0.067196566,0.205541358
CACTCAGTGGTCCTTC-1,-0.61692225,-0.2081279,0.374393773,-0.10970361,-0.415852791
CACTCATCACGTTACG-1,-0.56414759,-0.3101861,0.450594598,-0.429376038,-0.286195104
CACTCGGCGTATCGGC-1,-0.369545888,-0.3127555,0.152022012,-0.079233935,-0.157431866
CACTCGTAGGCCACGG-1,-0.540414477,-0.1142424,0.340818969,0.097444577,-0.423060486
CACTGGATCGATACGA-1,-0.531924034,-0.3883104,0.455434842,-0.583155945,-0.280271348
CACTGGCCAGCCAGAT-1,-0.817461731,-0.0933003,0.545267379,-0.216050153,-0.592026554
CACTGGCGGTAACACC-1,0.041579153,-0.2499406,-0.173965801,0.120341043,0.211376491
CACTGGTGAGACGCTT-1,-0.778652389,-0.1885437,0.540866615,-0.082399918,-0.575060469
CACTGGTGAGTTATCG-1,-0.71501117,-0.1420169,0.384769795,0.016025696,-0.637625891
CACTGGTGGCGTCGTT-1,0.133086208,-0.2393792,-0.250826494,0.122606104,0.254316338
CACTTGACATTCAGAA-1,-0.665354575,-0.1316937,0.463758778,-0.164024463,-0.48838476
CAGAACATGATAGGAC-1,-0.650719528,-0.0634474,0.363586471,0.073692951,-0.54223133
CAGAACATGCCTAGTG-1,-0.339053076,-0.1486346,0.206688297,0.029258471,-0.20467617
CAGAACGTATCGACTT-1,-0.791978529,-0.039889,0.439052293,-0.000907697,-0.764030551
CAGAAGATTAGAATGG-1,-0.405421722,-0.2242255,0.175828933,-0.058456737,-0.206511729
CAGAAGTCGCGGTTAT-1,-0.50846804,-0.1411384,0.239802852,-0.200705171,-0.328749298
CAGAATTCTTGAACCA-1,-0.663510233,-0.2073432,0.407213034,-0.471054357,-0.470665463
CAGACACTTACAAGAC-1,-0.562529044,-0.131809,0.320561289,-0.083460105,-0.424051591
CAGACAGTCGGATCTG-1,-0.703892886,-0.0895997,0.429956149,-0.316592474,-0.615190628
CAGACGAATGAGGAAC-1,-0.604816463,-0.1732695,0.331693603,-0.082432968,-0.462583934
CAGACGATACAGATCG-1,-0.00599662,-0.1879729,-0.119549385,-0.010025999,0.131252947
CAGACGCACTACTGAC-1,-0.44658742,-0.3861427,0.382846027,-0.519837438,-0.133053057
CAGACGCAGTAGGTCT-1,-0.766322312,-0.0694455,0.460538608,-0.028855005,-0.676382809
CAGAGCAATGGCTTCT-1,0.037823563,-0.2447801,-0.156708385,0.076708029,0.210583406
CAGAGCTTGTACTCGC-1,-0.646924496,-0.2509716,0.45556967,-0.285735533,-0.436498276
CAGAGGCACTTAAGTC-1,-0.771331008,-0.0257962,0.43967087,-0.159065458,-0.68350129
CAGAGGCAGCACATGG-1,-0.616495513,-0.0132085,0.339336737,0.057017816,-0.576504583
CAGAGGCGAATTGCCA-1,-0.031353819,-0.2861316,-0.009696881,0.032303208,0.025846104
CAGAGTCAATCCGCTG-1,-0.714983473,-0.1387074,0.408446147,0.054153172,-0.480257391
CAGAGTCATGTACAGG-1,-0.33880433,-0.1845548,0.240517906,-0.211374198,-0.208690704
CAGATACAGCACTCGT-1,0.035041424,-0.2238206,-0.158290866,0.082411918,0.208166578
CAGATATGTCCTTAAG-1,-0.552638347,-0.1465844,0.357784616,0.053929774,-0.418420006
CAGATTATCATAACGC-1,-0.779160479,-0.1251596,0.484041843,-0.417215744,-0.652277267
CAGATTCCGTATGCGA-1,-0.685094981,-0.1269467,0.438738564,-0.644718287,-0.573302135
CAGATTCGAACAGGTG-1,-0.286708104,-0.2223454,0.081841482,0.002390496,-0.039319065
CAGATTGCCTGTAAGT-1,-0.787683871,-0.1663472,0.574752787,-0.550238184,-0.541308477
CAGCACCGCACGACTA-1,-0.309337328,-0.215083,0.14047351,0.045946487,-0.135598115
CAGCACGCTAATCAGA-1,-0.235187565,-0.231705,0.038025249,0.10803446,-0.001782833
CAGCATAGACTAGGCA-1,-0.41663792,-0.2438002,0.224360633,-0.075123719,-0.227827322
CAGCATCCTCGCCACT-1,-0.188317325,-0.2643586,0.018753875,0.117455139,0.039528407
CAGCCAACGATAGCTT-1,-0.185748131,-0.233982,-0.016469795,0.093013269,0.009056269
CAGCCACGGCTCTACG-1,-0.514714366,-0.2628723,0.294938464,-0.16387497,-0.356882727
CAGCCAGTCCTGTCGG-1,-0.774898419,-0.0112095,0.452165384,-0.020064382,-0.693638995
CAGCCATGTCTGCCGT-1,-0.554438735,-0.0886377,0.262171061,0.017023451,-0.387059115
CAGCCTCGTGGCTCAC-1,-0.495201653,-0.1907331,0.209530059,-0.000660291,-0.296208884
CAGCCTGGTTGAACTA-1,-0.005845729,-0.2333922,-0.130979572,0.059966732,0.179090736
CAGCGATAACTGAACC-1,-0.404893953,-0.4628111,0.39774092,-0.29695218,-0.181516913
CAGCGATAATGCGATT-1,0.020239418,-0.2551731,-0.145496135,0.079116065,0.199227
CAGCTCACGCACTAGA-1,-0.310230612,-0.0716457,0.141151019,-0.416140306,-0.255758496
CAGCTCCTCGGATTCT-1,-0.777786713,-0.0460482,0.437647023,-0.065764829,-0.713622149
CAGCTCCTTAGGTAAG-1,0.10498859,-0.2984715,-0.228820487,0.096868508,0.229615099
CAGCTGCCATAACCAG-1,-0.545591655,-0.1382207,0.342852957,-0.140449918,-0.358673119
CAGCTGGATGCGGCTA-1,-0.237335608,-0.225547,0.008550624,0.019853573,-0.074012212
CAGCTGGCGATAAGTG-1,-0.032952531,-0.2514365,-0.112443698,0.076909509,0.138840931
CAGCTGTTGCCGGAGT-1,-0.524557403,-0.2211612,0.266705413,-0.061904269,-0.357419133
CAGCTTCACTACCGTG-1,0.061577248,-0.2432935,-0.163780669,0.045557062,0.242080457
CAGCTTCTAGCTGGCA-1,-0.586662322,-0.164648,0.304872639,0.048899509,-0.400756845
CAGCTTCTCCGCTCTT-1,-0.203020946,-0.23905,0.048216593,-0.11081646,-0.029902452
CAGCTTGACGCCATTA-1,-0.503730321,-0.1386968,0.352339684,-0.003891891,-0.394838556
CAGCTTGGTTCGGTCG-1,-0.308756276,-0.2013981,0.206345916,0.050238552,-0.138549021
CAGGACAGAAGGCTGG-1,-0.356775179,-0.1053666,0.214462928,0.074864139,-0.280627732
CAGGACATGGTAATGC-1,-0.800036251,-0.0331151,0.482173228,-0.182217645,-0.704532739
CAGGACCTACATAGTC-1,-0.561292207,-0.0791366,0.306232869,0.081677853,-0.479433533
CAGGAGCGTATCGCAT-1,-0.665271704,-0.1137738,0.349123914,-0.416646383,-0.523617949
CAGGCCAACAGCGAGT-1,-0.423930779,-0.1711022,0.160233502,-0.085246238,-0.280699481
CAGGCCAACGGTCGTA-1,-0.730846969,-0.1834254,0.52200593,-0.321948894,-0.50808559
CAGGCCGTATCTGTTA-1,-0.753107155,-0.2629141,0.593492206,-0.425986058,-0.412200682
CAGGCGAGGTCTTGGA-1,-0.547894506,0.00810299,0.336587166,-0.109592346,-0.433176047
CAGGTACCACTCGCGG-1,-0.298273438,-0.1755327,0.179984548,0.096032508,-0.178690657
CAGGTTCCACTAATCC-1,-0.521577349,-0.0680702,0.291129746,0.065849011,-0.47867458
CAGTAATATCACTACG-1,0.012823347,-0.2687448,-0.125961831,-0.10020398,0.175024182
CAGTACAGTTGTGGAA-1,-0.663748239,-0.0422753,0.386192556,0.017345276,-0.575991973
CAGTAGATTGACGGAT-1,-0.751913366,-0.1602693,0.485347629,-0.018396385,-0.640183383
CAGTAGCACTACATTG-1,-0.293128991,-0.442437,0.193079405,-0.244529566,0.009790577
CAGTATACTGCAGCAA-1,-0.248779552,-0.2322557,0.033397899,0.022545245,-0.050365399
CAGTATCTTACACTAA-1,-0.304973889,-0.1440068,0.203528585,0.070087731,-0.170675217
CAGTATGCGTGGCGCT-1,-0.751423662,-0.0766321,0.407512814,-0.196501337,-0.749770798
CAGTCAGCCGATCCGG-1,-0.513238505,-0.1847499,0.383890485,-0.078209912,-0.309333041
CAGTCTCACTTAAGCA-1,-0.643064213,-0.0298682,0.356618003,0.05807399,-0.587793658
CAGTCTGGACAATCTA-1,-0.049861517,-0.2368367,-0.112621913,0.100907995,0.117978227
CAGTCTGGTAATCTAC-1,-0.772286879,-0.1044279,0.438833812,-0.068745511,-0.673042625
CAGTCTGTGGCGCTGC-1,-0.124069192,-0.2687785,-0.01855292,0.056278972,0.106075485
CAGTGAACAGCAACGA-1,-0.743006511,-0.0018187,0.412044776,8.60E-05,-0.685981316
CAGTGAAGATACATAA-1,-0.48161506,-0.2424078,0.365205609,-0.227495951,-0.265060016
CAGTGATATTGATGTC-1,-0.503435282,-0.1817425,0.294225499,0.001636219,-0.403441429
CAGTGCCTTGCGGTCT-1,-0.584247241,-0.136064,0.281861694,-0.153050605,-0.437758675
CAGTTGCAACCGAGAT-1,0.123377033,-0.2444954,-0.214520308,-0.059950563,0.226497269
CAGTTGCACGGACAGG-1,-0.033306581,-0.2205226,-0.122966807,0.085349759,0.146231609
CAGTTGCGACTTCTCG-1,-0.475309666,-0.1257339,0.285702281,0.072714459,-0.34819721
CAGTTGCTCACGTGTC-1,-0.639053502,-0.2180422,0.473827434,-0.509346311,-0.446412441
CATAAGTCTTCGAGTT-1,-0.658896839,-0.1856185,0.395284487,-0.237434269,-0.502078956
CATACAATGAGTAGCT-1,-0.719243357,-0.2016248,0.477432888,-0.048583669,-0.572346473
CATACCAGGTTCCTAA-1,-0.585812802,-0.107696,0.337853413,0.077396705,-0.509848417
CATACCTACCGAAGGA-1,-0.21379477,-0.2934201,0.026768353,0.008376072,0.012969843
CATACCTCGATTGTTC-1,-0.735535863,-0.1424684,0.451658445,-0.01281361,-0.625446386
CATAGAACATTGAACA-1,-0.768560695,-0.2444793,0.557253443,-0.677182304,-0.557129132
CATAGACGAGGTATTA-1,-0.339760175,-0.2177729,0.10582868,-0.128171712,-0.240372058
CATAGCTTGACAACGG-1,-0.051138486,-0.3249084,-0.048775549,0.069735731,0.17357548
CATATCAGACTATCCA-1,0.042111763,-0.2441272,-0.182121823,0.064605208,0.17322565
CATATCCGTTCACCTC-1,-0.063733411,-0.2215525,-0.094254098,0.047665517,0.13485404
CATATGTTGACTGGCG-1,-0.305842835,-0.2345961,0.097003022,-0.065774466,-0.142858291
CATATTCATCCGCATT-1,-0.294113169,-0.1335518,0.21435033,-0.057146847,-0.168307232
CATATTCTTGTCGTAA-1,-0.446307023,-0.2619516,0.309512663,-0.066617036,-0.250346315
CATCAACATAACCGAT-1,-0.131741421,-0.292674,-0.063545567,0.125409525,0.059104854
CATCAGAAGGCTTCGG-1,-0.25042886,-0.3156402,0.078086273,0.053084887,0.003569112
CATCAGATACTAATCG-1,-0.491561449,-0.130408,0.304070201,-0.070401007,-0.229127197
CATCAGGTAGGACCGT-1,0.049219497,-0.2325826,-0.174618353,0.089443243,0.224246912
CATCAGGTGCCTGATA-1,-0.543193264,-0.2867955,0.37436812,-0.70267114,-0.378539062
CATCAGTAATCAGACA-1,-0.255729697,-0.0637261,0.164235424,-0.054826086,-0.153428321
CATCCGAAGCGTATGG-1,-0.651282736,-0.2617849,0.510618721,-0.535653523,-0.380892261
CATCCGCCTAAGGAAC-1,-0.798146797,-0.0426116,0.493402326,-0.089813094,-0.603465356
CATCCGGTACCAACGA-1,-0.008401117,-0.2605883,-0.098695889,0.020867879,0.072665313
CATCCGTGCGGTCTAC-1,-0.295821423,-0.1203877,0.151495649,0.116183587,-0.160001117
CATCCGTGGTCGTAAG-1,-0.698754008,-0.0870655,0.368778667,0.040185378,-0.550080617
CATCCGTTAAGCGTGC-1,-0.639525732,-0.0753363,0.343662804,0.058547057,-0.594848627
CATCCTAGAATTATTG-1,-0.323766575,-0.5156782,0.413343097,-0.273292239,0.016421369
CATCCTAGTGGTATGT-1,-0.484694743,-0.1858476,0.209945914,-0.040581308,-0.352372387
CATCCTGGTACCTGCT-1,-0.135054335,-0.2634828,-0.032569445,0.081638763,0.076714899
CATCCTTCGACTAAGT-1,0.064976378,-0.2286908,-0.184318248,0.056322625,0.22614677
CATCGCGGATGATATG-1,-0.643369021,-0.0390004,0.326119774,0.085039522,-0.611378325
CATCGCGGTCGGTGCG-1,-0.573917068,-0.1004706,0.349460129,-0.194221727,-0.460347074
CATCGGATACGCACAG-1,-0.131505703,-0.3181338,0.004881151,-0.092816795,0.100305375
CATCGGATCCTACCTG-1,0.050991151,-0.2912706,-0.083183038,0.076429095,0.056784507
CATCGGCATGTCGAAG-1,-0.458637647,-0.1077524,0.286685229,-0.17123116,-0.302134971
CATCGGCCTGCATATC-1,-0.353359618,-0.1559265,0.146121838,-0.123521399,-0.168483838
CATCGGTAGCGTCCGA-1,-0.538153257,-0.2159495,0.275267815,-0.344840667,-0.401483952
CATCTGGCCATACTAG-1,-0.620332998,-0.1229198,0.357960068,-0.09582927,-0.491360501
CATCTGGCGAATGTCG-1,-0.577160118,-0.0371244,0.3251231,-0.543013165,-0.518882094
CATCTGTACCACGCGA-1,-0.706507992,-0.0532038,0.382758748,0.045356404,-0.689665289
CATCTTACTTGCACTC-1,-0.43285368,-0.19803,0.274794955,-0.263148341,-0.29417092
CATGATACTCAGGATT-1,-0.52854794,-0.1268254,0.322258307,0.08924724,-0.385525957
CATGATAGGCCATGAG-1,-0.817224187,-0.0128122,0.497122216,-0.166644494,-0.617784716
CATGATGCATGTGCTA-1,-0.730597696,-0.1893261,0.502165675,-0.191225535,-0.553820868
CATGATGCTAGCCATG-1,-0.416319322,-0.2456341,0.232982947,-0.046568334,-0.212563083
CATGCACGCCGACGGA-1,-0.400817607,-0.0923386,0.259582307,-0.050209061,-0.255110084
CATGCAGAAGTCAGGA-1,-0.731173177,-0.1454719,0.4887872,-0.120584031,-0.597581041
CATGCAGGTAGTTGTA-1,-0.34737423,-0.2113568,0.128174751,-0.107065662,-0.189905368
CATGCATATGACGTCG-1,-0.633055698,-0.3474593,0.53488098,-0.65614684,-0.334548652
CATGCATATTCTGCCT-1,-0.313759694,-0.2519872,0.209384953,-0.707255416,-0.102943089
CATGCGAGTGAGCTAA-1,-0.730034496,-0.0158827,0.407251653,-0.033643066,-0.685198679
CATGCGCTACTGGAGG-1,-0.628262822,0.00079264,0.33922973,0.078959618,-0.577146948
CATGCGGCCGGAATTC-1,-0.715666089,-0.1252977,0.403151356,-0.276753666,-0.644281668
CATGCTCATCTGAACG-1,-0.778557713,-0.0488692,0.446093026,-0.073611048,-0.729157343
CATGGCTACTGTACGT-1,-0.743508032,-0.0557592,0.403379218,0.025269057,-0.746531097
CATGGTGAGGCAGCAT-1,-0.679686532,-0.2198889,0.473757586,-0.54044129,-0.483360719
CATGTCCACCTGCGTC-1,-0.711516609,-0.0847302,0.41932499,-0.101222048,-0.507080294
CATGTTACCGAAGGCG-1,-0.627993365,-0.1121639,0.388818977,-0.526676099,-0.5161726
CATGTTATTGATGCAG-1,-0.014027413,-0.218848,-0.113862243,0.038859778,0.162844156
CATGTTGAGCCGGAAC-1,-0.525367876,-0.2614371,0.348360572,-0.589761894,-0.271025259
CATTAACTAATCGCGT-1,-0.664712296,-0.2337804,0.429797442,-0.0118952,-0.433980201
CATTAACTATTGTTCC-1,-0.709549388,-0.2154262,0.515936292,-0.626724114,-0.509190625
CATTAAGTAGCTTACC-1,-0.655293731,-0.1008592,0.42098591,-0.040603618,-0.541716279
CATTAGGATAGTGAAT-1,-0.562951384,-0.3802926,0.497196492,-0.685866441,-0.256125687
CATTAGGCAATGGTTA-1,-0.614767931,-0.0841116,0.313997815,-0.023265443,-0.47699145
CATTCTCCAGTCACCA-1,-0.667458968,-0.2158569,0.424775136,-0.145151344,-0.461418822
CATTCTGTGCATGCTC-1,0.0027854,-0.1634471,-0.115364515,0.017990078,0.138227888
CATTGCAGCGAAGACC-1,0.011940136,-0.2561353,-0.131480726,0.044766574,0.205222212
CATTGCGTGCCACCTT-1,-0.745483182,-0.1053033,0.405533742,-0.033776569,-0.619081597
CATTGCTATGTTAGCT-1,-0.780816779,-0.0592779,0.46237836,-0.087851077,-0.717136456
CATTGGCGGTTGAGTC-1,-0.42409863,-0.1179707,0.224337615,-0.119988086,-0.229860379
CATTGTCGGTCGCTAG-1,-0.069641584,-0.2318805,-0.07463064,-0.031146307,0.163812933
CATTGTGGCCTCAGGC-1,-0.287433225,-0.1185903,0.13957372,-0.033665499,-0.245075795
CCAACAGGAACACGGT-1,-0.462410306,-0.1637793,0.162919859,0.089259898,-0.276945503
CCAACTGGAGATTCAT-1,-0.033061384,-0.240989,-0.103412725,-0.056899242,0.081408694
CCAACTTGCCACCGTA-1,-0.70761211,-0.0888634,0.40418125,-0.060426495,-0.611839344
CCAACTTGCGTTAACC-1,-0.201483349,-0.2280074,0.00377711,0.075226002,0.008468752
CCAAGCCTGTATTAAT-1,-0.425159005,-0.1645847,0.296772904,-0.342226153,-0.304900416
CCAAGCTGGCCATTGC-1,-0.665502164,-0.3484197,0.559588135,-0.698125433,-0.388498962
CCAATACCAACACGCC-1,-0.243991759,-0.3651034,0.151751147,-0.702304979,-0.133705815
CCAATAGAAGACTTGG-1,-0.485598172,-0.1740263,0.283750877,-0.095477398,-0.258708635
CCAATAGCGGTACGTG-1,-0.596336309,-0.1451776,0.377232868,-0.015730553,-0.478287082
CCAATATTAGTGCGTT-1,-0.510966318,-0.1829023,0.250288381,0.008650211,-0.272563605
CCAATCTAACGTGACG-1,-0.679133602,-0.088912,0.351691806,-0.005991464,-0.540124988
CCAATCTTGCCTATGG-1,-0.625204686,-0.0745024,0.383717836,-0.059471568,-0.506288846
CCAATTATGACACTGG-1,-0.772445549,-0.0709728,0.463780138,-0.08944519,-0.668958574
CCACAACCAGCAGGTG-1,0.032859044,-0.2360399,-0.135981241,-0.082459086,0.134766731
CCACAGGAAGATGTGC-1,0.068927132,-0.2556215,-0.141471853,-0.012086535,0.203137281
CCACATGGCGACGTCT-1,-0.660579446,-0.2353475,0.422803981,-0.687987433,-0.430588418
CCACGAACGCTGCCGC-1,-0.629372844,-0.1953003,0.406214096,-0.311235543,-0.491301011
CCACGATCCTAATCCG-1,-0.817212195,-0.0018238,0.479151722,0.011812145,-0.718927117
CCACGCCTGGAGAAGT-1,-0.30866719,0.05064816,0.144743517,0.048446977,-0.285021049
CCACGGCTGGCAACCT-1,-0.361670053,-0.2518317,0.102638829,0.087204645,-0.19197817
CCACGGTACACCAACC-1,-0.630361279,-0.1401498,0.310726533,0.033752106,-0.527937243
CCACGTCAATCAACAT-1,-0.48914957,-0.2454045,0.324527789,0.042032035,-0.314829663
CCACGTCGGTCGCTTC-1,-0.60424124,-0.1656609,0.377204171,-0.244607444,-0.463418205
CCACGTGCCACCTCAA-1,-0.795846423,-0.0289201,0.447868695,-0.120005958,-0.73670383
CCACGTGGACTGCGGT-1,-0.521725641,-0.1397785,0.29323442,0.042031066,-0.332218726
CCACTAATCACCGGTA-1,-0.080215226,-0.2392853,-0.078048447,0.094199209,0.11329822
CCACTCCAGCACCTAC-1,-0.095297944,-0.2150005,-0.074499923,0.023570983,0.103851598
CCACTCTGTAGTCGGA-1,-0.304187689,-0.1105692,0.168153297,0.046884438,-0.198364562
CCAGAACCGTGCATCC-1,-0.662559566,-0.164955,0.432966495,-0.02290147,-0.507126827
CCAGACAATATCGTTA-1,-0.649127599,-0.0878458,0.410327015,-0.299453242,-0.522920593
CCAGACAGAACCTAAG-1,-0.655509678,-0.1474559,0.403784182,-0.695207757,-0.511774944
CCAGACATCCGGTTCT-1,-0.746076969,-0.0470724,0.412853503,-0.029863884,-0.70072788
CCAGACATCGGCACGC-1,-0.012605572,-0.2310734,-0.141595741,0.079475253,0.162805062
CCAGACCAGCGGCAAG-1,-0.354869231,-0.1328943,0.18266015,-0.064836827,-0.32862726
CCAGATAGACGAGGTG-1,-0.733837954,-0.14366,0.447245505,-0.338342734,-0.674159682
CCAGATAGCGTAGTGA-1,-0.436584497,-0.2039401,0.248313918,-0.719200409,-0.305127508
CCAGATGATATGTAGG-1,-0.776675799,-0.0798327,0.440690065,-0.209699561,-0.702892426
CCAGATTGTAGCCTAC-1,-0.783955371,-0.0284659,0.428574055,-0.299164959,-0.742773962
CCAGCACTCGACTGAC-1,-0.665964812,-0.1090882,0.366758471,-0.408381463,-0.579587455
CCAGCAGGTCTTGTTC-1,-0.526012619,-0.394901,0.443549261,-0.129366822,-0.198099378
CCAGCATCTACCGCTT-1,-0.08657051,-0.1288611,0.090173392,0.049329558,0.012010809
CCAGCGGATTCCGCTG-1,-0.717443821,-0.0883782,0.39208022,0.013637971,-0.636276811
CCAGGATACCGTTAGT-1,-0.276990091,-0.2287957,0.167326375,0.004862085,-0.133671578
CCAGGTCCACATCCAT-1,0.09272336,-0.1575001,-0.171147384,0.00579358,0.22993013
CCAGGTTACGAGACTG-1,-0.747850377,-0.0971227,0.43593433,-0.049382454,-0.711157519
CCAGTGTCACAGCGCC-1,-0.290612982,-0.2475743,0.05944847,-0.102025691,-0.067022457
CCAGTGTCTAGCTACG-1,-0.476488057,-0.1537957,0.278322999,0.064184119,-0.335733613
CCAGTTGTGATGCAAG-1,-0.055069637,-0.2598258,-0.080653784,0.03871098,0.143846933
CCATACGGAGCCAAGG-1,-0.3929329,-0.2224748,0.160083189,-0.056566685,-0.263615037
CCATAGCCGTACGCAC-1,-0.302673946,-0.0881978,0.200410625,0.078188554,-0.181222658
CCATAGGACCGCCAAC-1,-0.615038612,-0.2277548,0.425279415,-0.6627051,-0.417556592
CCATAGTAGGTGCTTG-1,-0.394907567,-0.3397864,0.337552699,-0.104207933,-0.170917251
CCATAGTATTGTCTGC-1,-0.774699113,-0.1379402,0.477912172,-0.242922204,-0.674471092
CCATAGTTCGAGTAAG-1,-0.400374495,-0.2261268,0.171766023,-0.078586498,-0.230737091
CCATCGGACAACCGTG-1,-0.463203305,-0.2510734,0.273757297,-0.144630993,-0.254958049
CCATCTGTGGCATCGT-1,-0.806741385,-0.0313975,0.470256484,-0.032545872,-0.70412689
CCATGAACAATGCTCC-1,-0.443638448,-0.2440578,0.275302119,-0.172437612,-0.248285455
CCATGAACATCGTTGG-1,-0.627635626,-0.137635,0.380773239,0.030456895,-0.506545929
CCATGACAGGAGAACA-1,-0.559506254,-0.07676,0.334498242,0.002444429,-0.471602036
CCATGAGGCTATGCCA-1,-0.591038144,-0.3091366,0.477547163,-0.516161856,-0.354174025
CCATGGTTCCAATGTC-1,-0.607407245,-0.2706129,0.411244229,-0.412784334,-0.435409062
CCATTATCGTTACCTT-1,0.059946525,-0.2322426,-0.184681138,0.076010741,0.226960129
CCATTCCGGTTCTTCC-1,-0.557054446,-0.25668,0.385148459,-0.095394742,-0.359776035
CCATTCGTCTGCTCTA-1,-0.691767572,-0.0314719,0.374615056,0.026579771,-0.640061134
CCATTCTTACGCGTTA-1,-0.133802034,-0.3370703,0.044089666,0.060195595,-0.024738756
CCATTGGCAATTCTCA-1,-0.712278504,-0.1160442,0.40047617,-0.04296572,-0.529675472
CCGAAGCCAGGTTCAG-1,-0.601719414,-0.1846574,0.336830246,-0.262127351,-0.460014672
CCGACAACGTCATCGG-1,-0.706398865,-0.0974476,0.42133542,-0.110350581,-0.616684139
CCGACAAGACTGTACT-1,-0.643449087,-0.1118147,0.384777421,-0.442365073,-0.514175869
CCGACAAGGCACGGTT-1,-0.458073548,-0.0842977,0.268876353,0.089007901,-0.358433824
CCGACAAGTATTCATC-1,-0.478062469,-0.1862223,0.251114607,-0.690623956,-0.410643332
CCGACAGACTGTGCCT-1,-0.784601115,-0.0278455,0.459853374,-0.195035568,-0.707823727
CCGAGGATGACTCGTC-1,-0.803999884,-0.0408392,0.488331151,-0.054041155,-0.685673683
CCGAGTAATACACGAG-1,-0.539297922,-0.3014192,0.389478117,-0.146027281,-0.273526685
CCGATAATGGAGCCTT-1,-0.461359416,-0.1623364,0.318208709,0.023965081,-0.307392687
CCGATGGAACATCAGC-1,-0.530376969,-0.1269981,0.328838259,-0.27879845,-0.384257492
CCGATGGATCCGGCAG-1,-0.678158058,-0.1338808,0.421136804,-0.114890702,-0.534457761
CCGATTAGCGAGTGTA-1,-0.522531087,-0.1236454,0.329379071,0.057107101,-0.403148291
CCGATTCCATAAGAGT-1,-0.656464966,-0.0964357,0.377750786,-0.264807284,-0.564300126
CCGATTCCTCACTACA-1,-0.63522259,-0.1176083,0.371353089,-0.680473503,-0.521960138
CCGCAAGGAAGGAGGC-1,0.072076488,-0.213617,-0.19032733,0.064200713,0.225926505
CCGCAAGGTACCGTTG-1,-0.419787774,-0.18117,0.224124519,0.043636427,-0.24602761
CCGCAAGTAGCGGACT-1,-0.634222395,-0.3037847,0.485048108,-0.427766935,-0.409111944
CCGCAATCCGTGGTTG-1,-0.299413785,-0.1985558,0.211902619,-0.031166865,-0.164167892
CCGCACAACGTGGTCA-1,0.113591956,-0.2386305,-0.236308731,0.116787594,0.246725797
CCGCAGTGATCACTGT-1,0.041082239,-0.2183457,-0.16192814,-0.131561168,0.216665096
CCGCATAGTACAGGTT-1,0.036086746,-0.2505084,-0.158139571,0.094990383,0.208942175
CCGCATGTAGTTAGAC-1,-0.134548676,-0.2164164,-0.049394293,0.065980871,0.062318768
CCGCCACTGCGTTGGC-1,0.035747048,-0.2366307,-0.154916705,0.073052107,0.210515961
CCGCCATACTTCACCA-1,-0.219295562,-0.2240179,-0.004475265,0.086513315,-0.032125701
CCGCGACCGTAGCTAT-1,-0.050963651,-0.2712108,-0.083332201,-0.037269753,0.151911096
CCGCGAGGTGCGATGG-1,-0.697524542,-0.1265349,0.371907748,-0.024177355,-0.727284865
CCGCGGCCACAATCGG-1,-0.026810236,-0.1561341,-0.095415604,0.006950148,0.13219615
CCGCGTAAGATTCCTT-1,-0.799686944,-0.0336224,0.461110635,-0.050543884,-0.706827732
CCGCGTATCGTTGCAG-1,-0.32431307,-0.2280375,0.089423989,-0.090684448,-0.167969258
CCGCGTCGTTGGTCTG-1,-0.70646388,-0.2012365,0.513681204,-0.662628559,-0.514845678
CCGCGTGCTGATTAGT-1,-0.403035795,-0.0645377,0.200067892,-0.260463943,-0.349977521
CCGCGTTACCTTGGCG-1,-0.805005566,-0.0580172,0.499234555,-0.356062722,-0.704740259
CCGCGTTGACGGAACG-1,-0.614779307,-0.1645274,0.34298048,-0.056357936,-0.44985609
CCGCGTTGCTACAACT-1,-0.465640766,-0.2341705,0.286137756,0.028576309,-0.323369139
CCGCTCAATCTGGAAC-1,0.04832048,-0.2337557,-0.167067428,0.086720099,0.234274779
CCGCTCATACAAGTCA-1,-0.731293053,-0.014628,0.398641328,0.002394298,-0.668198807
CCGCTCGCTAGTCTAA-1,-0.762620629,-0.0376614,0.442470437,-0.08288065,-0.678616263
CCGCTCTGCTGAATTC-1,-0.468560706,-0.2013771,0.217494104,0.101768971,-0.313681163
CCGCTCTGGATATCGG-1,-0.708541662,-0.1320104,0.43937709,-0.065478323,-0.615725822
CCGCTGGCACCAAGAC-1,-0.228270683,-0.210266,0.017830365,0.142761375,-0.061592648
CCGCTGTCACCTGCAA-1,-0.634377302,-0.1090019,0.354109131,-0.004826815,-0.434583328
CCGCTGTTGCCATACG-1,-0.568387128,-0.1683057,0.367573767,-0.398142259,-0.446586303
CCGGAGAAGCTAACCA-1,-0.694909176,-0.118362,0.439581393,-0.069260116,-0.442037904
CCGGAGACAAGAATAA-1,-0.365313043,-0.2197603,0.154739288,-0.119696401,-0.155437778
CCGGATCACTATGGCC-1,-0.467092019,-0.1880024,0.230776791,0.049061431,-0.229253907
CCGGATCAGCCGACTA-1,-0.407817764,-0.2994702,0.291001744,-0.441257773,-0.232548616
CCGGATCTCCGAAGCG-1,-0.160503196,-0.2215273,-0.012348327,-0.041430404,-0.014475219
CCGGCAATGAAGTGAA-1,-0.219990076,-0.3083652,0.060905924,0.017565944,0.032669244
CCGGCATAGGCAAGTG-1,-0.527873376,-0.2976983,0.354187658,-0.32582337,-0.323503974
CCGGCATGAGCCGTCT-1,-0.408469353,-0.0091031,0.209545162,0.014556549,-0.345349469
CCGGCGAACATCACGT-1,-0.667674529,-0.0667297,0.375621945,-0.67879773,-0.614073805
CCGGCGAACCGTGCAC-1,-0.626726048,-0.3916315,0.559572928,-0.533887152,-0.337640685
CCGGCGAATGTACAGG-1,-0.315894776,-0.135668,0.180363523,0.132471892,-0.186096046
CCGGCGAGAATATTGA-1,-0.646610476,-0.1092931,0.343505922,0.021915672,-0.631971724
CCGGCGCAGCATGCGA-1,-0.78419462,-0.1726695,0.514126334,-0.160287312,-0.600187123
CCGGCGCTAAGGATGA-1,-0.29891024,-0.2043888,0.048982759,0.059942364,-0.127308515
CCGGCGTCCTCATTGT-1,-0.319125951,-0.3175015,0.149184497,-0.346882013,-0.074845275
CCGGCGTCTTAATAAG-1,-0.550979789,-0.1999836,0.387943739,-0.126509484,-0.372364621
CCGGTGAAGCGGAGTG-1,-0.569896512,-0.1096962,0.319932707,-0.082486132,-0.363149682
CCGGTGGAGCTGGCTC-1,-0.476563637,-0.1094614,0.282323549,0.096864747,-0.401293115
CCGGTGGCAAGCCGTA-1,-0.515554784,-0.192716,0.257413532,-0.005208674,-0.291481381
CCGGTGGCTTCTGAGC-1,-0.387019313,-0.2875136,0.269712492,-0.221287987,-0.206475293
CCGTACTGGACGCAGA-1,-0.11930742,-0.0727447,0.054469512,-0.200934838,-0.029690074
CCGTATAATCTGGCCG-1,-0.447833811,-0.2162461,0.302411719,-0.077479906,-0.314039787
CCGTCTTATGGACGAG-1,-0.41381733,-0.1904096,0.25571988,0.007022686,-0.240566262
CCGTGAAGGATAACAG-1,-0.768635908,-0.053342,0.446292051,-0.110961024,-0.713042019
CCGTGCACATCTGGCA-1,-0.658388812,-0.1738932,0.403441623,-0.614896006,-0.474589151
CCGTGCACTACCAGAA-1,-0.454072859,-0.3598165,0.372592408,-0.237383407,-0.20569223
CCGTGCTGGCAATATG-1,-0.674342966,-0.212521,0.387084586,-0.043651124,-0.662015054
CCGTGGCGTCGGTGCT-1,-0.232639625,-0.2189805,0.017141122,0.085703327,-0.004089909
CCTAACGCGATTGCAT-1,-0.772552767,-0.0661269,0.452632409,-0.054396025,-0.696007093
CCTAACGCTGATGTCT-1,-0.607204163,-0.1378438,0.324135457,-0.446783647,-0.592674908
CCTAACTACGAATATG-1,-0.381318757,0.01106126,0.196004512,0.076261445,-0.329914133
CCTAACTTATGTTGGA-1,-0.808278361,-0.021354,0.474059425,-0.146986632,-0.710716071
CCTAAGCATGCCTTGT-1,-0.743145498,-0.0955246,0.421103977,-0.320336856,-0.725109253
CCTAAGGTTACAGTAA-1,-0.458410752,-0.0652984,0.24765896,0.049853472,-0.39217774
CCTAATAGCGGACAGA-1,-0.276780909,-0.3038977,0.139492275,-0.54672394,-0.050244312
CCTAATCAGGCCATTA-1,0.059579597,-0.2363106,-0.183991173,0.095492268,0.224894122
CCTAATCCACAAGGAT-1,-0.413496607,-0.4492802,0.432370873,-0.59007206,-0.094380363
CCTAATCGCTCACCAT-1,-0.563832091,-0.1333775,0.325061486,-0.283645292,-0.507420733
CCTAATCGGCAGTCAC-1,-0.671258253,-0.1768602,0.434019417,-0.32938375,-0.530437589
CCTAATGGCACTGTTC-1,-0.639961636,-0.1081023,0.333172277,-0.173654845,-0.534909786
CCTACACCGACATTAC-1,-0.736537994,-0.1504449,0.468904818,-0.337211457,-0.575712698
CCTACCACTCCAGTTA-1,-0.784678539,-0.0359024,0.433588586,-0.113913986,-0.744533866
CCTACCATCGCAGTAT-1,-0.470546275,-0.189592,0.210891199,0.022584732,-0.27434371
CCTACCATGTGATCAC-1,-0.760463155,-0.1134971,0.4447671,-0.059971079,-0.650571243
CCTACGAGCTGGCCGG-1,-0.74446269,-0.0654213,0.429111592,-0.166319422,-0.702859663
CCTACGGTAAGACTCG-1,-0.083117245,-0.2440222,-0.046036679,0.038138036,0.157509954
CCTAGCCTAGTACCGG-1,-0.669468462,-0.2764119,0.514478758,-0.135282465,-0.402934212
CCTAGCCTTCATCGGC-1,-0.797538305,-0.021382,0.483180884,-0.092075307,-0.569083136
CCTAGTCAGCGAACCA-1,-0.260209764,-0.1884645,0.143620201,0.044431044,-0.15842513
CCTAGTCAGTCCTTAT-1,-0.194120676,-0.3025787,0.058338876,-0.29915613,0.054084655
CCTAGTGAATGTCTGC-1,-0.724445807,-0.0281681,0.410696199,-0.260716989,-0.656047142
CCTATCTATCAATCGC-1,-0.649209083,-0.0394309,0.397282754,0.015292007,-0.46932335
CCTATGATGGTCAATG-1,-0.219507575,-0.2583698,0.02198527,0.003288149,-0.139204089
CCTATGCCAGCAATCC-1,-0.676802653,-0.1899317,0.456321158,-0.1432301,-0.500577065
CCTATGCCGTCGGCAC-1,-0.796568148,-0.0783311,0.487114143,-0.00669455,-0.708361823
CCTATGCCTTCTTGTT-1,-0.670084608,-0.1243204,0.367435929,-0.26312347,-0.54923398
CCTATGTCGAATAGAA-1,-0.261097162,-0.203152,0.052991132,-0.062789556,-0.120014253
CCTATGTCTTACCGGC-1,-0.52865583,-0.1280398,0.32771403,-0.056189191,-0.392037632
CCTCACAATACAACTG-1,0.037388803,-0.2574,-0.14864079,0.083230974,0.226721164
CCTCACATGTACCTGG-1,-0.128082645,-0.2666012,-0.022972545,-0.013442815,-0.046466025
CCTCACATGTCTTACT-1,-0.731479495,-0.1035161,0.446572353,-0.592514034,-0.574141162
CCTCACCTAGTGGCAA-1,-0.752284922,-0.1592827,0.499158739,-0.111444685,-0.575438045
CCTCACGTTACTCGCA-1,-0.287400128,-0.2342915,0.107418268,-0.03701534,-0.070121954
CCTCACTTCCTTCCGA-1,-0.561246685,-0.0834135,0.334221164,-0.134880819,-0.382966873
CCTCATGATTATCTGA-1,-0.332478494,-0.3900288,0.278205468,-0.095573391,-0.022910339
CCTCCGAAGCTGTACC-1,-0.721501347,-0.0948091,0.393533228,-0.334255054,-0.636990303
CCTCGATAGAATAGGA-1,-0.753383414,-0.026443,0.441267548,-0.070441953,-0.697342472
CCTCGCCAACTACAAG-1,-0.443906571,-0.2701289,0.323786938,-0.306251793,-0.160551367
CCTCGCTTGAAGGTCA-1,0.113249915,-0.2350498,-0.232520298,0.117886596,0.234400015
CCTCGGAAGGCATGCA-1,-0.214840091,-0.2513561,0.089892274,-0.008416125,-0.054665664
CCTCGGATCTTGCGGT-1,-0.653557058,-0.1631028,0.43421425,-0.191755047,-0.50296213
CCTCGGCGCCGATTGA-1,-0.513666648,-0.3193361,0.352759189,0.004100029,-0.212871719
CCTCGGTATGACAGTA-1,-0.296284594,-0.1427001,0.189364665,0.000896986,-0.189507295
CCTCTACCACGTATCG-1,-0.50868354,-0.2714654,0.327312218,-0.22304727,-0.293832363
CCTCTACCGTGATTGG-1,-0.735562884,-0.1435883,0.463840473,-0.573286448,-0.628883841
CCTCTAGCTCTGGCAG-1,-0.676383441,-0.0992275,0.363329236,-0.393454296,-0.63582954
CCTCTAGCTGGTCCGC-1,-0.475737427,-0.0929757,0.273642822,0.082629141,-0.396555465
CCTCTATGTTGCTTAT-1,-0.748809976,-0.0773834,0.447179857,0.018816098,-0.664652721
CCTCTTCGAGCGGTTG-1,-0.607006087,-0.0124085,0.350314277,-0.00320758,-0.505577681
CCTGAAGCAATGCACG-1,-0.043050132,-0.2477324,-0.109476179,0.088543776,0.146673411
CCTGAAGCGTATAGCA-1,-0.735853351,-0.0412547,0.412917205,-0.196808488,-0.641585448
CCTGAAGTGCATGCAT-1,-0.778239345,-0.0644079,0.443445195,-0.058854403,-0.696595584
CCTGCTCGCCGTCCAG-1,-0.736834198,-0.0257575,0.415409395,-0.629453145,-0.667746321
CCTGGATCTAGAGCCA-1,-0.524414022,-0.1776996,0.327511461,-0.29096766,-0.364360902
CCTGGATTGCGTAACA-1,-0.375819142,-0.3334912,0.360090884,-0.078514449,-0.151647979
CCTGGCAACGAACGTC-1,-0.316633366,-0.1886945,0.232182257,0.089054881,-0.172320323
CCTGGCATACCTGTCA-1,-0.552109428,-0.2140728,0.305721525,-0.214201391,-0.334213595
CCTGGCTTATGGTCTG-1,-0.734267375,-0.1256769,0.438171196,-0.653525962,-0.656186596
CCTGTCATCCGGTATG-1,-0.74275573,-0.1911038,0.505709048,-0.687024752,-0.549199093
CCTGTCATTGAATTAT-1,-0.678362794,-0.0470785,0.380983544,0.061039185,-0.614050999
CCTGTCCTCAGTTGTA-1,-0.721665311,-0.2726492,0.538111976,-0.657733093,-0.500890301
CCTGTCGAGTGACAGA-1,-0.708990622,-0.1336518,0.36719693,-0.201512286,-0.558733576
CCTGTCTAAGTAGGCT-1,-0.717402669,0.00990406,0.386798565,0.040931792,-0.6996476
CCTGTCTACCGTGGCA-1,-0.419504173,-0.1557469,0.247469716,-0.029570142,-0.361758974
CCTGTCTGATAGGTGA-1,-0.764418957,-0.2117535,0.528316166,-0.267236896,-0.579397892
CCTGTCTGCATAGGTC-1,-0.737105838,-0.1763553,0.521409138,-0.600266135,-0.531519984
CCTGTCTTACAATCCT-1,0.037222092,-0.2460988,-0.165070171,0.094872718,0.200794056
CCTTAATTGGAATATT-1,-0.572890509,-0.1215611,0.294044742,-0.136075826,-0.508672874
CCTTAGATCTGTAATA-1,-0.030982183,-0.220396,-0.116847491,0.073181894,0.143988782
CCTTAGATGTGCTACG-1,-0.324264092,-0.0899215,0.152012602,-0.200805986,-0.244843526
CCTTAGCGTTCGCAGG-1,0.089239162,-0.2221623,-0.199681026,0.039607436,0.253030849
CCTTAGTCTGTCACTG-1,-0.617791692,-0.1446665,0.329095386,0.017837538,-0.446062884
CCTTAGTGGATCCACG-1,-0.632921707,-0.0962567,0.308288263,-0.071912363,-0.524953614
CCTTAGTTATACCAGA-1,-0.02074574,-0.230979,-0.123938183,0.064706466,0.165443613
CCTTATAGGCGAATAC-1,-0.41983818,-0.1993346,0.141066428,0.118240702,-0.202960783
CCTTATAGGTCTCAAC-1,-0.481508924,-0.1074253,0.28128188,-0.072722993,-0.383059817
CCTTATGAGGCGTTCC-1,-0.185835116,-0.28842,0.019426157,0.022372503,0.056901317
CCTTCACCGACGGACA-1,0.041937886,-0.2287569,-0.168308812,0.076633955,0.213352177
CCTTCATAGTACTTCA-1,-0.415381783,-0.1952247,0.156749017,0.052482428,-0.152794076
CCTTCCAACCTTCAGA-1,-0.661760747,-0.1293575,0.335078917,-0.134615661,-0.539620086
CCTTCCACTGCCTAAG-1,-0.425228297,-0.3602386,0.317943247,-0.018879875,-0.115438491
CCTTCCGCTCCGGCAT-1,-0.726433165,-0.141812,0.444263512,-0.195179063,-0.579641939
CCTTGTCTACTTAGAC-1,-0.748714177,-0.0335375,0.409978513,-0.022486818,-0.700125526
CCTTGTCTAGTTCTTG-1,-0.456618535,-0.090477,0.261716871,0.089901267,-0.364250018
CCTTGTCTTACGGTTC-1,-0.787881265,-0.095514,0.459582904,0.004037567,-0.729337429
CCTTGTGATGGTCTAG-1,-0.654444923,-0.1464647,0.398501723,-0.330017065,-0.529557839
CGAACCAGAAGTCTGG-1,-0.690672128,-0.127431,0.415096889,-0.279185729,-0.584912108
CGAACGTGAAGTCCAA-1,-0.75435188,-0.0223682,0.406582644,0.008844501,-0.740779174
CGAACTACAGATGTAA-1,-0.731805746,-0.224778,0.465301263,-0.292625131,-0.547288553
CGAAGAACGACTCGAT-1,-0.699038631,-0.0799424,0.399357686,0.053751228,-0.645969398
CGAAGACCGCCAGGCG-1,-0.62795505,-0.2787261,0.468399536,-0.338748269,-0.380557129
CGAAGAGCAGATGATT-1,-0.629960594,-0.220542,0.449140456,-0.241362737,-0.441807491
CGAAGAGCTCGTTCTA-1,-0.232044842,-0.2018717,0.020908841,0.06474143,-0.038964101
CGAAGATCCGAAGGCA-1,-0.754112595,-0.0107557,0.411662415,0.044638055,-0.728328505
CGAAGGAGAACAGTTG-1,-0.662118405,-0.0638793,0.365810175,0.046749915,-0.59800852
CGAAGTCGTTGGCTCG-1,0.02249567,-0.289027,-0.129875614,0.088208782,0.217113265
CGAATCCTGATAGGTG-1,-0.080504713,-0.278075,-0.091816713,0.030988772,0.095299488
CGAATGGACCGTCTTG-1,-0.651846608,-0.1080489,0.432031735,-0.051616775,-0.475851239
CGAATTAAGTGGACTA-1,-0.406936704,-0.2438555,0.19555419,-0.158066499,-0.222020251
CGAATTACTGCTCCGG-1,-0.419821201,-0.1518227,0.276048668,0.092434766,-0.240830516
CGACAAGCACTCAGCC-1,0.014705481,-0.2211077,-0.152902411,0.050614733,0.192531062
CGACAAGTACTCCTTA-1,-0.199185573,-0.2142124,0.010746051,0.002074866,-0.064906314
CGACAAGTGATGCGCA-1,-0.502714748,-0.3351593,0.374388612,-0.017087554,-0.344742298
CGACAATCATACGCAC-1,-0.415299574,-0.2535212,0.191693185,0.025717778,-0.172908432
CGACAATTATTCTGTC-1,-0.711130188,-0.3659057,0.632861769,-0.688649813,-0.403663601
CGACAATTCGTCATGT-1,-0.041748266,-0.2699751,-0.080505725,-0.01154898,0.049183406
CGACATTGTATGGAGG-1,-0.019583677,-0.2457695,-0.12701072,0.109148579,0.173355544
CGACCAAGGTGAGCCG-1,-0.690216353,-0.0613019,0.385833734,0.066237095,-0.63777765
CGACCAGAACTGTCAT-1,0.041615244,-0.2472393,-0.160407598,0.090982364,0.221992095
CGACCAGAAGGATCCG-1,-0.658170666,-0.2423237,0.451328121,-0.655186766,-0.502808819
CGACCAGATTCAGTGA-1,-0.790558413,-0.0568898,0.438629049,0.009976705,-0.737875797
CGACCAGCCTTGATTA-1,-0.642795888,-0.097618,0.350765379,-0.485160593,-0.530892441
CGACCTATACTGACGT-1,-0.063644673,-0.2689832,-0.062856455,0.073424076,0.143434313
CGACCTATCTCGCAAG-1,-0.576351327,-0.2011438,0.373965145,-0.053641149,-0.427372384
CGACCTGCATCTGCAT-1,-0.307519708,-0.3236305,0.138703966,-0.473795258,-0.025336722
CGACCTTGGCGTTCTA-1,-0.662671476,-0.176961,0.383224158,-0.29017732,-0.485332897
CGACGCAACATGGCGA-1,-0.371601569,-0.1472621,0.198833665,0.118932848,-0.272886375
CGACGCAGCCTTAGTC-1,-0.576570879,-0.0576264,0.30910149,0.1053437,-0.487319311
CGACGCCAAGGTGCAA-1,0.026661878,-0.2261562,-0.164477098,0.085612328,0.202997678
CGACGCCAGAGGAACT-1,-0.048765856,-0.3175479,-0.081560667,0.031246538,0.126999742
CGACGCCGCAAGTAGC-1,-0.214237648,-0.2591527,0.052254293,0.041995835,-0.017171839
CGACGCCGGAGTTGAG-1,-0.622124471,-0.1527926,0.381535817,-0.031889588,-0.530324232
CGACGCTCCGCACGTG-1,-0.655003853,-0.2211077,0.423014696,0.014188719,-0.490185945
CGACTAAGCGGCAGAC-1,-0.694588158,-0.1851913,0.440218666,-0.090688235,-0.540961413
CGACTAATCGGCTCCT-1,-0.036996197,-0.2670389,-0.131582691,0.135450173,0.11291703
CGACTAATGTTAGGCT-1,-0.312504334,-0.443422,0.306352764,-0.196039879,-0.095056216
CGACTAGGAGATAAGC-1,-0.750289594,0.00303055,0.395104126,0.040471083,-0.715536976
CGACTAGGTCCTTAAC-1,-0.784696366,-0.1503337,0.515029257,-0.040258699,-0.633372657
CGACTATCAAGCCGAC-1,-0.279069889,-0.2711048,0.100282667,-0.124080116,-0.001890006
CGACTATCTTCGAGCG-1,-0.478879656,-0.3963588,0.367701386,-0.423096896,-0.231759098
CGACTATTGGTACTAT-1,0.022395286,-0.3094327,-0.075485314,-0.035076803,0.192230811
CGACTGAACGAATGCT-1,-0.693059621,-0.0658802,0.367109199,-0.232367338,-0.617546244
CGACTTAGCGCTATCT-1,0.058780295,-0.2765916,-0.1472887,0.030906946,0.136819523
CGACTTCACTCGGCAT-1,-0.516562671,-0.3908487,0.483640887,-0.707920082,-0.230574948
CGACTTCGCAAGCGGT-1,-0.114233577,-0.2154042,-0.055251208,0.04001967,0.108819479
CGACTTGCACGCCTGC-1,-0.398444231,-0.2059681,0.223031633,0.005847986,-0.271940413
CGAGAACGACAAGACC-1,-0.581608894,-0.0571475,0.309333149,0.039700235,-0.531745481
CGAGATGCCGCATCTT-1,-0.728665679,-0.0582037,0.416243256,-0.045785143,-0.659593816
CGAGATGCGGTATGCG-1,-0.742726318,-0.1037677,0.442847924,-0.169172236,-0.63939087
CGAGCCTGCAAGGTTA-1,-0.276176516,-0.271805,0.0864203,-0.184651897,-0.038803721
CGAGCGAGCCACGCTA-1,0.099048534,-0.2376035,-0.214370791,0.11845223,0.260409517
CGAGCGGCACAGTAGG-1,-0.720042622,-0.0030046,0.405026358,0.043614167,-0.64051437
CGAGCGTAATGGAGTG-1,-0.318884612,-0.25808,0.114633854,-0.054972761,-0.113962567
CGAGCGTATGCCAGCG-1,-0.055742521,-0.2437888,-0.040526592,0.032398628,0.048074315
CGAGCGTGAAGTTAGC-1,-0.33854073,-0.1020468,0.202490186,0.121577926,-0.238184997
CGAGCGTGCATTGTGG-1,-0.753419385,-0.0480746,0.44024902,-0.267990838,-0.705682326
CGAGCGTGGACTGGAA-1,-0.295709919,-0.2374861,0.111648368,-0.505520508,-0.056528776
CGAGCTAAGGCCTGTA-1,-0.233971276,-0.0673585,0.126647396,0.121019565,-0.109478704
CGAGCTATGTCCTCGC-1,-0.786873557,-0.0921241,0.502812654,-0.384840826,-0.6602346
CGAGCTTAGAATACCT-1,-0.464870433,-0.1741159,0.219064928,-0.066327753,-0.252400968
CGAGGAACGCTGTCCA-1,-0.341534263,-0.2134952,0.108489438,0.085407692,-0.118663532
CGAGGAAGACTTAGAT-1,-0.746162743,-0.1183515,0.484629227,-0.528010999,-0.620176823
CGAGGAAGGCAGAAGG-1,-0.400605913,-0.3142797,0.208245937,0.035082098,-0.124054487
CGAGGACGTAATAGGC-1,-0.026880946,-0.2690775,-0.093076965,-0.022567688,0.031853288
CGAGGAGCATGCTATG-1,-0.623401525,-0.1482948,0.429027401,-0.317805003,-0.451647363
CGAGGAGCGTTCGTTA-1,-0.739150099,-0.0738579,0.442341341,-0.114969091,-0.649709061
CGAGGAGTCTAAGGAT-1,-0.728218482,-0.1225534,0.491871026,-0.226015974,-0.576042906
CGAGGATTCGATCATA-1,-0.664291258,-0.0758555,0.400222925,-0.173439052,-0.559630433
CGAGGCATCCAAGTCC-1,0.016272586,-0.2530396,-0.142292985,0.078456775,0.200119245
CGAGTCAACAATCTGG-1,0.090921556,-0.2487263,-0.214330722,0.065355799,0.22340233
CGAGTCACTCATAGAT-1,-0.740952669,-0.1581736,0.487613776,-0.26815618,-0.583107403
CGAGTCATCCGCACCA-1,-0.74371512,-0.1528958,0.49078865,-0.39487423,-0.550156604
CGAGTCCATGTCAACA-1,-0.748166408,-0.0595909,0.434416942,-0.44172082,-0.693802872
CGAGTCCGTTGGAACT-1,0.008619015,-0.2175467,-0.142484906,0.081441844,0.185089565
CGAGTCGCGTAGACAT-1,-0.234344124,-0.2092519,0.120264592,-0.042417749,-0.132909018
CGAGTCTTGTACTGCC-1,-0.260849125,-0.2549265,0.080245833,-0.11500678,-0.111960985
CGAGTGCGGCTCGTGG-1,-0.788895071,-0.1116417,0.505755239,-0.044371752,-0.63912388
CGATAACTCCTTATGC-1,-0.497045882,-0.3710711,0.430627042,-0.174010999,-0.239486771
CGATAAGAATTCCAGT-1,-0.801839911,-0.0846998,0.507898803,-0.041577556,-0.618615792
CGATAAGGATAGGCAA-1,-0.778972394,-0.1729494,0.47740364,-0.269268398,-0.626838635
CGATAAGGTGCCTGAC-1,-0.698672622,-0.1303282,0.39950307,-0.086807989,-0.648725321
CGATGACCAGATCTGT-1,-0.414934255,-0.4780147,0.440893849,-0.525229716,-0.096843212
CGATGACCTCATCCTC-1,-0.738581193,-0.2876212,0.564103799,-0.585403385,-0.540976945
CGATGAGGCCAACGTA-1,-0.609429666,-0.1276127,0.363549389,-0.156766635,-0.519562314
CGATGATATTAGGCCG-1,-0.499034779,-0.0232113,0.268733017,0.045555917,-0.439760603
CGATGATCAGCTATAA-1,-0.673927821,-0.1152776,0.363622949,-0.119188654,-0.53845919
CGATGATCCTGCAGCC-1,-0.595866386,-0.0821723,0.362481097,-0.08621026,-0.464461945
CGATGCACCAGGCCTC-1,-0.779898813,-0.0612454,0.461275518,-0.475510205,-0.669969502
CGATGCCGACCGTGAC-1,0.054065678,-0.3205262,-0.119339491,-0.010725987,0.163813781
CGATGCCTGCTCACCG-1,-0.479997063,-0.0543091,0.286893454,0.10813512,-0.355543341
CGATGTCCGACTACAG-1,-0.610425435,-0.0796716,0.322135529,0.014512664,-0.417142076
CGATTAACTAATCTTA-1,-0.728281773,-0.1617501,0.437182859,-0.142462367,-0.647090991
CGATTGGAACAGGCCA-1,-0.677899254,-0.0778053,0.396160579,-0.49306358,-0.496890142
CGCAACCATGCACCGA-1,-0.672641508,-0.2530273,0.519530049,-0.655151839,-0.42894238
CGCAAGTAGAGCTTGA-1,-0.47282989,-0.1581088,0.267683661,-0.083658166,-0.318233534
CGCAATGTATCCAATG-1,0.015861913,-0.2532763,-0.147418265,0.116306355,0.198860891
CGCACGCAGCCGTTAT-1,-0.229458295,-0.3912052,0.06205991,-0.160321202,0.003740002
CGCACGCAGGTAAGTC-1,-0.473954513,-0.2418102,0.23902013,-0.035406085,-0.237377408
CGCACGCATAATGGTG-1,0.14357419,-0.262802,-0.260935309,0.160219463,0.260053128
CGCACGGCTGTCAGGT-1,-0.663415175,-0.1417402,0.333887657,0.065553753,-0.53029142
CGCACGTAGCATTGTT-1,-0.250733073,-0.2148939,0.091834254,0.039684814,-0.081965803
CGCACGTATGAAGGCC-1,-0.446563582,0.03596061,0.240337051,0.13210068,-0.34736119
CGCACGTGACTGTTGG-1,-0.722667203,-0.1270014,0.37724098,-0.041277968,-0.650324014
CGCACTAACTACCGGT-1,-0.738979409,-0.160475,0.481674803,-0.227577552,-0.585314079
CGCACTCACCAGCACG-1,-0.497850792,-0.2291011,0.263549135,-0.213165135,-0.312804267
CGCACTGTGAGCCTGT-1,-0.760224352,-0.1219473,0.456869759,-0.102999893,-0.666541876
CGCACTTAAGGCATGC-1,-0.091098038,-0.1981175,0.002809288,0.21143363,0.063804736
CGCAGACACTGGCGTA-1,-0.510738457,-0.3137174,0.390561953,0.044299625,-0.317843827
CGCAGAGCAGTCCGAG-1,-0.3629475,-0.261344,0.151857747,0.022227902,-0.112027474
CGCAGATAGATGTTCT-1,-0.728927028,-0.257268,0.52675116,-0.649240835,-0.48507709
CGCAGATATGGACAGT-1,0.04664324,-0.2331544,-0.162140655,0.079306792,0.22344253
CGCAGATTCGACCGAA-1,-0.736379278,-0.0892508,0.399796919,-0.01582029,-0.651296534
CGCATCCTGTTGTAGC-1,-0.28171633,-0.2276295,0.055786889,0.12998647,-0.055564622
CGCATCTTGACTTAGT-1,-0.749578349,-0.0965018,0.457408948,-0.089875216,-0.639987655
CGCATGAGGAGCGTCT-1,-0.733517056,-0.0161942,0.420997642,-0.381544148,-0.663649486
CGCATGGAATTCACGA-1,-0.561631802,-0.1724279,0.314139452,0.024042819,-0.444023736
CGCCAACCTGGCGAAT-1,-0.026144905,-0.3047693,-0.121600312,0.088549447,0.154934095
CGCCACAATAGCTCAA-1,0.051947972,-0.230248,-0.177438009,0.08908996,0.224645062
CGCCACATGCGTCCAA-1,-0.642073514,-0.1155185,0.349114914,-0.022623721,-0.51054939
CGCCACCTGGAAGACA-1,-0.656152696,-0.0624759,0.33834437,0.062501196,-0.57952934
CGCCATGAGGCGATGA-1,-0.685624563,-0.18653,0.43623116,-0.361303238,-0.551911532
CGCCGATTGTCCTTCG-1,-0.496432473,-0.3710807,0.410999274,-0.467139802,-0.223547072
CGCCGGACTAGGTACA-1,-0.343316667,-0.3429241,0.159300931,-0.381932814,-0.102227484
CGCCGGATCATTAGAC-1,-0.438833968,-0.1800497,0.250270683,-0.156632831,-0.272316333
CGCCGGTATCTAGCAC-1,-0.72835798,-0.2004943,0.46838463,-0.207382502,-0.576781679
CGCCTAACTTGATGGT-1,-0.318784208,-0.0703226,0.166354208,0.072164095,-0.248254367
CGCCTAGAGCGTGGAG-1,-0.541873004,-0.128946,0.307231409,-0.348299417,-0.441178576
CGCCTATTGCCTCGCC-1,-0.1453645,-0.2151572,-0.044460787,0.10100472,0.047766024
CGCCTCGAGCCACTCG-1,-0.53799186,-0.1260348,0.254292052,-0.067316972,-0.38534956
CGCCTCGATAATGCGG-1,-0.36787609,-0.1629845,0.168510828,0.109574722,-0.165662044
CGCCTCGGAACTGTGC-1,-0.375572758,-0.3837491,0.255527691,-0.613882461,-0.139698867
CGCCTCGGCTACTCGC-1,-0.254002426,-0.3687228,0.137498464,-0.288111251,0.040611221
CGCCTCGTACGAAGGC-1,-0.764388256,-0.0990133,0.456870839,-0.048634947,-0.656116009
CGCCTCGTAGTCGTGA-1,-0.416813033,-0.1258375,0.211132286,0.140901427,-0.297968022
CGCCTCTAATTCGCGG-1,-0.775338228,-0.0475704,0.419039935,-0.018355333,-0.675818282
CGCCTCTACTCGGAAC-1,-0.757924764,-0.0379132,0.435321549,0.03329384,-0.695514088
CGCCTCTGACTATTGT-1,-0.782498799,-0.0417374,0.435742462,0.011483074,-0.746660856
CGCCTTAAGGTACGCT-1,-0.400035647,-0.3531881,0.305577465,-0.275503847,-0.167990632
CGCCTTACGAGTAGCG-1,-0.360415368,-0.2155132,0.10773858,-0.026553552,-0.172693601
CGCCTTAGCGGCCTCC-1,-0.347644433,-0.3116896,0.164652543,-0.552388688,-0.181788148
CGCCTTAGGATCGGCA-1,-0.75500186,-0.1474147,0.504992334,-0.047062168,-0.57318251
CGCCTTATCTTGGCGA-1,-0.560590547,-0.1464187,0.313576212,-0.319290754,-0.403107032
CGCCTTGACGTGAATC-1,0.080951131,-0.2370639,-0.198955545,0.126421251,0.255848876
CGCCTTGTGAAGTCTA-1,-0.487293975,-0.1798126,0.289235371,-0.524702739,-0.363533452
CGCTAATTACATTAGG-1,-0.314096399,-0.0639619,0.151757287,-0.129332221,-0.192280735
CGCTACTCAGCCATAG-1,0.087393074,-0.2764591,-0.178347228,0.030184113,0.154521297
CGCTAGACTTCATCAC-1,-0.743443509,-0.0956622,0.439414045,-0.43754305,-0.60893781
CGCTAGATGTATTCTA-1,-0.586826815,-0.1031587,0.276728364,0.107656953,-0.546432748
CGCTAGCCGCATGCAT-1,-0.433560013,-0.2070669,0.270809779,-0.178915649,-0.220521052
CGCTATAGCGATCGCC-1,-0.026270966,-0.3161081,0.005132998,-0.048728071,0.188504629
CGCTATAGTCTTCATC-1,-0.679009627,-0.0432392,0.381491293,0.077634437,-0.602967473
CGCTATGGTTGGTTAA-1,-0.092998466,-0.2464305,-0.053099218,-0.136444786,0.12505316
CGCTATTAATCTATAA-1,-0.371967075,-0.2014008,0.184288696,0.074487437,-0.198843779
CGCTATTATGATACGT-1,-0.753683788,-0.1767701,0.519767375,-0.19051664,-0.561525034
CGCTCGCAATTGGCGA-1,-0.668918604,-0.1409085,0.363236155,-0.034209102,-0.546866011
CGCTCGGCCGGTTGTC-1,-0.34528172,-0.1257518,0.142080423,-0.051544548,-0.126123226
CGCTCGGTACTGCGAA-1,-0.577472507,-0.1922876,0.373067765,-0.607682043,-0.44209867
CGCTCGTTATAGATCT-1,-0.226565838,-0.3853462,0.150889799,0.0637461,0.092142384
CGCTGACATTGCGGTC-1,-0.62425892,-0.1989613,0.429438516,0.073368059,-0.436803835
CGCTGACGGCACATGA-1,-0.042510493,-0.2634227,-0.085454238,0.007805328,0.067192163
CGCTGCAATCGCTGTT-1,-0.715251568,-0.0354604,0.410383934,0.056254965,-0.624455637
CGCTGCAATTAGGCGT-1,-0.440652603,-0.0983298,0.272537895,0.032216398,-0.322292678
CGCTGCGAGTCCACAT-1,-0.21811233,-0.3649421,0.309830298,-0.046382822,0.058011874
CGCTGCGGTTGAGTAG-1,-0.392698968,-0.485957,0.438411233,-0.588892777,-0.041088834
CGCTGCTATGACAGAC-1,-0.67414043,-0.076735,0.38432161,0.056722031,-0.593453302
CGCTGCTTCGCATACT-1,-0.620950268,-0.1595417,0.369877089,0.019625194,-0.536444192
CGCTGTGACATAGGCA-1,-0.545121018,-0.2289036,0.363346828,-0.672234102,-0.364368331
CGCTTAGAATTCTTAC-1,-0.759248722,-0.1048645,0.421123077,0.051063707,-0.686628104
CGCTTAGGCTGAGTCC-1,-0.002120792,-0.2389391,-0.118003489,-0.042764841,0.135288874
CGCTTATGGTTAGGAT-1,-0.643754419,-0.1411614,0.395823934,-0.04527641,-0.39926247
CGCTTGCGTACGGCAC-1,0.063403835,-0.2308417,-0.186797162,0.117194475,0.231926855
CGCTTGCTTGGTCTGG-1,-0.129422349,-0.2255915,-0.048370952,0.074964003,0.083530406
CGCTTGGCTTGGATCT-1,-0.328306956,-0.2229722,0.092995412,-0.447368137,-0.177487088
CGGAACCGATTGAGTC-1,-0.3283624,-0.2344175,0.168399487,-0.557454664,-0.196066063
CGGACACTATGTATCA-1,-0.490334264,0.00426662,0.267003613,0.049459761,-0.408918476
CGGACCAGCAGAATTC-1,-0.318887001,-0.5336751,0.401740316,-0.33990401,0.025370592
CGGACTGTGAGTATAG-1,-0.619011899,-0.3668665,0.575230899,-0.389764456,-0.277900653
CGGAGCCATCTGGATA-1,-0.209487354,-0.2290941,0.0216928,-0.05888148,-0.104378358
CGGAGCCGCAATAGCC-1,-0.14641378,-0.1528074,0.087029403,0.122102739,0.001690457
CGGAGCGGTAAGACGC-1,-0.807343225,-0.0101069,0.460477335,-0.092336378,-0.738449173
CGGAGCGTAGAATCTT-1,-0.474118321,-0.4827576,0.484524263,-0.708345791,-0.153617566
CGGAGCGTCTGACAGT-1,-0.487676349,-0.1458631,0.215997399,-0.201900112,-0.251374153
CGGAGCTCACTTGCAT-1,-0.543719517,-0.1735915,0.300358328,-0.01823328,-0.353096933
CGGAGCTCCGATACCT-1,-0.526419732,-0.2851819,0.341410912,-0.100049365,-0.22973312
CGGAGCTCTTCCAACG-1,-0.246942964,-0.0773975,0.135001301,-0.007349195,-0.14938398
CGGAGGCTAGTCGGCA-1,0.031395731,-0.2459316,-0.149070743,0.091937277,0.218926711
CGGAGGTATCCTGCTA-1,-0.637006917,-0.3179206,0.463884779,-0.586328411,-0.402321925
CGGAGTAAGGTGCGGT-1,-0.679722649,-0.138833,0.356169535,0.023116693,-0.671985157
CGGAGTAAGTGCACAT-1,-0.737243929,-0.1537664,0.453442445,-0.282694002,-0.579499699
CGGAGTCTTACGTGAA-1,-0.673169883,-0.1267075,0.379098525,-0.016293842,-0.568464475
CGGAGTGGCGACTAAG-1,-0.557115511,-0.0991518,0.320105183,0.007072978,-0.43442044
CGGAGTGGTCAAGTAT-1,-0.429036109,-0.0827224,0.216659221,-0.13349233,-0.220358345
CGGATGTTGAACCACG-1,-0.662582373,-0.1126839,0.375966507,-0.221981917,-0.502853539
CGGATTCCAGACGGTT-1,-0.77539827,-0.0162365,0.418194055,0.01697811,-0.755302061
CGGATTGCGTCTACCT-1,-0.524046348,-0.3767197,0.415723103,-0.143242703,-0.223381683
CGGATTGTGCAGGAGC-1,-0.770381287,-0.1021414,0.472082031,-0.167867272,-0.689569591
CGGCAACCACTAGCAT-1,-0.78199055,-0.0115903,0.433529502,-0.043282745,-0.746791424
CGGCAACCTAAGTCCA-1,-0.663675227,-0.058371,0.394599676,-0.579656967,-0.555718871
CGGCAAGATGCGTCGG-1,-0.745721959,-0.1296214,0.463134745,-0.193707142,-0.603567125
CGGCAATCAACGTGGA-1,-0.757743914,-0.1737863,0.494894292,-0.064452631,-0.605354653
CGGCAATCGATAGCGA-1,-0.657673677,-0.3523404,0.538775368,-0.340375639,-0.314154059
CGGCAATTAATTGGAC-1,-0.433129248,-0.1288153,0.28506372,0.099253431,-0.25564611
CGGCACTCCGGTTCGC-1,-0.754640501,-0.0744555,0.407338265,0.000851528,-0.673760388
CGGCACTCTAGCGGAA-1,0.001329404,-0.253302,-0.139476265,0.128123917,0.187682054
CGGCATGGCCGCTTGT-1,-0.471018911,-0.0539673,0.266308529,-0.057085377,-0.38994728
CGGCATTATCGCGTGG-1,-0.769358701,-0.0600503,0.426913304,0.009451136,-0.721223341
CGGCCATCAACCGGCG-1,-0.586316115,-0.0364873,0.310800168,0.069900711,-0.554668205
CGGCCTAACGATAATG-1,-0.4063346,-0.1669254,0.246414228,0.049117965,-0.255979186
CGGCCTGCGATCGATG-1,-0.562607992,-0.2160512,0.336087613,-0.165056524,-0.357815745
CGGCCTGTCTGTCTGT-1,-0.027573025,-0.2423987,-0.110462956,0.077337581,0.168010428
CGGCGTAGCGCTAGGA-1,-0.78579362,-0.0331499,0.452549881,-0.012589028,-0.739527112
CGGCGTTGGTTGCAGC-1,-0.230605526,-0.2182697,0.065589837,-0.104000664,-0.036999644
CGGCTCGTGGAGTACT-1,-0.750262004,-0.1581357,0.464320274,-0.152395589,-0.624070151
CGGCTGACCGCTCGCA-1,-0.650082229,-0.0642567,0.378113856,-0.541018963,-0.57377459
CGGCTGTACATGATGT-1,0.004471029,-0.2539979,-0.138069366,-0.240946345,0.184653603
CGGCTGTCGGTATTAC-1,-0.410638269,-0.014196,0.222223466,-0.178366669,-0.310304877
CGGCTTACGTGCACGA-1,0.032913688,-0.2304383,-0.160190382,0.091361985,0.204252948
CGGCTTATTCGCTAAT-1,-0.24003468,-0.2489587,0.034298281,0.062546122,-0.018680691
CGGCTTCCAATAGGAA-1,-0.447765715,-0.1158594,0.271745577,-0.193219458,-0.318351442
CGGCTTCCTACTGGTT-1,-0.289183641,-0.4367477,0.224570407,-0.449793606,0.018481595
CGGCTTCGATCTCCAA-1,-0.664321367,-0.1806302,0.394184803,-0.118410931,-0.536372232
CGGCTTCTACGATATG-1,-0.440679867,-0.2445933,0.195371189,0.029324524,-0.225419019
CGGCTTGTGCCGGCCT-1,-0.767149062,-0.0892142,0.437354477,-0.006878715,-0.733849563
CGGTAGAACGTGACTT-1,-0.668069673,-0.2773933,0.436387774,-0.653621786,-0.415471963
CGGTAGATTCCTATGC-1,-0.768480271,-0.1209568,0.454852573,-0.62390008,-0.652853225
CGGTAGGTACTCTACG-1,-0.513717812,-0.2036565,0.296144902,0.044577838,-0.386810423
CGGTAGGTCTGGCAGA-1,-0.134289921,-0.2545006,-0.047209488,-0.238088871,0.042420286
CGGTAGGTTCGATTCA-1,-0.391127912,-0.1807971,0.225952275,-0.02129653,-0.255255292
CGGTAGTGAGGCCGTT-1,-0.019908217,-0.2733485,-0.025017852,0.051143761,0.170807705
CGGTATAGGATGAGCG-1,-0.204256955,-0.2068695,0.012801509,0.014546891,-0.062843719
CGGTCAACGGCGGATT-1,0.085692972,-0.2285348,-0.194381144,0.037801116,0.248848495
CGGTCAATTGGCCGAT-1,-0.390443599,-0.2273557,0.273650399,0.033280582,-0.237249514
CGGTCATGGAGGACTC-1,-0.777166267,-0.0748426,0.473514212,-0.414702561,-0.654736374
CGGTCCATACTTGAGC-1,-0.629065638,-0.157861,0.420573619,0.046824019,-0.443139084
CGGTCCATGCGACTCC-1,-0.216130886,-0.2526648,0.046012116,-0.034252284,0.027333745
CGGTCCATTACAACTA-1,-0.785051385,-0.0558977,0.474069637,-0.022075632,-0.640335653
CGGTCCGGTTCTTAGC-1,-0.708391939,-0.0625054,0.372654504,-0.018528375,-0.685387456
CGGTCTAGATCGAATG-1,0.08291407,-0.2456833,-0.178966048,-0.027777811,0.219544068
CGGTCTGCGGACTCTG-1,-0.780647964,-0.0679578,0.446118163,0.044286,-0.585198192
CGGTCTGCGTATCTGG-1,-0.280921748,-0.0934989,0.161767892,0.040498259,-0.183339328
CGGTCTGCTTGAATGA-1,-0.777425126,-0.2248477,0.501648234,-0.118967388,-0.664883348
CGGTCTTATCCAAGCT-1,-0.627803164,-0.0523134,0.334588308,-0.058923531,-0.575911756
CGGTCTTGCTATTCTA-1,0.04565731,-0.2460782,-0.166375936,0.076560726,0.225494796
CGGTGAACGGTTAGAT-1,-0.744492535,-0.0951452,0.458194612,-0.352149763,-0.655835216
CGGTGAACTCACATTG-1,-0.766237598,-0.0735636,0.426134847,-0.583211477,-0.69091414
CGGTGAACTCCACCAG-1,-0.43609737,-0.1679239,0.321901424,-0.304474691,-0.281061748
CGGTGAGCATGTATAC-1,-0.648489008,-0.0435323,0.356735537,-0.648359663,-0.588194696
CGGTTACCATCAACCA-1,-0.411477308,-0.170476,0.295684176,0.064786084,-0.250588635
CGGTTACGTCCATGAA-1,-0.633241467,-0.1374641,0.420440676,0.03479185,-0.485327867
CGGTTAGGCCTGGACG-1,-0.285231717,-0.3534474,0.153921985,-0.355135271,0.02060793
CGGTTATCTGTCTTAA-1,-0.780037112,-0.171202,0.537504799,-0.337744061,-0.608112585
CGGTTGATTGAGCGCC-1,0.00324528,-0.2583328,-0.126306154,0.088399813,0.193502096
CGTAACAGGTCTTGAA-1,-0.536214739,-0.1939951,0.35028745,0.01022374,-0.401666822
CGTAACATAAGTCATC-1,-0.199490805,-0.2638661,0.040082403,-0.345592545,0.033829426
CGTAACATCGTTACGG-1,-0.607796118,-0.1510131,0.353640708,-0.051266321,-0.462309071
CGTAACATTCGCGATA-1,-0.619398177,-0.0994661,0.364642503,-0.669952334,-0.501229045
CGTAACATTGGCTGAG-1,-0.669640109,-0.0512111,0.35374552,-0.020402667,-0.555962245
CGTAACCGGTATGCTA-1,-0.369642045,-0.1999352,0.21198284,-0.127668386,-0.164548724
CGTAACCTGACATCGA-1,-0.548165412,-0.3172469,0.42819407,-0.467587943,-0.254193705
CGTAACTAACAATCAT-1,-0.314353244,-0.3812366,0.324135603,-0.076874963,-0.055628624
CGTAAGCCGACCGCTT-1,-0.776309623,-0.0844199,0.450431319,-0.058031291,-0.684997481
CGTAAGGATACGGCAC-1,-0.631784523,-0.2062238,0.418757717,-0.014168886,-0.535305544
CGTAATGTTATCGCCG-1,-0.368585841,-0.1592052,0.215654422,-0.064193234,-0.2615055
CGTACACGGCGTCTCC-1,-0.683150795,0.01612874,0.362074396,0.052244385,-0.64873417
CGTACAGACGAGGACC-1,-0.788147774,-0.0285563,0.450920372,0.001292774,-0.687111046
CGTACAGGATTGGAAT-1,-0.520575805,-0.1310687,0.330873586,0.05556264,-0.395924224
CGTACAGGCCGCACTG-1,-0.438871453,-0.1744924,0.218563693,0.08917387,-0.236179266
CGTACAGTAAGTAATG-1,-0.696060022,-0.0166824,0.36848702,0.080211164,-0.635170598
CGTACATCACTGGATG-1,-0.757449452,-0.0509265,0.42853683,-0.180722642,-0.639539608
CGTACATCGATGTCTT-1,-0.203945644,-0.361342,0.037645979,-0.386883453,0.018367253
CGTAGCCAAGTCCGTC-1,-0.170308273,-0.2461595,0.016110876,0.010170488,0.062981671
CGTAGCCTTGAGCAAG-1,-0.197610978,-0.3018858,0.083137638,-0.033819217,0.047752929
CGTAGTACAAGGTACT-1,-0.441658559,-0.1871263,0.202406529,-0.118639012,-0.256694977
CGTAGTACGCATAATG-1,-0.795161486,-0.0502039,0.479411552,-0.063338228,-0.67258464
CGTAGTCCGAGCATGA-1,-0.563350667,-0.3751282,0.480503856,-0.226870494,-0.282381973
CGTAGTCGGTTATCGA-1,-0.242841034,-0.1901573,0.118402631,0.123579493,-0.025768137
CGTAGTGACTCAAGGA-1,-0.375872542,-0.1706197,0.207786736,0.068536904,-0.238860424
CGTAGTTATTGGTAGT-1,-0.372583946,-0.1851079,0.148730414,0.06719035,-0.154032335
CGTAGTTCGTTGGTAG-1,-0.700445857,-0.0203427,0.37590142,-0.086782901,-0.613242948
CGTCAAGGCGGAATGT-1,-0.67411568,-0.3825638,0.607543531,-0.407612138,-0.350131711
CGTCAGAACGTTGCCG-1,-0.592367764,-0.149191,0.413990427,-0.17354567,-0.389977856
CGTCCAATCTGCGTCC-1,-0.724344585,-0.1089874,0.436998404,-0.668815505,-0.626354869
CGTCCACCATTCGGTG-1,-0.169409797,-0.249977,-0.018986833,0.085713764,0.052226326
CGTCCATAATCCGCTT-1,-0.654141523,-0.2323837,0.449297455,-0.159645338,-0.474118827
CGTCCATCCTAGCATC-1,0.107784001,-0.2599119,-0.19767281,0.024846734,0.206778598
CGTCCATCGGTACCTA-1,-0.395993986,-0.31471,0.284659809,-0.200707986,-0.144820774
CGTCCATCGTCCAATA-1,-0.723738167,-0.2910326,0.586045162,-0.640039971,-0.403243585
CGTCCATGTAGCGTCT-1,-0.353200419,-0.1845189,0.203168984,0.104852436,-0.243172738
CGTCGGATCGCAGAAC-1,0.009135105,-0.2258421,-0.154456812,0.0917944,0.190232446
CGTCGGCAGACGGTAT-1,-0.677535415,-0.090666,0.365537008,0.016099009,-0.514158267
CGTCGGCGGTAGATCA-1,0.100645648,-0.2208521,-0.210551555,0.071609846,0.259101094
CGTCGGTTAGCGGTGA-1,-0.237524692,-0.3470719,0.039609544,0.077983442,-0.049682066
CGTCTTGCAACTTCTG-1,-0.629753109,-0.1257936,0.367945401,-0.301151815,-0.532407938
CGTGAATGGTCCTGCG-1,0.027775022,-0.2281391,-0.145303941,0.020155481,0.194372247
CGTGAGCAATGGACAT-1,-0.368182811,-0.2506054,0.165360732,0.006083509,-0.197084171
CGTGAGCTGTTATCGT-1,-0.385426011,-0.2869262,0.308549584,-0.071268203,-0.20030165
CGTGAGGAACATAGGT-1,-0.705095357,-0.1498019,0.418055474,-0.081332383,-0.617291209
CGTGAGGCATAATGGA-1,-0.687798739,-0.0252799,0.391853835,0.051895099,-0.632618146
CGTGAGGCCTACAAGT-1,-0.312280541,-0.2419202,0.071733551,0.105819345,-0.109157553
CGTGAGGCTCTTGTGC-1,-0.652041908,-0.1882856,0.388178426,0.043524099,-0.528873316
CGTGCGGATTCATGTA-1,-0.678035299,-0.1130147,0.338299878,-0.067632047,-0.538722384
CGTGGCTACATCCATT-1,-0.346228268,-0.1701584,0.209999582,-0.088256328,-0.196369289
CGTGGCTCCTTGTCTT-1,-0.763826013,-0.021578,0.425666132,-0.030747156,-0.687648057
CGTGTACGATGATTGT-1,-0.289144849,-0.1864482,0.166362976,0.015974817,-0.156026717
CGTGTAGACACCTTCC-1,-0.328726381,-0.0338297,0.187948595,0.118182674,-0.156176398
CGTGTAGTATTCTTGG-1,-0.138516673,-0.1386574,-0.051845878,0.113718065,-0.056544706
CGTGTATGAGGCCAGG-1,-0.682781182,-0.0385762,0.369003139,-0.074983996,-0.659773671
CGTGTTAACCTGAAGC-1,-0.748844599,-0.0169591,0.448354886,-0.098784689,-0.657507011
CGTGTTACCATATGTA-1,-0.649309564,-0.1721991,0.368920843,-0.035601375,-0.469352757
CGTGTTAGATGGTATC-1,0.062825517,-0.2268866,-0.18902091,0.100449491,0.234220537
CGTGTTGGACGTCTGG-1,0.007957906,-0.253609,-0.146195548,0.081654772,0.196238873
CGTTAACGAGAAGGAC-1,-0.547510022,-0.2844999,0.320067396,-0.386513959,-0.290850626
CGTTACAGTGCACTCA-1,-0.687781289,-0.0593478,0.351158048,0.005920795,-0.556673376
CGTTACGTGCAGATGG-1,-0.472228706,-0.1109444,0.237878242,-0.056727032,-0.401713943
CGTTCCTGTCACCGTG-1,-0.007112501,-0.2251243,-0.125623206,0.071882057,0.180708676
CGTTCTCGAGGTTCGC-1,-0.415534106,-0.1729736,0.233726495,-0.008900384,-0.260068666
CGTTGGTCGTCACTGT-1,-0.728407883,-0.1476253,0.452564844,-0.373051312,-0.589623316
CGTTGGTGGCGTCTGC-1,-0.120335253,-0.2600095,-0.04131363,0.038057247,0.093237021
CGTTGTGAGCAAGTGG-1,-0.636808382,-0.11465,0.364850413,-0.038375912,-0.512866251
CTAACAAGGCTCACTT-1,-0.642744897,-0.0305097,0.363591585,0.002627206,-0.576279313
CTAACAAGGTGATCAA-1,-0.031167809,-0.2472187,-0.110860294,0.035982198,0.158703449
CTAACAGTATACCGGC-1,-0.701297058,-0.0790116,0.402567411,-0.354158713,-0.61508935
CTAACCTCACCGAAGA-1,0.029132188,-0.2629965,-0.149156952,0.088622024,0.211267095
CTAACGTGAATGATGT-1,-0.646529674,-0.1421239,0.361782164,-0.065509628,-0.506070665
CTAACGTTAGGCAATG-1,-0.605787649,-0.2416551,0.372000509,-0.173163124,-0.405813793
CTAAGAACCTTATTCC-1,-0.364361541,-0.3190528,0.210467427,-0.119528388,-0.222676143
CTAAGAATTGATTCAC-1,-0.580106946,-0.1225146,0.340709555,-0.024963427,-0.496549545
CTAAGACCTTGGTTAA-1,-0.577651968,-0.1727074,0.337670994,-0.245804639,-0.396089057
CTAAGAGGCTATGTTC-1,-0.440592758,-0.1777254,0.185030732,-0.006618213,-0.2100539
CTAAGCCTAGGCTCAT-1,-0.231996265,-0.2451013,0.092626327,-0.250792935,-0.050186368
CTAAGCGTGCCTGCAA-1,-0.661836059,-0.1260371,0.407292143,-0.23829609,-0.573896146
CTAAGCTCCACGATCA-1,-0.601821086,-0.3532714,0.480608941,-0.17179683,-0.369312729
CTAAGCTTACAGTACG-1,-0.535382697,-0.2439829,0.391271056,-0.11331901,-0.318734084
CTAAGTCAAGATCATG-1,-0.045629247,-0.2457983,-0.101051179,0.004132599,0.102462074
CTAAGTGGCCGATTAG-1,-0.793039382,-0.0589098,0.472167653,-0.254179552,-0.687935106
CTAATCACTCCGAGAC-1,-0.741973158,-0.0543094,0.425520173,-0.153282328,-0.689572733
CTAATCTGGCCGTGTT-1,-0.546701143,-0.4138244,0.518596207,-0.685060931,-0.244678714
CTAATGACATCATTCT-1,-0.576317438,-0.1137592,0.30922999,-0.641155237,-0.458496016
CTAATGAGCGAGGCTA-1,-0.748871622,-0.0710834,0.415310661,-0.030596588,-0.723316637
CTAATTACGCAATGGA-1,-0.33632412,-0.2436653,0.148111534,-0.328171425,-0.123003169
CTAATTATGTTGCCGC-1,-0.4325901,-0.1050008,0.269891177,0.056387926,-0.320123256
CTACAACCGCTGTCTA-1,-0.650938252,-0.2534275,0.471757118,-0.720739523,-0.438964131
CTACAGAACCAGTTGA-1,-0.722238179,-0.1149046,0.438427395,-0.675381926,-0.613667501
CTACAGAATTAATGAC-1,-0.74811704,-0.206354,0.515927497,-0.35703215,-0.557314726
CTACAGATCGGTCGCC-1,-0.792220399,-0.0006669,0.448688705,-0.013766982,-0.728343249
CTACAGATGGTCATAC-1,-0.806369495,-0.0987129,0.483201051,-0.475784942,-0.703640799
CTACAGCGTCTACACT-1,-0.466654325,-0.1648749,0.210578062,-0.027998148,-0.316990673
CTACAGGTAGAATTCC-1,-0.491411918,-0.0505178,0.27337197,0.090958113,-0.409072949
CTACAGGTCGCTAAGC-1,-0.771699272,-0.0198858,0.453472209,0.0086986,-0.677345173
CTACATCTACTGGCTT-1,-0.811623112,-0.0801638,0.504194362,-0.003587567,-0.682580591
CTACATGGTGACCGAA-1,-0.618420561,-0.1942972,0.41145139,-0.049652998,-0.369442172
CTACCAGACCTCTTAG-1,-0.541894968,-0.129778,0.256298172,0.010516824,-0.358009267
CTACCAGGAGACATCT-1,-0.144413302,-0.2119761,-0.02352399,-0.069459767,0.026987925
CTACCATCGATGAGAA-1,-0.771878914,-0.0372035,0.425656926,-0.513043107,-0.759263699
CTACCTGTAATAAGCA-1,-0.166284384,-0.3571145,0.175161724,-0.029013211,0.063295724
CTACCTGTGCGATGTA-1,-0.186278363,-0.3008277,0.013722336,-0.10522322,0.029500069
CTACCTTATCAACTGA-1,-0.476122572,-0.1790645,0.239551372,-0.020520317,-0.374866022
CTACGAATCAGCCTGG-1,-0.036905259,-0.2701192,-0.08730249,-0.070955221,0.186136623
CTACGAATTGGCTGGT-1,-0.63952597,-0.1283441,0.374533965,-0.023369712,-0.566967681
CTACGAGCCGGACGGT-1,0.068957038,-0.2332313,-0.182621869,0.072822001,0.243824957
CTACGAGCCTGGAGAC-1,-0.778179245,-0.0377796,0.448297925,-0.040646808,-0.701875138
CTACGATGCGTCCGGC-1,-0.326737801,-0.0874315,0.21908034,0.088658788,-0.189648304
CTACGCCGCATGAATG-1,0.014458838,-0.2554674,-0.157656899,0.089652813,0.169019764
CTACGCCTCCGCGTAT-1,-0.659639641,-0.1516038,0.385362869,0.046343434,-0.583977083
CTACGCTACATCTGTT-1,-0.705641731,-0.1871025,0.482399649,-0.353418915,-0.526423226
CTACGCTTAGAAGTGC-1,-0.394021524,-0.2648223,0.230420308,-0.580470249,-0.273835066
CTACTCGGCGTCTAAT-1,-0.01566996,-0.2427434,-0.126318772,0.082830408,0.169299611
CTACTGAGTGACGGAC-1,-0.457098363,-0.1592592,0.257770108,0.060704764,-0.365203782
CTACTGCTCCGACAGT-1,-0.630184789,-0.0611321,0.364261899,0.056253016,-0.534681043
CTACTTATGAACATAA-1,0.061029289,-0.2297413,-0.189303353,0.077385406,0.227651455
CTAGACCTATCGTGCC-1,-0.141408641,-0.3764851,0.031797642,-0.196515085,0.110809696
CTAGACGATTGAGCTA-1,-0.411237336,-0.1380001,0.20909146,-0.064398695,-0.253679919
CTAGATACAGACCGAG-1,-0.468515126,-0.4915727,0.50821958,-0.437855892,-0.091854048
CTAGCAACCAGTGCGG-1,-0.27735667,-0.226288,0.082606164,-0.056937388,-0.089757137
CTAGCACGATCACTGT-1,-0.363274983,-0.2339519,0.234022849,-0.208585443,-0.166540799
CTAGCACGCCAAGCTT-1,-0.112828461,-0.2582371,-0.051292707,0.069443083,0.092920426
CTAGCATAGAGCGAGC-1,-0.716004135,-0.1426151,0.45325956,-0.111875136,-0.600253273
CTAGCATCGACTTGTT-1,-0.021932435,-0.2638805,-0.074235599,-0.139705459,0.137824579
CTAGCCGAAGATGGAC-1,0.039021063,-0.2403082,-0.164001283,0.093891445,0.216980114
CTAGCCGATTCAATGC-1,-0.214299567,-0.2841049,0.056312366,-0.614774119,0.039642132
CTAGCGCCTAGCTTAA-1,0.074445503,-0.2273546,-0.199987562,0.113038061,0.236265928
CTAGGACGCAAGCATT-1,-0.65991967,-0.1307167,0.360737269,-0.104739632,-0.480047243
CTAGGCCAGGAGTACG-1,-0.707073071,-0.067938,0.420101934,-0.370975144,-0.484473996
CTAGTCAGGCGACAGT-1,0.050002015,-0.2337611,-0.174617178,0.08555859,0.216301303
CTAGTGTAGTAAGTCA-1,-0.542260458,-0.1859103,0.325795282,-0.038972039,-0.439264322
CTAGTGTTCAGATCCG-1,-0.682473339,-0.0060164,0.40001594,-0.319539809,-0.611467988
CTAGTTATGTCCAAGG-1,0.020919876,-0.2419863,-0.143788451,0.069513632,0.201711187
CTAGTTCTACATGACG-1,-0.56356568,-0.0555845,0.315006148,0.054128488,-0.518411335
CTAGTTGTCCACGTCA-1,-0.364787694,-0.2321274,0.244761277,-0.022635152,-0.213860308
CTAGTTGTGCGTCACT-1,-0.629837518,-0.2487741,0.408760214,-0.162074789,-0.498948208
CTATAACCAGCAGTAT-1,-0.603540357,-0.1883609,0.350890964,-0.206562475,-0.486865584
CTATAACTACGCCTGG-1,0.063494501,-0.1449842,-0.13360536,-0.032412135,0.20390167
CTATAACTCCTGGAGG-1,-0.155207989,-0.2554657,0.001837992,-0.193060355,-0.002332642
CTATACCGACTCGCAT-1,-0.346572783,-0.0977596,0.154004018,-0.087558825,-0.130684658
CTATAGATCCACAAGC-1,-0.541858989,-0.2057137,0.299986914,-0.677902011,-0.355075441
CTATAGGTTGATGCCT-1,-0.001337261,-0.2391883,-0.032315847,0.091682867,0.161250287
CTATCCATAATCGATA-1,-0.481628375,-0.0998936,0.282992953,-0.084227584,-0.373123227
CTATCCATTAGCTCGA-1,-0.765660082,-0.100899,0.441557456,-0.289263867,-0.638591535
CTATCCATTGAGCCAC-1,-0.748873556,-0.017248,0.407546404,0.008304953,-0.67538549
CTATCCGCTGCAATTG-1,0.031232844,-0.2358593,-0.176785237,0.117779257,0.190389722
CTATCCGTACGTTGGC-1,0.113448855,-0.2631362,-0.224577969,0.138472989,0.254920039
CTATCGAATGGTCTGT-1,-0.682415293,-0.1483028,0.427606499,-0.02523242,-0.594292884
CTATCGAGATGCCTAC-1,-0.551667168,-0.270579,0.32039643,-0.349308259,-0.32342324
CTATCGATCACGATTA-1,-0.14974406,-0.3539216,0.012355036,0.03285032,0.095960973
CTATCGATCTGCGTGA-1,-0.678813468,-0.0728852,0.383406511,0.015358874,-0.597736308
CTATCGCAGTCAATGG-1,-0.361500661,-0.4498247,0.30420141,-0.590856891,-0.075767958
CTATCGGATATCGGAG-1,-0.719668145,-0.1464877,0.507162678,-0.430702693,-0.556465428
CTATCGGCCGTCTGAC-1,-0.321407811,-0.0963153,0.176528742,-0.055824428,-0.240549814
CTATCGGCTTAACTAG-1,-0.253130198,-0.2428847,0.029309724,-0.017996313,-0.046518894
CTATCGTATCAGCGTG-1,0.093996864,-0.2339293,-0.209799261,0.084795226,0.249397707
CTATCGTATGATAGGA-1,-0.246397068,-0.2379992,0.073218337,-0.08741857,-0.02871268
CTATCGTATGGTGATG-1,-0.408107315,-0.3668528,0.197499313,-0.232613095,-0.173711634
CTATCGTTACAACCTT-1,-0.666861552,-0.3038044,0.486682153,-0.216856114,-0.464857347
CTATCGTTATCCGTCG-1,-0.584523162,-0.0224617,0.309420948,-0.024425816,-0.572478874
CTATCGTTCCGCTCGT-1,-0.492641443,-0.2459181,0.329469883,-0.085279123,-0.298617027
CTATGCAACAGAGTCG-1,-0.396742984,-0.2795293,0.252403014,-0.357657248,-0.247982953
CTATGCACCAATCCAG-1,-0.396412164,-0.0542084,0.216650242,0.036185445,-0.262301824
CTATGCAGACCTCGCC-1,-0.575338558,-0.1235689,0.353388899,-0.305337686,-0.456569784
CTATGCCACGAGGCTG-1,-0.01974118,-0.2248321,-0.12594336,0.069559278,0.159474999
CTATGCCATGCGGACA-1,-0.232017828,-0.0356255,0.124251459,0.070860727,-0.172517191
CTATGCCATTGGAGAA-1,-0.532234796,-0.1930288,0.266793442,-0.418347409,-0.428157
CTATGCCGTACAGCGT-1,-0.810414192,-0.0988648,0.544637119,-0.331056125,-0.622939657
CTATGCCTATTGATCT-1,-0.371895277,-0.1666178,0.167481542,-0.126530984,-0.303099607
CTATGGCCAACGCCGG-1,-0.568472389,-0.1932664,0.327262034,-0.012421916,-0.432025544
CTATGTAGCGCAGATA-1,-0.280364069,-0.2308956,0.075848599,-0.183915431,-0.04110771
CTATGTAGGCCGAACG-1,-0.7272578,-0.1377513,0.480005392,-0.194203499,-0.59331347
CTATGTCACTTGAACC-1,-0.073442859,-0.291996,-0.023270489,-0.290951348,0.079839819
CTATGTCAGGAACCTC-1,-0.601351831,-0.0091687,0.327723937,-0.121859467,-0.552741232
CTATGTCGTTCCGCTA-1,-0.022913419,-0.2405364,-0.118754524,0.024394831,0.163256027
CTATGTGCCTGGTAGG-1,-0.441276625,-0.1138271,0.225649218,0.140076666,-0.330577894
CTATGTGCCTTCAGGT-1,-0.077448813,-0.2376521,-0.09239926,0.076566813,0.099934725
CTATGTGCGGTTGACT-1,-0.759581337,-0.1651294,0.453233049,-0.153655456,-0.703152015
CTATTAAGCCAGCACT-1,-0.518605515,-0.1752617,0.254375398,-0.000907012,-0.345830458
CTATTACCGTCATATT-1,0.049999042,-0.2530054,-0.155033433,-0.040781631,0.175551623
CTATTAGACTAAGTGG-1,-0.727532616,-0.0921641,0.429018386,-0.069868643,-0.643342405
CTATTAGCGGCTTCGT-1,-0.691074916,-0.0739127,0.345723984,-0.006098391,-0.600804428
CTATTAGCTTCCATTC-1,0.131611003,-0.2570141,-0.243267495,0.144137482,0.252923696
CTATTAGTACTGGCTC-1,-0.688806887,-0.1605353,0.383974932,-0.25648468,-0.519047273
CTATTATGAGATACGA-1,-0.094307859,-0.2370339,-0.068358238,0.100474195,0.101153127
CTATTATGGCACCTCG-1,0.046607652,-0.2552009,-0.162909995,0.089198331,0.227114357
CTATTCCGGCCGTCGG-1,-0.704421176,-0.1608966,0.478488397,-0.078627055,-0.5244682
CTATTCCTTACCTAGG-1,-0.347246391,-0.1839675,0.186253712,-0.03716714,-0.156631729
CTATTCGTCTTACATA-1,-0.510870446,-0.124006,0.322643358,0.007709017,-0.382592506
CTATTCTGCAACGCAC-1,0.010840121,-0.2443297,-0.14530518,0.096894229,0.184681437
CTATTCTGTAGGACCT-1,-0.667621094,-0.0638508,0.365429924,-0.310519468,-0.564442176
CTCAACATCCAGATTG-1,-0.152725452,-0.228703,-0.03598767,-0.15532075,0.0558133
CTCAAGAAGCACTGTA-1,-0.379432165,-0.3081183,0.285714813,-0.12503485,-0.143204862
CTCAAGATACAACGGA-1,-0.539803652,-0.3518507,0.46641492,-0.180045356,-0.306364926
CTCAATACAGTATTCT-1,-0.683663814,-0.1342121,0.365428774,-0.143195732,-0.607562205
CTCAATACGTTAACCG-1,-0.736807904,-0.3437299,0.622787503,-0.182007525,-0.425130946
CTCAATGACCATTAAG-1,-0.804847775,-0.0309183,0.469531176,-0.148421266,-0.708693025
CTCAATGACCGTGGTA-1,-0.337872372,-0.1082176,0.173676387,0.1030089,-0.236213104
CTCAATTGGCGATTCC-1,-0.266229406,-0.4175878,0.314729239,-0.049164909,-0.001313379
CTCACCAGGAATTGAC-1,-0.769644171,-0.0643918,0.419799694,0.022341895,-0.744116022
CTCACCAGTGTAAGTT-1,-0.567970538,-0.1529979,0.290908385,-0.000279241,-0.439943108
CTCACCGAGGATCCGC-1,0.086030189,-0.2266434,-0.193438742,0.082612108,0.259842828
CTCACCGCCTGTGAGT-1,-0.178218799,-0.2406589,0.015173925,-0.010684686,-0.018276315
CTCACCGCTCTAATCA-1,-0.362516947,-0.2786338,0.192297232,-0.124898151,-0.135422638
CTCACCGTGACTCGGA-1,-0.425874699,0.02102424,0.218153983,0.127577188,-0.346462307
CTCACCTGAGACTAAG-1,-0.823125172,-0.090258,0.503683428,-0.320190766,-0.669118294
CTCACCTGCCGACTAA-1,-0.430574101,-0.1926199,0.220435779,0.130182665,-0.279316459
CTCACCTGGCTTAGGT-1,-0.746317951,-0.0613645,0.388431349,0.031181107,-0.743021956
CTCACCTTAATAAGAT-1,-0.709136696,-0.2619017,0.512332755,-0.259577825,-0.438194883
CTCACCTTATCTCCTT-1,0.066558754,-0.2362125,-0.180069385,0.062449695,0.241657333
CTCACCTTCGGCGTCT-1,-0.407380333,-0.1042558,0.209401596,0.14056249,-0.305447818
CTCACCTTCTGAAGTA-1,-0.637085705,-0.2413977,0.439228115,-0.529094886,-0.434474708
CTCACCTTGGAAGAAC-1,-0.40403116,-0.0890845,0.220830008,0.100053675,-0.304678334
CTCACGAGTAGATGAG-1,-0.773287644,-0.2803408,0.621277255,-0.154359149,-0.463026852
CTCACGATCTCCGGAG-1,0.09992034,-0.2248395,-0.210042043,0.088822478,0.265350569
CTCACGTATTCAAGCG-1,-0.574808103,-0.1906358,0.332955029,-0.712531394,-0.459053069
CTCACGTGAACGTATT-1,-0.370401911,-0.1448885,0.173774896,-0.451285428,-0.297116444
CTCACGTTCGGTCTGC-1,-0.778691338,-0.0493541,0.438484833,-0.045955494,-0.748455998
CTCAGAAGACAACTCG-1,-0.776044824,-0.1099839,0.499280654,-0.24286228,-0.586934482
CTCAGGATACGCGGCA-1,-0.521327564,-0.2729758,0.402763188,-0.026725974,-0.325984742
CTCAGGCACGTCAGAC-1,0.092611404,-0.243697,-0.202259291,0.065229371,0.259917429
CTCAGGTCACTACAGC-1,-0.249244361,-0.1706825,0.051851853,0.024961673,-0.072285964
CTCAGGTCGTGCTCGC-1,-0.28918696,-0.204641,0.060573626,0.05917505,-0.112318201
CTCATAATAGCACCGT-1,-0.69112864,-0.1006626,0.391049097,-0.101485783,-0.632207557
CTCATAGCCAATGTCG-1,-0.593263378,-0.1060171,0.361827624,-0.002520829,-0.470461247
CTCATATGATAACTAT-1,-0.729581476,-0.0748247,0.405263372,0.025340752,-0.671754268
CTCATATGTAACCGTG-1,-0.041569283,-0.3351205,0.023815363,-0.048322925,0.165741302
CTCATATGTCCGTGAC-1,0.091129923,-0.2924315,-0.221785628,0.147944574,0.216357558
CTCATATTACTATGGT-1,-0.389724286,-0.2300611,0.314393637,-0.093685019,-0.196258405
CTCATCCTCGGCAAGT-1,-0.675162281,-0.1357404,0.348994511,0.014546842,-0.675716111
CTCATCCTGGCAAGTC-1,-0.700777242,-0.1097907,0.399330692,-0.525459279,-0.632082108
CTCATCTATTCGATAC-1,-0.489764583,-0.3077043,0.407728664,-0.149774622,-0.241232074
CTCCAACCTTAGCCGG-1,-0.513677682,-0.1111402,0.35316035,-0.003839085,-0.348076442
CTCCAAGCGTCCTTCA-1,-0.275928609,-0.1731131,0.192840999,0.071920147,-0.154978711
CTCCAAGTGAGCCAAT-1,0.035517274,-0.3064988,-0.187370106,0.11151529,0.186254308
CTCCAATGGTCGCAGA-1,-0.727531422,0.02018792,0.403799397,0.038702035,-0.678646338
CTCCACATAACCTATT-1,-0.221252596,-0.1904625,0.006217209,0.055183882,-0.028314953
CTCCACGCTAGCTAGA-1,-0.678359314,-0.0669223,0.360904009,0.033275319,-0.546230862
CTCCACTGGCTAATGG-1,-0.492269668,-0.1920305,0.26849241,-0.039176297,-0.33304075
CTCCAGAATATTACAT-1,-0.686866601,-0.1994686,0.476046886,-0.698613655,-0.508957279
CTCCAGTGGTTCTAGG-1,0.004768864,-0.2751774,-0.127493828,0.023459203,0.209162904
CTCCATGGCGACCAGT-1,-0.677579319,-0.1852771,0.449652617,-0.137507036,-0.538673977
CTCCGCAGCCGCCTTC-1,-0.351851815,-0.2382818,0.202405546,-0.176546458,-0.304798638
CTCCGGATCCTCGCTC-1,-0.318381535,-0.0946152,0.168122269,0.10733698,-0.203322952
CTCCGGCCTACAGCTT-1,-0.630160656,-0.0535472,0.383506894,-0.282518112,-0.521786462
CTCCGGTTATGGCACG-1,-0.560584905,-0.0279889,0.306645883,0.078347898,-0.491464548
CTCCGGTTCAGCGGAT-1,-0.772737123,-0.087243,0.471519411,-0.014525645,-0.664562406
CTCCGTAAGGTCTGTT-1,-0.129026065,-0.2549654,-0.006183867,0.03067115,0.086234422
CTCCTACATTGTATCT-1,-0.809243363,-0.1458332,0.530809155,-0.117102689,-0.674862153
CTCCTACCTCGTGGTA-1,-0.639499467,-0.0476918,0.353883155,0.034893206,-0.547680341
CTCCTACTTGAGTAAG-1,-0.229308749,-0.1223609,0.104908768,0.091987609,-0.147245859
CTCCTGTCGAAGCCAA-1,0.063974502,-0.239901,-0.177329497,0.02939523,0.239533412
CTCCTTATCTTAAGAC-1,-0.781554125,-0.0458359,0.429302884,-0.136522026,-0.771908613
CTCCTTATGGAACCTT-1,-0.785939695,-0.0582508,0.44355596,0.00365723,-0.735813091
CTCCTTGAATTGGCTA-1,-0.256416674,-0.1747191,0.101762004,-0.049122515,-0.042226645
CTCGACAGCACTCGGA-1,-0.301228494,-0.1749614,0.081923649,-0.002947587,-0.136027328
CTCGACATAATTCTAT-1,-0.625922168,-0.2011649,0.376373235,-0.123813565,-0.449893717
CTCGACTCCTAATGGA-1,-0.572810052,-0.1816104,0.367174572,-0.606032039,-0.4419804
CTCGATGCCGTGCGTC-1,-0.739218552,-0.1411862,0.458497897,-0.304405758,-0.590962625
CTCGATGCGGTGTTAA-1,-0.386836157,-0.2336552,0.293726234,-0.036770194,-0.190050835
CTCGATGTTGAACGGC-1,-0.426723729,-0.3586532,0.349987857,-0.093385476,-0.242438818
CTCGATGTTGCTATGT-1,-0.459567466,-0.2090895,0.206580829,-0.441680941,-0.249513577
CTCGCATACTCAACTC-1,-0.716078503,-0.1424074,0.417816956,-0.657844342,-0.6123703
CTCGCTAGCACCATCT-1,-0.735945967,-0.0522794,0.423790277,-0.076764348,-0.534118708
CTCGCTGTTCATAGAT-1,-0.649642556,-0.2926541,0.520809884,-0.138483836,-0.369355537
CTCGGAAGGCCAATAA-1,-0.473693357,-0.0715218,0.273052592,0.088639361,-0.323110646
CTCGGAATTCTTGATA-1,-0.776788036,-0.024302,0.416681148,-0.089419398,-0.744385746
CTCGGACTAACGTGGC-1,0.040623176,-0.2422253,-0.177027516,0.105643853,0.20705161
CTCGGAGCGAATCATG-1,-0.630525205,-0.3495549,0.495759637,-0.216538571,-0.327070503
CTCGGAGTCTTAAGGA-1,-0.107663692,-0.2403974,-0.054311823,-0.319703111,0.090638612
CTCGGATCGGAATACG-1,-0.614346605,-0.1791588,0.396118256,0.001352982,-0.456153389
CTCGGATTGAATGAGT-1,0.031088425,-0.2373314,-0.163150084,0.078486592,0.195407853
CTCGGTCTCCAACTGC-1,-0.755160471,-0.0994726,0.415793693,-0.024117036,-0.65367068
CTCGTCGCGATTAATT-1,-0.796349791,-0.0528745,0.470455318,-0.231608301,-0.724302398
CTCGTGTCTTGGCCGC-1,-0.680689517,-0.0529478,0.37751559,0.067824084,-0.615636039
CTCGTTCACGACTGCA-1,-0.107798066,-0.3194413,-0.034769516,-0.01867441,0.098112839
CTCGTTCTGTCACGTT-1,-0.589878148,-0.0803537,0.338687265,-0.006519151,-0.495756536
CTCGTTGCACCTTAGG-1,-0.585570151,-0.1049408,0.335093359,0.107395156,-0.463947745
CTGAAGCGGTTGCCAA-1,0.040326774,-0.2343916,-0.156363627,0.065692338,0.222572245
CTGAAGCGTGGTGAAG-1,-0.015490726,-0.2281431,-0.125694734,0.066689586,0.171879736
CTGAAGGAGCCTCACT-1,-0.760254912,-0.123148,0.488874323,-0.615620849,-0.642481408
CTGAAGGATCTGTACG-1,-0.273601397,-0.2337973,0.064896112,-0.127078644,-0.055575961
CTGAAGGTGCTCGAGG-1,-0.702139125,-0.0930219,0.39515362,-0.046222923,-0.555121691
CTGAAGTGCTATGGCG-1,-0.617657066,-0.159662,0.342177968,-0.210342104,-0.538364242
CTGAAGTGCTGAACTG-1,-0.703461181,-0.1113846,0.428233752,-0.564357641,-0.623833204
CTGAAGTTGCAGACAT-1,0.083239443,-0.2197805,-0.192333593,0.046627262,0.243380737
CTGAAGTTGGATCGGC-1,-0.578527884,-0.0924393,0.38472212,-0.207202539,-0.431323397
CTGAATACCAGCAACG-1,-0.626278769,-0.087342,0.351142543,-0.32381415,-0.549848479
CTGAATTCGCGTAAGG-1,-0.738530625,-0.2252433,0.49210209,-0.194916579,-0.57331707
CTGACCGCCAATTAGG-1,-0.768454124,-0.028298,0.427166107,-0.008361491,-0.723765835
CTGACGTATCCGCCAC-1,-0.77007014,-0.0243117,0.431544081,-0.0985553,-0.74841641
CTGACTCCGAATCTGC-1,-0.716119061,-0.1934111,0.480943342,-0.502972789,-0.554064117
CTGACTCGAATTCGTG-1,-0.79097222,-0.0237104,0.438333321,-0.064449161,-0.752243656
CTGACTGATTAGGCTG-1,-0.266472001,-0.2691657,0.080602692,-0.111438293,-0.046837435
CTGACTGGTATGATAA-1,-0.079829396,-0.266705,-0.054109646,-0.019759744,0.130049779
CTGACTGGTCTACCTT-1,0.024629179,-0.2267633,-0.152703975,0.070910443,0.199516823
CTGACTGTGGCCGGTT-1,-0.796056363,-0.0402056,0.448725957,-0.079471668,-0.747508897
CTGAGGTTCAGGCCAA-1,-0.669514791,-0.1505536,0.420377723,-0.486927827,-0.501233359
CTGATATTAGTAATCG-1,-0.54658576,-0.1761682,0.291527076,0.045632699,-0.447928207
CTGATCCAACGCACAA-1,-0.481160564,-0.2091682,0.17647926,0.079155693,-0.286621834
CTGATGCCAATGCTTC-1,0.139438159,-0.2286222,-0.245861548,0.108064822,0.245573657
CTGATTAACAGCGGCC-1,0.035240901,-0.1802724,-0.133680233,-0.012364002,0.18028792
CTGATTAACGCAAGAA-1,-0.027217743,-0.235075,-0.125805744,0.095613275,0.164321968
CTGATTACAATGTCCA-1,-0.040936749,-0.2724132,-0.063072153,0.031422284,0.181769024
CTGATTAGGTGCCGAA-1,-0.713599247,-0.1216858,0.431284675,-0.098689232,-0.582962259
CTGATTATCAATAGAC-1,-0.316209201,-0.2108665,0.148446418,-0.015191455,-0.145980336
CTGATTGCTTCTAGAA-1,-0.570826025,-0.1487187,0.340028314,-0.443582439,-0.451879008
CTGCACTACACTCATT-1,-0.487114942,-0.1238645,0.295835619,0.093355532,-0.318092789
CTGCATAATGGACCGC-1,-0.494317252,-0.0641843,0.287833673,0.099140751,-0.371048725
CTGCATTGAGCACGGA-1,-0.453507872,-0.2166637,0.224313036,-0.066782602,-0.18005649
CTGCATTGAGGAGCCG-1,-0.031592997,-0.2268357,-0.122950732,0.106980724,0.147314454
CTGCCACGTGTTAATA-1,-0.329924869,-0.1876162,0.116817183,-0.125371716,-0.161370655
CTGCCGATTGCGATGT-1,-0.74768144,-0.1313344,0.455179432,-0.102096549,-0.674663942
CTGCCGCTTCGGCTGC-1,0.003996237,-0.2477995,-0.133626908,0.073526098,0.202403431
CTGCCGTGAAGTCGCA-1,-0.524708672,-0.1258585,0.268241251,-0.040376073,-0.36994889
CTGCCTAGTGAATAAG-1,-0.139109089,-0.2758473,-0.000938115,-0.14695269,0.094774452
CTGCCTATACATCCAT-1,-0.246182022,-0.291106,0.113550812,0.052783027,0.027311691
CTGCCTCCAACACCAG-1,-0.305712408,-0.2064608,0.125417038,0.055879183,-0.11164523
CTGCCTGACACGGATT-1,-0.682708335,-0.2970461,0.473583297,-0.02849191,-0.467879248
CTGCCTGTGAGCCAGG-1,-0.283105543,-0.2635181,0.097623144,-0.669339987,-0.043440604
CTGCGGAAGCAGGCAC-1,-0.365844627,-0.2474576,0.225272995,-0.309648243,-0.13084084
CTGCGGCATGTAAGTA-1,0.062440406,-0.2086396,-0.158917441,-0.091693102,0.183409911
CTGCTCATTAGAGTGC-1,-0.815831026,-0.0229251,0.475678242,-0.028041787,-0.730510252
CTGCTTACTGTCGCGA-1,-0.394612363,-0.1561205,0.23900784,0.090982442,-0.301837252
CTGGAACAATAGACAG-1,-0.752230372,-0.0932795,0.41394725,-0.189489273,-0.679697389
CTGGAAGGCAACCGGA-1,-0.144254808,-0.2067186,-0.051284703,-0.025729484,-0.036658214
CTGGAAGTCTAAGCTC-1,-0.338862947,-0.0395147,0.19227421,0.061545486,-0.26864849
CTGGAATAGGAATTAG-1,-0.787156326,-0.0196369,0.44410079,0.016309884,-0.749999232
CTGGAATAGTGCAAGT-1,-0.785747419,-0.1542685,0.518111917,-0.544664924,-0.658107449
CTGGAATGGATAGTTC-1,-0.074867225,-0.2570467,-0.059424343,-0.162768294,0.062559925
CTGGAATGGATCAGCA-1,-0.498061608,-0.357141,0.467587522,-0.723846261,-0.231934054
CTGGAATGTCCGGCCT-1,-0.461396145,-0.2227061,0.34776991,-0.249614971,-0.266858144
CTGGAATTCGGCGAAC-1,-0.565750617,-0.0259386,0.291421246,0.049793005,-0.558949191
CTGGCACTTCTGCGTC-1,-0.600604585,-0.1889447,0.318023297,-0.154981123,-0.494193472
CTGGCCTGGAACAATT-1,-0.284986934,-0.1047768,0.123688636,-0.074202194,-0.218665181
CTGGCCTTACCACTTA-1,-0.471918205,-0.3869376,0.455789246,-0.093969393,-0.194405455
CTGGCCTTGCATTCGG-1,-0.732319473,-0.1075397,0.41694175,-0.470357254,-0.63354599
CTGGCGCACTTACTGA-1,-0.600167468,-0.2649731,0.374068444,-0.22177761,-0.372846383
CTGGCGCATATCCGTG-1,-0.650625381,-0.0893711,0.346309098,-0.274277504,-0.577022776
CTGGCGGACAACGCAC-1,0.115209026,-0.2201615,-0.229656335,0.102538092,0.274287078
CTGGCTGGACGCTTGG-1,-0.357896103,-0.1785429,0.108294404,0.078209397,-0.124690384
CTGGTAATGAGCTCGT-1,-0.548273913,-0.105583,0.345082785,0.018492691,-0.475234242
CTGGTAATTAATCTGG-1,-0.729281202,-0.0748183,0.400585441,-0.00849779,-0.685222923
CTGGTACTCGAAGTGG-1,0.143279845,-0.2554789,-0.254843958,0.13472644,0.251200823
CTGGTGAGGTCTCGTC-1,-0.678537279,-0.2183474,0.485967153,-0.03152456,-0.53505468
CTGGTGATCCTGAAGG-1,-0.053308523,-0.2433842,-0.085298167,-0.017356112,0.106877557
CTGGTGATCGCCGTAG-1,-0.766950374,-0.1502413,0.487923183,-0.317552043,-0.605830183
CTGGTGCACCATACCA-1,0.029888728,-0.2393948,-0.15986271,0.014800913,0.209275264
CTGGTGCACGATCAAG-1,-0.424331509,-0.4051253,0.394707021,-0.704978668,-0.1278094
CTGGTGCGAGAAGCTT-1,-0.765949445,-0.0473335,0.41519363,-0.005237643,-0.75410874
CTGGTGCGTTCACGAG-1,-0.768307027,-0.1248243,0.495348529,-0.294589695,-0.652570694
CTGGTGCTACAGTATT-1,-0.278896072,-0.1411198,0.079912457,-0.268830226,-0.15008646
CTGGTGCTTATGACCA-1,-0.780332888,-0.0571808,0.453967531,-0.060407326,-0.698064435
CTGGTGGCCAATAAGT-1,-0.773305387,-0.0539339,0.425309323,-0.019155194,-0.759732509
CTGGTGGCCTTCCGAC-1,-0.465489886,-0.093489,0.26334037,0.075882402,-0.373924579
CTGGTGGCTTAGACTC-1,-0.656676431,-0.2719884,0.494204271,-0.134078748,-0.401662201
CTGGTTGCGTTAATTG-1,-0.615300942,-0.1200204,0.319416456,-0.395736791,-0.465022086
CTGGTTGGACATCACC-1,-0.663644987,-0.1501743,0.3824175,0.032126452,-0.495118559
CTGGTTGGCTTGTTAC-1,-0.576063212,-0.1413847,0.288015667,-0.063640227,-0.427767531
CTGTATCGAAGTGGAT-1,-0.356977354,-0.1370803,0.225740456,0.086438497,-0.225359327
CTGTATCGGAAGCTCC-1,-0.523108649,-0.1144968,0.311557313,0.001379305,-0.384726968
CTGTATCTTCGCCATA-1,-0.635411185,-0.0685343,0.312344278,-0.185267592,-0.47953059
CTGTATGGCTCAACAT-1,-0.719065923,-0.1197273,0.391217823,-0.002714925,-0.661160567
CTGTCACTATGTGCAT-1,-0.451631551,-0.2180312,0.156923374,-0.102952557,-0.276443681
CTGTCACTCGGCCTTA-1,-0.569967281,-0.1513511,0.342728004,-0.611520479,-0.482207361
CTGTCAGATCGATGCG-1,-0.477996681,-0.148464,0.210784369,-0.010627492,-0.327099932
CTGTCAGGCTTCCTAA-1,-0.684322355,-0.1827529,0.387299322,-0.28421458,-0.553024783
CTGTCAGGTGGATCGT-1,-0.668213969,-0.1665674,0.406997964,-0.237671147,-0.544682491
CTGTCTATCCACATCT-1,0.053419886,-0.223799,-0.17029941,0.05745346,0.2350612
CTGTGCAACATTGAGG-1,-0.028640613,-0.1378856,0.027325917,-0.078097375,0.116750747
CTGTGCAGATGATAAT-1,-0.282495638,-0.2155598,0.046624239,0.023319765,-0.06605095
CTGTGCGTGAGCCGTC-1,-0.005962984,-0.2407974,-0.122348007,-0.103242403,0.114653827
CTGTGGCTTGTCAGCT-1,-0.649666863,-0.0351323,0.36318395,0.021675342,-0.547311048
CTGTGGTAAGCTAATA-1,-0.303430584,-0.2360588,0.104865987,-0.058209424,-0.12653026
CTGTTATGGCCAGCGG-1,-0.047860525,-0.2367655,-0.104437407,0.075297307,0.146388831
CTGTTCCAGAAGCTGA-1,-0.784920395,-0.0544677,0.505723868,-0.263609276,-0.646383685
CTGTTCGTATGCACCA-1,-0.514908511,-0.2058597,0.279591599,-0.299100276,-0.292469607
CTGTTCTGCTCAGGAC-1,-0.548112185,-0.1764397,0.352461368,-0.179515452,-0.376805798
CTGTTGCTACTCACAG-1,-0.60990138,-0.1469702,0.393481709,-0.329980949,-0.398347315
CTGTTGGATCAACGCA-1,-0.263921774,-0.2248507,0.068566413,0.012597945,-0.044539532
CTTAATACGGCTAGCA-1,-0.316481846,-0.1751662,0.166071785,0.088074195,-0.215782543
CTTACGAACTCCGTCC-1,-0.484192614,-0.1451946,0.23897314,-0.070485963,-0.294898497
CTTACGAATGCGCCTG-1,-0.240217283,-0.2653171,0.051416331,0.186082332,-0.183360598
CTTACGACAACGATAC-1,-0.697061403,-0.0412502,0.367441668,0.050984596,-0.625844836
CTTACGCAACTCAACG-1,-0.626896267,-0.1179956,0.364084451,-0.042622678,-0.54788892
CTTACGCAGAGGCTCG-1,0.045890668,-0.2402146,-0.157291605,0.051577281,0.226625576
CTTACGCCATGCACAG-1,-0.050687934,-0.2640748,-0.084409517,0.022729166,0.16289772
CTTACGCTACGTAAGC-1,0.037648607,-0.257124,-0.126589203,-0.025026333,0.151757017
CTTACGGTAAGCCGAA-1,-0.813874292,-0.1501686,0.559678643,-0.122427082,-0.62424223
CTTACGTCATCCTTAT-1,-0.795200184,-0.0103587,0.452258309,0.007988785,-0.723629362
CTTAGCAACTAGGACC-1,-0.668728746,-0.208743,0.426669613,-0.587011763,-0.486873034
CTTAGCAAGGACAGCC-1,-0.635463061,-0.0535525,0.357728464,-0.134038193,-0.519283756
CTTAGCACGACAGAAC-1,0.04654155,-0.251079,-0.153131545,0.081507342,0.234571249
CTTAGCCTAATGGTAA-1,-0.421594131,-0.1859851,0.195762179,-0.040773312,-0.288903492
CTTAGCCTGTAAGACA-1,-0.562347446,-0.0760117,0.336748599,0.100522583,-0.424134311
CTTAGCGTAGCGTGCG-1,-0.16252454,-0.2389417,-0.023986571,0.062312246,0.038147682
CTTAGCTACCATCTCA-1,0.012511384,-0.2650687,-0.118758801,-0.027317298,0.108221307
CTTAGCTACGCAAGGT-1,-0.701839002,-0.225177,0.445228336,-0.463380275,-0.596879923
CTTAGCTATCCTTGCG-1,0.086507621,-0.2292689,-0.199435139,0.08099703,0.247590713
CTTAGCTTAGTTCTCG-1,-0.700178553,-0.0824354,0.423914528,-0.4605428,-0.598631249
CTTAGCTTCGCTGACC-1,-0.619252227,-0.1869093,0.38078436,-0.091054795,-0.422432296
CTTAGTAAGCCTTAGG-1,-0.281064177,-0.2375548,0.143415599,-0.093366425,-0.110046211
CTTAGTAAGCGTGGCA-1,-0.073548352,-0.2167204,-0.089984532,0.030712264,0.096908263
CTTAGTAATGCAACGA-1,-0.564522639,-0.2248791,0.396544811,-0.610419246,-0.344889921
CTTAGTCCTCATAAGT-1,0.101323352,-0.2318729,-0.216531741,0.103066599,0.25506081
CTTAGTCTATCGAGAC-1,-0.789111048,-0.1098421,0.515005663,-0.602912611,-0.631576044
CTTAGTCTCGACAACT-1,-0.719395099,-0.0828843,0.408463305,-0.639603821,-0.642953641
CTTAGTCTGTGCATCC-1,-0.019248136,-0.2527693,-0.120162468,-0.126925764,0.170951995
CTTAGTCTTATTCGGA-1,-0.554471741,-0.1043963,0.334722667,-0.013305083,-0.424959865
CTTAGTCTTCGATGTC-1,-0.050077403,-0.2793504,-0.077089691,-0.065406387,0.164915804
CTTAGTGCGACCTATT-1,-0.069031206,-0.2513324,-0.079824245,-0.023809253,0.064636879
CTTAGTGCGTTGACGC-1,-0.532022863,-0.2506884,0.298187945,-0.698163556,-0.398114218
CTTAGTGGCTAAGACG-1,-0.276835209,-0.2697023,0.10135624,0.057483598,-0.034920632
CTTAGTGGTACACGAC-1,-0.784359938,-0.0137335,0.439827684,-0.27457403,-0.706578209
CTTAGTTCACCGCCAG-1,-0.269053702,-0.2355165,0.044237172,0.10518702,-0.062679607
CTTAGTTGAATCACCT-1,-0.432078218,-0.1323962,0.280610406,-0.186714026,-0.22599335
CTTAGTTGCTCGTTGT-1,-0.093375111,-0.2039308,-0.081386883,0.087911395,0.09828948
CTTAGTTGGAGCGACC-1,-0.781493053,-0.0194242,0.433051512,0.01958701,-0.743174603
CTTATTCACTAGCTGG-1,-0.728749219,-0.0655374,0.400690898,-0.251829485,-0.682709735
CTTATTGAGTTCTGTA-1,-0.621559095,-0.1730045,0.416495957,0.054399182,-0.447364435
CTTCAAGACGCAAGTG-1,-0.448353365,-0.2087475,0.315233429,0.008584126,-0.304611969
CTTCAAGTAACAGCTT-1,-0.246442707,-0.2576637,0.07844808,-0.441676805,-0.094050366
CTTCAAGTCGACCTTC-1,-0.642180857,-0.1222287,0.320859808,-0.147294245,-0.553835972
CTTCAATCGTACTACG-1,-0.560747101,-0.1456706,0.329912838,0.034668972,-0.438133894
CTTCACAAGTTCCTCA-1,0.045535237,-0.2317958,-0.157181643,0.042043183,0.231515787
CTTCATGCCTAGACGG-1,0.087829317,-0.2424092,-0.200704567,0.102758189,0.249491485
CTTCATTGGATACCAC-1,-0.255881272,-0.2206681,0.03961168,0.023553545,-0.051981646
CTTCCAATTGAAGATT-1,-0.825485299,-0.0641143,0.514620462,-0.207700992,-0.69476375
CTTCCACGATCCTGTA-1,0.068666967,-0.2200764,-0.188931665,0.068972856,0.236854238
CTTCCACGCCTTCCTG-1,-0.232772405,-0.2410252,0.027259185,0.08108424,-0.003544061
CTTCCACGTCACGCCA-1,-0.7328724,-0.2122529,0.486736623,-0.233117024,-0.527175706
CTTCCATAACCTTACG-1,-0.742729872,-0.0083676,0.413973561,0.046649229,-0.704868854
CTTCCGACGCACAACC-1,-0.690252284,-0.0962571,0.419643988,-0.655392971,-0.606048426
CTTCCGAGACATTGAT-1,-0.211079034,-0.3058309,0.059163783,-0.149368102,0.03051191
CTTCCGTCGCTGCATC-1,-0.739272435,-0.1711478,0.490296972,-0.311432794,-0.596953014
CTTCCTAGCCGATTGG-1,-0.064069782,-0.3024951,-0.029583738,-0.100757187,0.077685168
CTTCCTGGTGTTGGAC-1,-0.22214688,-0.2055809,0.004445372,0.041961238,-0.024965537
CTTCGACCAAGCCGAG-1,-0.359453985,-0.2163117,0.144139008,-0.021902174,-0.210135506
CTTCGACTCCAGACTG-1,-0.644674757,0.00219481,0.332272884,0.085674866,-0.570770196
CTTCGAGCTGCAGCCT-1,-0.669938956,0.01876758,0.367835199,-0.174661481,-0.608162254
CTTCGAGTGATGGAAT-1,-0.171631745,-0.2713265,-0.012973451,-0.086136594,0.018085773
CTTCGATAACATTGGT-1,-0.738261285,-0.083463,0.472887847,-0.390661722,-0.489764055
CTTCGATACAGTCTCC-1,-0.52291761,-0.0261972,0.294239622,0.013018054,-0.424100223
CTTCGATACTCCGACC-1,-0.598010133,-0.1692814,0.399109011,-0.647418332,-0.443226653
CTTCGATATGTAGGAG-1,-0.470639294,-0.2030001,0.269892745,-0.566480263,-0.348827647
CTTCGATGGACGTACC-1,-0.502763258,-0.2672995,0.333659117,-0.507733641,-0.248895967
CTTCGCACCTGGCGGA-1,-0.567970174,-0.2255483,0.331684628,-0.227883996,-0.366437071
CTTCGCCGCAACATTA-1,-0.590461337,-0.2610823,0.426676889,-0.065435369,-0.446764316
CTTCGGCTCACTACCT-1,-0.582281879,-0.1796267,0.352466126,-0.101138559,-0.468703867
CTTCGTATTAATACGG-1,-0.697236478,-0.3198584,0.54561416,-0.564156175,-0.47203357
CTTCGTCAAGACTCGT-1,-0.794932813,-0.0498114,0.481858847,-0.110691659,-0.635074309
CTTCGTCACCAAGAGG-1,-0.624618398,-0.1602545,0.355222659,-0.063331302,-0.352951187
CTTCTACTCAAGTCGT-1,-0.354568056,-0.1493005,0.16287701,0.07956347,-0.308047436
CTTCTGAGCCAGGAAC-1,-0.031879694,-0.2379399,-0.107515884,0.024470752,0.156198786
CTTCTGAGGTCGCATA-1,0.127846451,-0.241487,-0.238584431,0.125731746,0.258540145
CTTCTGTACGGACATC-1,-0.598804746,-0.331886,0.491262712,-0.05798837,-0.353194846
CTTGAACCGAGTTAAT-1,-0.615868678,-0.1409981,0.309631959,0.036539235,-0.389876845
CTTGAACTTAGAGGAA-1,-0.105818539,-0.1958691,-0.060804628,0.061422373,0.039778798
CTTGAGCCTTGTTCCA-1,-0.791346567,-0.0141525,0.453587535,-0.156853192,-0.726803553
CTTGAGTCCAAGGCTG-1,0.084329288,-0.3047134,-0.151786576,0.008502051,0.174222273
CTTGAGTCTAAGATCA-1,-0.167539271,-0.154678,0.000617146,-0.0032441,-0.005043507
CTTGAGTCTTACAGTG-1,-0.739326634,-0.0684862,0.399982916,0.040038061,-0.689822806
CTTGATGCAATCACAA-1,-0.396800771,-0.1732183,0.27099622,-0.375287337,-0.235241153
CTTGCCGGAAGACGCA-1,-0.474276561,-0.1215727,0.293774338,0.04745485,-0.356044638
CTTGCGTAACAGCAGT-1,-0.668792684,-0.0956224,0.398440528,-0.198175133,-0.522711241
CTTGGAACTCCACGCC-1,-0.487480913,-0.0565479,0.219630679,-0.202231303,-0.375115626
CTTGGACAGGTTAGAA-1,-0.314228715,-0.1443135,0.235462083,-0.143583398,-0.178041734
CTTGGACATTACAGGA-1,-0.754352109,-0.0644825,0.412606866,-0.657076498,-0.727707689
CTTGGACTTGTCTGTC-1,-0.241109402,-0.2090347,0.041183972,0.029505745,-0.001060239
CTTGGAGGCCACCTGC-1,-0.075210809,-0.2659254,-0.040713795,-0.689204286,0.131687125
CTTGGATCAACCGTAT-1,-0.690975895,-0.1109489,0.400449991,0.017539215,-0.591047599
CTTGGTCGGAAGTAGC-1,-0.363845349,-0.4762864,0.422098921,-0.478989516,-0.006377838
CTTGGTGCAGCCTCCA-1,-0.321909292,-0.0724327,0.166009409,-0.177440161,-0.220472654
CTTGGTTAGAGTCATC-1,-0.718497961,-0.3098473,0.605875497,-0.276942798,-0.431668526
CTTGTAAGCGCTTCAT-1,-0.403989101,-0.1934085,0.230241335,-0.396591876,-0.340553142
CTTGTATCGTATGATT-1,-0.680256679,-0.0701859,0.36517613,0.024771846,-0.602600306
CTTGTCAAGGCGTCAA-1,-0.538477282,-0.0949661,0.29416999,0.06041288,-0.453668336
CTTGTCAGTTCGGTAA-1,0.087401665,-0.2410813,-0.169165213,-0.036973808,0.204692412
GAACAAGGTCGAGCAA-1,-0.451602,-0.2915757,0.362801461,-0.144360922,-0.248890891
GAACAGATAACCTTAA-1,-0.599634215,-0.1407375,0.372749378,-0.695987338,-0.506350333
GAACAGATCCGCTAGA-1,-0.286999605,-0.4021534,0.306924889,-0.255066475,-0.03515496
GAACAGCCATGTTGCA-1,-0.700941166,-0.0436096,0.391104553,0.035971712,-0.647436757
GAACATTCGACACGTA-1,-0.565555412,-0.1561851,0.266219495,0.04070592,-0.427323626
GAACCGAACGAAGACT-1,-0.718379726,-0.2006173,0.429161131,-0.217197163,-0.574087911
GAACCTTAGTTGATTA-1,-0.683479043,-0.0982444,0.393970032,-0.124491582,-0.611975268
GAACGCCACGGTGGTT-1,-0.715273424,-0.096076,0.420778383,-0.189212433,-0.653796633
GAACGCCAGTGCATAC-1,-0.723850936,-0.1333805,0.494174791,-0.436175628,-0.563355315
GAACGCTAGAAGGCTA-1,-0.473681676,-0.2294537,0.205369331,0.01712048,-0.323905475
GAACGCTTAGAACGTC-1,-0.470818131,-0.2057804,0.265442986,-0.103800224,-0.251187615
GAACTAACATGTATCC-1,-0.732696961,0.01258165,0.402317009,0.048100649,-0.704127608
GAACTAACTCTACGTG-1,-0.783929626,-0.0631609,0.438655476,-0.160574635,-0.76812374
GAACTACAAGTAGGAG-1,0.038244546,-0.2284634,-0.159489164,0.063219569,0.211586382
GAACTACCTTATCATA-1,-0.692741901,-0.0978289,0.446923382,-0.205059036,-0.549266152
GAACTATCGTCTCGTC-1,-0.320001553,-0.2603091,0.093795374,0.006718585,-0.101927474
GAACTCATAGTGAGTG-1,-0.73371124,-0.1940263,0.4800716,-0.127584189,-0.597516078
GAACTCCTCATACATA-1,-0.24725465,-0.4566621,0.310908884,0.005512034,-0.02731301
GAACTCCTGGAGGCTC-1,-0.358101015,-0.2417207,0.111770072,0.040646994,-0.215348136
GAACTGTAACTCAGGC-1,-0.75521509,-0.0820314,0.447327445,-0.185877039,-0.675186191
GAACTTGGTGAGGATA-1,-0.631453708,-0.1895529,0.381263449,-0.194194312,-0.537122475
GAAGCGAACTGACATT-1,-0.633321036,-0.1569879,0.4267068,-0.541335792,-0.435567133
GAAGCGAGAACATGGA-1,-0.676698182,-0.0876966,0.371597184,0.023761306,-0.658850912
GAAGCGATTGCCGAAT-1,-0.135876214,-0.2525429,-0.035296369,0.066281609,0.07719116
GAAGCGGCTGATCAGT-1,-0.77887532,-0.0039574,0.441250109,-0.012352595,-0.715089781
GAAGCGTATCATCGTT-1,-0.050934184,-0.2319059,-0.097593032,-0.025601553,0.132683118
GAAGCGTCAGTAAGTC-1,-0.352215626,-0.2728255,0.244762214,-0.106612093,-0.162707653
GAAGCGTCCATAGTTG-1,-0.686486346,-0.2309938,0.479708208,-0.268598819,-0.531448059
GAAGCTGCCTCGTGAG-1,0.077576471,-0.2442904,-0.182839498,0.090040884,0.241569033
GAAGCTGTTCTACATC-1,-0.085266695,-0.2623533,-0.07417615,0.108226524,0.114070222
GAAGCTTGACGCTTAA-1,-0.391385661,-0.1916514,0.17615008,-0.07490321,-0.230693456
GAAGGATGGTATACGT-1,-0.77752484,-0.0444377,0.429701695,-0.048175178,-0.7704396
GAAGTAAGTTCCTCGA-1,-0.393565308,-0.3062903,0.312451652,-0.013351915,-0.169420028
GAAGTAGCTGAGTCTA-1,0.056835241,-0.3182783,-0.110530712,0.006513365,0.132558806
GAAGTCCAATCGTGTT-1,-0.638402688,-0.3963917,0.489565381,-0.440003432,-0.384349026
GAAGTTCTGCAGTTCT-1,-0.004254949,-0.2478177,-0.117274329,0.025251002,0.193747012
GAATAAGGAGAACTAA-1,-0.786031919,-0.0202514,0.458642726,-7.69E-05,-0.660866133
GAATACAGACGAACTG-1,-0.546172717,-0.1436455,0.307630745,0.03417327,-0.468185213
GAATACCTGCCACGGC-1,-0.648267972,-0.1862836,0.434244803,0.013086363,-0.504942275
GAATACTAAGGCGAAT-1,-0.172076167,-0.2295253,-0.017827693,0.043931633,0.048527086
GAATCAATTACCGACC-1,-0.397881196,-0.2093792,0.16464886,0.056092332,-0.172347913
GAATCACCAGTGATAC-1,-0.274191914,-0.1568705,0.186742717,0.043598665,-0.134305911
GAATCATAGTCTGAAG-1,-0.760291232,-0.0157116,0.421716621,-0.083399852,-0.702272138
GAATCATGAACCAGTG-1,-0.694623587,-0.1411491,0.414105506,-0.073547601,-0.511344375
GAATCATTATGAGCTG-1,0.072603358,-0.2394788,-0.201583211,0.10888203,0.222596035
GAATGACAACAGAATA-1,0.109689233,-0.2706208,-0.200398029,0.128346654,0.241466641
GAATGACAACTAGTCA-1,-0.548929202,-0.3218322,0.471666512,-0.006326373,-0.280606594
GAATGACACGACTAGG-1,-0.687132006,-0.3234853,0.565978687,-0.712063136,-0.38908002
GAATGACCACAATCGA-1,-0.763682522,-0.1143306,0.497188535,-0.672224482,-0.575191742
GAATGACCACGTGCAG-1,-0.402776314,-0.1370424,0.222724204,-0.058421443,-0.25215878
GAATGAGTATAGACCA-1,-0.537134949,-0.1472025,0.287353491,0.016034516,-0.405501483
GAATGGCCAAGGAGGC-1,-0.66219705,-0.3722051,0.564087443,-0.149630305,-0.417877924
GAATGTATTGGATCAA-1,-0.327613843,-0.244265,0.100030732,0.12075271,-0.095095567
GAATGTCAGAATTCTG-1,-0.681781658,-0.0063501,0.372327192,-0.037748899,-0.639325849
GAATGTGCCTAGCAGA-1,-0.128245743,-0.2411264,-0.051450663,0.077608137,0.052300504
GAATTAACCTTCAATT-1,0.082528104,-0.282241,-0.173803744,-0.00738003,0.207079134
GAATTCACAACTGCAG-1,-0.531402356,-0.0998176,0.313217403,0.038845832,-0.459439192
GACAACATCATGCCGC-1,-0.653755134,-0.1394156,0.423451087,-0.555025376,-0.417466997
GACAACCTAGGAGTCT-1,-0.700484363,-0.119428,0.430879223,-0.407565347,-0.604025479
GACAACGGACTCAGCT-1,-0.824183452,-0.1010714,0.530563266,-0.110279892,-0.678238535
GACAACGGCGATGTTA-1,-0.377007148,-0.2192116,0.149603998,-0.033327772,-0.215299562
GACAACTTAACCAACC-1,-0.702886143,-0.0707726,0.413539289,-0.076855364,-0.609600317
GACAACTTGATTGTGA-1,-0.693276133,-0.119846,0.403401039,-0.285050496,-0.540457726
GACAAGCCTCGTTAGT-1,-0.346523644,-0.2370235,0.16214448,-0.193357632,-0.09784397
GACAAGCTGAATCTGG-1,-0.70518576,-0.1273587,0.440823818,-0.626991785,-0.618664927
GACAAGGTGGTCCGGC-1,-0.049628533,-0.2642992,-0.099766489,0.057814785,0.147698971
GACAAGTGTTATAGGC-1,-0.457406255,-0.0009792,0.271403785,-0.016555151,-0.349123963
GACAATCTATTAGATT-1,-0.67044814,-0.2462573,0.516338598,-0.44057025,-0.431395884
GACAATGACAAGCTTA-1,-0.092685087,-0.2405675,-0.074114759,0.079285714,0.09565945
GACAATTGTATGCTTC-1,-0.788627449,-0.0834181,0.489951168,-0.460034128,-0.660598654
GACAGAGGTCGCTTCG-1,-0.680367806,-0.182388,0.460562876,-0.42968586,-0.502950104
GACAGCAACTCAGAAC-1,-0.740972188,-0.1414909,0.452273694,-0.483630544,-0.612441455
GACAGTCACTTCGCTC-1,-0.787435896,-0.1827797,0.548279555,-0.632130411,-0.596217983
GACATCACCGTTGCGT-1,-0.493794225,-0.1165784,0.300859742,-0.021078992,-0.370255284
GACATCAGATTCTTAC-1,-0.533566523,-0.1724915,0.283719277,-0.016695397,-0.258174472
GACATCCTCAACCTCG-1,-0.014176045,-0.2422602,-0.11690921,0.080696922,0.183064089
GACATCCTTCATTATC-1,0.023192967,-0.2330369,-0.147685332,0.069735368,0.202924698
GACATCTGCGGTCTTG-1,-0.746021078,-0.1146958,0.464327045,-0.410600937,-0.637428634
GACATTATCTTAATCT-1,-0.093752185,-0.249485,-0.062206576,0.038386882,0.111011869
GACCAATTGCGTCAGA-1,-0.677116353,-0.1519792,0.396067841,0.024743739,-0.469473484
GACCACATTCTTGAAT-1,-0.801403413,-0.0643228,0.503293468,-0.358090802,-0.679679467
GACCACGGCGTACATA-1,-0.746011427,-0.1256454,0.432014893,-0.085577582,-0.614167859
GACCACTCCTGACGTT-1,-0.701144431,-0.0764435,0.392079148,-0.169408467,-0.648158697
GACCACTTACGGACAT-1,-0.72607918,-0.0547735,0.403810093,-0.604255663,-0.657081695
GACCACTTAGACAGGT-1,-0.374726167,-0.246488,0.288912433,-0.166917156,-0.206019787
GACCGAAGACTGGCAG-1,-0.536450706,-0.0025229,0.28536004,0.080756157,-0.484469677
GACCGAATCTAATACG-1,-0.729686012,-0.1913211,0.475358364,-0.465995817,-0.556133404
GACCGACAATAGGAAT-1,-0.741613102,-0.1011981,0.492668661,-0.278530902,-0.558206608
GACCGAGGCAACGTTC-1,-0.513667239,-0.1099858,0.315697608,0.044735908,-0.347551822
GACCGGCCATGTACCG-1,-0.621483846,-0.1152972,0.337707533,-0.103542207,-0.51899293
GACCGTATTAGACCGG-1,-0.107584294,-0.2483798,-0.054150564,0.074817321,0.10544702
GACCGTGAATGTAAGT-1,-0.706121682,-0.0228033,0.394084595,-0.040100622,-0.668556068
GACCTGCTGTACGAAG-1,-0.707299987,-0.1309035,0.370278481,0.003814148,-0.657340201
GACCTGCTGTCGTGTA-1,-0.368595663,-0.1589918,0.248369199,0.00833466,-0.240606387
GACCTGTCGATTGCAG-1,0.103037854,-0.2711407,-0.219231925,0.1050446,0.213962017
GACGAGAAGTTACAGA-1,-0.777629728,-0.0227015,0.42523142,-0.446414573,-0.753212525
GACGAGCTGCACTCGT-1,-0.784560148,-0.0943145,0.448071831,-0.134469756,-0.709749724
GACGAGTGCTGGAGAT-1,-0.363488688,-0.2456656,0.131321895,-0.156263162,-0.162146203
GACGCAGCGTCAAGTT-1,-0.774057982,-0.1226044,0.515879167,-0.04193059,-0.496508915
GACGCCGAACTTCCGT-1,-0.13062766,-0.3280445,0.033324866,0.037060512,0.131743163
GACGCCTCGTCAGAGG-1,-0.719109138,-0.1376127,0.406033373,-0.138308012,-0.632925344
GACGCCTCTTGATTGT-1,0.083194219,-0.2398074,-0.195338364,0.081232458,0.249992817
GACGCTCAACTGAGTG-1,-0.557376902,-0.0533221,0.322406144,0.042127334,-0.497713284
GACGCTCACCAACCGG-1,-0.543341999,-0.1434191,0.30348148,-0.325881274,-0.486581017
GACGCTGTACAAGGCG-1,-0.012082006,-0.2333907,-0.127186612,0.072211184,0.172585182
GACGGCTTAGGTGCGA-1,-0.751208074,-0.1183363,0.416054213,-0.083493159,-0.752213886
GACGGTACCTGGCCGT-1,-0.564276048,-0.1477113,0.24819185,0.045146267,-0.420070566
GACGGTGGTTGATGTC-1,-0.058627238,-0.2230461,-0.089228218,-0.03724203,0.10276621
GACGTACAGGAACGCT-1,-0.682605072,-0.1286768,0.350192718,-0.031732329,-0.734333867
GACGTACTGCGTGCGG-1,-0.733287891,-0.1330909,0.429605586,-0.162843577,-0.636564447
GACGTAGACTGCCGCA-1,-0.40628006,-0.2022401,0.236438765,-0.022203006,-0.300914941
GACGTCTTATCTCAGC-1,-0.671156873,-0.0999323,0.418968299,-0.03369909,-0.561210778
GACGTGGTGCTCCAGA-1,-0.270129698,-0.0486195,0.136064641,0.070273818,-0.192819993
GACGTTCGGTCTTACC-1,-0.349695662,-0.1408358,0.192300079,0.026274803,-0.280554577
GACTACGAGTTCCATT-1,-0.659680151,-0.1334112,0.413040578,-0.38545364,-0.572773707
GACTACGCCTATAGCC-1,-0.337747973,-0.1357836,0.210605453,-0.536996227,-0.221202053
GACTAGATTAGCTAAC-1,0.07667627,-0.2311435,-0.18353996,0.057010242,0.242638978
GACTAGCTTCCTTGTA-1,-0.202458431,-0.1994222,0.113130461,-0.018821076,-0.115065987
GACTAGGCAGACTTGG-1,-0.067408903,-0.2483837,-0.059255105,0.026750877,0.146974232
GACTAGTAATCTTGCT-1,-0.801680444,-0.072048,0.484188979,-0.146505875,-0.710746941
GACTCGGCTTGCGGAT-1,-0.648503921,-0.1174217,0.34896297,-0.329594978,-0.564626048
GACTGACAGGAACCAG-1,-0.494408523,-0.3076937,0.314714644,-0.466551824,-0.200485263
GACTGAGGTGATTAAC-1,-0.659505386,-0.0640828,0.377256002,0.016539472,-0.57855898
GACTGCCATAGAATAC-1,-0.697474824,-0.1330454,0.424480248,-0.041755539,-0.602374909
GACTGCGGTCTGCGTG-1,-0.679809427,-0.1597594,0.396954135,-0.686867682,-0.621139364
GACTTCATACCGCTGT-1,-0.783960294,-0.1364949,0.466878359,-0.549033811,-0.68138401
GACTTGAACGTCCGTA-1,-0.75374029,-0.0074533,0.431394937,0.025028847,-0.67722848
GACTTGAAGCCATAGC-1,-0.370762094,-0.2360497,0.165521489,-0.169084727,-0.207000471
GACTTGACGATGCTGT-1,-0.686614483,-0.1177811,0.388729819,0.00878186,-0.639817151
GACTTGCTTCTAGGAG-1,-0.383006241,-0.4155064,0.328412949,-0.585674908,-0.073476325
GACTTGTCGTTCCGGC-1,-0.462983919,-0.2284993,0.31434388,-0.064149762,-0.307946317
GAGCACCATTCGCTGT-1,-0.327812061,-0.181132,0.199751611,-0.532682834,-0.148765752
GAGCAGACTAGTGGTA-1,0.069072115,-0.246563,-0.160939264,-0.028131641,0.221909058
GAGCATCTCCAGTCTG-1,-0.151482103,-0.3701937,0.205477647,-0.062361214,0.111231411
GAGCCAAGCGATCGTA-1,-0.712072747,-0.180922,0.435709047,-0.033011689,-0.626285523
GAGCCAAGCGCCTCAC-1,-0.240801088,-0.2362823,0.042807716,0.06675187,-0.022456709
GAGCCAAGTTACTACA-1,-0.02177625,-0.1790932,-0.070426041,-0.158595792,0.122153502
GAGCCACTTATGCATT-1,-0.480379707,-0.2385812,0.292375803,-0.107124432,-0.342396163
GAGCCAGCTTACGGTA-1,-0.457595161,-0.1508546,0.328502655,-0.02575289,-0.280744576
GAGCCAGGTGTCAGTT-1,-0.259839134,-0.3319061,0.032344619,-0.498302775,-0.083543308
GAGCCAGTATTGTCAA-1,-0.043035207,-0.2454209,-0.102677312,-0.017373169,0.14244652
GAGCCTCACGTATGTA-1,-0.77032303,-0.1060502,0.485022748,-0.469823612,-0.657329872
GAGCCTCCAGTACCGA-1,-0.758528861,-0.0340761,0.415175036,0.009024269,-0.674008984
GAGCGAATCGGTAGAA-1,-0.745908567,-0.0896749,0.428639166,-0.218820716,-0.663637014
GAGCGATACTCCAGGC-1,0.009925634,-0.2603914,-0.12407156,0.013304507,0.206296421
GAGCGGCAATGGAATA-1,0.034932088,-0.2307393,-0.172212536,0.080163687,0.207338662
GAGCGGTGTTATCAAC-1,-0.358393934,-0.2354005,0.192915022,-0.091241715,-0.144667813
GAGCTAACCTACTTAC-1,-0.683268463,0.01174651,0.383193299,0.064285937,-0.621863054
GAGCTAAGGTTGCGTT-1,-0.63485206,-0.073204,0.424842352,-0.156234641,-0.464562121
GAGCTACAAGATCAAG-1,-0.763360848,-0.0249475,0.423966081,-0.06906553,-0.718468529
GAGCTACAGCTCGGTA-1,-0.756453875,-0.058819,0.447011013,-0.528115935,-0.674301359
GAGCTATCCATCACGC-1,-0.485725831,-0.2881005,0.309770776,-0.393796548,-0.247475155
GAGCTGCGGTGGTAAT-1,0.031642594,-0.2961938,-0.108067209,-0.033449963,0.168994404
GAGCTTGATGGAAGCT-1,-0.53723189,-0.2456391,0.368625412,-0.143108044,-0.315223189
GAGGAAGCCGATGTGA-1,-0.698406127,-0.169493,0.423964422,-0.114530572,-0.601476083
GAGGAAGGACAATGAA-1,-0.781080877,-0.0532384,0.43708758,-0.097762537,-0.733019006
GAGGAAGGCAACGGCG-1,-0.756963292,-0.0381604,0.42223976,-0.041773483,-0.736632602
GAGGACAGATCGCCTA-1,-0.662611742,-0.139526,0.399624286,-0.4961363,-0.530394124
GAGGACAGTGATCGGC-1,-0.631319568,-0.1213312,0.366114703,-0.031973924,-0.532031593
GAGGACGAGTCCTAGT-1,-0.612711826,-0.2514695,0.351092711,-0.285246063,-0.35628951
GAGGATACCAGGTACG-1,-0.730154017,-0.0770664,0.450659167,0.027047497,-0.613977801
GAGGATCCAGAACTGG-1,-0.741456988,-0.134928,0.437948016,-0.315396463,-0.702858364
GAGGATCGGTAGCATC-1,-0.684591233,-0.2839091,0.506391095,-0.564705379,-0.459526938
GAGGATGAGGATCCTC-1,0.08385864,-0.2890075,-0.153411169,0.006666297,0.179123928
GAGGATGATAGGAAGG-1,-0.777475887,-0.0253207,0.45133222,-0.0501575,-0.729495518
GAGGATGCACCAAGTT-1,-0.644033707,-0.0462403,0.348564236,0.065678372,-0.598023166
GAGGCCACAAGGTGCA-1,-0.674819557,-0.1305561,0.328053381,-0.072559275,-0.584564607
GAGGCCACTTCTAGAT-1,-0.022428488,-0.2454738,-0.118064353,0.091527679,0.161697795
GAGGCCAGCAGAGGTT-1,-0.696952178,-0.056611,0.419737833,-0.161496728,-0.616481167
GAGGCCATGGCTCGGA-1,-0.206878029,-0.281768,0.034266026,-0.357434745,0.038229653
GAGGCGCTCCATTCCT-1,-0.791524903,-0.093148,0.51578961,-0.101843233,-0.648763891
GAGGTAACATTCGATC-1,-0.343816033,-0.2325467,0.16307764,-0.290406723,-0.254951771
GAGGTAACTAGACAGT-1,-0.695513417,0.00576326,0.376779869,-0.379545768,-0.643546201
GAGGTAACTGCGAGAC-1,-0.780788586,-0.094978,0.44497216,-0.092767755,-0.736060052
GAGGTACAACCTTCCG-1,-0.361256421,-0.2643404,0.194306883,-0.170448406,-0.139922514
GAGGTATTAATAGCGG-1,-0.747027975,-0.1642165,0.520046237,-0.216002375,-0.550639621
GAGGTCACTGTAAGCT-1,-0.537354529,-0.0729085,0.330175407,-0.029531391,-0.41992978
GAGGTCCAAGTAGCTA-1,-0.771560518,-0.0598446,0.435080235,-0.036303666,-0.736431857
GAGGTGAGATCATTGG-1,-0.767479282,-0.065497,0.415667669,-0.054578527,-0.765351695
GAGGTGAGGATTCATT-1,-0.768253777,-0.0448189,0.431195824,0.016527557,-0.752053509
GAGGTGCATTCGGATC-1,-0.777579632,-0.2988407,0.641447813,-0.566609215,-0.480470728
GAGGTGCCTCTTCGTG-1,-0.32896324,-0.0723355,0.206567216,0.033642682,-0.263102411
GAGGTGCGGCTGACCA-1,-0.008665105,-0.2350195,-0.145211001,0.111533747,0.177268094
GAGGTGGCTCGAGGTT-1,-0.596694908,-0.1675524,0.334464898,-0.05441704,-0.518143641
GAGGTGTAGCAACTCA-1,-0.733581469,-0.3077088,0.580713287,-0.436375861,-0.504716048
GAGGTTAGATCGAAGA-1,-0.331348024,-0.3094595,0.116906239,-0.265788022,-0.128410825
GAGTAACGTGGCTTGA-1,-0.679006122,-0.2595715,0.517250619,-0.215681002,-0.45644328
GAGTAGACGCAGGCTC-1,-0.717703299,-0.1030011,0.365196006,-0.001623075,-0.594870683
GAGTAGATACGTCAAC-1,-0.366043455,-0.2508709,0.167814353,-0.62269459,-0.102034
GAGTAGATTATGGTTC-1,-0.707926209,-0.0354891,0.394630814,0.032642268,-0.646601134
GAGTAGGATGGTAGTC-1,-0.601439887,-0.1908144,0.41780738,-0.44062442,-0.463055377
GAGTCACCGTCCTCCA-1,-0.40806738,-0.538272,0.487413719,-0.440530438,-0.058509117
GAGTCACGTCCTTAGA-1,-0.366371521,-0.2267106,0.25738512,-0.098836434,-0.209941363
GAGTCCACGCCTGAAG-1,-0.359699975,-0.1702016,0.222764014,-0.035683328,-0.208197672
GAGTCCACTCATAACA-1,-0.671122533,-0.0778491,0.396781901,-0.26925535,-0.583239316
GAGTCCTACCTCTGCA-1,-0.418546306,-0.4277185,0.43865769,-0.423850604,-0.093069143
GAGTCCTCTAGCGACA-1,-0.770551612,-0.0394302,0.422326882,-0.003625578,-0.757938085
GAGTCCTGTTACATCT-1,-0.132920563,-0.2696287,-0.021461026,0.013211221,0.072849419
GAGTCGAGCGTGCTTC-1,0.051968525,-0.268026,-0.148667476,0.077699115,0.244694432
GAGTCTATTCCAGGAC-1,0.003947892,-0.2822714,-0.133124919,0.034055481,0.15337122
GAGTCTCGAGATAGTC-1,-0.431941759,-0.1968093,0.233619706,0.010610056,-0.262573341
GAGTCTGACTATAGAA-1,-0.773056598,-0.045776,0.455483817,0.004677614,-0.622189785
GAGTCTGGTGAATGAG-1,-0.733062407,-0.0233211,0.444866839,-0.425543276,-0.656437026
GAGTGCAGCGTCATCG-1,-0.78119448,-0.0188883,0.43262137,-0.022179449,-0.737054547
GAGTGCCGCATTAGGC-1,-0.698501823,-0.1335111,0.455490852,-0.162178312,-0.44177562
GAGTGCGGATACAGTC-1,-0.495631689,-0.171341,0.21234108,-0.005122309,-0.373493064
GAGTGCGTACTGTAAC-1,-0.009949473,-0.2495093,-0.112837565,0.064226204,0.181898624
GAGTGGAGCAAGCGCA-1,-0.642215281,-0.1177419,0.37278371,-0.641085396,-0.558599338
GAGTTAATCTCGTTAT-1,-0.528881107,-0.1991675,0.329872115,-0.407915229,-0.336542177
GAGTTAATTCCACTGG-1,-0.560058542,-0.169819,0.331511893,-0.106133359,-0.353930953
GAGTTACTCAATGGAA-1,-0.744198591,0.00898744,0.413954912,0.013070015,-0.687096345
GAGTTAGCAGTAGATG-1,-0.701589015,-0.1233436,0.419107958,-0.182389356,-0.524219671
GAGTTCTATCGTGCCT-1,-0.820237271,-0.0609688,0.517559462,-0.048731826,-0.694454263
GAGTTGGTATTAATAG-1,0.044705783,-0.2330089,-0.173382914,0.089180263,0.216834881
GATAAGCACGTGCGTA-1,-0.678045986,-0.0334786,0.374583631,0.054851901,-0.599225114
GATAAGTTGGCGATTA-1,-0.34121666,-0.1721107,0.236837102,-0.051413274,-0.20344595
GATAATCAGCTATTGT-1,-0.06467954,-0.2465389,-0.08589859,-0.023442375,0.128657112
GATACATAACGCATGT-1,-0.42051218,-0.2348754,0.273315536,0.064807142,-0.235173154
GATACCTCGCGACTGC-1,-0.043902635,-0.2433237,-0.111268076,0.082605898,0.151188803
GATACGACTGAACAGA-1,-0.712297181,-0.119303,0.442270767,-0.473658676,-0.574511135
GATACTTCACTCAGCA-1,-0.649931526,-0.2300452,0.445099988,-0.700333445,-0.397777939
GATACTTCTAGTGGAG-1,-0.349254664,-0.0931557,0.179342857,0.016518712,-0.275635121
GATAGAGTCTGAATCG-1,-0.769509064,-0.039465,0.415059251,-0.009622228,-0.731503168
GATAGAGTGATAAGCT-1,-0.654362169,-0.1678203,0.401249444,-0.633824735,-0.524661219
GATAGATATGGTTCCG-1,-0.377803443,-0.2255865,0.11459266,-0.041110918,-0.178087629
GATAGATGTTGAAGAT-1,-0.447495399,-0.2158323,0.356983672,-0.047691845,-0.26491085
GATAGCTAATGGATAG-1,-0.669909418,-0.1843526,0.396652817,-0.193838857,-0.527405142
GATAGTGACACTCCAA-1,-0.779131932,-0.1098505,0.465306198,-0.103684905,-0.705385952
GATATCACCAGCATGG-1,-0.42773653,-0.3592546,0.282091787,-0.374036022,-0.119393714
GATATCCATATGAGGC-1,0.106147162,-0.1516991,-0.186982348,0.01781616,0.245884437
GATATCTTGTGACACG-1,-0.775759422,-0.1403907,0.446571721,-0.233342473,-0.662925781
GATATGCTCACGTTAC-1,0.067686745,-0.2394007,-0.180166666,-0.064665369,0.175322654
GATCACGAACGTTGAG-1,0.074235969,-0.2292286,-0.154419486,-0.049056978,0.203693006
GATCACGGCGTCTGGA-1,0.123320871,-0.2878282,-0.22604442,0.139044892,0.25041135
GATCACGTGATAGTTC-1,-0.736411187,-0.0563545,0.405205408,0.027949001,-0.725501101
GATCACTTAACGGATT-1,-0.708970923,-0.0108479,0.383427038,-0.187341606,-0.660884613
GATCATCGGTGCGTTC-1,0.045501861,-0.2457015,-0.169509194,-0.109604779,0.196633158
GATCCACCGCGTGCAA-1,-0.622889319,-0.1314477,0.39892701,-0.387308621,-0.494954725
GATCCACCTTACCTTG-1,-0.339046464,-0.3882253,0.226031545,-0.674696209,-0.079317584
GATCCACGAGCGTGCC-1,0.114976169,-0.2262228,-0.219984433,0.062387525,0.238349785
GATCCATAGGATGTAA-1,-0.654777274,-0.0293347,0.395117951,0.024777462,-0.526896975
GATCCGGACATACACC-1,-0.528575359,-0.2352433,0.261100733,0.061126752,-0.301226941
GATCGCGGAGTCTAAT-1,-0.407913998,-0.3719761,0.353653137,-0.093515668,-0.155741706
GATCGGAGATACGCAG-1,-0.80834364,-0.0231553,0.473765332,-0.008490475,-0.7103688
GATCGTAACATTAATA-1,-0.361245791,-0.2729628,0.142465171,0.124274709,-0.133086858
GATCGTAAGAGTCGCA-1,-0.506928196,-0.2632961,0.315714152,-0.201895935,-0.329421741
GATCGTCATGCGGAGG-1,-0.76031496,-0.0534695,0.443610704,-0.079961433,-0.710789173
GATCGTGGCCACAACC-1,-0.803677237,-0.0290607,0.460222787,0.016585486,-0.697419363
GATCGTTGATGGATGC-1,-0.758067586,-0.0615404,0.411274426,0.028596551,-0.747647074
GATCGTTGGAATGACA-1,0.082031651,-0.226161,-0.155982662,-0.017587858,0.190255202
GATCGTTGTATCTACT-1,-0.582704774,-0.145449,0.30565129,-0.244535497,-0.4173952
GATCTATGAAGATGCG-1,-0.803215487,-0.094827,0.490192966,-0.007603173,-0.741373104
GATCTTGTCATGATCT-1,-0.686645461,-0.1661722,0.387048722,-0.449516235,-0.538850719
GATGACTCTGAATCTT-1,-0.470759028,-0.203829,0.203530671,-0.077083846,-0.337054196
GATGAGTGAACGGCTG-1,-0.741017783,-0.1076226,0.403643238,-0.578857747,-0.72703668
GATGCAACTCGCGTTG-1,-0.603602813,-0.1356138,0.360311548,0.058414374,-0.502096514
GATGCCACATTATCAC-1,-0.366777573,-0.2158863,0.136014893,0.074966184,-0.113837196
GATGCCAGACATAATG-1,-0.246228509,-0.2697468,0.081530937,-0.047141759,-0.000193564
GATGCCATCTATAACC-1,-0.48249285,-0.2537873,0.328863383,-0.046614057,-0.338187399
GATGCCGACAGATATT-1,-0.065078409,-0.2601655,-0.088692659,0.098168546,0.133345518
GATGCCTAGAGTCTGT-1,-0.817573856,-0.0991816,0.526653048,-0.040040971,-0.682650452
GATGCGGTCCAGCTTA-1,-0.572997888,-0.1917483,0.294061127,-0.098647096,-0.48865151
GATGGACCTGGACGGA-1,-0.718681287,-0.1087479,0.445879825,-0.042883882,-0.582217844
GATGGACGGCAGATGA-1,-0.778299259,-0.0474144,0.432125992,0.021810348,-0.747025927
GATGGATCGTGGAGGT-1,-0.328423657,-0.1465155,0.19994235,0.022298613,-0.216051874
GATGTAGCGAGGTCCA-1,-0.514334225,-0.1117394,0.264734463,0.017176839,-0.423849469
GATGTAGGAGTTGGCC-1,-0.795581262,-0.0304892,0.487368398,-0.559564288,-0.688264074
GATGTTCTATAGGATA-1,-0.494728663,-0.2056747,0.239999762,-0.048316029,-0.236466717
GATTATGTGACATGAT-1,-0.746615005,-0.155688,0.430901738,-0.082276275,-0.660373598
GATTCCAAGTCCTGTA-1,-0.370685634,-0.0800094,0.212291889,-0.29110078,-0.313579543
GATTCCATACTGAACC-1,-0.798288916,0.00324447,0.46935467,-0.165292979,-0.69192206
GATTCCATTGAGTTGA-1,-0.580797723,-0.136912,0.364727029,-0.077642906,-0.439419977
GATTCCGCTATCGGCT-1,-0.143521297,-0.2366275,-0.027463238,0.059820344,0.060566805
GATTCCGCTGCAAGAT-1,-0.710398219,-0.1330372,0.43654765,-0.115339079,-0.540044619
GATTCCGTCTAACGTT-1,-0.670247229,-0.2564368,0.499894551,-0.208230392,-0.426495474
GATTCCGTGCGTATAC-1,-0.72193209,-0.1281351,0.390221878,-0.146999657,-0.658470486
GATTCCTGCAGATCGT-1,-0.720773573,-0.1771672,0.482705177,-0.342214565,-0.525403309
GATTCCTGTTCGCACC-1,-0.681015089,-0.225935,0.427670221,-0.123589176,-0.492733663
GATTCGCCATGTATCA-1,-0.546956492,-0.1780762,0.360299761,-0.20415755,-0.339686964
GATTGACTCCATGCGA-1,-0.558132239,-0.3877955,0.486763075,-0.077252793,-0.286538975
GATTGTCGCAACGAGG-1,-0.633550596,-0.1186812,0.338820407,0.014144602,-0.53836864
GCAACAGCCTGCTCTA-1,-0.276575655,-0.2300969,0.047560824,0.027765695,-0.070892902
GCAACAGCGTGGATCA-1,-0.627239508,-0.1421783,0.376130789,-0.233164498,-0.420924502
GCAACAGCTCCTATGA-1,-0.488500476,-0.2375712,0.251387593,-0.156277507,-0.316397218
GCAACAGGCCATTGAC-1,-0.716007559,-0.1147559,0.392524637,-0.075184834,-0.575097674
GCAACATACATCAGCA-1,-0.75103143,-0.0525015,0.428210588,-0.20684048,-0.671411564
GCAACATCAGTCAAGT-1,-0.104651201,-0.2091384,-0.064856764,0.030840771,0.092816631
GCAACATGGTTCTTCA-1,-0.729532727,-0.24179,0.527185119,-0.441069541,-0.51495349
GCAAGAATGTTCCACC-1,0.091891682,-0.2315441,-0.203852774,0.09346418,0.257011043
GCAAGAGTCGGTGGAC-1,0.139804176,-0.2435798,-0.24561076,0.076066329,0.254482764
GCAAGATAGGTTAACT-1,-0.814321963,-0.0516758,0.489611765,-0.054251837,-0.700130529
GCAAGCACTACCGCCA-1,-0.22197436,-0.2273295,0.002448274,0.08204081,-0.02362354
GCAAGCTTATTGACGT-1,-0.023411556,-0.2503446,-0.112161852,0.056379947,0.151487774
GCAATACATGAGGACA-1,-0.562474947,-0.0940839,0.311787814,-0.54092544,-0.416658174
GCAATCAACTCCAGAT-1,-0.660019301,-0.2035959,0.439235318,-0.373594085,-0.514955031
GCAATCCTCGAGCGTT-1,-0.777615266,-0.0504623,0.427430362,-0.007890287,-0.70892856
GCAATCGTGACTCCAA-1,-0.576550847,-0.2445077,0.342476263,-0.095518897,-0.389939068
GCAATTAATCAACGTA-1,-0.671693829,-0.0754154,0.370120314,-0.013698256,-0.569382319
GCAATTCCTATCATAC-1,-0.625207055,-0.1508357,0.341317061,-0.238572361,-0.466677006
GCAATTCTGTGACAGA-1,-0.720847224,-0.1230382,0.390222922,-0.085523234,-0.734179784
GCACAGCAGTCTGTAA-1,-0.612771627,-0.1483628,0.350321427,-0.506440385,-0.519724522
GCACAGCTGTGGTTGA-1,-0.726767998,-0.0653589,0.447200515,-0.284139939,-0.580629246
GCACAGGCTCTACCAT-1,0.084474485,-0.2779911,-0.223291185,0.113573104,0.209900383
GCACAGTCTTGATAGA-1,-0.273174799,-0.1974291,0.14660192,0.117086878,-0.147031321
GCACATCGTCTGCGGA-1,-0.34970127,-0.2826063,0.28167678,-0.102498277,-0.156893185
GCACATGCCGGTCTGG-1,-0.66833922,-0.1827128,0.434350129,-0.581636208,-0.536947791
GCACCGAAGATGTCTA-1,-0.394031856,-0.1323336,0.264042179,-0.039964834,-0.25129403
GCACCTAGCCGAATCT-1,-0.792472791,-0.0095467,0.436088032,-0.076768422,-0.708271681
GCACCTAGTAATTATC-1,-0.573988262,-0.2718153,0.383041213,-0.4685821,-0.392251533
GCACCTTAATCGGATA-1,-0.574065953,-0.1499137,0.329464937,-0.245830095,-0.468189555
GCACCTTACTGGCTAC-1,-0.660566465,-0.1634254,0.434614591,-0.620134679,-0.482002624
GCACCTTAGCCTCGCA-1,-0.698713902,-0.0713863,0.37849895,-0.11956329,-0.620213489
GCACCTTCGCGGTAGA-1,-0.073762773,-0.2431558,-0.08533581,0.068959398,0.12849024
GCACGACTGGTGCGTA-1,-0.633725547,-0.3494179,0.525803792,-0.513007997,-0.344287309
GCACGAGCAGTACCGA-1,-0.106245922,-0.223009,-0.061991319,0.074517379,0.09483989
GCACGAGCTATTGTCG-1,-0.640376922,-0.210228,0.416663058,0.032664328,-0.53720065
GCACGAGGTCACGGAC-1,-0.310343939,-0.1467325,0.153110154,-0.257796999,-0.242472978
GCACGCAACCATACCA-1,-0.026929093,-0.2600503,-0.093373326,-0.112817751,0.185404557
GCACGCATAGATTGCT-1,-0.804053047,-0.1544451,0.522371948,-0.176538094,-0.661353007
GCACGCATAGGCGATC-1,-0.647756014,-0.0919586,0.393355031,-0.637945936,-0.55694753
GCACGCGTGACATCAG-1,-0.056564993,-0.2496054,-0.087229277,0.052874509,0.142009845
GCACGCTTCGTTGTTC-1,-0.301866596,-0.2257513,0.103498946,-0.024532454,-0.108576927
GCACGGAAGGATAGTA-1,-0.340564425,-0.2838257,0.149998582,-0.308407152,-0.088102503
GCACTACACTATTGCG-1,-0.777056177,-0.0274569,0.421645741,0.016983523,-0.733433011
GCACTCCGACTGGCGT-1,-0.66999341,-0.1263585,0.41617459,0.028382846,-0.586077896
GCACTCTGTTGCCATA-1,-0.337890586,-0.2508465,0.172295477,-0.114753393,-0.157560481
GCACTCTTGCTACCGA-1,-0.779537009,-0.0240935,0.44332743,-0.023243219,-0.746123872
GCACTGAATATGACAG-1,-0.594589017,-0.2255417,0.40590008,-0.651968446,-0.397589722
GCACTGCCTCGATGCG-1,-0.078829504,-0.2332591,-0.078617762,0.075223183,0.128788667
GCACTGGACGCAGCAC-1,-0.681058925,-0.0006944,0.366983779,0.055332543,-0.626026512
GCACTGTTGCGGCCTT-1,-0.802139017,-0.0631478,0.464758049,-0.089484824,-0.696986981
GCAGACGCCTGGTTAT-1,-0.385368357,-0.1563195,0.278568189,-0.032294017,-0.219005997
GCAGATACGTTGAACG-1,-0.753027668,-0.066254,0.421914545,-0.162305418,-0.659074954
GCAGATAGTTGGAGAC-1,0.078454462,-0.2990093,-0.151863765,0.099309874,0.247973616
GCAGATCCTAATGTGG-1,-0.695684093,-0.088557,0.415988301,-0.501585761,-0.593484987
GCAGATCGGTAATTAT-1,-0.672418482,-0.1415805,0.411212608,0.008820504,-0.537547659
GCAGCCGGATGCCGCA-1,-0.195496606,-0.2427434,0.00553197,0.044213675,0.027028841
GCAGCGACAGTTCGGT-1,-0.574113376,-0.309363,0.509551903,-0.026836364,-0.33034527
GCAGCGATCTAACGAA-1,0.083230381,-0.2232677,-0.198348901,0.085416279,0.243891342
GCAGGCAGTGATCTAC-1,-0.712640554,-0.1024659,0.377215979,0.016495201,-0.611592557
GCAGGCCAACATCGCT-1,-0.522783053,-0.3033897,0.412818725,-0.274945139,-0.272785835
GCAGGCCATTCCTGCC-1,-0.765171634,-0.1319187,0.518327166,-0.232419175,-0.548163619
GCAGGCTACCGTCCTT-1,-0.695925868,-0.0811206,0.402059265,-0.453766452,-0.62981213
GCAGGCTGGTTCCAAG-1,-0.638891878,-0.0956872,0.298855346,-0.016626607,-0.551448902
GCAGGTCACTACCTCA-1,-0.681074031,-0.0282104,0.409108462,0.062651451,-0.540203393
GCAGGTGCTGATGCTT-1,-0.755461072,-0.1010298,0.419422568,-0.121759954,-0.74777668
GCAGTACTCAACGAAG-1,-0.419742979,-0.2633364,0.339712229,-0.019589945,-0.23313483
GCAGTAGATGTCCAAT-1,0.056944193,-0.2321609,-0.171013703,0.053159786,0.232516828
GCAGTTCGGCATTAGC-1,-0.685417938,-0.0936733,0.365908267,-0.495804761,-0.644298427
GCAGTTGACAATAGAA-1,-0.579290619,-0.1457263,0.362998795,-0.414866815,-0.454408183
GCATAACCGAGGTGAT-1,-0.579380466,-0.2218496,0.281915677,0.049332154,-0.441594833
GCATACTAGCATCGAA-1,-0.488513919,-0.4541355,0.48740057,-0.09548249,-0.161287811
GCATGACGGATTATCA-1,-0.720048245,-0.1128842,0.456353754,-0.65532084,-0.604113438
GCATGCGTCCTATTAA-1,-0.309983874,-0.3195179,0.147107192,-0.039856892,-0.299147453
GCATGCTGAGACAGGT-1,-0.755500488,-0.0706365,0.427993422,-0.084212032,-0.602893537
GCATGTCGAGTGTCTT-1,-0.208404569,-0.0951331,0.119264927,0.091473042,-0.112829165
GCATTACCTGTCAAGA-1,-0.771042529,-0.0229357,0.444747015,-0.036897313,-0.705141046
GCATTGACTACAGCGA-1,-0.699205623,-0.144932,0.429838994,-0.03645271,-0.591011253
GCATTGCTGTTCCATC-1,0.00119282,-0.2439087,-0.139525815,0.087082399,0.18809415
GCATTGGTTACCAAGC-1,-0.745564101,-0.1077969,0.435610307,-0.656882482,-0.669760573
GCCAACGAGCGGCATA-1,-0.740292616,-0.032281,0.399889777,0.041410671,-0.694055737
GCCACGAAGGAATTCC-1,-0.790804176,-0.0833492,0.459172486,-0.112550301,-0.693995263
GCCACGACCGTTAAGT-1,-0.534538588,-0.3811684,0.491489365,-0.303279579,-0.27367178
GCCACGCCTTAGTACG-1,-0.094074592,-0.176829,-0.068413691,-0.111164887,0.027084084
GCCACTATAGACCATA-1,-0.70937478,-0.2441487,0.509906917,-0.618731641,-0.500454259
GCCACTCCGTCACCTC-1,-0.064180236,-0.2465171,-0.088466621,0.063856946,0.132565707
GCCAGACAGACGCCTA-1,-0.562517867,-0.2455578,0.3682422,-0.248978663,-0.411704294
GCCAGACATCTATCAC-1,-0.628402159,-0.162576,0.448859808,-0.335488428,-0.462418387
GCCAGGCTTAATGGCC-1,-0.558316149,-0.1621283,0.328948194,-0.097953867,-0.433436305
GCCAGTAGACGATACC-1,-0.815678892,-0.2684055,0.62598196,-0.455128368,-0.561881912
GCCAGTGCTCTACACT-1,0.095678407,-0.2850923,-0.224000054,-0.077542355,0.222390488
GCCAGTTAATTCTTGC-1,-0.563780547,-0.0507882,0.342337906,0.058183947,-0.486396737
GCCAGTTCCTCGTGCC-1,-0.521926019,-0.1086661,0.336105545,-0.490686132,-0.371753703
GCCATTCTCGTGTAGA-1,-0.246386544,-0.4088455,0.227379173,-0.308539111,0.020524793
GCCATTCTTGCAACCA-1,-0.215614008,-0.2327172,0.021742027,0.058152677,-0.000248687
GCCATTGAGTGCTGCG-1,-0.731538171,-0.1857285,0.477147289,-0.331834838,-0.533334844
GCCATTGATACTCAAG-1,-0.376897317,-0.2234571,0.13657548,0.044891526,-0.14668862
GCCATTGCATGTTAAC-1,-0.751372526,-0.2007609,0.490008999,-0.044480523,-0.625117539
GCCATTGTAACTGATC-1,-0.617159262,-0.0801687,0.357529877,0.081060147,-0.531343828
GCCATTGTAATGTCTT-1,0.095629965,-0.2376983,-0.209703017,0.108563035,0.261522793
GCCGAAGATGTATTGA-1,-0.677582314,-0.0327042,0.374767322,-0.095385953,-0.625858375
GCCGAATCCACGACTC-1,-0.621265462,-0.1198237,0.356430656,-0.522362417,-0.523400937
GCCGAGTCCTCGTCCA-1,-0.79649389,-0.0627166,0.518145559,-0.431296554,-0.624667693
GCCGATACGGTATCAG-1,0.039158196,-0.2689078,-0.185947071,0.06177618,0.177992207
GCCGATCGAGTGAAGT-1,-0.572218746,-0.3572984,0.475236997,-0.639932978,-0.306804271
GCCGATCTCGTGACTC-1,0.048953538,-0.2301138,-0.177541888,0.107188643,0.215059066
GCCGCACTTCGTCTAT-1,-0.237409144,-0.2770273,0.096718532,-0.557713055,0.019131695
GCCGCTAGATCACCTT-1,-0.523057325,-0.091938,0.299517303,0.016728941,-0.472200284
GCCGCTGATTGGCCAG-1,-0.580125268,-0.1610468,0.389863616,-0.451730405,-0.468010441
GCCGCTTCTAAGGTGA-1,0.095644106,-0.237369,-0.211295859,0.1053932,0.250840986
GCCGGCAATAGGCAGG-1,-0.631919767,-0.1493805,0.382300879,-0.18436655,-0.511334697
GCCGGCATTCCGCCGA-1,-0.501535293,-0.2284728,0.274581984,-0.346758659,-0.357501935
GCCGGCGAACCATTGT-1,-0.775798572,-0.1041862,0.461216338,-0.214128092,-0.681791351
GCCGGCGTAGGTGACG-1,-0.049692814,-0.2372818,-0.102516068,0.078476446,0.128231513
GCCGGCGTGAACTTGC-1,-0.809034034,-0.1177062,0.530217486,-0.392261756,-0.632040104
GCCGGTATGCTCATGC-1,-0.720211214,-0.1793269,0.465665996,-0.694084994,-0.593044182
GCCGTACCAGATCTAG-1,-0.048459178,-0.2328576,-0.112039835,0.082515788,0.130910019
GCCGTATGCCAGTCTT-1,-0.555697436,-0.0731849,0.307151521,0.024748908,-0.446345959
GCCGTATGCGTTATAG-1,-0.622392662,0.01143351,0.338025287,0.065416414,-0.563760804
GCCTATAGCATACCTT-1,-0.145409786,-0.245021,-0.041591523,0.0230157,0.060557913
GCCTCATGCGAGCAGG-1,-0.447293032,-0.2070617,0.335290544,-0.114909929,-0.261931777
GCCTCCAACAGTAGCC-1,-0.646734412,-0.4070625,0.563581294,-0.672471382,-0.330349125
GCCTCCGTCTACCTCG-1,-0.564154802,-0.1897834,0.406705769,-0.538259234,-0.351700389
GCCTCCGTGCTGTAAT-1,-0.466355945,-0.1222747,0.25955156,0.061820721,-0.410697709
GCCTCCTGCGGCCGTT-1,-0.79352132,-0.0686357,0.466678715,-0.055765346,-0.735390548
GCCTGGAACGTCTGCT-1,-0.016772951,-0.223545,-0.140606873,0.064513298,0.167033218
GCCTGGACAATGTATC-1,-0.431888932,-0.2146635,0.293311518,0.012134053,-0.296025055
GCCTGGACCTATTGTC-1,-0.052399531,-0.2394762,-0.097011538,0.063037503,0.12635645
GCCTGGAGCAAGTTAG-1,-0.488520583,-0.3414837,0.416570724,-0.670472549,-0.28631979
GCCTGGATCTGTGCTG-1,-0.435508501,-0.2358925,0.197321149,-0.227555421,-0.268780803
GCCTGGTAAGGCGACT-1,-0.400295284,-0.4612524,0.433962485,-0.482836311,-0.077415116
GCCTGGTACATGGTCG-1,-0.775697641,-0.0693705,0.5145004,-0.417481156,-0.630982906
GCCTGGTCAGGTTGCC-1,-0.730536505,-0.0591727,0.426247876,-0.373314232,-0.651336284
GCCTGTGAAGTCGGCG-1,-0.771728491,-0.0793425,0.471628261,-0.126347332,-0.654537579
GCCTGTGACACCAGAA-1,-0.316646759,-0.4354011,0.255964692,-0.707171872,-0.078336885
GCCTGTGATAGATTGG-1,0.014971601,-0.3517311,-0.047504149,0.008933822,0.142633327
GCCTGTTAACGGACGA-1,0.085391052,-0.2241327,-0.181962735,-0.04729467,0.211535121
GCCTGTTAGGTTGTGA-1,-0.39115429,-0.2141119,0.242067943,-0.124157274,-0.190823516
GCCTTAATTGACGGAT-1,0.104850284,-0.2277709,-0.218359434,0.104710724,0.260571952
GCCTTCGATCAGGTCG-1,-0.703992458,-0.1988352,0.44763697,-0.184971017,-0.557114952
GCCTTCGCTTATGTTC-1,-0.133597057,-0.2314348,-0.029974091,0.044973992,0.077436125
GCCTTCTGATTCCGTC-1,-0.156988556,-0.1576915,0.07783755,0.139910108,-0.056269673
GCCTTCTGTCACGCTC-1,-0.646363597,-0.0970844,0.305992713,0.02255657,-0.552371912
GCCTTGAGATCTGAGC-1,-0.017277823,-0.240022,-0.11013198,-0.003559926,0.166269937
GCCTTGCCACTTCTGA-1,-0.754000869,-0.148946,0.504079063,-0.330668435,-0.618429932
GCCTTGCCTAGTCGAT-1,-0.786765253,-0.0766005,0.459439264,-0.032935415,-0.717741552
GCCTTGGCGAACAATC-1,-0.721241934,-0.1606396,0.489701579,-0.378676958,-0.59019014
GCGAACAATAGAAGAC-1,-0.234835349,-0.112241,0.118239357,-0.643416925,-0.197612275
GCGAAGTTGGCGTGCA-1,-0.433212434,-0.1147241,0.246290201,0.009589207,-0.293446159
GCGAATAGTGGCTAAT-1,-0.622372113,-0.0983633,0.32847054,0.017932388,-0.526742415
GCGAATCGAGAACACG-1,-0.746571748,-0.1127052,0.441608559,-0.443543808,-0.625103708
GCGAATGCAGTGTCAA-1,-0.399293325,-0.1713065,0.270902565,-0.020691844,-0.222748756
GCGAATTGGCTAGCCA-1,-0.373008692,-0.1481552,0.227555182,0.081749383,-0.234260791
GCGACACTAAGCTAAG-1,-0.740732991,-0.0709986,0.457479759,-0.372536924,-0.641686429
GCGACAGTGCCGCACC-1,-0.507898303,-0.1336352,0.263909178,0.075972153,-0.384353872
GCGACCTCTACGTCCA-1,-0.686011364,-0.1309133,0.409789784,-0.026265353,-0.504486332
GCGACGTAGAGCGTTA-1,0.045813593,-0.3520823,-0.076298164,0.058607924,0.130287383
GCGAGCGGACCATAAC-1,-0.792676431,-0.1279026,0.48751273,-0.466906282,-0.687657519
GCGAGCGGTTGTCATG-1,-0.728227886,-0.0287679,0.387598152,-0.016112144,-0.674584007
GCGAGCTAACTCCTAG-1,0.028083511,-0.3074527,-0.093957678,0.032300364,0.078332037
GCGAGGATCGACCTTA-1,-0.614424397,-0.1140144,0.390255594,-0.447787932,-0.478626233
GCGAGGTGCTACCTCG-1,-0.162459594,-0.2348777,-0.02042193,0.054897097,0.043873022
GCGAGTTGAACGTCGA-1,-0.416234848,-0.0929229,0.261492855,0.058064837,-0.303329797
GCGATCTTGCTCACGC-1,-0.737649444,-0.2004093,0.494448027,-0.496294975,-0.571200224
GCGATGACCGTGTAAT-1,-0.72540534,-0.1323176,0.410319614,-0.054571918,-0.695875638
GCGATGCCTCTAAGTC-1,0.142348052,-0.2394485,-0.245374262,0.091698915,0.252678998
GCGATGGAGCTACATT-1,-0.537671514,-0.1597366,0.354026502,-0.096642959,-0.387099445
GCGATGTACTGCTATT-1,-0.265676523,-0.2281905,0.025546368,-0.123911495,-0.161393675
GCGATTCTAACAGTAA-1,-0.755615413,-0.2088358,0.556847581,-0.423904134,-0.530780033
GCGGAGCCTGTAACAT-1,-0.692998003,-0.1639835,0.428889432,-0.005015904,-0.625277036
GCGGCAAGTGTTATGT-1,-0.722102949,-0.1295125,0.401248324,-0.111541173,-0.720549743
GCGGTCCATCACGGCA-1,-0.386060555,-0.444746,0.373001625,-0.417175253,-0.08501403
GCGGTCCGCTGTCTCA-1,-0.029365282,-0.2262662,-0.103118834,0.068683913,0.163127327
GCGGTCCTGTAGTCTG-1,-0.612445071,-0.100728,0.335488297,-0.06522989,-0.515588543
GCGGTCGGCGTACCTT-1,0.076372252,-0.2379023,-0.1906776,0.083772713,0.240466894
GCGGTCGTTGATCTTG-1,-0.386007278,-0.268036,0.255407505,-0.671828987,-0.268148544
GCGGTGAATCCTGTTA-1,-0.511149367,-0.185617,0.276413501,0.037774843,-0.449928727
GCGGTGGACATCAATC-1,-0.134510779,-0.2957192,-0.024198229,-0.091251308,0.081117834
GCGGTGGATGGCGACG-1,-0.595184615,-0.1862122,0.345868889,0.052630212,-0.499022752
GCGGTGGCCGACGCAT-1,-0.796653267,-0.0206376,0.464648308,-0.073931579,-0.697972246
GCGGTTCTGTGGACGT-1,-0.691128102,-0.1367377,0.381674391,-0.20042372,-0.56876876
GCGGTTGCCTCGACGG-1,-0.359722934,-0.3071827,0.213683088,-0.566765378,-0.119395655
GCGTAACGTTACAGGT-1,0.005647054,-0.1781361,-0.11678987,-0.037865239,0.139952823
GCGTAATTCTTGCCTT-1,-0.514017676,-0.1727431,0.257398583,-0.025887549,-0.268893614
GCGTACCGGAACGACA-1,0.026757029,-0.2346271,-0.151699067,0.072834187,0.20501802
GCGTACCGGATGGCTC-1,-0.729820445,-0.2180424,0.50413567,-0.417580171,-0.554463825
GCGTACCGTGTATCAG-1,-0.70317181,-0.102814,0.408364951,-0.512261208,-0.639751137
GCGTACGAATCTAATC-1,-0.748612845,-0.1099829,0.401158963,-0.019550724,-0.588635433
GCGTCCAGCAATTGGC-1,-0.054889026,-0.243156,-0.090937654,0.086522409,0.143648615
GCGTCCTCTGCCGTTG-1,0.032763215,-0.2195935,-0.150746261,0.039093413,0.223710294
GCGTCGGAATGCTGCC-1,-0.767660898,-0.0499619,0.430079696,-0.018155346,-0.747646984
GCGTCGGTCACGCCAG-1,-0.562051399,-0.1916538,0.292313053,-0.018131233,-0.422687489
GCGTCGTAGGCTCATC-1,-0.737252502,-0.0578724,0.421092958,0.019692596,-0.710432131
GCGTCTCGCAACTCAT-1,-0.262600956,-0.2128691,0.048283586,-0.056706127,-0.045692106
GCGTCTGGCCTGCAGC-1,-0.414577891,-0.33733,0.391582773,-0.091235167,-0.198167941
GCGTGAACGTGACTCA-1,-0.629678663,-0.0856426,0.338337999,0.00279302,-0.624118849
GCGTTAATAGTCAGTA-1,-0.026293957,-0.2974793,-0.05539966,-0.037221841,0.101348489
GCGTTCGAGGCCACAA-1,-0.161783507,-0.2168555,-0.037462147,0.06760917,0.034279905
GCGTTCGATCTTGGCC-1,-0.188770983,-0.2863199,-0.01999345,0.094454346,-0.015197756
GCGTTGTATCGGAGCT-1,-0.750241756,-0.0349485,0.408514869,0.025095285,-0.738137491
GCTAACAGATTGGTAG-1,-0.138080488,-0.3526962,0.186856318,-0.039579311,0.114925505
GCTAACCATAGGCGTT-1,-0.547053934,-0.1061238,0.322032047,0.051573227,-0.418366196
GCTAACGTCCATTCTG-1,-0.535219378,-0.0240827,0.331198063,0.032258292,-0.40226571
GCTACATCTGTACTCA-1,-0.417479834,-0.1113198,0.280702713,-0.708029873,-0.326335368
GCTACCATCCTGTAGA-1,-0.787451856,-0.0926716,0.532459705,-0.275995679,-0.604477081
GCTACCTAGTCCGTTC-1,-0.632379931,-0.107368,0.357306619,-0.128354202,-0.54078713
GCTACTTCTGACGCGA-1,-0.756063136,-0.1704345,0.502466111,-0.42556006,-0.549675444
GCTAGTCGATAGGTGC-1,-0.709474997,-0.0874917,0.374796466,0.01668826,-0.729103411
GCTATCTGTCGCCGAG-1,-0.045252338,-0.1466047,-0.070248023,-0.046786396,0.104435402
GCTATGCGTGAACGGT-1,-0.66135724,-0.3514521,0.560682505,-0.603299538,-0.377414741
GCTCAACCACGGCAAC-1,-0.744124123,-0.0894483,0.422832804,-0.433892223,-0.698893254
GCTCATACAATTAGAC-1,-0.769455317,-0.0965289,0.490079964,-0.638910731,-0.659880518
GCTCATACCTCAGGCA-1,-0.711141778,-0.154152,0.447603791,0.039006253,-0.540153762
GCTCATTGGTTCAACA-1,-0.209506755,-0.1824759,0.031954515,-0.464656472,-0.074337547
GCTCCGAGACTACATA-1,-0.483129573,-0.2122546,0.25817916,-0.121293973,-0.318777518
GCTCCGGCAACATGAT-1,-0.539089718,-0.0309005,0.290309005,0.098935382,-0.465888751
GCTCCTATGTCTTCGC-1,-0.715688617,-0.2256575,0.491469846,-0.189129435,-0.502398893
GCTCGATCGCAGCCAC-1,-0.760775042,-0.0918985,0.443538793,-0.156383983,-0.616767756
GCTCGATGCTCGCATG-1,-0.419814277,-0.267687,0.249448111,-0.58230934,-0.318059504
GCTCGCATCGTCATTA-1,-0.762750414,-0.128601,0.478684544,-0.078018759,-0.649834011
GCTCGGACCTTCAAGT-1,0.01179125,-0.2514475,-0.145479514,0.087808734,0.196921053
GCTCGGAGATGAATGT-1,-0.712002296,-0.2345884,0.502712235,-0.558257021,-0.53455097
GCTCGTAACGGAGCAC-1,-0.415666985,-0.1845443,0.25645428,-0.072034861,-0.24492585
GCTCGTCTGCCGCAAT-1,-0.763719334,-0.0777083,0.450833388,-0.067541906,-0.601428042
GCTCTGACTCGACTTA-1,-0.468804936,-0.3005013,0.36974788,-0.01847651,-0.304699834
GCTGAATGACCGTGAG-1,-0.662244573,-0.0883913,0.372518978,0.072152261,-0.599040662
GCTGACAGCCGGAGCG-1,-0.689831651,-0.0678463,0.412000552,-0.050530485,-0.601215827
GCTGACCACGTCTTGG-1,-0.17970908,-0.1844173,0.03401369,0.045073401,-0.015495469
GCTGACCGCATCGGAT-1,0.003778195,-0.2771731,-0.116391877,0.038909607,0.199707078
GCTGACTTGTCTCAAT-1,-0.743030178,-0.1471437,0.426123797,-0.371360479,-0.646993309
GCTGAGGACAAGAAGT-1,-0.355960379,-0.2434298,0.14428799,-0.444776762,-0.175612249
GCTGAGTGTTCAACCG-1,-0.717923108,-0.1672878,0.412434289,-0.091097936,-0.619475242
GCTGCCGCCTATGTAG-1,-0.622759844,-0.1648494,0.39716957,-0.098836252,-0.437252001
GCTGCGCAATGGAAGC-1,-0.356763353,-0.0181495,0.195607532,0.046356449,-0.310861278
GCTGCGTTATGTGGAC-1,-0.806572884,-0.0791614,0.496850344,-0.039701124,-0.670896348
GCTGGATGACTCTACC-1,-0.713260035,-0.1595948,0.448870592,-0.388225368,-0.592956877
GCTGTAGTGCTGTCGC-1,-0.742227421,-0.0938342,0.414428047,-0.186912239,-0.732823864
GCTGTCGCGATGGTAG-1,-0.512467206,0.01969145,0.268752677,0.08756133,-0.47249093
GCTGTCTAATTGGCAA-1,-0.447723718,-0.294084,0.36155897,-0.137127198,-0.275299897
GCTGTTATGGTTGCCG-1,-0.286838064,-0.1609494,0.074719587,-0.189695439,-0.129590458
GCTGTTCAACCGAATA-1,-0.028109155,-0.205686,-0.087532803,-0.023459748,0.131829868
GCTGTTCATCAGCGTC-1,-0.548193373,-0.0624698,0.31923372,0.095183001,-0.46563694
GCTGTTGATAGTCTTA-1,-0.727027518,-0.0541584,0.409116897,-0.659297343,-0.662366074
GCTTAATAGAGGCGAG-1,-0.239343922,-0.3228019,0.099798561,0.036799902,0.038338307
GCTTACAGATGTGCAC-1,-0.259061861,-0.246242,0.068134234,0.031085953,-0.054792116
GCTTACATGTTGCGCT-1,-0.486189407,-0.4001069,0.458223934,-0.693930249,-0.174809503
GCTTACCTATTAATAC-1,-0.735277679,-0.1447649,0.455165645,-0.40147762,-0.624202683
GCTTACCTCGTGCTAT-1,-0.485811485,-0.2441113,0.403352491,-0.030788707,-0.275382008
GCTTACGCAATACTAG-1,-0.000962661,-0.2489792,-0.13592276,0.09795786,0.180312065
GCTTAGACTACCAATG-1,-0.66759648,-0.1875085,0.472788683,-0.059346992,-0.480019934
GCTTATCCGCATTCTT-1,0.138870871,-0.2407657,-0.250042214,0.094724761,0.254739758
GCTTCAATGTAACACC-1,-0.308411197,-0.131158,0.170675936,0.072981361,-0.243783414
GCTTCGATTGCGGTGC-1,-0.759692986,-0.0643968,0.406675466,-0.243396219,-0.760227841
GCTTCGCTAAGCGACC-1,-0.659759018,-0.0782119,0.360405798,0.076926571,-0.614214715
GCTTCGCTCAAGCGAT-1,-0.758307766,-0.056857,0.425006887,-0.012416706,-0.726014432
GCTTCGGCATCAGAGT-1,-0.614323176,-0.1751012,0.40185904,-0.064721227,-0.440215379
GCTTCTAAGTCTGACG-1,-0.696781968,-0.0296665,0.372280206,-0.029857988,-0.627998381
GCTTCTAGCCGAACAG-1,-0.18236919,-0.2261034,0.022843696,-0.150092397,-0.049146294
GCTTCTAGCGTTCATT-1,-0.545158286,-0.1934113,0.356446437,-0.130981127,-0.461663145
GCTTCTCACGACCACT-1,-0.235774816,-0.2954245,0.256984571,-0.159955875,0.002110324
GCTTCTCAGACCGCCT-1,-0.378203103,-0.4488431,0.393325178,-0.665758742,-0.027047666
GCTTCTCCAGAACCGC-1,-0.298669103,-0.2448911,0.111242952,-0.008605238,-0.065007814
GCTTCTGAACCGCTAT-1,0.154355477,-0.2519324,-0.266499917,0.102529226,0.25124167
GCTTCTGTATCGACGC-1,-0.468823726,-0.196311,0.364059823,-0.432722074,-0.257321863
GCTTCTGTTACGAGAA-1,-0.666226415,-0.2608005,0.440740588,-0.245380473,-0.557272837
GCTTCTTGAATCGGTT-1,-0.127825877,-0.2396804,-0.055202576,-0.203245108,0.060845569
GCTTCTTGGACGAGCG-1,-0.787605607,-0.0668083,0.442041066,-0.043880533,-0.756434252
GCTTGAACTCCATCCA-1,-0.51362198,-0.4066374,0.442399382,-0.5504135,-0.185040893
GCTTGAACTCGCCATG-1,-0.59117688,-0.1759189,0.390936673,-0.060729514,-0.377458113
GCTTGACCTCCGCTTC-1,-0.549396898,-0.1556587,0.336540162,0.007318438,-0.394098602
GCTTGAGCTCTTGACA-1,-0.634041905,-0.3195385,0.478156072,-0.62553602,-0.374811009
GCTTGCAATACAAGGC-1,0.099221298,-0.1885797,-0.184310664,-0.015761696,0.234562237
GCTTGCCATAGTGGAT-1,-0.757828484,-0.0350394,0.433660696,-0.242068899,-0.700936992
GCTTGCTCAGTGTCCG-1,-0.462182465,-0.1505996,0.269463651,-0.016674426,-0.301756813
GCTTGCTTACTTAACG-1,-0.762689856,-0.193924,0.53260267,-0.174815281,-0.567340715
GCTTGGATCCAACCGG-1,-0.687884528,-0.0013059,0.377570733,0.053520738,-0.640995622
GCTTGGATGCTCGCTT-1,-0.720846614,-0.0750856,0.405006364,-0.090939252,-0.572599933
GCTTGGCACTCCGTCT-1,-0.480533262,-0.2391868,0.287244387,-0.711336669,-0.286478358
GCTTGGCAGCGGATCA-1,-0.275046547,-0.4358117,0.208093914,-0.549723743,0.006223038
GCTTGGCTGCGGTAAC-1,-0.723074479,-0.0388856,0.409843723,-0.129289662,-0.638530489
GCTTGGTCAACCGTGG-1,-0.074733887,-0.2273306,-0.096727022,0.068342386,0.093035355
GCTTGGTGTTCGAACA-1,-0.79568833,-0.1077499,0.490600041,-0.048088582,-0.705275089
GGAACAGGTGATCTCC-1,-0.143296017,-0.1995526,-0.042557199,0.072400361,0.056120088
GGAACATCGTGGAATC-1,-0.587062597,-0.1327124,0.285924316,0.019242561,-0.459196753
GGAACGATAACATTAT-1,0.079238978,-0.2310606,-0.198033389,0.068150295,0.239853539
GGAACTTCGACATGTC-1,-0.796327457,-0.0630743,0.478207847,-0.206504216,-0.728558099
GGAAGAATAACTAACC-1,-0.383209742,-0.2117624,0.225002665,-0.323004778,-0.183067891
GGAAGCAGTCATTCAG-1,-0.730318651,-0.1415531,0.442076201,-0.115977627,-0.64491885
GGAAGCATTAGAGGCA-1,-0.362822203,-0.1518812,0.229637915,0.03266938,-0.264584282
GGAAGCTATGGCACAG-1,-0.697823919,-0.002858,0.390423435,-0.003777382,-0.674820722
GGAAGCTGAGATAAGG-1,-0.214888287,-0.218917,0.020323732,-0.279282045,-0.097681997
GGAAGTCCTTGTCATC-1,-0.494230085,-0.0071896,0.29474145,-0.712113365,-0.398133191
GGAAGTCTTGTCGCAT-1,-0.793151887,-0.0909936,0.472912165,-0.506471269,-0.682207107
GGAATCAAGTACGCAC-1,-0.422857615,-0.1375503,0.227776149,0.075823215,-0.32712638
GGAATCCTTAGACTGT-1,-0.828015264,-0.1405831,0.547280176,-0.314387712,-0.673653638
GGAATGCACCTCAATA-1,0.047917015,-0.2267409,-0.177283379,0.074935602,0.215932417
GGAATGCGCCGACAGG-1,-0.683477527,-0.1046618,0.353070695,-0.277857518,-0.563999923
GGAATGGCAACTTGGA-1,-0.588144855,-0.0757538,0.382421065,-0.060655833,-0.438599824
GGAATGTCTTGTGCAC-1,-0.488776439,-0.4127773,0.406466803,-0.545165634,-0.224314846
GGACAGGTCGCATAAT-1,-0.638599589,-0.1854814,0.370042726,0.046047845,-0.542649897
GGACAGTGCGGCAACA-1,-0.473981146,-0.3808227,0.439182378,-0.720759041,-0.181924761
GGACCACTTATCGTTC-1,-0.438822979,-0.153636,0.260302645,0.10258059,-0.288105927
GGACCAGATAGGATGT-1,-0.647954501,-0.1378183,0.335918361,-0.18388824,-0.547410316
GGACCATCACCGCCAA-1,0.077154096,-0.2307334,-0.19231711,0.087820404,0.243278635
GGACCGATCTGGATTA-1,-0.747007114,-0.0614492,0.423224623,-0.282094911,-0.707003228
GGACCGCTTCCTGGCA-1,-0.800594698,-0.1163018,0.488463374,-0.133847192,-0.686792506
GGACCGGCTAAGTAGA-1,-0.412765238,-0.3143313,0.272641482,0.056781331,-0.284476259
GGACGAGTCTGTTCAC-1,-0.717613515,-0.0368034,0.387313835,0.03712767,-0.702394637
GGACGGATCCATCTAA-1,-0.589461191,-0.1325429,0.321813307,0.068025774,-0.481353603
GGACGGCTATCGACCA-1,-0.185945337,-0.2685935,0.004519317,0.0379605,0.030854383
GGACGGCTGACTAGTT-1,-0.432534916,-0.4716994,0.452457904,-0.464783319,-0.077304454
GGACGGTATGCGGCTG-1,0.113699533,-0.2358684,-0.206904986,0.061231688,0.240379296
GGACGGTGCAGTAGGA-1,-0.640798547,-0.1658653,0.372660233,-0.085098014,-0.508640055
GGACGTACATACCAGA-1,-0.008778737,-0.2972762,-0.054102306,0.026373978,0.060209342
GGACGTACTTCGGACA-1,-0.6886588,-0.0447519,0.417104787,-0.046630545,-0.569607666
GGACGTAGCCGCGTAA-1,-0.564789527,-0.15229,0.353769323,0.046506681,-0.392749314
GGACGTAGTGTAGAAG-1,-0.204784436,-0.4114862,0.146365447,-0.694009661,0.082017205
GGACGTCGAACGGCTT-1,-0.775265083,-0.0507973,0.423127504,-0.02550913,-0.758294356
GGACGTCGAGGATTCA-1,-0.398378023,-0.1527735,0.209326343,0.053715115,-0.264220885
GGACGTCGCACGAGAA-1,-0.668300992,-0.1142092,0.354286776,0.005015386,-0.587117764
GGACGTTACGTACATC-1,-0.486390299,-0.2052745,0.258174985,-0.629290791,-0.337267453
GGACGTTAGATATTAC-1,-0.434025591,-0.2107307,0.171721661,0.031595605,-0.242588023
GGACGTTAGATTCAGG-1,-0.39681319,-0.4441896,0.4133153,-0.46339531,-0.112584093
GGACGTTGGAGGTGAT-1,-0.706195875,-0.132481,0.368459222,-0.075929644,-0.709898495
GGACTCACGGTCCAAT-1,0.004295841,-0.2544489,-0.127617879,0.026374986,0.194977858
GGACTCACTAGAGCCG-1,0.030268446,-0.2226893,-0.16501411,0.099172433,0.20521424
GGACTCGTTCCTCGGA-1,-0.436025876,-0.0997574,0.283345934,0.084872605,-0.298239701
GGACTCTGAACCTGAG-1,0.099512555,-0.2416188,-0.208888364,-0.05119794,0.2010152
GGAGAAGCCAAGCGCT-1,-0.742513367,-0.0808575,0.398120917,-0.025840593,-0.755185362
GGAGACATGACCTAGG-1,-0.031199766,-0.22674,-0.12877297,0.079724126,0.132492776
GGAGACTATTGTGACA-1,0.012364226,-0.2605797,-0.140718055,0.093795838,0.203532986
GGAGATAGGAATGGTC-1,-0.484489747,-0.1811303,0.272484807,-0.136237863,-0.302330669
GGAGATCCGTAGGATA-1,-0.460587726,-0.1604055,0.301881269,0.05337151,-0.276474657
GGAGATCCTGTACCAG-1,-0.390459158,-0.2148278,0.221737749,-0.705768397,-0.25533153
GGAGATGCGTGCAGTA-1,-0.398351227,-0.3925317,0.342030373,0.000359676,-0.231924088
GGAGATGGCTCGAGAT-1,-0.714834396,-0.0859108,0.366350038,-0.000736478,-0.705911149
GGAGATGTGCCATAAC-1,0.104477603,-0.2506295,-0.223187604,0.113873204,0.233436985
GGAGATTCACGACCAT-1,-0.391685494,0.02331517,0.196121396,-0.200201864,-0.364298073
GGAGCAATGCGGTGCA-1,-0.41506712,-0.2986301,0.341907645,-0.016898477,-0.198463396
GGAGCACCAACTGATT-1,-0.653809118,-0.0338885,0.353958322,0.104649691,-0.571729421
GGAGCCAGTCTGCTGA-1,-0.399741345,-0.2776324,0.170920251,-0.033340488,-0.212979231
GGAGCGAATTGGACGG-1,-0.12748698,-0.2142969,-0.056832989,0.033477225,0.062419285
GGAGCGAGTGTAACTT-1,-0.699233417,-0.1043225,0.437870002,-0.468564089,-0.591291997
GGAGCGGCACCTCGTA-1,-0.729715063,-0.069764,0.435129717,-0.112246238,-0.624404948
GGAGGCACATAGCGTA-1,-0.302457084,-0.1707004,0.18375056,0.044160502,-0.183512311
GGAGGCTCGCACTTAC-1,-0.555668538,-0.3366584,0.432528995,-0.227441229,-0.314115551
GGAGGTATTGGACACC-1,-0.383267914,-0.1673741,0.244112105,-0.687566388,-0.335005082
GGAGGTCGTAGGAGCT-1,-0.704575344,0.01587631,0.420538435,-0.066606059,-0.598922141
GGAGTCCAGATAGCTT-1,-0.638134435,-0.0857089,0.392898578,0.015628398,-0.540112596
GGAGTCTAAGGCCGCT-1,-0.597219931,-0.1130756,0.36554659,0.027879341,-0.440520445
GGAGTCTAAGTGGTCC-1,-0.689775743,-0.038502,0.395997679,-0.01688905,-0.623143473
GGAGTGTCCATGTATT-1,-0.76967919,-0.0640405,0.447502,-0.222999555,-0.674891176
GGATAAGTCAGGATAG-1,-0.553113349,-0.2075212,0.35585575,-0.460563454,-0.388836553
GGATAATTATGCTGGT-1,-0.404465238,-0.2336738,0.127880929,1.18E-05,-0.26433797
GGATAATTCAATGCTG-1,-0.745287254,-0.2564393,0.510839053,-0.429005539,-0.571758144
GGATCGAGTGTCCACT-1,-0.006560292,-0.2290949,-0.142224488,0.097131163,0.169431934
GGATCGATACCTCCGG-1,-0.416960069,-0.0805274,0.223053266,0.056354623,-0.373553601
GGATCGCTGGCATATT-1,-0.755388004,-0.2188054,0.534129152,-0.177207483,-0.574285509
GGATCGGACGTCTTGT-1,-0.381267672,-0.275763,0.204698922,-0.671505578,-0.22857967
GGATCTTCTAAGCGAA-1,-0.07765051,-0.2873466,-0.094301813,0.044891501,0.08688307
GGATGGATCACTCATA-1,-0.797133084,0.00810551,0.472110543,-0.166656881,-0.70465945
GGATGTAACTAATCCG-1,0.007814264,-0.28762,-0.096761318,0.039903766,0.221588775
GGATTCCGACGTGATG-1,-0.726140022,-0.1621252,0.424142569,-0.156361773,-0.668253999
GGATTCGATGTCCGGA-1,-0.534151313,-0.0879811,0.336518132,0.065671797,-0.408216618
GGATTCGTGGTAATCA-1,-0.700305008,-0.1547542,0.44843083,-0.110210676,-0.569312202
GGCAAGACAATCAGCT-1,-0.491666052,-0.3545889,0.475860087,-0.263869797,-0.205050594
GGCAATGCGAACTTAA-1,-0.618931061,-0.148926,0.354239431,-0.127943128,-0.452780317
GGCACGACGGACGTCG-1,-0.661885536,-0.1120144,0.396677778,-0.009986494,-0.518033533
GGCACGTCCATAACCT-1,-0.715251575,-0.2194381,0.533514524,-0.603153596,-0.472598226
GGCAGCATCGAGAACC-1,-0.524968533,-0.1634006,0.340158495,0.013757002,-0.388998902
GGCAGCCGGCACTTCC-1,-0.042143768,-0.2207443,-0.113893481,0.073595464,0.137499128
GGCAGCGTATACGACT-1,-0.729656089,-0.2259647,0.546291547,-0.722051527,-0.482985455
GGCAGCTCCTGGACGG-1,-0.439737276,-0.0418884,0.248062757,0.117695388,-0.362205034
GGCAGGAAGTCTTCTA-1,-0.691976192,-0.016757,0.390109285,0.036514558,-0.624018482
GGCATAATCCTATCGC-1,-0.761724806,-0.1382894,0.472194633,-0.357450263,-0.669236008
GGCATAATCCTTCATG-1,-0.227185368,-0.1889988,0.046874683,-0.240701765,-0.071672903
GGCATACATGGCTCAG-1,-0.134094777,-0.1831943,-0.042044742,0.07774199,0.021441267
GGCATACTATTGCACT-1,-0.581447183,-0.1687399,0.31503602,-0.531430797,-0.474813812
GGCATCGAACCTCATA-1,-0.138995308,-0.39703,0.025914809,-0.252298087,0.070607693
GGCATTCCGATGCTCG-1,-0.689557036,-0.1163709,0.398651034,-0.212051109,-0.604083842
GGCATTGCTAAGAATG-1,-0.804241119,-0.0300631,0.470249628,-0.051369529,-0.687451754
GGCCAAGATGGATGGC-1,-0.795421174,-0.0425301,0.471319011,-0.126496578,-0.713493432
GGCCAATAACGCTACA-1,-0.408501471,-0.249498,0.266201697,-0.193048568,-0.221720443
GGCCAGTAGGTATGAG-1,-0.197514393,-0.2037343,-0.010109582,0.072835492,-0.000957839
GGCCATGCGTCTGTCG-1,-0.555963587,-0.3590365,0.403344693,-0.271110689,-0.23176866
GGCCATGCTCCTCGTG-1,-0.241055899,-0.2842312,0.073609861,-0.151775634,0.010112253
GGCCATTAGCTAGTGG-1,-0.305532077,-0.2691983,0.124640816,-0.474906661,-0.067200771
GGCCGCCAACTATTGC-1,0.088350721,-0.256428,-0.187072651,-0.038831697,0.195969022
GGCCGGCGGTCTGTTA-1,-0.227474445,-0.3061527,0.111764381,-0.225654882,-0.06716402
GGCCGGCTTCGTCAAC-1,-0.194812067,-0.2656444,0.034324844,-0.066625964,0.039251266
GGCCGTCCAGTAGGAC-1,0.081846037,-0.2380913,-0.166453227,-0.020313236,0.213361339
GGCCTGCGTTATGCCG-1,-0.657703517,-0.1544032,0.439127592,-0.18172924,-0.523313274
GGCCTTCGACCAGGTA-1,-0.658683303,-0.0842809,0.409221872,-0.534772886,-0.565331176
GGCCTTGGATGTTGTC-1,-0.766694292,-0.07709,0.428818096,0.015860925,-0.732206361
GGCGACCATAGCGTTA-1,-0.400604199,-0.214167,0.290833934,0.01346551,-0.230021166
GGCGACCTATCTGGCG-1,-0.708252224,-0.2134913,0.485878683,-0.266455404,-0.554267529
GGCGACTTCTTGATGT-1,-0.306805789,-0.1774491,0.189393368,-0.034194756,-0.112038038
GGCGAGGCAGCCTACT-1,-0.707776116,-0.0963493,0.391770266,-0.040006108,-0.671049403
GGCGATCGGTCTGCTC-1,-0.10355579,-0.2488896,-0.060541601,0.081024858,0.107022624
GGCGCAGGTCGCGTCT-1,-0.610636637,-0.1324295,0.320768161,0.070101942,-0.586822589
GGCGCCAAGGAGCGCT-1,0.069924718,-0.230117,-0.176825943,0.046001522,0.233168192
GGCGCCACCGGAGCAA-1,-0.578513902,-0.2292806,0.434717754,-0.199061801,-0.37407049
GGCGCCACTCTGCGTT-1,-0.672924353,-0.0687022,0.415945053,0.060249611,-0.516423246
GGCGCCACTGAACATC-1,-0.721010041,-0.0866408,0.43314931,-0.360272732,-0.604206484
GGCGCCGTCGGACATA-1,-0.540318992,-0.0720618,0.337891182,0.078737497,-0.450044511
GGCGCCGTGGTTACAT-1,0.079983577,-0.2388902,-0.196384314,0.06401003,0.239650022
GGCGCCTTGGCCTAAG-1,-0.283817082,-0.2549349,0.094983434,0.007055406,-0.101339477
GGCGCTAATATGCTCC-1,-0.757114513,-0.0655514,0.403995345,-0.202814285,-0.726976594
GGCGCTTCACCAGCGA-1,-0.600246281,-0.3243473,0.432299483,-0.017031282,-0.263021358
GGCGGAAGTCTTGTAG-1,-0.817932587,-0.0018397,0.480361598,-0.022261145,-0.70448211
GGCGGACATATTGATG-1,-0.439216344,-0.2216034,0.180774379,0.015954676,-0.256678158
GGCGGAGCACTGATAA-1,-0.625729812,-0.1014425,0.399284325,-0.338900531,-0.508414503
GGCGGAGTTGAACTAT-1,-0.114280477,-0.2095199,-0.06208745,0.040578626,0.064863713
GGCGGATACAACGCAC-1,-0.601802004,-0.224617,0.420832862,-0.054888771,-0.45568214
GGCGGATATTGATTGA-1,0.031031492,-0.2286035,-0.15816877,0.048319224,0.206911343
GGCGTCGCCGTATGAT-1,-0.490097845,-0.1133033,0.321136635,-0.025738046,-0.33581517
GGCGTCGGTAGTGATA-1,0.066270248,-0.2860534,-0.154077522,0.026172345,0.209415654
GGCGTGAACTCAACGG-1,-0.239203671,-0.2048151,0.036869458,-0.116175884,-0.015520727
GGCGTGCGCTAGATTA-1,-0.453386718,-0.2514326,0.236153714,0.007455812,-0.161901399
GGCGTGGACCTTAGAT-1,-0.440063563,-0.1069485,0.271836249,-0.075691086,-0.35268968
GGCGTGGCACGGCACT-1,-0.717836663,-0.1055959,0.437832918,-0.162681254,-0.641212374
GGCGTGTAATTACTTA-1,-0.810509655,-0.0193755,0.470170165,-0.030985362,-0.721776413
GGCTAATGTCTAGCGT-1,-0.487413599,-0.2180809,0.317954935,-0.065126964,-0.40435959
GGCTCAATCAACATGA-1,-0.728212075,-0.2973652,0.60787441,-0.360172127,-0.379248598
GGCTCGATTAAGGCGG-1,-0.461358629,-0.0994573,0.272144548,-0.005768663,-0.359758523
GGCTGACGCCGAATCA-1,-0.70178341,-0.1404605,0.471627791,-0.597280117,-0.551799481
GGCTGCTAACTTCGCT-1,-0.49138825,-0.053731,0.293953429,0.039739443,-0.406384162
GGCTGCTCCATAGCTG-1,-0.620244944,-0.0500588,0.358422044,0.032410906,-0.548274017
GGCTGTGGAATAGCGT-1,-0.544978598,-0.1335989,0.325017451,0.028151277,-0.439229114
GGCTGTTCAATGTCAA-1,-0.710264439,-0.0672558,0.40191034,-0.02355078,-0.592190571
GGCTTGCCATAGGCTC-1,-0.696441148,-0.1410372,0.407212879,-0.328970953,-0.629200279
GGTAACTCAACACTCC-1,-0.295003617,-0.3754549,0.172145182,-0.042897098,0.011328111
GGTAAGGCGACGATGA-1,-0.784120251,-0.1434121,0.54574918,-0.173475228,-0.591695184
GGTACCACCTATACCT-1,0.061174077,-0.2301103,-0.182298291,0.087955014,0.227589863
GGTACCAGGTAGTGTT-1,-0.758924685,-0.0884166,0.437348832,-0.023715197,-0.714391721
GGTACGAAGAACTCGA-1,-0.268690758,-0.1298994,0.149418145,0.08034541,-0.156603251
GGTACGATCGACTTAA-1,-0.656967284,-0.1217375,0.420206244,-0.378239907,-0.49119792
GGTACGCTTACCTGCG-1,-0.154773289,-0.3491418,0.053591215,-0.01803882,0.099043745
GGTACGGAGCATCAGC-1,-0.79679768,0.00304803,0.454341962,-0.012485436,-0.732429781
GGTACGGTATGCTCCA-1,-0.65932703,-0.1398678,0.377440473,-0.083865896,-0.502902308
GGTACGTGCCTTATCC-1,-0.317381589,-0.1675516,0.211142745,0.149299114,-0.117503051
GGTACGTGCTCGGCAA-1,-0.218918276,-0.2515765,0.011922538,0.015663506,-0.009969606
GGTACTGTGATCTTCC-1,-0.532502219,-0.1858927,0.2832519,-0.022923984,-0.345501709
GGTAGCCAAGGTACTT-1,-0.631350796,-0.2327518,0.346242858,-0.144259775,-0.443771319
GGTAGCCATCAATCCG-1,-0.764982146,-0.0356212,0.43917493,-0.124741381,-0.706011745
GGTAGCGTACATCTGT-1,0.04191768,-0.2804937,-0.11772381,-0.026625874,0.18920409
GGTAGCTTAGCCAATC-1,-0.778877127,-0.0546692,0.447743229,-0.066525602,-0.704597004
GGTAGGCCACATGCAA-1,0.134203443,-0.2370359,-0.24285416,0.135222425,0.262633753
GGTAGGTCTGGCTAAC-1,-0.393952316,-0.2753357,0.218721364,-0.180179461,-0.176860463
GGTAGGTTGTTACGGC-1,-0.04872297,-0.2394692,-0.10264767,0.01903477,0.131741355
GGTAGGTTGTTCTAAG-1,-0.477018308,-0.1209569,0.27242651,0.095847481,-0.367791766
GGTAGTACAGGTTAGA-1,-0.790098003,-0.0658629,0.452404636,-0.042336339,-0.713134402
GGTAGTACCGCAACAG-1,-0.789170505,-0.0764034,0.463766188,-0.188404597,-0.685688129
GGTAGTGCATGAAGTG-1,-0.629844746,-0.1489255,0.314277821,0.068389269,-0.430049268
GGTAGTTGAAGTCCAT-1,-0.736365091,-0.1094747,0.413810099,-0.190727379,-0.590844516
GGTATGCAACAGTGGC-1,-0.518900964,-0.2083749,0.273108967,-0.266498444,-0.295521918
GGTATGGTCAGGTTGG-1,-0.691945036,-0.2419056,0.466754559,-0.291855366,-0.511569455
GGTATGGTTGTCCTCG-1,0.043689505,-0.2404245,-0.164906843,-0.170341317,0.223413338
GGTCACCGCATAACAA-1,-0.702182636,-0.1610958,0.406795964,-0.089576766,-0.570966487
GGTCATGCTCTGCCAA-1,-0.087112576,-0.2310021,-0.068933231,0.041684648,0.119347077
GGTCCGGACGAGTGAA-1,-0.518986596,-0.3947533,0.383003287,-0.646784635,-0.233573635
GGTCCTGCGAGTAGGT-1,-0.796708127,-0.0275911,0.451234306,0.002379021,-0.752611118
GGTCTACAGGCTACAA-1,-0.42016909,-0.5380039,0.498174771,-0.558664394,-0.037725667
GGTCTGAAGGTTCGAA-1,-0.59401931,-0.096741,0.348729946,-0.011798066,-0.517209284
GGTCTGAAGTATGTCA-1,-0.5478829,-0.103866,0.360319041,-0.320246511,-0.397676852
GGTCTGAGATCCGCCA-1,-0.494530004,-0.1127553,0.275697141,-0.001586852,-0.379517223
GGTCTGCGAACTGTAT-1,-0.601399603,-0.1419142,0.399454274,-0.065484805,-0.450946617
GGTCTGGTATGTGGCC-1,-0.748668356,-0.0649314,0.403541711,-0.035644708,-0.653327498
GGTCTGGTTGTAGAAC-1,-0.649496696,-0.0754493,0.361624502,-0.032746887,-0.553747912
GGTCTGTATCTTGTCG-1,-0.58757134,-0.1069813,0.27592148,0.031428852,-0.382090739
GGTCTGTTCACTAATC-1,-0.084660436,-0.2245269,-0.079494015,0.09289137,0.120946663
GGTCTTATAGGCTGGC-1,-0.68748871,-0.1560256,0.378291941,-0.025630411,-0.666023023
GGTCTTCCGCACATCC-1,-0.78085758,-0.0686132,0.449193083,-0.586882726,-0.703650121
GGTCTTCCGGCTGGAC-1,-0.107414947,-0.2263212,-0.066845285,0.08692861,0.078098596
GGTCTTGAACCGGCCA-1,-0.784369462,-0.0213034,0.479993363,-0.080950973,-0.674509513
GGTCTTGATAACGTCA-1,-0.659803162,-0.0462533,0.396562558,0.054299273,-0.566050406
GGTCTTGATTCAACCT-1,-0.397046744,-0.2561217,0.253448728,-0.145992183,-0.208304009
GGTCTTGCACGTTGCG-1,-0.461920748,-0.2276017,0.309464657,-0.213981871,-0.309666531
GGTGATCGTATCGTCT-1,-0.447730045,-0.2111253,0.341563967,-0.189065803,-0.279080573
GGTGATGGTACAATGG-1,-0.760048968,-0.1319154,0.449612812,-0.400580417,-0.631635794
GGTGCAACCATGAGGA-1,-0.776812142,-0.043915,0.434798015,-0.043135402,-0.733687062
GGTGCAATCAGACTTC-1,-0.408106964,-0.2094035,0.245844553,-0.104645541,-0.21463134
GGTGCACTCCGGTTCG-1,-0.053100558,-0.241689,-0.104704891,0.098313129,0.146496526
GGTGCAGGCACCGCGT-1,-0.559155196,-0.1001938,0.344851914,-0.007266148,-0.450167273
GGTGCAGTGGTCTTAT-1,-0.468447607,-0.1850299,0.258325749,-0.250028223,-0.425858236
GGTGCAGTTCCATATG-1,-0.704848194,-0.1255079,0.424815681,-0.049122429,-0.549306273
GGTGCATCCAGAACGG-1,-0.146432614,-0.232277,-0.037384746,0.078507621,0.068912151
GGTGCATGATACGGAT-1,-0.533977311,-0.2507614,0.309106278,-0.395697297,-0.334129995
GGTGCGCAACTAACGG-1,-0.039700249,-0.2732507,-0.07920123,-0.04028159,0.080522662
GGTGCGTGGAGTTGGT-1,-0.120345656,-0.194316,-0.047121422,0.144543765,-0.077320293
GGTGGCTTATTGCGTG-1,-0.679043023,-0.1767589,0.441212191,-0.250314418,-0.55735382
GGTGTATGTTCCGATC-1,-0.442761379,-0.3980929,0.409463297,-0.561329275,-0.129235644
GGTGTCAAGCTGCACC-1,0.017104376,-0.2060123,-0.133726129,-0.090494442,0.137607876
GGTGTCACCAGCGAAC-1,-0.350788209,-0.1351369,0.103640599,0.000483093,-0.198283563
GGTGTCATACTATTAG-1,-0.051477684,-0.360646,-0.060803266,-0.366335205,0.160719879
GGTGTTATTCGATCGA-1,0.105801877,-0.218451,-0.196102532,0.065104749,0.229546545
GGTTACAGCCGGCCGG-1,0.068764768,-0.2367918,-0.180464617,0.086706346,0.236771222
GGTTACCAAGGAATCT-1,-0.646971742,-0.1352416,0.391724252,0.061183963,-0.51899844
GGTTACCAGACAACAT-1,-0.354590723,-0.1008906,0.207125812,0.046742423,-0.24744344
GGTTACGGACGATTAA-1,-0.053011829,-0.2487201,-0.080986507,0.057080794,0.154269845
GGTTAGACTCACTAGC-1,-0.764617845,-0.0457176,0.436877097,-0.016473461,-0.67092733
GGTTAGACTCGGAGGT-1,-0.68556025,-0.0492013,0.364520445,-0.120615949,-0.61109254
GGTTAGATGAGTCTAA-1,0.006299573,-0.2598726,-0.125695118,0.064538425,0.198609853
GGTTAGATGCCGTTGC-1,-0.489339216,-0.2923127,0.373043198,-0.341833335,-0.285264642
GGTTAGCACGCCTATG-1,-0.070822536,-0.2192635,-0.099924608,0.099052903,0.101575316
GGTTAGCTTCATGAGT-1,-0.037894727,-0.1730696,-0.091384955,-0.016021061,0.091490959
GGTTAGTATGAGTGTC-1,-0.401590621,-0.1057779,0.262056257,0.009948644,-0.275832715
GGTTAGTCGGCAGCGA-1,-0.418114393,-0.2321297,0.179894291,-0.686830637,-0.181482839
GGTTAGTGCTCCTACT-1,-0.363782847,-0.4811854,0.414938289,-0.153972498,-0.057170958
GGTTCAAGGCGTGCGT-1,-0.469828775,-0.1999675,0.250214871,-0.241696717,-0.269724823
GGTTCAAGGTTAAGCC-1,0.005474581,-0.2426304,-0.148451065,0.057133797,0.174505598
GGTTCACCGACTCACG-1,-0.603971182,-0.1713911,0.361124942,-0.473686889,-0.386058331
GGTTCATTCCGGCCTC-1,-0.586403764,-0.0887104,0.357579922,-0.009775007,-0.473265189
GGTTCTATACCGCTTG-1,0.026163754,-0.2405501,-0.169373334,0.11543447,0.193140412
GGTTCTATCATATGGC-1,-0.630343516,-0.2632545,0.450840001,-0.161350266,-0.355018277
GGTTCTCCTATCAGTT-1,0.10072818,-0.2229454,-0.21216198,0.073357707,0.263414339
GGTTCTCGCTCACGCC-1,-0.475959279,-0.1733288,0.29154928,0.07154682,-0.362739962
GGTTCTCGTGATGTGA-1,-0.645550256,-0.1732083,0.317748203,-0.696824318,-0.657662582
GGTTCTGGAGTCTACC-1,-0.733249161,-0.0824635,0.450997943,-0.061951208,-0.525102134
GGTTGACCAAGACATG-1,0.017603013,-0.3105255,-0.064604001,-0.022188925,0.211483492
GGTTGACCATTGCTGT-1,0.048419913,-0.2330926,-0.159939068,0.044534426,0.228466331
GGTTGATAAGTACCTG-1,-0.042347128,-0.279187,-0.074991533,0.050661931,0.182116055
GGTTGCGATTGAACAG-1,-0.413361731,-0.2060488,0.163460339,0.013761366,-0.176867996
GGTTGCTACCGGAACA-1,-0.314728629,-0.2470664,0.085146131,0.028756793,-0.095386328
GTAACACCGAGCGTTA-1,-0.752623502,-0.1488504,0.519406442,-0.05655084,-0.555082875
GTAACACTGTACCACG-1,-0.343237977,-0.3287907,0.279516265,-0.168630118,-0.114374504
GTAACATAAGACCGTA-1,-0.478653635,-0.3793741,0.375344383,-0.188744073,-0.257965315
GTAACATACACCTGTT-1,-0.651999582,-0.0802333,0.399817285,-0.648385056,-0.524105139
GTAACATCTTATAATG-1,0.011002053,-0.2209434,-0.13625836,0.063186529,0.208877015
GTAACCACAAGGCTGA-1,-0.208264067,-0.2762059,0.034696004,-0.053174768,-0.081021396
GTAACCACCTACAACC-1,-0.081032425,-0.2812592,-0.047109604,0.073511056,0.145691272
GTAACCTAGCGTCACG-1,-0.006302934,-0.2316781,-0.133823045,0.106731822,0.166697123
GTAACGGCAGCCTACA-1,-0.163521806,-0.2449747,0.048852622,-0.165281474,0.045892817
GTAAGTAATTACAATC-1,-0.201717591,-0.2502113,0.095664056,-0.132820186,0.013249662
GTAAGTATTGCTATCG-1,0.059454895,-0.2435568,-0.176824624,0.07938659,0.233400629
GTAAGTTGCGGAGCGT-1,-0.789660346,-0.0607193,0.491036507,-0.09658648,-0.552580301
GTAAGTTGCTGGTGGA-1,-0.573535815,-0.3623932,0.425259436,-0.12258846,-0.32217604
GTAATAGTCCTAAGCC-1,-0.705960529,-0.2112125,0.498270131,-0.589093088,-0.483403782
GTAATCACGCACAGCT-1,-0.782035588,-0.0399821,0.439425983,-0.009598863,-0.742244414
GTAATCAGGCGGACGG-1,0.008316591,-0.2568044,-0.122951714,0.058744042,0.209810663
GTAATCTTGTCTAGTT-1,-0.40529049,-0.157073,0.129361923,0.014396651,-0.257197119
GTAATGACGGTCTACG-1,-0.51844713,-0.1836816,0.290994688,-0.057639542,-0.394610564
GTAATGATCACGTAAG-1,-0.299885917,-0.2295747,0.084145104,0.062418696,-0.054771028
GTACAACTCGGCAGAA-1,-0.739423061,-0.106173,0.428173736,-0.07791927,-0.679165392
GTACAGAACAGGACTC-1,-0.51842839,-0.2157085,0.299685473,-0.309429038,-0.41860901
GTACAGAACCGATTAT-1,-0.269840093,-0.2168513,0.049883944,-0.104797167,-0.053361998
GTACAGAACGCAGCGT-1,-0.662675388,-0.0749409,0.393374843,-0.083695816,-0.589354675
GTACAGACCGTCGGCG-1,-0.596591322,-0.2485,0.375373228,-0.203389537,-0.399931313
GTACAGATGACATCGC-1,-0.790017958,-0.0392623,0.443684328,-0.070103646,-0.739063733
GTACAGCCGTTACAGA-1,0.060682621,-0.2587274,-0.178811485,0.094786352,0.227241978
GTACAGCTGAGCCGGA-1,-0.478280239,-0.2402744,0.384518676,-0.0035149,-0.260260415
GTACAGCTGTTGTCCT-1,-0.706814643,-0.198619,0.498175594,-0.306037673,-0.53147443
GTACAGGAACGAATGG-1,-0.539721053,-0.4033552,0.490557847,-0.035552816,-0.276461238
GTACAGTATCGGAATT-1,-0.797071871,-0.0864709,0.48751325,-0.570567076,-0.625635612
GTACATAAGCTACGCC-1,-0.562574538,-0.1790088,0.37794805,-0.295072963,-0.342684302
GTACCTACAATACGAA-1,-0.201017905,-0.2306062,0.010580876,-0.088985115,-0.070351679
GTACCTCCTGATTCTT-1,-0.272420454,-0.4504888,0.243066477,-0.288373511,0.046670965
GTACCTGAAGTGAATG-1,-0.639228132,-0.1583919,0.451743534,-0.556173264,-0.444668617
GTACCTGTCTTACTGT-1,0.056525182,-0.2357483,-0.150170795,-0.058463659,0.192563719
GTACCTTCATGTGCAA-1,-0.136237135,-0.3949146,0.085678561,0.016588062,0.141754493
GTACGAACAGACTAGG-1,-0.59411997,-0.236094,0.446523059,-0.213111728,-0.364627031
GTACGAAGATTATCCG-1,-0.782272122,-0.1310769,0.479035271,-0.049165995,-0.689154464
GTACGAAGGATTATTG-1,-0.434026164,-0.2902068,0.260185752,-0.593078163,-0.36173783
GTACGAAGGCGTCTAT-1,-0.077347202,-0.3416717,-0.081420956,0.166273707,0.090022986
GTACGAATTACATAAT-1,-0.317173868,-0.2467579,0.116405745,0.048054578,-0.049428643
GTACGAATTCTACCAA-1,-0.783459645,-0.0521677,0.432385144,0.010788755,-0.708826947
GTACGACAGCTCCGGA-1,-0.617640902,-0.1863254,0.347891676,-0.313754951,-0.490004615
GTACGAGGTAGTGCAC-1,0.051103032,-0.2285147,-0.172011677,0.062615946,0.212529564
GTACGATTAGTCTACA-1,0.077314467,-0.1992072,-0.190839465,0.147250004,0.117940498
GTACGATTGCGATGGC-1,0.13002944,-0.2610271,-0.231101222,0.060395532,0.245214727
GTACGCACTCAATTGC-1,-0.678188959,-0.074525,0.399559928,0.038074495,-0.597479768
GTACGCCATAGATGGT-1,0.067304977,-0.2607258,-0.147089199,-0.014039704,0.145961753
GTACGCCTCGCTTCCA-1,-0.654711719,-0.1630901,0.379682772,-0.356896994,-0.527875685
GTACGCTCGCCAACAT-1,-0.773334341,-0.0875583,0.43028243,-0.023478918,-0.741029396
GTACGCTTGATACCAC-1,-0.756683498,-0.1268367,0.467229889,-0.356123978,-0.641380087
GTACGGTTAATGCAGG-1,0.021935294,-0.2346327,-0.159657736,0.070190789,0.189500956
GTACTACCGTTAGGTG-1,-0.66825765,-0.2130311,0.423902318,-0.33098721,-0.499784006
GTACTGCATAAGGTTA-1,0.061578531,-0.2362488,-0.16802976,0.046931447,0.240863564
GTACTTAACTTCAGCG-1,-0.766502234,-0.0542822,0.42939696,-0.018340175,-0.711837334
GTACTTACTTCATACC-1,-0.260079504,-0.2621011,0.085080479,-0.044620558,-0.07006021
GTACTTAGTTGCGAAT-1,-0.357260642,-0.2428537,0.122047532,0.098139731,-0.09439383
GTACTTCCATCTGGCA-1,-0.490745858,-0.1712996,0.208941935,0.065971792,-0.270486259
GTACTTCTGATCCTCG-1,-0.687784748,-0.3168359,0.557364131,-0.352945793,-0.410397973
GTACTTGGTTCGCTTA-1,-0.574175821,-0.2018348,0.297586428,-0.013525495,-0.362303238
GTACTTGTTATTCAAG-1,-0.389508872,-0.2135826,0.283205959,-0.462996505,-0.217615375
GTAGAAGGACATCATA-1,-0.663689575,-0.070018,0.403177189,-0.21515653,-0.571529276
GTAGAAGTAAGCTGCG-1,-0.030029109,-0.24515,-0.110452755,-0.03306509,0.158549014
GTAGAATCGCACATCG-1,-0.242060279,-0.2203637,0.036123615,0.092344463,-0.021017103
GTAGACCAACTCCAAT-1,-0.522858908,-0.1752553,0.314209637,0.051638917,-0.422662096
GTAGACCAGAATACTC-1,-0.412167017,-0.0644605,0.238511661,0.040096886,-0.335191033
GTAGACCTGTCAACCA-1,-0.74754572,-0.146802,0.448673926,-0.565604482,-0.614778658
GTAGACGTGCATGTGC-1,-0.682313282,-0.2000285,0.384384224,-0.301541262,-0.591374044
GTAGCAACGACCGTGG-1,-0.783923879,-0.1463368,0.521585047,-0.319908654,-0.569007133
GTAGCACGAGCTCAAG-1,-0.692852103,-0.166572,0.377611021,-0.021943113,-0.668245115
GTAGCAGAACATGGTG-1,-0.722406456,-0.1177391,0.397935194,0.005280368,-0.685808728
GTAGCAGAAGACTCTT-1,-0.579383064,-0.1743164,0.423986174,0.005159897,-0.40838264
GTAGCAGAGCAATAGC-1,0.066823795,-0.2511559,-0.163877513,-0.051493417,0.208398969
GTAGCATAGTTACAGG-1,-0.699931304,-0.0032038,0.392102065,0.037596466,-0.652666631
GTAGCATCGAAGGTCT-1,-0.651800586,-0.2575559,0.503007783,-0.089044654,-0.428107931
GTAGCCAGCTTAATTG-1,-0.353904558,-0.0628419,0.216872144,-0.004105439,-0.229729464
GTAGCCAGTGCGGTTG-1,-0.657360024,-0.0740604,0.362577689,-0.566364601,-0.583301126
GTAGCCGCACTCCATC-1,-0.403595363,-0.0680887,0.249048608,0.086922128,-0.279417181
GTAGCCTAAGGTTAGT-1,-0.652348913,-0.2587244,0.450681386,-0.691929422,-0.440581522
GTAGCCTCTAAGTGTA-1,-0.326240969,-0.1353816,0.128933932,-0.057822524,-0.153578563
GTAGCGCCTGAACTCA-1,0.080745495,-0.2304709,-0.192916271,0.080668458,0.24211497
GTAGCGCTAGATCCGT-1,-0.105586343,-0.2483277,-0.069313144,-0.016429316,0.093162525
GTAGCGCTCATCAGGT-1,-0.747678262,-0.072125,0.42784621,-0.454134254,-0.659956817
GTAGCGTGGCACGCAG-1,0.041371571,-0.2277863,-0.168052606,0.080724406,0.213066221
GTAGCGTGTAGCATGT-1,-0.316586065,-0.210714,0.108668307,-0.236250611,-0.063250545
GTAGGAGCAACAGGCA-1,-0.726342611,-0.0764556,0.421669764,-0.055896697,-0.620916997
GTAGGTGATAATTCAC-1,-0.438886964,-0.203133,0.226944439,0.006302618,-0.285894937
GTAGTCAGACCAATGT-1,-0.636126717,-0.388142,0.516205353,-0.396430946,-0.384172709
GTAGTCCAGCGGACAT-1,-0.298972643,-0.1790958,0.221213189,-0.041095442,-0.147061531
GTAGTCCATTGTTCGT-1,0.009509879,-0.2346881,-0.149874761,0.096371904,0.181792459
GTAGTCCGTGTACTAA-1,0.071999665,-0.1618683,-0.153570165,0.003882918,0.217689922
GTAGTGACATTACGAC-1,-0.393385328,-0.1890663,0.205267685,-0.124907838,-0.248295422
GTAGTTGTTCATGTAG-1,-0.530216594,-0.1646604,0.325042752,-0.04253162,-0.413723223
GTATAACTTGTTGCGA-1,-0.65697482,-0.0665946,0.373777518,0.038890899,-0.54183953
GTATAAGGCGTCTTCA-1,-0.739955842,-0.0534794,0.460758438,-0.008049038,-0.615291073
GTATACATAAGGACTA-1,-0.711483749,-0.0603417,0.407896238,-0.319549841,-0.651615666
GTATACATAGGTTGCC-1,-0.642500021,-0.2128004,0.414371722,-0.673986174,-0.437437892
GTATACATTGGCTCAG-1,0.054993286,-0.2190044,-0.154011404,-0.018871702,0.19495389
GTATACGATACCTTGT-1,-0.591986831,-0.1344269,0.348157412,-0.050867773,-0.457791779
GTATACGGTACACGCA-1,-0.729520959,-0.1042811,0.439183183,-0.181039309,-0.555564024
GTATACGGTTAAGATA-1,-0.564249058,-0.0395299,0.313352424,0.01065144,-0.526074391
GTATCTACAGATCTCC-1,-0.643986537,-0.1022829,0.414605125,-0.080489723,-0.497951763
GTATCTAGCTACCAGC-1,-0.698226318,-0.0824259,0.365267827,0.02351956,-0.592757576
GTATCTATGAAGATGT-1,-0.663598836,-0.2825042,0.471320846,-0.473239197,-0.47288621
GTATCTCAGCCTTGGT-1,-0.609455182,0.03706801,0.352809711,0.08497852,-0.533562889
GTATCTGTCAACGGTG-1,-0.584053024,-0.1635658,0.390430533,-0.658467721,-0.464166493
GTATCTGTGGCGTCTA-1,-0.28730828,-0.2887722,0.084020475,-0.0552016,-0.203886607
GTATCTGTGGTCCAGC-1,-0.306193765,-0.0691626,0.160303619,0.011731175,-0.227146093
GTATGACATAAGACGG-1,-0.355278777,-0.3502372,0.271215033,-0.15709244,-0.240028044
GTATGATAGTATGGAT-1,-0.771412819,-0.1641071,0.54690319,-0.404210026,-0.567044793
GTATGATCACTTGACG-1,-0.664135092,-0.0229946,0.350946622,-0.007375536,-0.599439976
GTATGCCTATCTTGCG-1,-0.396865352,-0.098243,0.218716243,0.085062991,-0.305511097
GTATGCCTTACTCCAC-1,-0.523612063,-0.012894,0.286784043,0.069914213,-0.47987358
GTATGCGGTATCATGA-1,-0.525930307,-0.2063988,0.309945434,-0.032471317,-0.338864859
GTATGCTTGCGACTAA-1,-0.681796326,-0.1294269,0.394542483,-0.010725539,-0.557888933
GTATGGTGCCGGCAGG-1,-0.683945791,-0.0776995,0.376680147,0.040424304,-0.638826864
GTATGGTGGAGCGGCC-1,-0.748998297,-0.1138598,0.476156274,0.021591924,-0.641616
GTATGTAGCAGGCATA-1,-0.167056282,-0.2280946,-0.014635755,0.054964034,0.038455259
GTATGTAGCTCACCTT-1,-0.633262657,-0.3061272,0.517487394,-0.51477707,-0.365285528
GTATGTAGGCTTAAGA-1,-0.485009317,-0.5142444,0.546244885,-0.259130215,-0.124444877
GTATGTGCAAGCCGGA-1,-0.666351087,-0.3350188,0.543525092,-0.129225539,-0.397825484
GTATGTTAGACTGCCT-1,-0.078736881,-0.2217299,-0.078505522,0.016610739,0.100948232
GTATGTTAGTTCTACC-1,-0.432484586,-0.4071986,0.433408332,-0.249214401,-0.128239585
GTATGTTCTGGATCGC-1,-0.512155159,-0.351758,0.428966948,-0.593292679,-0.266152171
GTATTAATGGTTGTGG-1,-0.321232245,-0.3058666,0.073787797,0.080941781,-0.135688294
GTATTACGAGTCAATC-1,0.013100662,-0.25105,-0.141971057,0.09231555,0.188589633
GTATTACGGCCATTAT-1,-0.001715745,-0.2457258,-0.146368624,0.110129556,0.179284222
GTATTACGGTATTGAG-1,-0.77981136,-0.0589973,0.438376332,-0.013510593,-0.77194658
GTATTAGATTGAGGTC-1,-0.725942331,-0.0463298,0.398045777,-0.545353389,-0.696600543
GTATTAGGTTATCTGC-1,-0.610072169,-0.2015412,0.404682948,-0.191601055,-0.445133401
GTATTATGAGTTAGCG-1,-0.67481401,-0.0782996,0.403860503,-0.043500925,-0.561075501
GTATTCCAAGTTACCT-1,-0.758367602,-0.0744069,0.416974188,-0.037587706,-0.74816763
GTATTCCGCTCGGATG-1,-0.016000548,-0.3403067,0.008882808,-0.062022759,0.186345934
GTATTCGTGACTTGAT-1,-0.798316328,-0.0298436,0.447406024,-0.011848652,-0.720474249
GTATTCTAAGTGCTGT-1,-0.675214102,-0.2728181,0.438687262,-0.211444593,-0.572940901
GTCAACAGACGCACGT-1,-0.78262934,-0.026858,0.437627295,-0.006241287,-0.727773984
GTCAACAGCATAGATT-1,-0.030745375,-0.277398,-0.099151256,0.116684044,0.186003301
GTCAACAGCGCACCGA-1,-0.723807392,-0.3159235,0.565128958,-0.45009907,-0.48065972
GTCAACAGTTAAGTGA-1,-0.761835463,-0.0151287,0.420122649,-0.042818148,-0.729146857
GTCAACATAAGATAGA-1,-0.357093026,-0.3086763,0.235982123,-0.269144941,-0.130601026
GTCAACATGGTGCTAT-1,-0.73409435,-0.1533324,0.470121811,-0.002948287,-0.638810228
GTCAACCTGACGATAG-1,-0.769873259,-0.0711993,0.426693098,-0.311050615,-0.756138044
GTCAACTCAACTGTTA-1,-0.342284628,-0.2768668,0.174034331,-0.109773396,-0.165458348
GTCACCAAGAGCGGTG-1,-0.481031103,-0.1863863,0.284610334,0.028944077,-0.389415255
GTCACCTGAGATTGGA-1,-0.504203849,-0.4501931,0.453712341,-0.537109366,-0.136542692
GTCACTAAGAGGAATA-1,-0.687819674,-0.0762716,0.380034613,-0.509405517,-0.534565655
GTCACTAAGCCAGCGG-1,-0.588165424,-0.0627753,0.367631091,-0.005775444,-0.458408798
GTCACTACTCGCGGAG-1,-0.172493806,-0.0644319,0.051584171,0.028001629,-0.164258144
GTCACTACTTAATGGA-1,-0.487586094,-0.1019619,0.28295859,0.069351525,-0.377401793
GTCACTGAATCTCACC-1,-0.31226844,-0.1019401,0.179318301,0.018139145,-0.223082858
GTCACTGTGATAACTC-1,-0.258109209,-0.1679755,0.127907815,0.158370315,-0.127777233
GTCACTTACGTGTATG-1,-0.212284972,-0.3574405,0.187646678,-0.657140905,0.092889385
GTCACTTATCCAAGAC-1,-0.792622382,-0.0434207,0.446935266,-0.065535226,-0.742646049
GTCACTTATGAATGCG-1,-0.561115207,-0.1343738,0.312251642,-0.220213784,-0.417277166
GTCACTTATGTCGTAT-1,-0.435909972,-0.2073972,0.198129852,-0.043318055,-0.249891569
GTCACTTCCTTCTAGA-1,-0.011080582,-0.2408026,-0.131113872,0.096097777,0.176824341
GTCACTTCTGGAGCGG-1,-0.784077196,-0.0167631,0.433316576,-0.05587851,-0.720513869
GTCAGCCAACATCACG-1,-0.621135323,-0.1618319,0.357041752,0.031806142,-0.459662561
GTCAGCCATTGTGCGG-1,0.001009925,-0.2532856,-0.127796963,0.093846946,0.181755577
GTCAGCCTAATTACGT-1,-0.141970504,-0.2376005,-0.02803183,0.045681179,0.064648696
GTCAGCCTCCGAACCT-1,-0.803878468,-0.0511649,0.4749052,-0.003718788,-0.677105282
GTCAGCGATGTAATTG-1,-0.668561067,-0.0800151,0.376474191,-0.112708884,-0.568860836
GTCAGCGATTGATTCA-1,-0.741885661,-0.0284106,0.398734256,-0.002833343,-0.676183687
GTCAGCTAGATCGACA-1,-0.563110823,-0.1321206,0.399256793,0.011270931,-0.403717225
GTCAGCTCAATCAAGG-1,-0.551190448,-0.1955455,0.302697057,0.029177296,-0.440829467
GTCAGCTGGTGAGGCG-1,-0.070957611,-0.2403225,-0.092590306,0.051934771,0.115661953
GTCAGGACAAGCCATG-1,-0.643554769,-0.150525,0.376333634,-0.013828512,-0.391261564
GTCAGGATCAACCAAC-1,-0.195268642,-0.2875141,0.040094442,-0.039996957,-0.022718527
GTCAGGTACGTGGCAT-1,-0.421690197,-0.1266036,0.260832576,0.050823991,-0.338225662
GTCAGGTGGCTCACCT-1,-0.483778359,-0.2389138,0.390677528,-0.044894444,-0.299245868
GTCAGTAATCCAATTA-1,-0.163327779,-0.2105832,-0.008740626,-0.158906282,0.005612228
GTCAGTAGGTGACCGG-1,-0.817876629,-0.0325401,0.494059237,-0.079187105,-0.703554557
GTCAGTATGTCCGGCG-1,-0.154347688,-0.2608845,-0.012709992,0.039635886,0.079162207
GTCAGTGAGGATCGTT-1,-0.74630186,-0.0619511,0.425123407,-0.073968532,-0.726264713
GTCAGTGCAGCGTTGT-1,-0.499109074,-0.1898277,0.209913374,-0.057045098,-0.406950567
GTCAGTGCCAGAATAA-1,-0.336346356,-0.1244635,0.193360948,0.061143328,-0.228434102
GTCAGTGCTGACAGCG-1,-0.679207886,-0.0790413,0.383027408,0.005332585,-0.605724645
GTCAGTTCTGCCTGGA-1,-0.764802827,-0.0850648,0.491374257,-0.356525211,-0.644781134
GTCAGTTGGAACCACG-1,-0.436639782,-0.0316538,0.254072902,-0.567943697,-0.361033051
GTCAGTTGTCGTATGT-1,-0.402833553,-0.1610783,0.237379288,-0.377435957,-0.304549954
GTCATCACGTGGTTCA-1,-0.734319796,-0.2634583,0.550361715,-0.051490627,-0.509992787
GTCATCACTATTGTGC-1,-0.765925906,-0.0981659,0.447101402,-0.572166182,-0.689119753
GTCATCAGTAGACCAG-1,-0.239522006,-0.2226949,0.01070737,0.045349013,-0.073263723
GTCATCGTATTGGCGA-1,-0.737102204,-0.2595,0.528459893,-0.233133049,-0.525334542
GTCCAGCACGTTCAGA-1,0.085492974,-0.2205313,-0.161728806,-0.027675558,0.218944923
GTCCATCTATACAAGG-1,-0.693313773,-0.1922613,0.444312021,-0.502900513,-0.578901123
GTCCGAATGCGGACAG-1,-0.278947101,-0.3913523,0.254557965,-0.365676853,0.033492541
GTCCGACAGCCGCATT-1,-0.662570003,-0.1123202,0.355462203,-0.430107816,-0.574925266
GTCCGTACGGATGCTC-1,-0.346148998,-0.1983343,0.112978312,-0.018923179,-0.119840762
GTCCGTCGGCATGCGT-1,-0.702135197,-0.0268743,0.397540868,0.019057122,-0.649284139
GTCCTCCGGATTATAC-1,-0.738776225,-0.0876805,0.41940275,0.028997433,-0.672303204
GTCCTGCTTACGGCTG-1,-0.722350083,-0.1384862,0.40355418,-0.037205176,-0.677266917
GTCCTTATACATTACG-1,0.005339676,-0.3261124,-0.032378123,-0.031068706,0.1938431
GTCCTTCATCAGATCA-1,-0.675139508,-0.1700397,0.440064744,-0.453147062,-0.535353652
GTCCTTCATGGATTAG-1,-0.723840773,-0.1321254,0.472931866,-0.169405155,-0.604607529
GTCCTTCGGAACCTGC-1,-0.762232389,-0.1056817,0.424889539,0.002830661,-0.706985023
GTCGAACCGTTCACTC-1,-0.482619989,-0.1742035,0.270818422,0.066138888,-0.398693597
GTCGAAGTCGTGTTCT-1,-0.77004361,-0.1623907,0.477710533,-0.010986303,-0.6813494
GTCGAGAACTAGACGA-1,-0.459408811,-0.3482832,0.292385012,-0.255982829,-0.20852778
GTCGAGACCGTCCGTT-1,-0.502878287,-0.1667571,0.295214346,-0.164292461,-0.428569801
GTCGAGACTGCCTAAG-1,-0.755232052,-0.0705493,0.409885696,0.014091478,-0.749826841
GTCGAGTGATTACTGT-1,-0.773946379,-0.0705795,0.431302983,0.019341517,-0.74779251
GTCGAGTGCTCCTTCG-1,0.043912911,-0.2433217,-0.159153449,0.059896861,0.215274728
GTCGCAACGAGCTGAC-1,-0.649243216,-0.1927814,0.370908099,-0.095455712,-0.540534493
GTCGCACGCAGCCTGC-1,-0.618890655,-0.1395154,0.299160547,-0.22304892,-0.481449414
GTCGCAGATTACTGCA-1,-0.594925033,-0.1617235,0.356855872,-0.632121771,-0.455648983
GTCGCAGTATTAGGAT-1,-0.470365351,-0.3048815,0.383048918,-0.017143257,-0.256788104
GTCGCATGCGGTAGAT-1,-0.425683854,-0.1896748,0.208172618,-0.056686291,-0.246122642
GTCGCATTACCAGGCA-1,-0.183634771,-0.2155044,-0.004760392,-0.071448796,-0.036467646
GTCGCTAAGTGAGGTT-1,-0.513303274,-0.1701113,0.296016832,-0.048550106,-0.353932508
GTCGGCCGTTGTGAAT-1,-0.794112858,-0.0500364,0.450884083,-0.09175919,-0.737860306
GTCGGCCTCCGGCATC-1,-0.629691198,-0.141416,0.337706655,-0.066769987,-0.507559595
GTCGGCCTCGGTTCAT-1,-0.341465541,-0.4782288,0.389175606,-0.109171326,-0.037605392
GTCGTAGACTGACAAG-1,-0.048313734,-0.2458281,-0.108718263,0.04714307,0.150278393
GTCGTGCTAATGCCTT-1,-0.668739676,-0.113213,0.375725182,-0.061965716,-0.467776665
GTCGTGTTCATGTCAG-1,-0.401038866,-0.192718,0.288551803,-0.186237388,-0.219582043
GTCTAAGATCGGACTA-1,-0.658084581,-0.1478082,0.371703939,-0.371003893,-0.449687357
GTCTAAGCGGCACGCC-1,-0.310969783,-0.3035744,0.136959704,-0.610790177,-0.044709166
GTCTAATACGGCTAAG-1,-0.76018871,-0.0812867,0.415546124,-0.388139328,-0.771012016
GTCTAATCGAATTGGA-1,-0.65678277,-0.3536808,0.525369532,-0.629480358,-0.370425551
GTCTAGCATGGTACGT-1,-0.189035989,-0.2189635,-0.01558116,0.084510928,0.011040076
GTCTAGCGTTGTGACC-1,-0.157177292,-0.2294224,-0.018249185,-0.068337542,-0.020772392
GTCTAGGACAGGATAA-1,-0.117321258,-0.2338042,-0.047908736,0.074028475,0.092090048
GTCTAGTCTAGCGACG-1,-0.60959078,-0.1034572,0.350078563,0.079820809,-0.491990778
GTCTATAGAATCGAGC-1,-0.338225541,-0.118185,0.184386759,0.085842279,-0.225812005
GTCTATCAATGGATTA-1,-0.794033224,-0.1245024,0.50218887,-0.303370459,-0.660644646
GTCTATCAGTACTAAT-1,-0.651986585,-0.1381955,0.399692604,-0.27328093,-0.542546755
GTCTATCCAGGACGTC-1,-0.687424858,-0.1877753,0.465773821,-0.083975831,-0.521361156
GTCTATGGTGAAGAGC-1,-0.055376534,-0.2596492,-0.095719697,0.108092897,0.139096349
GTCTATGTTAATAGAA-1,-0.290734118,-0.2112625,0.046385521,0.093247853,-0.083381731
GTCTATTAAGCACTTA-1,-0.113793377,-0.3219767,-0.001282025,-0.474976387,0.115560282
GTCTATTAGTGAGGCC-1,0.049986781,-0.2326348,-0.167311382,0.055562793,0.213362679
GTCTATTGCGAGTTAC-1,0.030430971,-0.2186451,-0.150191365,0.032738967,0.205476048
GTCTCAATACTATGAG-1,-0.34697234,-0.2209155,0.225191886,-0.049474272,-0.190801621
GTCTCATGACTAGTTG-1,-0.800049999,-0.0154476,0.463280371,-0.00234831,-0.649897747
GTCTCGACTGACGAGT-1,-0.780116023,-0.061192,0.446524832,-0.034693348,-0.717644286
GTCTGAACAAGGTTAG-1,-0.69753448,-0.178715,0.436295114,-0.221871261,-0.579316922
GTCTGAAGGCCTTAAT-1,-0.234306344,-0.4130203,0.136166426,-0.030034122,-0.204131894
GTCTGATAGATTATAA-1,-0.747814079,-0.190804,0.508899327,-0.130481803,-0.552285983
GTCTGATATCTGAATT-1,-0.502151465,-0.1553171,0.304046869,-0.521761831,-0.435208539
GTCTGCTCAACACCAA-1,-0.656370708,-0.2676925,0.486786588,-0.236637213,-0.463901768
GTCTGTGGATCTGACG-1,0.077606509,-0.2371244,-0.20129252,0.103411202,0.232802739
GTCTTCGATAGGTGTT-1,-0.491361572,-0.204824,0.211397304,0.059234615,-0.297375711
GTCTTCGGTAGCTACA-1,-0.781655824,-0.0144768,0.430995639,0.001246619,-0.745671752
GTCTTGAACAATTACA-1,-0.407556965,-0.1367593,0.222897594,-0.152707569,-0.27157864
GTCTTGAAGATTCATG-1,0.130075169,-0.2093293,-0.218428941,0.036089231,0.235968426
GTCTTGACAATAGCAA-1,-0.765911026,-0.1463271,0.492263736,-0.634996232,-0.652194852
GTCTTGACCGGAGGCC-1,-0.357263088,-0.1818545,0.131548849,-0.047829237,-0.203782448
GTCTTGACTTGCTCTG-1,-0.510452984,-0.1817423,0.322421378,-0.045716408,-0.325835179
GTCTTGATTGCCACCT-1,-0.07757655,-0.2596986,-0.05631257,0.035947881,0.142234237
GTCTTGCGATGAATGC-1,-0.477602747,-0.2949331,0.296126137,-0.343765671,-0.374947717
GTCTTGCGGCGATTCA-1,-0.753462526,-0.1035597,0.452953086,-0.412880134,-0.646356803
GTCTTGCTCAGATTAC-1,-0.74739858,-0.0265916,0.420433878,0.037019474,-0.705587492
GTCTTGCTGGACGATA-1,-0.691381635,-0.2263851,0.471377421,-0.649586206,-0.530277917
GTCTTGCTTGATCCAC-1,-0.29413656,-0.2238456,0.067949271,-0.124680923,-0.064130331
GTCTTGTATTGTAGAT-1,-0.604441961,-0.0611278,0.376723581,0.063207818,-0.494645631
GTGAACATTCAACGAT-1,-0.784308699,-0.0821495,0.452675764,-0.291770564,-0.748167478
GTGAACGGTTCTAACG-1,-0.004720261,-0.2309208,-0.143186207,0.073723694,0.17204564
GTGAACTCACCAGTAT-1,-0.64784661,-0.2726246,0.482072169,-0.217033961,-0.39565209
GTGAACTCGTGGTATC-1,-0.649705567,-0.1699623,0.40779938,-0.005503626,-0.531722863
GTGAACTGAGTTCGGC-1,-0.389753748,-0.1472035,0.256487111,0.001194328,-0.29768412
GTGAAGATGAGTGCCT-1,-0.759514979,-0.0814723,0.449863749,-0.090373112,-0.699492225
GTGAAGCCACAACCGG-1,-0.004959882,-0.2344531,-0.135124713,0.088786978,0.180154508
GTGAAGTATTGGTCAC-1,-0.774012516,-0.0348602,0.453455862,-0.051206854,-0.69918602
GTGAAGTGATCGTGCT-1,-0.634496473,-0.1235761,0.362074846,0.005035145,-0.527444841
GTGAATTAGACATTGC-1,0.009706669,-0.263937,-0.116731899,0.056770897,0.201436975
GTGACAAGATGCTCAT-1,-0.700696297,-0.2197779,0.450199965,-0.69837649,-0.619941671
GTGACAATAGGTATGT-1,-0.054739369,-0.2647688,-0.087593508,0.063890673,0.149113351
GTGACAATTGCGATAA-1,0.04818686,-0.2603824,-0.117125274,-0.009239237,0.162012541
GTGACACCAAGTGAAT-1,-0.705233696,-0.1193109,0.379297272,-0.028364406,-0.724089652
GTGACAGCCTAGCCTC-1,-0.592677724,-0.2310511,0.366999095,0.020883886,-0.494042809
GTGACATACAGGTCCT-1,-0.694132671,-0.0919819,0.360410142,-0.002895683,-0.67981789
GTGACATAGTTAGCTG-1,-0.494386761,-0.1475726,0.270739823,0.024055409,-0.478822208
GTGACATATGCTAGAT-1,0.060392212,-0.2377429,-0.176639915,0.061084885,0.226571713
GTGACATGCAATTAAT-1,-0.668354042,-0.1423838,0.389878739,0.035112207,-0.590240838
GTGACATGTACCACCT-1,-0.549412064,-0.1174529,0.320716088,0.058790218,-0.493582983
GTGACCAGATCGAGAT-1,-0.725944882,-0.0610238,0.396803505,-0.060898792,-0.70958274
GTGACCGGAGTCATAC-1,-0.601896475,-0.1248845,0.317651119,-0.090358261,-0.436097476
GTGACCGTGGATTAGC-1,-0.736146886,-0.0990967,0.394035357,-0.035200443,-0.75831405
GTGACTATGGCATGGA-1,-0.645307805,-0.1475492,0.334393951,-0.100630882,-0.584818009
GTGACTGTCCTGGTAT-1,-0.732355252,-0.074933,0.419069075,-0.539270596,-0.694798119
GTGACTTCAACATCCG-1,-0.379001899,-0.252169,0.148899566,-0.240081033,-0.211667823
GTGACTTCCTCACGAC-1,-0.6013913,-0.2912984,0.363248601,-0.521957148,-0.49925489
GTGAGCACCAGCATCC-1,-0.425345617,-0.3061868,0.380834618,-0.094655705,-0.166690284
GTGAGGATCTCAGCCT-1,0.014038213,-0.2436305,-0.153760121,0.123401896,0.187921985
GTGAGGCAGTGAGTTA-1,-0.448732824,-0.2641035,0.266318064,-0.31552431,-0.221965651
GTGAGGCATTCGGTGG-1,-0.478887782,-0.3113339,0.332745892,-0.151831644,-0.307709096
GTGAGGTACGCTGAGT-1,-0.449917291,-0.0863494,0.231418557,-0.467573248,-0.397728654
GTGAGGTCACAGGCCA-1,-0.316346677,-0.2320311,0.123114675,-0.251393048,-0.024009601
GTGAGGTTGGACGGCG-1,-0.698963366,-0.0313358,0.385647063,0.040552439,-0.66931443
GTGATCTACGAGATCC-1,-0.718754048,-0.2309388,0.444252549,-0.046937136,-0.663611976
GTGATGGATTAGAACA-1,-0.517607179,-0.1985831,0.304740722,-0.135291126,-0.362123641
GTGCAACGACGGTGTT-1,-0.794963194,-0.1881498,0.529844367,-0.057648368,-0.630982838
GTGCAACTACTGTACG-1,-0.452139748,-0.1999087,0.295839951,-0.487229028,-0.302058824
GTGCACCAATCATAAC-1,0.064905046,-0.2325789,-0.18387078,0.06571399,0.227329926
GTGCACCGAATGTTAA-1,-0.340496546,-0.1915277,0.225597263,0.092443793,-0.186855595
GTGCACTTGTAAGCAC-1,-0.794839601,-0.0386568,0.483333832,-0.142364121,-0.664024741
GTGCACTTGTTCCTGG-1,-0.668598081,-0.0122127,0.369110139,0.024959947,-0.625457066
GTGCAGAAGGTGCGAG-1,-0.673788302,-0.1399125,0.349384052,-0.070118884,-0.711179152
GTGCAGCCGGTCTGCA-1,-0.651775547,-0.2625815,0.449252832,-0.397490226,-0.465712066
GTGCAGGACTCCAAGG-1,-0.72652005,-0.1342361,0.402580855,-0.123520968,-0.728887616
GTGCAGGCACTCTAGG-1,-0.715894112,-0.1043305,0.415943361,-0.302691395,-0.621606781
GTGCAGGCTGGACATG-1,-0.439412291,-0.3808016,0.312763329,-0.641064562,-0.300612478
GTGCAGTGGTAGATTC-1,-0.469508663,-0.0629729,0.254862519,-0.011021026,-0.384728042
GTGCAGTTGTGGCGCT-1,-0.768353228,-0.0775938,0.424524237,-0.005834762,-0.738238235
GTGCATGGTTGAGTTC-1,-0.637228416,-0.0867488,0.335528229,0.028459866,-0.543489141
GTGCATTCCTGTGGTC-1,-0.760788795,-0.1633803,0.508892299,-0.599731383,-0.575701219
GTGCATTGCAATGTTG-1,-0.797011262,-0.0371198,0.448931737,-0.001041568,-0.763046115
GTGCCACCTAGCAGCC-1,-0.456919603,-0.4050473,0.432712908,-0.185452651,-0.144019047
GTGCCACCTTGAGCAT-1,0.010968744,-0.3182865,-0.061549026,-0.023270648,0.217004221
GTGCCGCATCCTTCCT-1,-0.727609663,-0.1747166,0.468506074,-0.217084476,-0.622956002
GTGCCGTCCTGTCAGC-1,-0.253531598,-0.1505212,0.119450215,-0.011494471,-0.087784992
GTGCCTGACACGTTGG-1,-0.790972315,-0.095947,0.464758654,-0.13837459,-0.711768123
GTGCGGCATGCTCATC-1,-0.317827142,-0.0656768,0.173069021,0.058053511,-0.243037532
GTGCGTTCACGGATAA-1,-0.549679307,-0.2763961,0.36930984,-0.678954039,-0.310959327
GTGCTACGTTCTAACC-1,-0.458037614,-0.3173454,0.337041246,-0.082423292,-0.209949923
GTGCTCAATGCAACCT-1,-0.508771591,-0.3478623,0.482705632,-0.20382236,-0.247452551
GTGCTCGACGTGAACT-1,-0.58656458,-0.1686129,0.320510663,0.009081387,-0.5196409
GTGCTCGCTTGATCGG-1,-0.407921461,-0.2724926,0.192554998,-0.456731907,-0.303702194
GTGGAACAGAAGTCGA-1,-0.628797087,-0.1041767,0.375605122,0.010054623,-0.514516254
GTGGACCAACTAGGAG-1,-0.404140383,-0.2482434,0.159929578,-0.06607853,-0.199517839
GTGGAGTACAATCAAT-1,-0.776068423,-0.0425278,0.444371276,-0.219837364,-0.710542257
GTGGATAATCATAATC-1,0.058873009,-0.2417066,-0.179849262,0.099596392,0.22775861
GTGGATTAACAGCGGT-1,-0.06099841,-0.3156725,0.068891009,-0.05979959,0.158478036
GTGGCGACCTAATATT-1,-0.02100476,-0.2731315,-0.093945554,0.02188663,0.16573766
GTGGCGACCTTGATTC-1,-0.622232326,-0.2620194,0.377230883,-0.231781493,-0.551697766
GTGGCGACTGATTAAC-1,-0.680910165,-0.1331964,0.373392157,0.004819212,-0.640601137
GTGGCGAGGAAGGCTA-1,-0.687873194,-0.1015063,0.41266885,-0.227181802,-0.594186663
GTGGCGATAGGCAGAA-1,-0.677034844,-0.1734789,0.365649494,-0.027111746,-0.614702209
GTGGCGATCTGCGATA-1,-0.582481028,-0.1432709,0.367283482,-0.014966525,-0.473023162
GTGGCGCACCTGTTCC-1,-0.76802205,-0.0958042,0.430692724,-0.086759148,-0.719229724
GTGGCGCCAACAGCTC-1,-0.049395044,-0.2734202,-0.065478984,-0.072360866,0.172288078
GTGGCGCCACGCTGAG-1,-0.269132871,-0.2119151,0.230810859,0.047680836,-0.092601703
GTGGCGCCACTACGCT-1,-0.286816416,-0.2226757,0.090652127,0.037488773,-0.088366894
GTGGCGCCAGACTCGA-1,-0.68214007,-0.1388996,0.357287691,-0.070930954,-0.544616291
GTGGCGCCAGCTAACC-1,-0.314698197,-0.1797337,0.204251354,0.047422885,-0.14892633
GTGGCGGACATTCTCG-1,-0.484231339,-0.3810575,0.411367456,-0.129511095,-0.229557078
GTGGCGGTCCGGATGA-1,-0.514058739,-0.1599134,0.293042047,-0.265035918,-0.445934245
GTGGCTGAATGCGAGT-1,-0.678141598,-0.1323857,0.389453602,-0.074052193,-0.558630478
GTGGCTTCCTACCGTT-1,-0.713648734,-0.1150804,0.417940225,-0.273683813,-0.624101673
GTGGTAAGCCTCTTCG-1,-0.326762312,-0.2092778,0.208184429,-0.257316846,-0.16861435
GTGGTACTGGTTCCAA-1,0.096311045,-0.2101302,-0.187700067,-0.063844545,0.215491495
GTGGTACTGTTGTAGC-1,-0.658343806,-0.1016753,0.378713315,-0.43182606,-0.570389255
GTGGTACTTGGTTGGA-1,-0.048177173,-0.2397347,-0.106929499,0.079952173,0.140541559
GTGGTAGGTCTAAGAA-1,-0.693115751,-0.144995,0.359315553,-0.526430544,-0.579625373
GTGGTCGCTCTGTAGC-1,-0.815246807,-0.0034082,0.477443866,-0.015232085,-0.692318573
GTGGTTACCTTGCGCA-1,-0.67081818,-0.1417677,0.372112864,-0.041207129,-0.571035308
GTGGTTGACAAGGAGC-1,-0.067621972,-0.2318645,-0.096516214,0.010688629,0.116751008
GTGGTTGCACGCGGCA-1,-0.061324997,-0.2718201,-0.059659738,0.052262225,0.156332079
GTGGTTGCCGCTTCAA-1,-0.668074014,-0.0963248,0.388091422,-0.018612076,-0.480483642
GTTAACAACTTCGGAT-1,-0.726467767,-0.2152102,0.51252403,-0.154437316,-0.536947289
GTTAACTCCGACCACT-1,-0.702248026,-0.1840831,0.469182675,-0.412738198,-0.57069211
GTTAATACATAATGCT-1,-0.448562752,-0.3726204,0.243880495,-0.427108122,-0.18635212
GTTAATACGACACGCC-1,-0.695268737,-0.0352933,0.381066006,0.043644203,-0.650496627
GTTAATGGCGCAACGC-1,-0.303401915,-0.1660873,0.15663994,0.071909511,-0.251938281
GTTACAGGTACATGGC-1,-0.020873367,-0.2456402,-0.118189456,0.041555408,0.158543552
GTTAGACAATGGATGA-1,-0.417920754,-0.1453301,0.252714276,-0.011814634,-0.295267617
GTTAGAGGTGTTAAGA-1,-0.541720022,-0.1194786,0.316009363,-0.001412557,-0.441780632
GTTAGGAAGTATACGA-1,-0.347421335,-0.1936897,0.168246724,-0.073664836,-0.142908136
GTTAGGCCTGAACATC-1,-0.459838377,-0.296148,0.283881703,-0.548685892,-0.303996085
GTTAGGTACTAACTGG-1,-0.098660036,-0.3280061,-0.007261069,-0.415426346,0.030203204
GTTAGGTCCACTGGCG-1,-0.05117798,-0.1645974,-0.10241052,0.009158718,0.079163773
GTTATCCTATACTGGC-1,-0.023832745,-0.2297891,-0.136421636,0.090404337,0.136700252
GTTATGATACGATTAT-1,-0.130495738,-0.266496,-0.051814274,-0.147879101,0.049862466
GTTATGTTGCTTAGAT-1,-0.733399676,-0.0660252,0.410288899,-0.112289022,-0.652220561
GTTATTCGCCGATCGC-1,-0.738266152,-0.0642533,0.410067323,0.020935184,-0.710435889
GTTATTCGGCCATTCG-1,-0.744490529,-0.0917645,0.426273326,-0.063962329,-0.624174368
GTTATTCGTAACGTCC-1,-0.7881361,-0.0039323,0.452273453,-0.059730238,-0.700796376
GTTATTGACCTCATTC-1,-0.706386622,-0.0287814,0.398095133,0.008485418,-0.687944267
GTTATTGCTGAATCCG-1,-0.755968657,-0.0387849,0.403149796,0.012885388,-0.768668694
GTTATTGGCATGTAGA-1,-0.464665344,-0.1086014,0.276330674,-0.127426753,-0.393975904
GTTATTGTACGTATAC-1,-0.347162019,-0.2395462,0.111854246,0.062308788,-0.133677693
GTTATTGTCTATTCAT-1,-0.428020197,-0.3041788,0.217172559,-0.032516928,-0.419186155
GTTCATACCTTGGTTA-1,-0.541990414,-0.3500084,0.470096197,-0.59169491,-0.264891059
GTTCATCTTACATTCC-1,-0.798323809,-0.0685476,0.487362741,-0.498138126,-0.672013886
GTTCATTGCCTGAATA-1,-0.048067644,-0.2369164,-0.094415795,0.037166593,0.153413014
GTTCCAGTGCCTTACC-1,-0.811104281,-0.0227658,0.481483737,-0.116321507,-0.694588825
GTTCCATGAATCGCAT-1,-0.312619083,-0.187551,0.215897503,-0.332231322,-0.210912121
GTTCCGAGTATGATCG-1,-0.252490046,-0.3704823,0.174790364,-0.597450092,0.02955354
GTTCCGATGAACCGGC-1,0.051927257,-0.2398863,-0.168206063,0.031375002,0.215419251
GTTCCGGCTGAGCCGA-1,-0.552022968,-0.0604777,0.301203846,0.082634129,-0.486156415
GTTCCGGCTGCAGTCA-1,-0.447210304,-0.1125864,0.273300843,0.078266303,-0.315536344
GTTCCGTAACTAATAC-1,-0.371220885,-0.4603613,0.426337311,-0.161938942,-0.067821511
GTTCCGTACCTCCACT-1,0.036363708,-0.2503832,-0.151373181,0.061043159,0.21871116
GTTCCGTATGGTAACG-1,-0.373984366,-0.1107061,0.196705304,0.004292975,-0.339389751
GTTCCGTCATACGGCT-1,-0.336104825,-0.2637468,0.131088038,-0.027677237,-0.147238218
GTTCCGTCTTATCTTA-1,-0.127787293,-0.3208824,0.109655977,0.07257552,-0.109803895
GTTCCTGAACCTTCAA-1,-0.161502061,-0.2598165,-0.02830732,0.073450281,0.038837407
GTTCCTTGAGGAACGC-1,-0.616237632,-0.153854,0.307576624,-0.103131001,-0.444574376
GTTCGAATCACGTACG-1,-0.514212039,-0.079782,0.281787253,0.088712615,-0.481739308
GTTCGAGCTCGCGAAT-1,-0.741451599,-0.1231028,0.445185138,-0.000432558,-0.680242937
GTTCGCTGGTATTAGA-1,-0.699602315,-0.2472906,0.475383601,-0.066063292,-0.536861728
GTTCGTAGGTAGTGAA-1,-0.76719964,-0.0095185,0.42309637,-0.005710539,-0.734857499
GTTCTACTATACGAAC-1,-0.252326696,-0.2218865,0.067970456,-0.147113795,-0.098207314
GTTCTACTATCATATT-1,0.042723738,-0.2425436,-0.156574816,0.076300549,0.224290243
GTTCTACTTATGGTAG-1,0.041975254,-0.3063459,-0.099406161,0.063375219,0.060907358
GTTCTGCGCCAAGCGA-1,0.04535525,-0.2078268,-0.142188359,-0.098106621,0.180763817
GTTCTGGACACGCAAC-1,-0.335979542,-0.1812188,0.180269219,0.007827925,-0.239980762
GTTCTTACTGAAGTAT-1,-0.758931312,-0.0947839,0.433043473,-0.089960863,-0.716792252
GTTCTTGATCTGTTGA-1,-0.564239304,-0.1702141,0.275361394,0.045206212,-0.446069736
GTTGAACCAGGATCGC-1,-0.342918821,-0.2956147,0.209808835,-0.040725196,-0.107177265
GTTGAACTACCGTTCA-1,-0.645437645,-0.159555,0.366620449,-0.063092971,-0.504952867
GTTGAAGGAAGTCGGC-1,-0.537747814,-0.127549,0.313210814,-0.092751162,-0.454539314
GTTGAATAAGTCAGCA-1,-0.767130392,-0.1316911,0.472087705,-0.178763679,-0.672826543
GTTGAATCAACCTGGC-1,-0.616465498,-0.1184646,0.323084562,-0.132659806,-0.551268629
GTTGAATGGTACAGTA-1,-0.561199187,-0.1254189,0.329732231,0.002338288,-0.43133648
GTTGAATGTCCTTCTG-1,-0.414751858,-0.1537171,0.187644689,-0.038354846,-0.245214479
GTTGAATGTTGCTGCC-1,0.051731004,-0.2245409,-0.164875841,0.042578141,0.218740741
GTTGAATTATTCGGTG-1,-0.465894767,-0.1613573,0.270104942,0.077968892,-0.366298268
GTTGAATTCATAAGAT-1,-0.417042255,-0.1848365,0.243353261,-0.06226764,-0.281633627
GTTGACATGAACCAAC-1,-0.746682649,-0.1989108,0.473574869,-0.248025498,-0.621335875
GTTGACGAACCAGAAC-1,-0.696806208,-0.1928307,0.424384815,-0.335897554,-0.657101999
GTTGACGAATCAACTA-1,-0.41082644,-0.3566372,0.327653972,-0.234213733,-0.197523846
GTTGACGCTCGATGGC-1,-0.168762786,-0.2831489,0.005701073,-0.131389312,0.065667328
GTTGACGGATAGCCAT-1,-0.740731506,-0.0173544,0.406022647,0.031626667,-0.723206133
GTTGACGTCAGATTAG-1,-0.476650079,-0.0890709,0.289644859,-0.207853855,-0.378980543
GTTGACTACAACATAC-1,0.127996268,-0.258615,-0.230858267,0.110864009,0.242363486
GTTGACTAGAGCACGT-1,-0.779388545,-0.162874,0.486711761,-0.151100763,-0.679873082
GTTGACTTCTATGCTG-1,-0.732595691,-0.1576362,0.422374011,-0.500041404,-0.65788739
GTTGAGAATCACGGAG-1,-0.308221012,-0.2201041,0.202547418,-0.020128047,-0.201255706
GTTGAGCTTCGTCCGG-1,-0.716234651,-0.1257562,0.439413388,-0.084272,-0.563089594
GTTGCAGCCGGCTTGG-1,-0.501347621,-0.127103,0.293551231,0.051317742,-0.420580044
GTTGCCACAAGTCATA-1,-0.605632588,-0.0974649,0.348032415,-0.022375426,-0.547791467
GTTGCCACGACAAGAA-1,0.091615354,-0.2378001,-0.193837259,-0.046280398,0.209571518
GTTGCCATCTACGCAC-1,-0.293046164,-0.0219032,0.155178153,0.071752153,-0.250176381
GTTGCCGGTGGAAGTA-1,-0.411013724,-0.0050829,0.213731866,-0.504363137,-0.343236463
GTTGCTACGTCTTAAT-1,-0.643064923,-0.2227786,0.41218553,-0.113486727,-0.525123414
GTTGCTAGATCGTTGA-1,0.008425729,-0.2286445,-0.126430988,-0.107948568,0.189322174
GTTGCTAGTCCATACC-1,-0.235309824,-0.0990669,0.148310028,0.048266309,-0.132647778
GTTGCTCCTGAGATTC-1,-0.699482757,-0.1295313,0.408166068,0.017588088,-0.622356201
GTTGCTGACTCATTCG-1,-0.560450114,-0.1808022,0.300440292,0.039160843,-0.42703254
GTTGCTTGCAATCACT-1,-0.536096473,-0.1887143,0.314991118,-0.109917477,-0.365193108
GTTGGCGTGAGCGACC-1,-0.022940905,-0.2219029,-0.122626465,0.035778418,0.16018451
GTTGGTCCGCCAATCT-1,-0.793978562,-0.0368475,0.465068375,-0.036787582,-0.735997808
GTTGTCCTGTGATGTA-1,-0.666720703,-0.123146,0.411423063,-0.469854588,-0.569895209
GTTGTCCTTGAGCGGT-1,-0.512971616,-0.087441,0.278684043,-0.114378414,-0.451318008
GTTGTCGAACCATGTT-1,-0.71725835,-0.1511444,0.409410483,-0.113151362,-0.691835489
GTTGTCGTAATATGGA-1,-0.199860993,-0.2717078,0.032777923,-0.645706163,0.025715689
GTTGTCGTGGCATTAC-1,-0.715195924,-0.0592762,0.409831562,0.048379207,-0.627455526
TAACAGCAGGCCTTAC-1,-0.68333997,-0.0622982,0.380981518,-0.093569477,-0.633388293
TAACAGGAACCGACAA-1,-0.737845604,-0.1617564,0.485999121,-0.182362012,-0.589645413
TAACAGGTCCATACCA-1,-0.560752448,-0.1125099,0.272967758,0.026472452,-0.386825042
TAACAGTCTACTATGG-1,-0.404992373,-0.0451794,0.213282672,0.023354908,-0.34803333
TAACAGTTCCACTTCG-1,-0.497007433,-0.1369133,0.335524318,0.039284942,-0.37060848
TAACATGCGTGCGAAC-1,-0.47451229,-0.1847372,0.295199901,0.003289849,-0.351280415
TAACATGGCCACCTCC-1,-0.759469746,-0.0752743,0.414094993,-0.189471973,-0.740262613
TAACCAAGGTGCTCTA-1,-0.083675525,-0.2522859,-0.093320604,0.097153656,0.106608199
TAACCAGATACGCTTC-1,-0.226803748,-0.105993,0.12282632,0.118440185,-0.106957145
TAACCGGATGGACAGG-1,-0.205989811,-0.3920321,0.242971805,0.038246536,-0.01629602
TAACCGTACCATCCTG-1,0.06893391,-0.2407473,-0.177087395,0.06152657,0.241997879
TAACCGTACTTCTAAC-1,-0.460095643,-0.3101131,0.363418037,-0.181227293,-0.215928348
TAACCTACGGACTCGT-1,-0.320865281,-0.2731453,0.133435901,-0.034087554,-0.152948784
TAACCTTGAGACTTCG-1,-0.657753606,-0.0299674,0.365302132,0.041561814,-0.583187991
TAACGAATCCTAGATA-1,-0.6077462,-0.1271839,0.370069865,-0.651704165,-0.470758339
TAACGAATGCTCCAAT-1,0.058167243,-0.2345975,-0.175502096,0.089855934,0.234266342
TAACGAATGGTAGTAC-1,-0.70894759,-0.2204534,0.452470417,-0.225263885,-0.580011293
TAACGACCTTGCCTAT-1,-0.288005726,-0.2098611,0.092052414,0.013125312,-0.116057248
TAACGACTGGCCGTCG-1,-0.779799707,-0.0535197,0.440816848,-0.027571136,-0.728801109
TAACGAGCCGAAGGTC-1,-0.809348131,-0.0340384,0.470813476,-0.039062288,-0.710599134
TAACGAGCGTCTGGCC-1,-0.457088004,-0.2290897,0.205625453,-0.176187154,-0.343254111
TAACGAGCTATCCGTC-1,-0.381311707,-0.1887311,0.183721669,-0.041092889,-0.256056617
TAACGAGTTGCCAACC-1,-0.786182745,-0.0516924,0.457217389,-0.034905661,-0.717562158
TAACGCATTGGTCCAA-1,-0.761270598,-0.0527788,0.442771499,-0.216183962,-0.703119935
TAACGCCGAGTACACG-1,-0.726259897,-0.0528889,0.391102654,0.0142538,-0.71453674
TAACGCGGCTATAGGT-1,-0.707405999,-0.1145128,0.419537621,-0.008816324,-0.596646648
TAACGCGTAATATGGC-1,-0.783775881,-0.0369438,0.430944531,0.010479578,-0.713704709
TAACGCGTCAAGCGTT-1,0.006952097,-0.2344155,-0.14688113,-0.023488579,0.184674771
TAACGCGTCCTACAAC-1,-0.775445089,-0.1019505,0.452516933,-0.001646775,-0.731096027
TAACGCTAGTACGCAG-1,-0.668510263,-0.1016148,0.366796243,0.055950181,-0.609684828
TAACGCTCACATTCTA-1,-0.734908215,-0.0856217,0.40064867,0.014797069,-0.705909538
TAACGCTCATACGGCA-1,-0.773135076,-0.0547542,0.453772594,-0.003282117,-0.620281371
TAACGCTTATGCCATA-1,-0.605611143,-0.1036622,0.378357354,-0.079022116,-0.474906913
TAACGCTTCGGCACTT-1,-0.707108671,-0.0843343,0.426871502,0.003721902,-0.595308513
TAACGTCACTATAATC-1,-0.784773663,-0.1086962,0.514057968,-0.301481886,-0.653779811
TAACGTGATTCACTAG-1,-0.05546727,-0.2286538,-0.101082573,0.070054451,0.131219941
TAACGTGCCATAGTTA-1,-0.737704425,-0.0808183,0.413876866,-0.120647785,-0.66206018
TAACGTTGCGTCGATG-1,-0.732059618,0.00059654,0.402433611,0.039474724,-0.694115047
TAACTCCAACATGGAC-1,-0.683933311,-0.1598755,0.412947743,-0.029912596,-0.494470644
TAACTCCAGGTAGGCT-1,-0.310056281,-0.1856189,0.19099543,0.106566237,-0.163841642
TAACTCCGATACGTAA-1,-0.685114529,-0.1047817,0.367914496,0.041903492,-0.668644926
TAACTTAACCTCGGTG-1,-0.544765718,-0.1547809,0.315563369,-0.02287777,-0.413530008
TAACTTGCACGGCGGA-1,-0.624913232,-0.0751323,0.381103714,-0.01601814,-0.488691443
TAAGAACAGGTGTAAC-1,-0.773231053,-0.2206888,0.529434791,-0.141057252,-0.617020372
TAAGAATATGAGATAG-1,-0.299304456,-0.2027441,0.109402847,-0.027329051,-0.118343369
TAAGACCGAGTGAACA-1,-0.48356678,-0.1685885,0.225734041,0.006331263,-0.337096253
TAAGACCTCAAGTGCC-1,-0.561615281,-0.0550722,0.3391106,-0.025890216,-0.465800797
TAAGATTAGATATTCC-1,0.029855543,-0.2505264,-0.149806646,0.052304777,0.213672651
TAAGATTGAGATTACA-1,-0.799715626,-0.064821,0.475233213,-0.215081972,-0.708596465
TAAGATTGCAAGTTCT-1,-0.35690449,-0.451783,0.405229864,-0.213125614,-0.062056148
TAAGATTGCTCACTTC-1,-0.735252191,-0.0904656,0.410314068,-0.100682321,-0.659485651
TAAGATTGGCGGTCGT-1,-0.113965122,-0.2076121,-0.048560371,-0.029012324,0.090377722
TAAGCAAGTAATGTGG-1,-0.350386837,-0.2379308,0.27307413,-0.03235938,-0.206197488
TAAGCACGAGACCTAC-1,-0.674424912,-0.1137079,0.341733452,-0.234037059,-0.616564224
TAAGCAGTAGATACTC-1,-0.767924484,-0.1307566,0.466295475,-0.515172831,-0.654299602
TAAGCCACAATTGCCT-1,0.097769259,-0.2309424,-0.213523294,0.08273591,0.24838596
TAAGCCATACGACACG-1,-0.671912063,-0.0308969,0.363208364,0.07525192,-0.617800437
TAAGCCTGGCTTCAGT-1,-0.468480217,-0.3461094,0.385858275,-0.119788763,-0.146388729
TAAGCCTGTAGCGTCC-1,-0.567914822,-0.058312,0.320745353,0.042053752,-0.461377995
TAAGCTCCTTCACGCC-1,-0.710704424,-0.0073514,0.389973184,0.076297961,-0.644488879
TAAGGACGCCTGGTTG-1,-0.575745038,-0.3895263,0.505715953,-0.716579477,-0.30659801
TAAGGATCTGAAGATA-1,-0.281489202,-0.1994963,0.179423352,-0.029471436,-0.072990492
TAAGGATTGGAAGTGG-1,-0.649107239,-0.1641672,0.438141574,-0.578421293,-0.400919618
TAAGGTACGGATAGTG-1,-0.693914492,-0.0554965,0.397017563,-0.010168401,-0.655235175
TAAGGTATGAATGCTA-1,-0.320334548,-0.1511626,0.214711525,0.043329205,-0.173640432
TAAGGTCCGTGACCGT-1,-0.448770616,-0.1891529,0.172889921,0.061908917,-0.240863909
TAAGTGCTTGACGATT-1,-0.123330651,-0.217447,-0.072230971,0.089897599,0.055789085
TAAGTGGCCGCTCACC-1,-0.811856894,-0.0496006,0.49192952,-0.159770185,-0.698725906
TAAGTGTCAAGGTGGC-1,-0.688726055,-0.1346083,0.360741202,-0.221938927,-0.704158878
TAATACCATTCTAGAT-1,0.088242809,-0.2766472,-0.163529539,0.116786459,0.253208283
TAATACCGTTAATTGC-1,-0.681531744,-0.0929886,0.435073293,-0.325553789,-0.563993111
TAATAGCGCTGTACTC-1,-0.695083216,-0.1710721,0.488868965,-0.536954093,-0.494492996
TAATAGGCTTGCTGAA-1,0.021466652,-0.2631519,-0.133237286,-0.219590036,0.147824285
TAATCGACATTGTTGG-1,-0.421054674,-0.1996045,0.211865735,-0.430955497,-0.275492039
TAATCGCAATGTAATA-1,-0.0025944,-0.2569249,-0.136467213,0.081348139,0.166413179
TAATCTGATAAGATGT-1,-0.571064885,-0.1156437,0.276529511,-0.129027965,-0.484011342
TAATGACGAAGCGGCT-1,-0.37563161,-0.197193,0.143417185,0.015133625,-0.168284073
TAATGATCCGGTTATT-1,-0.213577929,-0.2226392,-0.007651405,0.094142025,-0.025526384
TAATGATCTACTAACC-1,0.023341508,-0.235565,-0.151764162,0.053716274,0.204485787
TAATGGCAGATGTCGG-1,-0.400541691,-0.2590696,0.289577598,-0.09898647,-0.240192591
TAATGTGCACGATCTG-1,-0.677249314,-0.1573439,0.461854504,-0.603569723,-0.435636694
TAATTAAGGAGTACTG-1,-0.609854458,-0.1666052,0.346957783,-0.62577884,-0.532276888
TAATTACCGGTGCGAG-1,-0.783856559,-0.0740362,0.44393887,-0.106147065,-0.730977936
TAATTAGCTCGATTGT-1,-0.76117148,-0.0583235,0.412097905,-0.019682828,-0.743684166
TAATTCCTGCAGAAGG-1,-0.659570914,-0.0890767,0.394358159,-0.098850692,-0.553176081
TAATTGACGTCGTTCC-1,-0.675423485,-0.2703801,0.501458985,-0.678585806,-0.50099287
TAATTGATTCTGTCGC-1,0.073861624,-0.3062237,-0.131811866,0.065719661,0.148874948
TACAACGGACGGCTCA-1,-0.739809539,-0.2352361,0.54340765,-0.35651088,-0.532086383
TACAAGCAGATCGTTG-1,-0.044449846,-0.2433782,-0.109793066,0.08677914,0.144328131
TACAAGCATAGGCTGG-1,-0.059733183,-0.2521252,-0.089573135,0.080051836,0.144894944
TACAAGCGCCATCGGA-1,-0.047707089,-0.2642105,0.043662967,-0.037534381,0.15439931
TACAAGCGCCTCTACA-1,-0.565817469,-0.1086709,0.342041101,-0.203388127,-0.414676655
TACAAGCGGAAGTACG-1,-0.785644711,-0.0648953,0.450688612,-0.556345597,-0.740883271
TACAAGGTCGACAAGT-1,-0.725082213,-0.1229634,0.452612914,-0.078193233,-0.604011293
TACAAGGTTATGCGGT-1,-0.370559471,-0.255474,0.140250608,-0.021757411,-0.238966554
TACAAGTCCACGGTGA-1,-0.397827576,-0.1660862,0.24603195,-0.089419943,-0.266166755
TACAAGTCGAATGCAA-1,-0.511128816,-0.2288307,0.302891893,-0.609407868,-0.296901577
TACAAGTGGTCTGAGG-1,-0.533779253,-0.3437596,0.321585885,-0.483935042,-0.271634099
TACAAGTGTCTGTCCG-1,-0.20882406,-0.2164384,-0.021180053,0.092286736,-0.02742257
TACAAGTTATACGCTG-1,-0.703831327,-0.1291198,0.430956979,-0.027857959,-0.634480552
TACACCAGTGCCGACA-1,-0.595627928,-0.1452005,0.360732691,-0.097590978,-0.387175184
TACACCGGTATGTATC-1,-0.634214767,-0.1636447,0.3315846,0.06246592,-0.421207869
TACACCTCGTACTCCA-1,-0.651266746,-0.3049167,0.496294832,-0.048020179,-0.474782054
TACACCTTGCGGCAGG-1,-0.528382111,-0.1710707,0.282138686,-0.017664011,-0.379885447
TACACGAACAGCTACT-1,-0.235080625,-0.1870023,0.011545331,-0.122898204,-0.114275193
TACACTCAGCGTATAA-1,-0.592379861,-0.2008756,0.364469838,-0.219784859,-0.464401256
TACACTCAGTAGAATG-1,-0.034017918,-0.254743,-0.109879647,0.090400481,0.161311251
TACACTGAATAGCAGA-1,-0.609026734,-0.1911953,0.34283304,-0.023869712,-0.523634275
TACACTGCAGGTTAGA-1,-0.630603309,-0.0540941,0.372986104,-0.112577946,-0.54467744
TACACTGCGTCCGGAC-1,-0.109631774,-0.2461802,-0.041055468,0.026851701,0.098203649
TACACTGTAGTCAACG-1,-0.57190858,-0.2236594,0.399734901,-0.098877029,-0.46911438
TACACTGTCGAACCAA-1,-0.77528726,-0.1228161,0.486912655,-0.093855458,-0.669968848
TACACTTAGTCGTGGT-1,-0.23946925,-0.1897482,0.014727037,0.060980539,-0.025755434
TACACTTCGAGGTGAC-1,-0.316978066,-0.2308916,0.117742701,-0.487405219,-0.107532866
TACACTTCGCACCGAT-1,-0.47022922,-0.1646246,0.186297679,0.128033289,-0.309335538
TACAGCCTCGCATTGC-1,0.137685831,-0.2373846,-0.243139175,0.144140789,0.260394268
TACAGTACTTAGTGTA-1,-0.018452303,-0.1877945,-0.096805365,-0.014350637,0.116682036
TACAGTCTCGGCACGG-1,-0.580458575,-0.1850951,0.28135941,-0.058165418,-0.406214345
TACATAGCAGACCAAG-1,-0.017182122,-0.2417958,-0.120068901,0.050451412,0.181182292
TACATATGCACCAGTG-1,-0.780700679,-0.0342584,0.442624577,-0.012959186,-0.65270105
TACATCGGACAACTGG-1,-0.040188606,-0.2280501,-0.120731949,0.102973512,0.133898729
TACATCGTCAGCGGTT-1,-0.698023462,-0.0561961,0.406280317,-0.120373031,-0.630512582
TACATCTAACATGTCC-1,0.058385849,-0.230173,-0.18031803,0.079205928,0.226089223
TACATTGAATACGATC-1,0.024372086,-0.2460614,-0.154082051,-0.001830059,0.203149027
TACATTGAATGAACGT-1,-0.432824795,-0.2273217,0.220638654,-0.229024848,-0.266629728
TACATTGACTGAGTCC-1,-0.633842812,-0.2321169,0.435146933,-0.081512098,-0.504258511
TACCACAGGCCATTGC-1,-0.392575633,-0.1105679,0.246517825,0.046156804,-0.279051635
TACCAGACAACCTCAG-1,-0.348891477,-0.3060466,0.233872106,-0.439184532,-0.225977817
TACCATCTCGGCCGAA-1,-0.057223381,-0.144162,-0.085073722,-0.029504972,0.095433367
TACCATGGCGCCTTGT-1,-0.510713649,-0.1104418,0.312935189,-0.095649113,-0.405044861
TACCATTGATCATTAG-1,0.063125139,-0.2488543,-0.136494926,-0.041767912,0.188841779
TACCATTGGTCTCCAA-1,-0.410532119,-0.4242918,0.36292682,-0.469011121,-0.151372921
TACCATTGTCCGCCTT-1,0.010981275,-0.2391933,-0.141927802,0.066194631,0.193243617
TACCGGACCGTTAGGT-1,-0.596052174,-0.2080306,0.428246748,-0.256592625,-0.410212702
TACCGTAGGTATAACA-1,-0.719047653,-0.1960833,0.485890295,-0.266193263,-0.559582761
TACCTCAGCGGTTGAT-1,0.073818871,-0.2413688,-0.18252004,0.082279434,0.246602225
TACCTCAGGCAACAGA-1,-0.661551693,-0.3379361,0.482748698,-0.036465734,-0.354705853
TACCTGATCGATCTCG-1,-0.207132681,-0.4202522,0.06567936,-0.038354937,0.043253641
TACCTGCGGTTGTCCT-1,-0.595866161,-0.3131177,0.425175883,-0.08677143,-0.288730521
TACCTGTTAACGGCCT-1,-0.786297769,-0.0360392,0.439563684,-0.008041281,-0.758603254
TACCTGTTCGGTAACT-1,-0.1722196,-0.124534,0.103997186,0.131356463,-0.040464785
TACGACCGAGCGCAAC-1,0.017045278,-0.2421517,-0.152443486,0.08445859,0.189384255
TACGACGCGATTCAAG-1,-0.781440986,-0.1028296,0.477919663,-0.140127496,-0.687932567
TACGACGTCTCATATT-1,-0.769423611,-0.0440732,0.416980481,-0.038708963,-0.758795966
TACGACGTGAAGTATC-1,-0.56079348,-0.366174,0.447333888,-0.663397542,-0.296437759
TACGACTACCTTCCTC-1,0.126215426,-0.3059571,-0.257921916,0.13530372,0.240917619
TACGACTAGCCTTACC-1,-0.479942775,-0.0868521,0.275348624,0.120491947,-0.402890519
TACGACTCTGAACACT-1,-0.328397822,-0.2111226,0.152962595,0.069148092,-0.236927234
TACGACTGATAATCGC-1,0.12389079,-0.2681172,-0.22634193,0.106682779,0.241428002
TACGAGATTGGTCTGT-1,-0.377336038,-0.2348534,0.214031161,-0.31842555,-0.295801721
TACGCCAGCACCGGAA-1,-0.253368101,-0.0697461,0.130637983,-0.013840837,-0.1325128
TACGCCGGAGTTCTGA-1,-0.481945017,-0.1311909,0.294195805,-0.025962921,-0.311737276
TACGCCTTGCCGTGTT-1,-0.564189699,-0.2463446,0.368427787,-0.682929849,-0.349275726
TACGCTCCGGTTGGTA-1,-0.360252622,-0.2472521,0.177152295,0.011189877,-0.091451396
TACGCTCCTTGAGCAA-1,-0.408344612,-0.3981384,0.347511581,-0.104634538,-0.156625563
TACGCTGATAGCAGTC-1,-0.27802882,-0.2102543,0.058265129,0.057027094,-0.054585043
TACGCTTCCGCAAGCT-1,-0.383265373,-0.1637178,0.253996169,0.030825582,-0.257751549
TACGGAACAGACGCGG-1,-0.827226181,-0.1136963,0.558937094,-0.184428265,-0.660462871
TACGGAATACTCGTTC-1,-0.757069397,-0.1307018,0.468036546,-0.098866033,-0.570083716
TACGGAATTGAACCAA-1,-0.088849776,-0.2454596,-0.075689648,0.059123891,0.109736253
TACGGACACCTCCATA-1,-0.281277059,-0.2413049,0.19430777,0.044950678,-0.114303108
TACGGACCTCACGTAC-1,-0.551863509,-0.2221881,0.362266409,-0.286310939,-0.381946949
TACGGAGGAAGCACCT-1,0.086409486,-0.2335927,-0.20214313,0.102117654,0.254597752
TACGGAGTCAACGAAG-1,-0.568346796,-0.0912585,0.33884403,-0.036179629,-0.464099169
TACGGATCAGCCATCC-1,-0.774564715,-0.0403664,0.431558105,0.015335751,-0.661051095
TACGGATCCTTGCGAT-1,-0.262607938,-0.2529409,0.066050061,-0.08712828,-0.10537062
TACGGATCTTGCGATG-1,-0.537826021,-0.1694042,0.300806858,-0.098623151,-0.416778662
TACGGCCTTGTAGGAG-1,0.010354902,-0.2428511,-0.159872745,0.124393749,0.178261047
TACGGTAGTTGCGTGA-1,-0.239443262,-0.2679343,0.075871054,-0.09751156,-0.057361162
TACGGTGAGCCGATGT-1,-0.617204618,-0.1353506,0.31584203,-0.303108674,-0.477680115
TACGGTTAATGTACTA-1,-0.529807918,-0.0856915,0.325531635,0.008208071,-0.359758236
TACGTAATCTAGTAAG-1,-0.582067243,-0.3747462,0.519036225,-0.546725712,-0.303540807
TACGTACACCTTAAGC-1,0.044675289,-0.2114293,-0.089239042,-0.019750887,0.224934078
TACGTATCCTATCACG-1,-0.614873897,-0.0660914,0.332492357,-0.12684898,-0.547142681
TACGTATCGAGGTTGT-1,-0.526191684,-0.1530238,0.307520858,-0.537625574,-0.404558784
TACGTGACGGATCCAC-1,-0.742076064,-0.0230945,0.396456406,0.027084515,-0.73673122
TACGTGAGGACAACCG-1,-0.578837321,-0.1377971,0.319222579,-0.030367649,-0.31374453
TACGTGATGGTAGGAT-1,-0.413304565,-0.4135828,0.33970167,-0.506224356,-0.13717717
TACGTGGAGGCATGGC-1,-0.562149994,-0.1846023,0.297183204,-0.437890283,-0.41461839
TACGTGGCATCATATG-1,-0.669260469,-0.2591827,0.506181578,-0.112358585,-0.45318642
TACGTGTACATCCGTG-1,-0.761218287,-0.0342951,0.416562299,-0.225174258,-0.743413037
TACGTGTTGCCACTGA-1,-0.500221168,-0.0956723,0.278769251,-0.046435584,-0.439930838
TACGTTACTGGTAGCG-1,-0.030753241,-0.2235913,-0.124075904,0.04876968,0.154570534
TACGTTATCCAGACGC-1,-0.289258396,-0.2463923,0.076724204,-0.028774289,-0.21320096
TACGTTCCACGCTCGT-1,-0.629567634,-0.4148002,0.582933276,-0.123126747,-0.345961851
TACGTTCTACCGCCAT-1,-0.459118331,-0.1502864,0.298363048,-0.025571317,-0.35185166
TACTAAGGAACATCAA-1,-0.492705639,-0.1066773,0.316537675,0.053940555,-0.36659907
TACTAGACTAGTGACA-1,-0.649719391,-0.251557,0.454757664,-0.366475795,-0.346091756
TACTAGGATCAATGGC-1,-0.505105893,-0.2638044,0.43159642,-0.104999204,-0.282112667
TACTAGTACACCTAAG-1,-0.716518112,-0.0494081,0.395069752,0.034802943,-0.68086315
TACTAGTACCGGATGG-1,-0.60798887,-0.1477166,0.324285049,-0.625514481,-0.504481807
TACTAGTGAGACAATG-1,-0.355966159,-0.4863367,0.404920912,-0.210415472,-0.052521649
TACTATGTTGAATCTT-1,-0.536655411,-0.2126239,0.325134774,-0.380304341,-0.42363338
TACTCACTACTCACTC-1,-0.217699935,-0.2866735,0.041678564,-0.188555069,0.011182248
TACTCCGAAGTAGAAT-1,-0.790562496,-0.0269112,0.475459366,0.00573626,-0.622393124
TACTCCGCCAATACAA-1,-0.676911867,-0.1855826,0.445366484,-0.071491272,-0.530055444
TACTCCTACATCAACT-1,-0.658881282,-0.2760328,0.499183722,-0.552013465,-0.454051987
TACTCCTGAAGGATTA-1,-0.18495378,-0.2544241,-0.013122809,0.061807805,0.027201189
TAGAACATGATTAACA-1,-0.087879927,-0.2487376,-0.046418993,-0.171239117,0.03441907
TAGAACGATTGCCTCC-1,-0.447863708,-0.2093737,0.279052424,-0.08432502,-0.308049398
TAGAAGTATTCAGTTG-1,-0.717660469,-0.1750478,0.433136184,-0.439027766,-0.600579517
TAGAATTCAACGTGGC-1,-0.668081146,-0.1871651,0.381997705,-0.040101432,-0.540277885
TAGACAATACTGGAAG-1,-0.123941929,-0.2644344,-0.040975206,0.066819056,0.093056977
TAGACACCGGCGTCAA-1,-0.043785181,-0.2433119,-0.10510572,-0.182944117,0.152696917
TAGACAGGAGATCATT-1,-0.400170309,-0.2741845,0.198142631,-0.017191022,-0.223302453
TAGACAGGATGCAATA-1,0.015919013,-0.3139646,-0.153074165,0.095750087,0.179699199
TAGACAGTTCAGATTA-1,-0.078203257,-0.2393021,-0.074032737,0.080330656,0.124628834
TAGACATACGTCTAAT-1,-0.657962288,-0.0573948,0.379665358,-0.452435584,-0.572508434
TAGACATATGGCGAGG-1,-0.683457645,-0.0222431,0.362896424,-0.02111876,-0.663403776
TAGACATGGTTAGGTC-1,-0.574391836,-0.276703,0.357327856,-0.054784091,-0.333423265
TAGACATTGACTTGCA-1,-0.327551275,-0.0938444,0.207570375,-0.077765141,-0.190748152
TAGACCAGGATATCGG-1,-0.461866185,-0.0498159,0.269338742,0.015715718,-0.359114927
TAGACCAGGTACGATC-1,-0.615911841,-0.2020233,0.391837294,-0.618271445,-0.482117862
TAGACCATCGATTGAG-1,-0.735017416,-0.1264135,0.435309631,-0.300771478,-0.619740895
TAGACCATTGCTTAGA-1,-0.789402144,-0.0714545,0.445285113,-0.025199099,-0.760832641
TAGACCGAAGCAGAGC-1,0.041395961,-0.2289231,-0.167117746,0.077037694,0.203817589
TAGACCGCGGAAGGAC-1,-0.79873013,0.01107401,0.452411841,-0.018102583,-0.726006212
TAGACCGGCCAGTACG-1,-0.770299159,-0.0515309,0.453428337,-0.614760703,-0.698885678
TAGACCTGAGGAGCTG-1,-0.787621728,-0.0559833,0.465217649,-0.29935351,-0.700726221
TAGACTAATATGGCGA-1,-0.674561445,-0.0845218,0.354011995,0.043697681,-0.638760247
TAGAGCAGACAGTCCA-1,0.072408967,-0.2504148,-0.184864635,0.108525177,0.242756519
TAGAGGCGATTGATTC-1,-0.804688112,-0.0684833,0.500845111,-0.028697296,-0.678368434
TAGATGAGCCGTCATT-1,-0.604839881,-0.3185513,0.500172834,-0.041002522,-0.369101031
TAGATGAGGACGCTTA-1,-0.478806459,-0.2730893,0.345189756,-0.194630905,-0.227681943
TAGATGCGTGCCAGCG-1,-0.727499542,-0.155113,0.446619679,-0.19233357,-0.607981914
TAGATGCGTGGTTGAA-1,-0.288584931,-0.2216434,0.046412007,0.07412689,-0.067328794
TAGATGCTGTATCGTA-1,-0.420713892,-0.0593981,0.215014153,-0.134803729,-0.372795998
TAGATGGCTGTATGCC-1,-0.797366347,-0.0376968,0.470157303,-0.167075876,-0.724149343
TAGATGGTTCCTGATG-1,-0.713349357,-0.1080425,0.40338246,0.025421149,-0.668348295
TAGATGTCACGGTCGA-1,-0.193968864,-0.3503499,0.070689699,0.116854308,-0.106544989
TAGATGTCGAGGCCAG-1,-0.273344975,-0.4767455,0.382672059,-0.04491466,0.029748094
TAGCAATACTCGAACA-1,-0.042940038,-0.3219307,-0.102332738,0.020456618,0.100178998
TAGCAATTATGGACCG-1,-0.275679271,-0.3678343,0.248427664,0.042292159,-0.176938582
TAGCAGTCGTCATGAA-1,-0.047374759,-0.2953701,-0.074490516,0.085162555,0.167815583
TAGCAGTGATTCTGTC-1,-0.684907748,-0.1045919,0.343648062,0.034408168,-0.630641088
TAGCCGCAATACCTGC-1,-0.061839084,-0.2341098,-0.091816543,0.077099376,0.130690396
TAGCCGCTGTGGCTGG-1,-0.579604049,-0.1840259,0.321153912,-0.11775384,-0.503675134
TAGCCGTAGCCAGGTG-1,-0.313647231,-0.2401357,0.196129044,0.033642501,-0.183318423
TAGCGGACCACTGTTA-1,-0.611084386,-0.0416255,0.368325901,0.068476955,-0.507381891
TAGCGTACCTTGACAT-1,-0.743019812,-0.0643374,0.387374551,-0.113486855,-0.668970048
TAGCGTACGGAGCGCC-1,-0.244395029,-0.20829,0.031321521,0.024894272,-0.033862306
TAGCGTATAGCGCTAA-1,-0.7135822,-0.1307726,0.471828426,-0.03083368,-0.469010774
TAGCGTCACGACAGGC-1,-0.229789602,-0.2347819,0.094701223,-0.07365322,-0.009363553
TAGCGTCTCAAGGTGG-1,-0.481573938,-0.3044914,0.320585544,-0.2558593,-0.357982406
TAGCGTCTCGGTCTAT-1,-0.039570673,-0.2438141,-0.100628508,0.018098899,0.160044073
TAGCGTGGCGCAAGCC-1,-0.582600607,-0.1489276,0.372615407,0.001411341,-0.470190094
TAGCGTGGTATTGTGC-1,-0.510581568,-0.2576393,0.332727196,-0.437973256,-0.382930764
TAGCGTTATGACCTCC-1,0.002915878,-0.2377726,-0.138811151,0.087858355,0.185754943
TAGCTACCATACTGCT-1,-0.585152999,-0.207059,0.380532733,-0.173466731,-0.442392767
TAGCTACCTGTAGGAT-1,-0.331627678,-0.2502659,0.111137477,0.129590734,-0.095629535
TAGCTAGAAGCGATCA-1,-0.628598487,-0.184559,0.374629487,-0.177912534,-0.463868387
TAGCTAGACACTGGTT-1,-0.470794839,-0.2487375,0.209135104,-0.30397327,-0.252169077
TAGCTAGAGCACGCCG-1,-0.351276576,-0.1983758,0.151124985,-0.090217455,-0.199451437
TAGCTAGAGGCCTGAA-1,-0.669504283,-0.2526503,0.49348389,-0.052077064,-0.465597013
TAGCTATGTTGAGCAC-1,0.028944124,-0.2296686,-0.159169296,-0.125509318,0.208832393
TAGCTCGAATCGTCCG-1,-0.670083746,-0.1801393,0.483811993,-0.173615194,-0.478441985
TAGCTTAACTAGGTTC-1,-0.32449552,-0.2332093,0.179769382,-0.008311415,-0.202394131
TAGCTTAAGCTGGCGT-1,-0.667155767,-0.1190116,0.404765251,-0.242524057,-0.609834049
TAGGACATCAGCATGG-1,-0.79446583,-0.0537644,0.470459452,-0.153327404,-0.713463069
TAGGACCAATTGCCAA-1,-0.490218432,-0.1248325,0.297493437,-0.016411827,-0.389510644
TAGGACGGCCAGCCGA-1,-0.773116218,-0.0530508,0.431091463,-0.155414868,-0.728193704
TAGGACTTCATGTTAT-1,0.059824282,-0.2310329,-0.152058904,-0.062400241,0.200263358
TAGGAGCCAGACTCAG-1,-0.043025594,-0.2644473,-0.0786025,0.059832191,0.174790312
TAGGAGGCGTATTGCC-1,-0.415394016,-0.0586933,0.234015699,0.088563289,-0.325928692
TAGGATGCACCGTTCA-1,-0.773049785,-0.1847749,0.532535927,-0.67060395,-0.575178552
TAGGCAGGCGGACGCC-1,-0.459788291,-0.0631859,0.286964365,0.000468855,-0.340946708
TAGGCAGTGCGTAGAC-1,-0.483090712,-0.244847,0.277524791,-0.107979935,-0.287147883
TAGGCATAAGTGAGGC-1,-0.449450032,-0.2514565,0.279464042,-0.149936452,-0.216755348
TAGGCATCGGAGCCTC-1,0.035351816,-0.2322348,-0.165725824,0.111667213,0.207840822
TAGGCATCTGCGGACC-1,-0.704464936,-0.2999479,0.559343871,-0.665774228,-0.449461076
TAGGCGAGCGATCGGT-1,-0.793040405,-0.0026274,0.438532606,0.020069508,-0.737661764
TAGGCGCATATCTAAC-1,-0.240616707,-0.2215272,0.032779754,-0.033732305,-0.039377067
TAGGCTCCGGCATACA-1,0.031729908,-0.2301967,-0.166813329,0.091159475,0.203670029
TAGGCTTATCTAGCTC-1,-0.251012456,-0.4400882,0.336193441,-0.046470674,0.034367229
TAGGTCCGTAGCCTAT-1,-0.640216302,-0.0992321,0.410316464,0.061043692,-0.479783118
TAGGTCGCCGCAACTC-1,-0.343516331,-0.0383573,0.1791899,0.090740355,-0.272699482
TAGGTCTACTCGTGAA-1,-0.354218792,-0.232765,0.233146512,-0.66426653,-0.224769921
TAGGTCTATGGATTAT-1,-0.012339437,-0.0258847,-0.002618237,-0.103061777,-0.00749879
TAGGTCTGCCTCTGTA-1,-0.04303629,-0.2364596,-0.098037414,0.075164217,0.161525989
TAGGTCTTGGCTCGTC-1,-0.673599182,-0.0846607,0.449972585,-0.638234239,-0.52956394
TAGTAAGCGGTGGATA-1,-0.341126852,-0.4479476,0.398776966,-0.105568367,-0.029955431
TAGTATAACCTCGACA-1,-0.651567591,-0.0562339,0.357096236,0.040644768,-0.577065709
TAGTATCCAATTACGT-1,-0.735224294,-0.0884892,0.411953427,-0.057025259,-0.69818673
TAGTATTGCCGAGTTG-1,-0.143312189,-0.2564416,-0.028487461,0.062827721,0.068147208
TAGTCACTGGATAGGC-1,-0.412642653,-0.1587237,0.311206119,-0.030889691,-0.259093134
TAGTGAACATGCAGAT-1,0.036459655,-0.2410912,-0.165707818,0.079898166,0.206862067
TAGTGAATGTTCAGTG-1,-0.807331176,-0.0139005,0.464029721,-0.530298394,-0.724719675
TAGTGACCAGTTGCGG-1,-0.039995181,-0.2511184,-0.109301017,0.087275267,0.159759517
TAGTGACCGTCGATTA-1,-0.053360875,-0.2723449,-0.075699728,0.071810182,0.146108264
TAGTGACTCAATTGCT-1,-0.760848986,-0.0840071,0.469922742,-0.094536465,-0.667836008
TAGTGACTCGCTCCGC-1,0.094344749,-0.237621,-0.207576148,0.093486421,0.25005119
TAGTGAGGACATGTTG-1,-0.633927804,-0.1105048,0.406315162,-0.566461768,-0.536173064
TAGTGAGGACGCGAAT-1,-0.330264937,-0.149716,0.231877636,0.082965179,-0.191496958
TAGTGAGGTATCGACC-1,-0.081523521,-0.237967,-0.069052266,0.063792344,0.114468409
TAGTGAGGTGCCATCA-1,-0.517890871,-0.0891476,0.327751242,0.026431979,-0.414918317
TAGTGATGACTCCTGG-1,-0.739871562,-0.10184,0.423994955,-0.104923669,-0.701461407
TAGTGCACATAGTCTG-1,-0.063266857,-0.2313288,-0.090085272,0.033310904,0.14356023
TAGTGCACTATTGTCA-1,-0.643252868,-0.1764681,0.399184389,-0.69189702,-0.528278455
TAGTGCACTTGTACCG-1,-0.4214961,-0.3278483,0.263879919,-0.041517362,-0.137932711
TAGTGCAGCTGGCGTC-1,-0.100753553,-0.2217832,-0.080582895,0.07673443,0.089908922
TAGTGCAGTGCGGTAG-1,-0.77324518,-0.1134435,0.453144103,-0.086635253,-0.69232599
TAGTGCGTGGAGAAGT-1,-0.00878093,-0.2275154,-0.138493834,0.095671873,0.172792477
TAGTGCTGTAGCGTTG-1,0.000309707,-0.2330132,-0.139487944,0.067854731,0.185533157
TAGTGGTTGAACCAAT-1,-0.370853621,-0.2061668,0.23082666,0.054180363,-0.2089434
TAGTTACATAGAAGAT-1,-0.653756909,-0.1365994,0.324887902,-0.593196638,-0.472226447
TAGTTCAAGGTCCACG-1,-0.623116751,-0.1422973,0.378289982,-0.094929884,-0.528076409
TAGTTCAATCGACCTC-1,0.071649768,-0.2242552,-0.179917333,0.043981737,0.229046377
TAGTTCACAGGCAATG-1,-0.569911348,-0.0760034,0.327072778,0.06195246,-0.518111537
TAGTTCCGATAGAATC-1,-0.780439026,-0.1521773,0.50209316,-0.098997628,-0.628687851
TAGTTCGAAGACATGC-1,-0.125379043,-0.3736756,0.028783964,0.106676944,-0.048418818
TAGTTCGAATTAGCGG-1,-0.636182265,-0.2211295,0.40806775,-0.071000514,-0.418014996
TAGTTCGAGTAGGAAG-1,-0.774917557,-0.1139586,0.508226541,-0.560356369,-0.619442504
TAGTTCGATCCTCACG-1,-0.619294978,-0.1240938,0.320788347,-0.036061861,-0.47999092
TAGTTCGTTGCTAATT-1,-0.01105238,-0.2248364,-0.12999126,0.059322548,0.178620594
TAGTTCTGTCTGATAG-1,-0.387342413,-0.4083495,0.323566644,-0.404008808,-0.141015651
TAGTTGAGCCAGCCAG-1,-0.351627225,-0.1867739,0.176447156,-0.186871817,-0.170673483
TAGTTGAGCGACGCTA-1,-0.734040847,-0.1334581,0.443725612,-0.266113389,-0.619800009
TAGTTGAGTTCTGCAC-1,-0.346109449,-0.2314073,0.123121348,-0.053772222,-0.181797012
TAGTTGGCTTAGGCCT-1,-0.297360917,-0.2370847,0.104651409,0.034105482,-0.166756065
TATCAACGAATATGAG-1,-0.749322036,-0.0051995,0.416608014,0.012783317,-0.699377517
TATCAAGGCCGCGTGG-1,-0.612135891,-0.0754614,0.392410226,-0.017393162,-0.492310871
TATCAAGGCTCGTCGG-1,-0.698410018,-0.1442526,0.430472296,-0.114513017,-0.567145774
TATCAATCGCCGAGTG-1,-0.635136,-0.2770593,0.500108616,-0.327010242,-0.389197381
TATCAATGCCGCTCAC-1,-0.575305403,-0.260735,0.371323239,-0.658086809,-0.363829219
TATCACATAGCGAACT-1,-0.473508592,-0.1309425,0.298157995,0.037684745,-0.351424485
TATCACCGGCATCGTG-1,-0.510971968,-0.1637525,0.208924623,0.026237364,-0.361198195
TATCACTTCGAGCCGT-1,-0.626783367,-0.1564517,0.430828466,-0.169586573,-0.438392767
TATCATGGATGTTGCC-1,-0.353590902,-0.1751032,0.109327996,0.019167967,-0.152790427
TATCCAAGCGCCGTAG-1,-0.552577008,-0.1622815,0.343761859,-0.032538348,-0.402289786
TATCCAATACCGCAAT-1,-0.426936562,-0.0974255,0.23874498,0.087961571,-0.307919864
TATCCACTTGCGTATC-1,-0.831380137,-0.0932901,0.522411228,-0.204536787,-0.699756751
TATCCGACGTCTAGAT-1,-0.322747189,-0.2047228,0.135617466,-0.147328214,-0.16802476
TATCCGATCTTGGCGG-1,0.064757932,-0.2568889,-0.167864492,0.088133035,0.248869788
TATCCGGAATGAGCGG-1,-0.119729642,-0.2994698,-0.060022606,-0.064825185,0.082934704
TATCCGTAAGCCAGCG-1,-0.448294271,-0.1586897,0.195324171,-0.459393149,-0.31995107
TATCCTGCGGTTGATC-1,-0.813914118,-0.0598073,0.504874941,-0.129556661,-0.661530533
TATCCTGGCCGGCATA-1,-0.669090696,-0.2552933,0.450743099,-0.184981053,-0.465140583
TATCCTTACCACGACT-1,-0.473702801,-0.2441694,0.278564514,-0.101798765,-0.262222042
TATCGGCTTCCTCGAA-1,-0.746421518,-0.211802,0.508854008,-0.238182503,-0.553228102
TATCTAATCACCTCGG-1,-0.675875185,-0.0108414,0.377859991,0.059647615,-0.608338297
TATCTAATGCATTACA-1,-0.580724407,-0.067031,0.33130189,0.082293442,-0.508637092
TATCTAGGAGTGGACA-1,-0.726930648,-0.0048672,0.40933489,0.028003643,-0.670956252
TATCTAGTCGCATGCA-1,-0.000555989,-0.1693492,-0.117808858,-0.023781596,0.139216365
TATCTAGTGAATGATC-1,-0.413487264,-0.1458378,0.193442031,-0.117689443,-0.244213202
TATCTAGTGAGGTAGG-1,-0.149511077,-0.2326013,0.034740504,-0.061125455,0.012700815
TATCTAGTGCCATATT-1,-0.630810669,-0.1222265,0.344700346,0.015587711,-0.478000142
TATGAACTACGCGGTG-1,-0.709502836,-0.2454424,0.463725112,-0.081159982,-0.600813832
TATGAAGCGACCGTCC-1,-0.484138894,-0.3706357,0.402428921,-0.725425917,-0.249758363
TATGACAAGTGGAAGA-1,-0.516530883,-0.078528,0.327283344,-0.367698909,-0.386153447
TATGACAATGCTTGAA-1,-0.794097799,-0.1261814,0.542382533,-0.199258325,-0.608395462
TATGACAGCGAGAAGC-1,-0.036173674,-0.2370693,-0.122351953,0.07284366,0.146240906
TATGACCGATGAAGTG-1,-0.684144014,-0.1658744,0.376222648,-0.103223293,-0.590073881
TATGACGCCTTCCGTG-1,-0.641602463,-0.0686771,0.361258551,0.03905646,-0.605849273
TATGACGCGTATGTCG-1,-0.786955765,-0.1327021,0.500387934,-0.109558208,-0.603561953
TATGACGGAGATTGGC-1,-0.683725863,-0.0869287,0.401787206,-0.468996396,-0.589726874
TATGACTCAATGATCG-1,-0.023156549,-0.2463954,-0.122797658,0.09934752,0.164554463
TATGAGCCGCAATCCG-1,-0.509539801,-0.1153406,0.317764253,0.066417818,-0.404386424
TATGAGCGATCCATTA-1,-0.812819676,-0.0998128,0.519979638,-0.439119939,-0.640943585
TATGAGGATCTACTGG-1,-0.762833658,-0.065863,0.43147317,-0.006568134,-0.616261686
TATGAGTTCCGAGTGA-1,-0.392637877,-0.205187,0.160677036,-0.047353955,-0.249254302
TATGCCACAGCCGGTG-1,0.001561318,-0.2674419,-0.098037757,-0.049277815,0.138208059
TATGCGTACCTGAGTC-1,-0.151156809,-0.3069091,0.03225832,-0.167701246,0.022234879
TATGCTCCTGGTTAGT-1,-0.149406036,-0.238905,-0.047048388,0.123006651,0.04911428
TATGGAGTTCTACGGC-1,-0.030416379,-0.2632706,-0.107370001,0.067494528,0.167287649
TATGGATATGGTGCGA-1,-0.653433867,-0.2277948,0.408376977,-0.427687514,-0.538378678
TATGGCAGTTCGTCTA-1,-0.49878896,-0.210238,0.36659204,-0.171092559,-0.301350898
TATGGCCATAATAGAC-1,-0.708607893,-0.1192451,0.442790818,-0.238140157,-0.574790841
TATGGCCGGCGACACT-1,-0.754597565,-0.1752049,0.498134767,-0.052725464,-0.587654913
TATGGCCTCACGTACA-1,-0.712196742,-0.125822,0.432083559,-0.219382761,-0.610479976
TATGTAGAGCTGATCA-1,-0.745805502,-0.2422247,0.543887421,-0.174060087,-0.534801046
TATGTCATAAGCGTCG-1,-0.519731801,-0.0894415,0.344825324,0.027578838,-0.408415622
TATGTCGAGGTTGAAG-1,-0.694066945,-0.0809217,0.414589649,-0.139999139,-0.580471372
TATGTCTAAGACGCAA-1,-0.69060473,-0.1524646,0.457827574,-0.067888963,-0.579794634
TATGTTAGGCCGAACC-1,-0.316192257,-0.2704055,0.144525762,-0.713558827,-0.093299689
TATGTTGCAGTCTAGG-1,-0.278895144,-0.244284,0.08454322,-0.119540647,-0.082589179
TATGTTGGAGTTGTAA-1,-0.802108215,-0.079283,0.471763795,-0.375322856,-0.695840719
TATGTTGGCGAGAACA-1,-0.710333135,-0.1953843,0.425876333,0.016812386,-0.639767572
TATGTTGGTAGGTCGT-1,-0.454782353,-0.1172028,0.272775804,-0.029095101,-0.31983989
TATGTTGGTCCAGTGA-1,-0.774196023,-0.1438332,0.490070649,-0.078788076,-0.651226464
TATTAACTTCCGCTCA-1,-0.783860921,-0.0532846,0.448988326,-0.398261852,-0.710518129
TATTAAGCAGCGCCGG-1,0.059033009,-0.2921718,-0.126787499,-0.009407246,0.18117864
TATTAATAGAATGGCA-1,-0.675806989,-0.2967943,0.493755147,-0.27825884,-0.452602468
TATTAATATGTCGACT-1,-0.76092268,-0.0933871,0.447796816,0.002088642,-0.691595392
TATTCCGGTTGTTAAT-1,-0.784974256,-0.182835,0.506090106,-0.007912514,-0.668447008
TATTCGACAACCGTGA-1,-0.282819054,-0.2709941,0.108561285,-0.01402753,-0.07383402
TATTCGACATTACTAT-1,-0.476312199,-0.234213,0.291647284,-0.15316037,-0.290457321
TATTCGATGATCTAGT-1,-0.393070175,-0.0850025,0.24332763,0.042588236,-0.284005033
TATTCGGTGGAGATTC-1,-0.693428068,-0.2190785,0.509889955,-0.448592504,-0.471725453
TATTCGTCTGCGGTGG-1,0.11819847,-0.2438648,-0.233223274,0.070685671,0.228682286
TATTCGTGCGTTCTGG-1,0.02176014,-0.2461889,-0.155231376,0.090365212,0.19978487
TATTCGTTAACAGGCA-1,-0.016681865,-0.2321819,-0.12565518,0.073296056,0.170866389
TATTCGTTAATGCTCC-1,-0.101616697,-0.2626729,-0.040950341,-0.596252346,0.118625219
TATTCGTTATCGCCTG-1,-0.495477859,-0.3639899,0.437696653,-0.097878744,-0.239740869
TATTCTAAGGCTCATC-1,-0.623303417,-0.22807,0.435854854,-0.106777991,-0.339847433
TATTCTAGAATCGGAC-1,-0.500616915,-0.1794353,0.296476283,-0.093071754,-0.354167947
TATTCTCAGCGGCTGG-1,-0.566079643,-0.1406758,0.390710556,-0.183830792,-0.385839041
TATTCTCCTATGATGG-1,-0.778092372,-0.1727077,0.468769523,-0.123248956,-0.723584748
TATTCTCGTGCTTGGC-1,-0.640194167,-0.1826121,0.39922333,0.011938294,-0.52630304
TATTGAATCCGACTAA-1,-0.264999684,-0.1992608,0.079323931,-0.008537438,-0.10239223
TATTGAATGAATGTGG-1,-0.127833366,-0.3327473,0.005248428,0.094330929,0.118898615
TATTGAATTAAGCGTT-1,-0.150555589,-0.2328623,0.005743529,-0.12836657,0.002811399
TATTGAGCATGGACCG-1,-0.446749866,-0.1925598,0.218693775,-0.134714404,-0.29146932
TATTGATCGTGATCTT-1,-0.668347118,-0.1913385,0.432006334,-0.400038106,-0.550480079
TATTGATCTACTTCGG-1,0.122424477,-0.2718002,-0.214191059,-0.010756852,0.189820607
TATTGTTAACCGAGAC-1,-0.73730687,-0.0975639,0.412185808,0.039766304,-0.707065004
TCAACAATGGAGGCCT-1,-0.764434643,-0.1662632,0.533187039,-0.251572928,-0.58353596
TCAACACCAATCATTA-1,-0.723374073,-0.205143,0.480610061,-0.062528948,-0.552474169
TCAACAGGACAGCAAC-1,-0.106383589,-0.2232061,-0.075861685,0.087483497,0.083047823
TCAACAGGCCATGCCG-1,-0.122656393,-0.2160718,-0.056426496,0.060294653,0.068429543
TCAACATGGATACAAC-1,0.044993268,-0.2353812,-0.165770219,-0.046850147,0.147381356
TCAACCGGAGACCTCG-1,-0.72569187,-0.11238,0.382031682,-0.110280196,-0.710718239
TCAACGTCTTCGGTCC-1,-0.405039287,-0.1003703,0.25240214,-0.130313425,-0.263030537
TCAAGGAACCTATTGC-1,-0.03726131,-0.250646,-0.111890093,-0.077266791,0.149316962
TCAAGGACGTTAGGAG-1,-0.183046444,-0.4172733,0.24942529,0.017549569,0.021148057
TCAAGGCAACGCGGCT-1,-0.698747038,-0.0406544,0.3917266,-0.674016149,-0.601454686
TCAAGGCCATAGCCTG-1,-0.581202984,-0.0998472,0.32903603,-0.027544512,-0.413834809
TCAAGGCGTCTACTCC-1,-0.489777723,-0.1130525,0.303383895,0.03783546,-0.365261931
TCAAGGTACACGAAGA-1,-0.010377137,-0.2542368,-0.121095733,0.039629832,0.181145767
TCAAGGTATCAACTTA-1,-0.782502524,-0.1558269,0.543213062,-0.625439479,-0.537703952
TCAAGGTCTGAATATG-1,-0.657275985,-0.1775842,0.416724951,-0.365941863,-0.471302996
TCAAGTGATGGTTAAT-1,-0.376723527,-0.2315303,0.132570786,-0.025395575,-0.252091982
TCAATATTCCGGTTAG-1,-0.247166398,-0.1216725,0.151631816,0.078174736,-0.078309319
TCAATATTCGACAAGA-1,-0.024460695,-0.3297648,-0.124133743,0.02910021,0.125822963
TCAATCAGATGACGTG-1,-0.26596487,-0.247519,0.079635723,-0.123216074,-0.152089646
TCAATTAATAGAACCT-1,-0.472152487,-0.1904417,0.310417484,-0.096612817,-0.289613666
TCAATTATACCAGAAC-1,-0.532454006,-0.2955314,0.397525228,-0.07446385,-0.344986399
TCACAAGACTTAGCTT-1,-0.315453609,-0.1883455,0.156310452,-0.0970309,-0.076521261
TCACAAGATGACTCGA-1,-0.233982261,-0.1755957,0.140490427,0.095173979,-0.082039736
TCACAAGCTCGAGGCA-1,-0.819480184,-0.0468451,0.493358082,-0.031198572,-0.695713081
TCACAAGGAGAACAAG-1,-0.549151649,-0.0860591,0.33144186,0.015428132,-0.445769377
TCACAGCACCAAGGTT-1,-0.443713495,-0.1845025,0.158228833,0.063152095,-0.246321828
TCACATAAGCGTTGCC-1,-0.783092228,-0.0825235,0.466201644,-0.047467699,-0.681963421
TCACATAGACCTCCGT-1,0.021051702,-0.2366067,-0.149900583,0.078825907,0.201730966
TCACATCCTGTCGCGG-1,-0.343680623,-0.1589479,0.109116431,-0.079771684,-0.137334244
TCACATCCTTATACAG-1,-0.47572187,-0.3959057,0.420247646,-0.138577314,-0.190065614
TCACATCCTTCTCAGT-1,-0.813731595,-0.008993,0.474641795,-0.071084299,-0.740083688
TCACATGGATAACTGT-1,-0.560074321,-0.0388256,0.312045799,0.085585298,-0.49867374
TCACATTGTCGGTGAC-1,-0.812323873,-0.0924065,0.487655231,-0.110472007,-0.706801884
TCACCATAGATTGTTA-1,-0.723137924,-0.1419831,0.455150952,-0.701592978,-0.564328245
TCACCGTTGCTAATGG-1,-0.798952919,-0.0514296,0.487121469,-0.017963162,-0.662073542
TCACGACATCAGAAGG-1,-0.325772834,-0.2127599,0.110366221,-0.392973874,-0.106007366
TCACGATACCTAGCCA-1,-0.646628824,-0.1700097,0.449842345,-0.287437132,-0.455918541
TCACGCTATCCACTAC-1,-0.427083173,-0.2148096,0.307880281,-0.01976976,-0.245374277
TCACGTCTAAGACTAG-1,-0.424396333,-0.2239634,0.303999975,0.022911583,-0.2090286
TCACTAACGTATAGTT-1,-0.11716655,-0.3083321,-0.015729391,-0.185268669,0.123581631
TCACTACCAAGCCTGT-1,-0.407804233,-0.2185718,0.278958067,-0.010218595,-0.204978258
TCACTACGACTCTGCG-1,-0.405350542,-0.304138,0.237771785,-0.256530872,-0.252443887
TCACTCCGCTCACTGG-1,-0.770192235,-0.0822236,0.436487911,0.011516224,-0.74229523
TCAGAATCCTACGGTG-1,-0.605118357,-0.2981621,0.412121531,-0.166691053,-0.332423574
TCAGAATCGATATCAT-1,-0.795652683,-0.0181552,0.459782606,-0.128164038,-0.643516441
TCAGAATCTAATAGTC-1,-0.645242814,-0.1401687,0.378671659,-0.074633152,-0.46944066
TCAGACCGGCCTGCTC-1,-0.747812795,-0.0610048,0.426731775,-0.032533759,-0.698765654
TCAGATTACCAGGTTA-1,-0.296404382,-0.1960534,0.084294193,0.007372882,-0.082386946
TCAGCGCCTAGTCTTA-1,-0.69357924,-0.1665716,0.467000503,-0.201505521,-0.572113184
TCAGCGTGACCTTACC-1,-0.65654302,-0.3866655,0.604282624,-0.627533459,-0.319028536
TCAGCTACCAACTCCG-1,-0.732113726,-0.0867413,0.419889318,-0.190867756,-0.666481289
TCAGCTAGGATGTACT-1,-0.80986086,0.00854339,0.475271826,-0.0286774,-0.700503596
TCAGCTATTAATCGCT-1,-0.757628969,-0.1199863,0.463401494,-0.017407911,-0.612296739
TCAGCTCGATGACTTC-1,0.035936498,-0.2163236,-0.152079329,0.026856903,0.207317061
TCAGCTCGCCAGGATG-1,-0.661113797,-0.1219669,0.402441798,-0.504219389,-0.550525833
TCAGGAATAGAACCTG-1,-0.728169264,-0.1338332,0.432979276,-0.18201903,-0.562673411
TCAGGAGCAACGGTCG-1,-0.790845291,-0.0269033,0.478073458,-0.090038723,-0.662755007
TCAGGATACACTACAA-1,-0.647702885,-0.1459636,0.377513437,-0.191632517,-0.583048275
TCAGGTCTAGTAAGCA-1,-0.492447199,-0.1563813,0.238679723,-0.019438853,-0.31597869
TCAGGTTGGCCTTGGC-1,-0.220078224,-0.3883192,0.225951959,-0.03889963,0.04409005
TCAGTATGTAGGACAA-1,-0.727046126,-0.1812288,0.513917038,-0.385568556,-0.535185099
TCAGTCAGCGATCAGA-1,-0.325653941,-0.3677021,0.229975247,-0.553098028,-0.144182906
TCAGTCATTGCAAGTG-1,-0.374337013,-0.0691567,0.221258985,0.088122881,-0.281376145
TCAGTCCAACGGAAGT-1,-0.017599354,-0.2181536,-0.129313754,0.007122249,0.146068911
TCAGTCCGGCGATTGG-1,-0.397667429,-0.0345571,0.21686756,0.081439068,-0.313430857
TCAGTCGAAGTATCTA-1,-0.405174918,-0.2019179,0.165332855,-0.241828446,-0.160040136
TCAGTCGAGCGATGAA-1,-0.149757623,-0.2524339,0.026802209,-0.021721788,0.104817066
TCAGTCGCCAAGGTTG-1,-0.749716415,-0.149534,0.47985817,-0.243907143,-0.615642099
TCAGTCGTCACTGAGC-1,-0.41283066,-0.2440682,0.200213421,-0.031121375,-0.153819787
TCAGTCGTGCCGGCAG-1,-0.6953367,-0.1322436,0.422678218,-0.234052359,-0.572338826
TCAGTCTGAGTGCTTG-1,-0.220594518,-0.2020498,0.015697319,0.054670776,-0.010248539
TCAGTGAAGAGTTCTA-1,-0.206077216,-0.2312252,-0.004188305,-0.088758856,-0.087075731
TCAGTGCCAAGTAGCA-1,-0.675551315,0.00117448,0.372850426,0.063813243,-0.626265983
TCAGTGTAGGACGTCG-1,-0.45874916,-0.3972746,0.42565135,-0.589701177,-0.191124493
TCAGTTCAGAATCTCG-1,-0.704864328,-0.0775731,0.370433936,0.042532243,-0.560425746
TCAGTTCTCCGGACCG-1,-0.794321213,-0.1793203,0.538833802,-0.38529197,-0.603389793
TCAGTTGACAGTGCCA-1,-0.688645729,-0.2144072,0.45444129,-0.447090254,-0.470725883
TCAGTTGCAGTTCTTA-1,-0.309452402,-0.1355386,0.184800904,0.055476764,-0.188157616
TCAGTTGCTAAGCCTA-1,-0.676448399,-0.2354093,0.462894032,-0.154380404,-0.499026045
TCATAATTCGTGCAGA-1,-0.714919063,-0.1885175,0.487161778,-0.085422268,-0.53096427
TCATACTGGTGAACCG-1,-0.760317023,-0.0515184,0.430052925,0.027607022,-0.714050997
TCATAGCTTCCAGTAC-1,-0.712398033,-0.0696325,0.388935893,-0.197072758,-0.585361003
TCATAGGTAGTGACGA-1,-0.635161559,-0.1445879,0.325222263,-0.045948041,-0.492866124
TCATAGGTATTGCGTG-1,-0.799873648,-0.1181296,0.483085817,-0.036768076,-0.716826976
TCATAGGTGAGTCGAC-1,-0.561662573,-0.157383,0.301477958,-0.03924143,-0.4245447
TCATAGTACTAGTTCA-1,0.122341408,-0.2365341,-0.239101664,0.124738099,0.24749352
TCATAGTAGACTCATA-1,-0.20994405,-0.2161382,0.026605286,-0.157394435,-0.044203011
TCATCCACGTGGTCAC-1,-0.690140599,-0.1655135,0.39694413,-0.236039998,-0.510827509
TCATCCATGCCAAGCG-1,0.09429595,-0.2617177,-0.181754107,0.018847468,0.214892051
TCATCCGATTGAATTC-1,-0.131289877,-0.2866126,-0.018902341,0.024717042,0.103008413
TCATCCTAGGACTCGC-1,-0.324022761,-0.2238498,0.135623953,-0.067842508,-0.083199149
TCATCGCTGCGTATTG-1,0.079536069,-0.2184443,-0.188497859,-0.061148189,0.182102773
TCATCGCTGTGCAACA-1,-0.771075697,-0.051304,0.463647542,-0.017328077,-0.675023412
TCATCGGCCTGTGCGG-1,-0.429841032,-0.401618,0.461486755,-0.234001921,-0.13282481
TCATCGGTCTCAGTTC-1,-0.275796833,0.00964189,0.142963211,0.025124907,-0.218843674
TCATCGTTATGTATCT-1,-0.681548124,-0.1112533,0.393390083,-0.061277256,-0.557934062
TCATCTATCCACGATT-1,-0.734028661,-0.0925397,0.421971656,-0.247980302,-0.65543812
TCATCTCATGATACGT-1,-0.364467285,-0.2463707,0.167498613,0.018379298,-0.198152052
TCATCTCCAACCACCT-1,-0.771203712,-0.1366159,0.478635255,-0.059149923,-0.579013213
TCATCTCCAGCCGGTG-1,-0.225452059,-0.2889513,0.059423439,0.090841229,0.039119448
TCATCTGCCGCTATTC-1,-0.300426054,-0.143262,0.177129386,-0.038138043,-0.144177835
TCATCTTCCACGTATG-1,-0.379184276,-0.1992007,0.118690084,0.035872764,-0.187152517
TCATCTTCGACACCGT-1,-0.687044827,-0.2506078,0.438174934,-0.156965716,-0.525858597
TCATGAGGCTTGACGC-1,-0.037017263,-0.2201929,-0.112037571,0.06936157,0.134922318
TCATGAGGTTGATATG-1,0.048082023,-0.239046,-0.175254821,0.072324708,0.217727395
TCATGAGTAAGACATC-1,-0.655556883,-0.0652011,0.354681282,0.032582164,-0.578041426
TCATGATTCACTCAGT-1,-0.636989964,-0.0771421,0.356196699,-0.061034706,-0.583761807
TCATGATTCTGATACT-1,-0.650499417,-0.1262357,0.371930039,0.023755871,-0.520722844
TCATGCAGCGCCTTCG-1,-0.5563259,-0.012662,0.307403725,0.088619336,-0.491829853
TCATGGTTCCGAACTT-1,-0.493584224,-0.3590557,0.415521596,-0.043028924,-0.252591397
TCATTACGGCACAGTA-1,0.000119468,-0.2811932,-0.109985085,0.062916871,0.202286031
TCATTCACGCGAGCTC-1,-0.119906018,-0.3691578,0.157009408,-0.040261062,0.133137532
TCATTCACTGTAATGG-1,-0.377138285,-0.151025,0.142447312,0.027342447,-0.200697521
TCATTCTGATGGTGCG-1,-0.633461052,-0.1731823,0.35854364,0.01191374,-0.578654164
TCATTCTTGGCATCGG-1,-0.603720217,-0.3041503,0.474102404,-0.217721988,-0.360893086
TCATTGATAGACTTGC-1,-0.811481236,-0.023119,0.472820648,-0.010745721,-0.733685987
TCATTGATAGGTGGAA-1,-0.092466381,-0.2424611,-0.064695491,0.024954483,0.081285872
TCATTGCAAGTGCTCA-1,-0.290848675,-0.0989163,0.194533824,0.055713455,-0.181795013
TCATTGGCGACCGACG-1,-0.287978273,-0.2526484,0.08087619,0.028510151,-0.080332441
TCATTGTTCAATGCGT-1,-0.785805403,-0.0227126,0.429670155,-0.038223001,-0.730797584
TCCAACAGATGCGGCA-1,-0.37059662,-0.2858314,0.206578144,-0.2549622,-0.171347329
TCCAACATGACCGGTC-1,-0.678730343,-0.0783713,0.379868059,0.049172542,-0.632190691
TCCAACGAAGATGCTT-1,-0.489488975,-0.196762,0.295431195,-0.293681742,-0.340100997
TCCAACGCGACGTTGG-1,-0.558471518,-0.0591947,0.309474674,0.054392066,-0.479835525
TCCAACGTGGTTGTTC-1,-0.76442574,-0.0179999,0.436799185,-0.01710133,-0.6933759
TCCAACTAAGACTCCA-1,-0.615123395,-0.1487152,0.405865887,-0.57585467,-0.451989577
TCCAACTGAATAAGGT-1,-0.809234896,-0.0657849,0.482192207,-0.070981688,-0.68878034
TCCAACTGCCGCCATA-1,-0.474158231,-0.1301755,0.309819302,-0.269317803,-0.322748405
TCCAACTGGCTGAAGA-1,-0.294027488,-0.2157028,0.066081548,0.035607823,-0.093523716
TCCAAGACCGCTTGAT-1,-0.624530602,-0.183364,0.380080981,-0.332488194,-0.498484916
TCCAATAACGTGCTAG-1,-0.68771003,-0.187871,0.437742618,-0.106077551,-0.599938128
TCCAATACTATCTGTT-1,0.024310283,-0.2326062,-0.161064982,0.076440272,0.191088778
TCCAATACTGGAGCGT-1,-0.409006684,0.00462219,0.24520612,0.069620508,-0.344582913
TCCAATCCAGATACAT-1,0.089814186,-0.2211066,-0.197787441,0.058367327,0.251968765
TCCAATCTAACACGCA-1,-0.695654521,-0.0830957,0.382743617,-0.029037166,-0.595222175
TCCAATGCAAGTATCT-1,0.073060467,-0.2344761,-0.19124822,0.112322546,0.239333068
TCCAATGTCCACGAGC-1,-0.186513137,-0.21247,-0.018692935,0.053655107,0.015621702
TCCAATTAGCAATCAA-1,-0.80565796,-0.19998,0.556676509,-0.572023808,-0.619197012
TCCAATTCCTGTGCGA-1,-0.44004818,-0.3327047,0.280028097,-0.142290844,-0.183888856
TCCAATTGGTTACAGT-1,-0.768686528,-0.1160545,0.499599516,-0.037820577,-0.607543686
TCCACCAAGTGACGAA-1,-0.508603305,-0.3685059,0.465276041,-0.030467976,-0.274984817
TCCACGCTGAGTACTT-1,-0.50688866,-0.3152004,0.307053257,-0.585029878,-0.252619781
TCCAGAGGCAAGAACT-1,-0.40969746,-0.1148935,0.210398043,-0.213061357,-0.396962625
TCCAGAGGTCGACAGC-1,-0.415777182,-0.1557674,0.256650078,-0.044224633,-0.23332003
TCCAGATCGGTCGAGT-1,-0.416641151,-0.2394382,0.269336072,-0.029522175,-0.304443703
TCCAGATCTTCGCTTA-1,0.061299244,-0.2386037,-0.175820617,0.049093293,0.233817572
TCCAGCTCTGCTATAG-1,-0.323116173,-0.1590979,0.167158833,0.00104331,-0.234677422
TCCAGTACCGAGCGCA-1,-0.3510617,-0.0924376,0.19762831,0.005188553,-0.215123406
TCCAGTACGTGCTATG-1,-0.768127353,-0.1093669,0.465570897,-0.327107323,-0.691005202
TCCAGTCACGGTGGCT-1,-0.092338872,-0.2248294,-0.079024083,0.117273972,0.107527574
TCCAGTCAGTACATTA-1,-0.378067187,-0.1301022,0.259998687,-0.007107876,-0.273361796
TCCAGTGATGCGTATC-1,-0.155681848,-0.227163,-0.034540203,0.09179276,0.040651979
TCCAGTGATTGGTGCT-1,0.053568482,-0.2279875,-0.168261456,0.041582875,0.228859707
TCCAGTTGAAGTAGCA-1,-0.445386765,0.00876979,0.245907516,0.084462532,-0.367427713
TCCAGTTGCGGTGCAC-1,-0.584619806,-0.1551282,0.34549574,-0.01537096,-0.463998971
TCCAGTTGTACCTGTC-1,-0.706215833,-0.0366132,0.416094637,-0.030237953,-0.626122186
TCCATAGCGACTCAGT-1,-0.55406253,-0.0279779,0.309539045,0.05974913,-0.485881749
TCCATCGGCTAGACGA-1,-0.227254741,-0.2663492,0.030238023,-0.083858729,-0.063586696
TCCATGATGTGATCAA-1,-0.755163649,-0.0978463,0.411231438,-0.220040305,-0.765545262
TCCATGCCATTCCAGC-1,-0.585753077,-0.4338068,0.573993294,-0.291725608,-0.225315942
TCCATGCGTCCACCAG-1,-0.602831426,-0.2186908,0.385685331,-0.711683747,-0.464077351
TCCATGCGTCGGTTAC-1,-0.782378343,-0.1263499,0.493854711,-0.099637123,-0.618795765
TCCATGTCGGACCGAC-1,0.074367874,-0.2345807,-0.203140782,0.137977766,0.211949578
TCCGAACATAGTCTGA-1,-0.504250802,-0.1740758,0.234963793,-0.006613266,-0.346003852
TCCGAACCTCAACCAT-1,-0.764389897,-0.2410322,0.581637733,-0.175809471,-0.532266759
TCCGAAGTGACAGGCT-1,-0.767711885,-0.0859871,0.452585642,-0.028812274,-0.710938001
TCCGAATACCGAATAG-1,-0.00423888,-0.2575783,-0.120206373,-0.156797572,0.186719917
TCCGAATACTCGCTGG-1,-0.018093398,-0.2436822,-0.124072615,0.098074458,0.164776015
TCCGAATAGAAGCACC-1,-0.364895407,-0.2229451,0.122738639,0.006084763,-0.185183814
TCCGAATCATGTTGTC-1,-0.795645412,-0.099092,0.491493173,-0.130962703,-0.665652442
TCCGAATCGCAGGTTC-1,-0.617976222,-0.09806,0.386642174,-0.009959225,-0.50243495
TCCGACCGCAAGTCCT-1,-0.526393959,-0.0694102,0.332303703,-0.573990749,-0.403838073
TCCGAGACAATACGCA-1,-0.049131906,-0.0208733,0.009767011,-0.018898195,0.090613164
TCCGAGTACGACTTAG-1,-0.778589612,-0.0831544,0.471502468,-0.330848576,-0.604623211
TCCGATGCGTATCCGG-1,-0.359090341,-0.1960001,0.10028269,-0.009303929,-0.195725844
TCCGCCAACATTGCTC-1,-0.733182522,-0.0492783,0.395994043,0.001892183,-0.674039534
TCCGCCAAGGTCCGTT-1,-0.626429709,-0.0923318,0.406410277,-0.118387738,-0.498277405
TCCGCCAGTGATTAAT-1,-0.830233345,-0.0413644,0.536191119,-0.031794455,-0.646475458
TCCGCCGGTCTATTCA-1,-0.736504659,-0.0708147,0.433272243,-0.280262562,-0.644074924
TCCGCCTTGTTCTGAT-1,-0.389072594,-0.126125,0.213707735,-0.049248143,-0.283117883
TCCGGCTATGCTCAGT-1,-0.550985275,-0.1782752,0.400227656,-0.223428401,-0.366918935
TCCGGCTCTATGGACA-1,-0.73274249,-0.1858544,0.505037831,-0.614446284,-0.569249793
TCCGGTACGTGGCCTC-1,-0.754787993,-0.2197623,0.568354261,-0.062486685,-0.528431513
TCCGGTTCCGTTCTAG-1,-0.443684099,-0.1584264,0.269995453,0.049218815,-0.261690739
TCCGTACTATCCTGCT-1,-0.510013631,-0.1085751,0.287919916,0.050758659,-0.428892664
TCCGTCACGCTAAGGT-1,0.000314149,-0.2317792,-0.100593374,-0.099518632,0.145448668
TCCGTCATAAGATGAC-1,0.054587192,-0.3066502,-0.183546508,0.100191078,0.201813321
TCCGTCCACTCGGAGC-1,-0.623022957,-0.1270899,0.3427037,-0.549335904,-0.556377665
TCCGTCGGTACAAGTT-1,-0.61573371,-0.1396743,0.424274066,-0.363055437,-0.435161307
TCCGTGTCTTACATAA-1,-0.78813698,-0.1325518,0.536104573,-0.186929046,-0.600807026
TCCGTGTTCTGTTCTG-1,-0.806703526,0.00302217,0.46294279,0.021330182,-0.732960542
TCCGTTGGAGCTCACT-1,-0.010781199,-0.2502711,-0.124530491,0.070326148,0.179166728
TCCGTTGGTTCACTCG-1,-0.485911959,-0.1173935,0.306116071,-0.032761485,-0.365542428
TCCTAAGCGGTTCATC-1,-0.048337923,-0.2475174,-0.096984278,0.084821798,0.146938982
TCCTAAGCTTAGGTTA-1,-0.143776837,-0.3831693,0.021020218,0.024843361,0.078088896
TCCTAATTGCGGCCTG-1,-0.776311361,-0.0408535,0.442601292,0.004602649,-0.733843562
TCCTAATTGCTCAACG-1,-0.704595007,-0.0754944,0.412207615,-0.164844021,-0.61824421
TCCTACAAGCTCGAAC-1,-0.381331951,-0.1234184,0.246500552,0.019929794,-0.200384024
TCCTACCGATCGTGGC-1,-0.783909157,-0.0055222,0.424364023,0.010109647,-0.771649409
TCCTACCGGTTCCTAG-1,-0.475905466,-0.368679,0.392241991,-0.696156385,-0.239720208
TCCTACGTAAGCCAGA-1,-0.466552486,-0.1016295,0.298260176,0.082035156,-0.348677675
TCCTAGGTATCTGATG-1,-0.008286659,-0.2424329,-0.125599938,0.06679125,0.179683453
TCCTATCCTCGAATCA-1,-0.475187964,-0.2045082,0.265591928,-0.209729466,-0.300481625
TCCTATCCTGTCAATA-1,-0.03949068,-0.2349167,-0.110990769,0.109310069,0.133893646
TCCTATGAGGATTGTT-1,-0.700101894,-0.1379663,0.402899007,-0.188068042,-0.57151496
TCCTATTGACTGTTGA-1,-0.069640934,-0.2291364,-0.082361678,0.059469536,0.129046994
TCCTCAAGCGAGGTCC-1,-0.37703601,-0.5494439,0.470281669,-0.358357599,-0.025057402
TCCTCAATGAGGAACG-1,-0.695011038,-0.0803018,0.410402676,-0.04829759,-0.473992021
TCCTCAATGCTAAGGC-1,-0.682621958,-0.2521202,0.460675998,-0.307255511,-0.39295184
TCCTCACGTGTAGACG-1,-0.772777436,-0.04673,0.422240326,-0.104672131,-0.767995296
TCCTCAGTCGGATGCG-1,0.056762608,-0.2481334,-0.168144489,0.071643889,0.224720564
TCCTCATCGTGCTGGA-1,-0.71289277,-0.1006843,0.412433202,-0.30877476,-0.66196639
TCCTCATGGCACCGTT-1,-0.035767732,-0.1648674,-0.094515464,-0.047434094,0.119402204
TCCTGAAGCGTGCACT-1,-0.265115929,-0.2083281,0.032548638,0.062215584,-0.071504751
TCCTGACAACGCTCGT-1,0.093476179,-0.2413425,-0.192337851,0.069085686,0.228793167
TCCTGACACTTCACGG-1,-0.577435109,-0.2079125,0.360935709,-0.590222314,-0.35331466
TCCTGACAGGCAGCAA-1,-0.307676286,-0.2544832,0.235528963,-0.247616356,-0.110722077
TCCTGATAAGTGCCGT-1,-0.597870358,-0.2221641,0.361163985,-0.715371286,-0.476320285
TCCTGATCACCGGTCC-1,-0.24705184,-0.2266084,0.068227101,-0.01325468,-0.083955166
TCCTGCCGTGTCTAAG-1,0.051467345,-0.2979772,-0.123915753,0.055598116,0.088137708
TCCTGCTACATGCAGA-1,0.073111207,-0.2650112,-0.166436043,-0.017247177,0.175015739
TCCTGGTGCGAGGCCT-1,-0.463573109,-0.2900745,0.336412342,-0.269436181,-0.360864466
TCCTGGTGGCAATAGC-1,-0.622559339,-0.0924528,0.317136699,-0.007209071,-0.449715882
TCCTTACTCGCAATGA-1,-0.747251329,-0.0156122,0.40903499,0.033486183,-0.706366857
TCCTTCCAACCGCAAC-1,-0.40635267,-0.3085171,0.262753327,-0.589025524,-0.179881857
TCCTTGAACAGGACCA-1,-0.106344684,-0.2567478,-0.053485463,0.056351033,0.08914545
TCCTTGAACGATGGTC-1,-0.096960601,-0.262971,-0.044709579,-0.032126167,0.123902471
TCCTTGGCTCAAGAGT-1,0.028518621,-0.2373532,-0.15043766,0.053238967,0.220327108
TCGAACAGGTTGCACG-1,-0.785411679,-0.1175978,0.468951111,-0.063588402,-0.718112552
TCGAATCTTGCGTTAC-1,-0.570065853,-0.1675938,0.266554665,-0.478970747,-0.443176283
TCGAATGGTTCCACGC-1,-0.784852288,-0.0532697,0.446495117,0.004174178,-0.7381391
TCGAATTAGTTACTCC-1,-0.748134022,-0.1306982,0.437107523,-0.377876515,-0.662811764
TCGAATTGTACACTAT-1,-0.057847452,-0.251555,-0.083992337,0.019592621,0.148266687
TCGACCAATCCGGTTG-1,-0.350468878,-0.2801143,0.234225435,-0.212816583,-0.111775648
TCGACCTGCAGCTCAG-1,0.025371588,-0.2708785,-0.142487952,0.143038417,0.210330099
TCGACGAAGAGCAAGT-1,-0.691803323,-0.1156557,0.386973608,-0.127602383,-0.614510608
TCGACGAAGCAGCTCA-1,-0.186268898,-0.3123127,0.058408124,-0.491172017,0.057461124
TCGACTCAGGTTAACC-1,-0.700192269,-0.1273627,0.426610153,-0.081290596,-0.617342167
TCGACTGCAATTCTCG-1,-0.477219832,-0.0575472,0.254027973,-0.184160794,-0.405706444
TCGACTTATTAATCCT-1,-0.687499321,-0.0132637,0.395581331,-0.478712015,-0.604937155
TCGAGCTGGTTGCCGA-1,-0.686175563,-0.0881362,0.373698732,0.024158689,-0.680477989
TCGAGTGGTAGGTCAC-1,-0.618482951,-0.0498152,0.383372716,-0.085676303,-0.508054577
TCGATAGGAGCTGCAG-1,-0.395855851,-0.5050473,0.439484428,-0.429517392,-0.068307485
TCGATATTAGACATAC-1,-0.190669874,-0.3049774,0.044456091,-0.334721444,0.047150434
TCGATATTGTCCTAAC-1,-0.350412811,-0.1456929,0.200514514,0.137683138,-0.233237541
TCGATCCAACGTCCTT-1,-0.539160498,-0.1306561,0.343762089,0.064518482,-0.429392485
TCGATCCAGTCTGTAG-1,-0.775737695,-0.1422697,0.543296977,-0.253578339,-0.548015232
TCGATCGCACCTAATC-1,-0.400393728,-0.1826367,0.181993366,-0.092648886,-0.179088143
TCGATCGTATAACGAC-1,-0.413386241,-0.415438,0.356440932,-0.198727738,-0.14991521
TCGATCGTGAGGCGCC-1,-0.576027547,-0.1967447,0.403930751,-0.145533127,-0.403282402
TCGATCGTTGTCTGAA-1,-0.096708301,-0.2546764,-0.065223216,0.040414185,0.121257294
TCGATCTAATGTTAGT-1,-0.570514733,-0.2859579,0.375088018,-0.55961463,-0.335001748
TCGATCTAGCCGATTC-1,-0.795407562,-0.0026695,0.445885427,-0.028617241,-0.759302792
TCGCAATAGTGACGCA-1,-0.403283034,-0.2095647,0.164232671,-0.028877989,-0.24649224
TCGCAATGATAGTTCA-1,-0.528243392,-0.1281452,0.283392238,0.116507366,-0.413310616
TCGCACCTCATGTCAG-1,-0.216937657,-0.2113134,0.003316357,0.087704967,0.000526837
TCGCACGATTCGGTGG-1,-0.358527595,-0.17794,0.096250323,0.098570818,-0.135855704
TCGCACTCTTGGACAG-1,-0.824878237,-0.0611916,0.535281154,-0.297800003,-0.650687728
TCGCACTGCTGTGCTC-1,-0.694758475,-0.0737757,0.35262586,0.088201714,-0.610561834
TCGCACTGTACGGCGA-1,-0.80630777,-0.0246429,0.460113543,-0.002606927,-0.726801858
TCGCACTTACTGAAGT-1,-0.740257637,-0.0718661,0.39269796,0.058924208,-0.695570774
TCGCACTTCAGTGACA-1,-0.621126046,-0.176678,0.315348274,-0.067900058,-0.490393369
TCGCACTTGGTCCGTC-1,-0.67291467,-0.1673129,0.418686199,-0.158025376,-0.501699354
TCGCCAGGCATGCCTC-1,-0.292441436,-0.0457151,0.145549858,0.073693102,-0.228605301
TCGCCGGAAGGCAGGA-1,-0.255564144,-0.1556056,0.119464198,0.096292989,-0.141624847
TCGCCGTATCATGCTT-1,-0.433673308,-0.0964371,0.274689133,0.074841421,-0.281865201
TCGCCGTTCGCCACAG-1,-0.431096658,-0.3096265,0.27730732,-0.344420147,-0.184637839
TCGCCGTTGTTACAAG-1,-0.544266962,-0.2553404,0.362177138,-0.360172607,-0.319360553
TCGCCTAATGACCGGT-1,0.069177963,-0.2883581,-0.149534859,0.020047977,0.147686122
TCGCCTAGATAATTAA-1,-0.752650529,-0.0882586,0.459363196,-0.442512667,-0.621932082
TCGCCTATCGACTCCT-1,-0.776536345,-0.0728625,0.474001968,-0.294173688,-0.629104925
TCGCCTGACGGCCACT-1,-0.772768931,-0.1115388,0.522446079,-0.335186721,-0.553091993
TCGCCTGCACGGAAGG-1,0.034564534,-0.2706227,-0.127885809,0.117110722,0.197212385
TCGCCTGCGTGCGTGG-1,-0.543172348,-0.2057271,0.245810802,0.016873273,-0.375551948
TCGCCTGCTATCAGTC-1,-0.591369951,-0.083386,0.37362582,0.030309272,-0.416817778
TCGCCTGGTGGATTCT-1,-0.184798271,-0.2550812,-0.017335172,-0.65597601,-0.044150156
TCGCCTTGTTCTGATT-1,-0.327626758,-0.3031548,0.137473932,-0.255113984,-0.061046783
TCGCGACGTGGTAAGT-1,0.056033965,-0.2838716,-0.120543719,-0.00683234,0.167199148
TCGCGGAAGCACCACG-1,-0.414009957,-0.2455856,0.222414678,-0.217746675,-0.248085283
TCGCGGAGTACAACCA-1,-0.73529034,-0.1680044,0.489996963,-0.155070756,-0.601858034
TCGCGGAGTTAGACTT-1,-0.568683848,-0.1640048,0.273627052,-0.08591516,-0.355539071
TCGCGGTAGTATGATC-1,0.016279115,-0.2523002,-0.132592385,-0.043191004,0.209854799
TCGCGGTCCGGATCAG-1,0.082546257,-0.2083865,-0.15491506,-0.06106017,0.221242392
TCGCGTGCGAATGGTT-1,-0.539613345,-0.4324795,0.476968098,-0.201511645,-0.218537414
TCGCGTTACGCAGAAT-1,-0.341716294,-0.2681748,0.168853582,-0.134311537,-0.151137795
TCGCTTACTCGCAAGT-1,-0.522607201,-0.2447537,0.407160167,-0.434931985,-0.316844188
TCGCTTGTTCCAGTTG-1,-0.353847535,-0.0852234,0.188222298,0.005335396,-0.280363436
TCGGAACGTCTGCAAG-1,-0.70078423,-0.0724322,0.381092858,0.007097118,-0.617374293
TCGGAATCAGCCTAAC-1,-0.050684918,-0.2520996,-0.099595617,0.128987983,0.124058021
TCGGACATTCTATGAG-1,-0.728586343,-0.2322042,0.527032875,-0.595038235,-0.518963492
TCGGACCAACCATACA-1,-0.279788762,-0.1180354,0.147277086,0.043565751,-0.198486262
TCGGACCAGATTCAAT-1,-0.784885325,-0.0353407,0.446169508,-0.19458599,-0.724791356
TCGGACCAGGATCGCC-1,-0.73671708,-0.0038633,0.40714367,0.04717856,-0.694140733
TCGGACGGCCGAGGAA-1,-0.343132769,-0.2374327,0.290566596,-0.096716121,-0.159186945
TCGGACGTTGCCTCAG-1,-0.128011826,-0.2228596,-0.065909268,0.087784797,0.065922763
TCGGACTGCCACCTCC-1,-0.649510847,-0.1799468,0.420714317,-0.040844122,-0.464628461
TCGGAGCGTTACCTCG-1,-0.594323097,-0.0830393,0.370932602,-0.1878636,-0.472524178
TCGGAGCTGAGTCGGA-1,-0.462868247,-0.3618182,0.298285699,0.040531767,-0.154890032
TCGGAGGCTGTAGTTG-1,-0.740206618,-0.1043599,0.392007683,-0.093101962,-0.66964158
TCGGAGTGGTACTTGC-1,-0.684559524,-0.256863,0.484841842,-0.374520381,-0.493875167
TCGGAGTTGTCTTGTT-1,-0.732266711,-0.1129589,0.425555634,-0.534241042,-0.591131079
TCGGCACTGGCGCCGA-1,-0.767437872,-0.0365113,0.430580828,-0.028482984,-0.690096831
TCGGCGACCTCGCTGA-1,-0.39209485,-0.0257804,0.222257,0.074035745,-0.312596856
TCGGCGCAGAATGTCT-1,-0.688439436,-0.0966819,0.444017518,-0.460257842,-0.564192311
TCGGCGCAGATAGATA-1,-0.812130039,-0.0476935,0.490076056,-0.075962884,-0.690475127
TCGGCGCTATCACGTG-1,-0.030738459,-0.2207558,-0.102766182,-0.095023892,0.150303837
TCGGCGGAACATACGC-1,-0.680004651,-0.2000196,0.430610548,-0.247513603,-0.438432922
TCGGCGTAAGGCCTTA-1,-0.167437282,-0.2403514,-0.002020969,0.029413786,-0.002722497
TCGGTAATAGCGGTTC-1,-0.054172753,-0.2272293,-0.10977268,0.100715086,0.131686844
TCGGTAATTACGTGGA-1,-0.23989749,-0.1077774,0.11470191,0.028578455,-0.160906683
TCGGTAGGCATCACGC-1,-0.460490083,-0.1659246,0.238580861,0.023325362,-0.346979013
TCGGTATCGTAATTGG-1,-0.777595924,-0.0605606,0.433803407,0.022805226,-0.740885372
TCGGTATCTAGTATAC-1,0.036751797,-0.3053936,-0.102636575,-0.010125923,0.142234982
TCGGTGATCGCCGGCC-1,-0.764878681,-0.0408615,0.414162977,-0.093503437,-0.755811282
TCGGTGTCAACAGGCA-1,-0.57474937,-0.0637044,0.314148,0.050917813,-0.512860418
TCGGTGTCTAACCAAG-1,-0.752704563,-0.1034585,0.42807856,-0.33029666,-0.713926624
TCGTAAGGCGTTCAGG-1,0.056338668,-0.2363784,-0.18032509,0.077054032,0.220521139
TCGTATACAAGACGAG-1,-0.764795518,-0.0464987,0.416295267,-0.260463137,-0.769303712
TCGTATAGGAGCCTAT-1,-0.475754137,-0.2703962,0.298706613,-0.594902711,-0.215314116
TCGTATCAACAGCACC-1,0.08143574,-0.2338564,-0.202039467,0.103288654,0.255975854
TCGTATCACGTTATGA-1,-0.733762699,-0.2530096,0.556266153,-0.71580223,-0.519681851
TCGTATCCTGATGCAA-1,-0.220995105,-0.2435692,0.03585933,0.075704422,0.025949204
TCGTATCGGTCTCCTT-1,-0.455761835,-0.3646346,0.374099817,-0.480817501,-0.220594371
TCGTATGCCGGACGTT-1,-0.350831477,-0.1438308,0.192770358,-0.039813747,-0.219297014
TCGTATGTCGTGCCTA-1,-0.635814121,-0.1550385,0.35672694,-0.041723788,-0.474788282
TCGTATGTGGCCATTA-1,-0.448037053,-0.2901606,0.332196308,-0.110077424,-0.245943574
TCGTATTAGATCCGGT-1,-0.012333278,-0.2901396,-0.055611019,0.037089706,0.048922826
TCGTATTCTGAGTGGC-1,-0.66156806,-0.0876594,0.377114492,-0.0944077,-0.503355434
TCGTCAAGCCTAATCT-1,-0.566268926,-0.1531018,0.261895597,0.077122714,-0.383397378
TCGTCAAGTCCAGGTT-1,-0.288120586,-0.1671071,0.172413001,0.02489771,-0.17058893
TCGTCACGATGTTCGA-1,-0.773859962,-0.0378296,0.428989687,0.014025638,-0.725184415
TCGTCAGAACAGCCAG-1,-0.556141244,-0.0783883,0.330286475,-0.032017796,-0.382374032
TCGTCATCGTACCAAT-1,-0.705640809,-0.1747507,0.460746951,-0.258868645,-0.589487056
TCGTCCAGCATGGCTT-1,-0.775849641,-0.1154827,0.502076495,-0.051002317,-0.582117534
TCGTGCCTCGGTAGTT-1,-0.710236812,-0.07111,0.382827942,-0.032208839,-0.656561165
TCGTTAGCCAGGCCAG-1,-0.595198403,-0.1048197,0.315368992,-0.053667898,-0.455191452
TCGTTAGCTTACTCAT-1,-0.603441203,-0.2649955,0.401962928,-0.183228554,-0.345718223
TCTAACAAGCCAATCC-1,0.060549605,-0.2322661,-0.188527376,0.099387031,0.219188202
TCTAACCGTGCTAGCT-1,-0.382548745,-0.2697553,0.184544251,-0.106953924,-0.173093939
TCTAACTCTATGTTCT-1,-0.479041611,-0.2286686,0.31778535,-0.304376134,-0.234759952
TCTACAACTGGAACTT-1,-0.701710869,-0.0104044,0.383376199,-0.025003322,-0.643191906
TCTACACTAATTACTC-1,-0.575918297,-0.2644461,0.432386562,-0.292043974,-0.339375755
TCTACACTCCGGCTCC-1,-0.685343941,-0.0723888,0.361757259,0.072161662,-0.635311451
TCTACACTGAGCTTCT-1,-0.505911276,-0.1960559,0.308121225,-0.138123076,-0.318246197
TCTACAGCACCGAACC-1,-0.464575017,-0.2151369,0.218037614,-0.074687364,-0.334272998
TCTACAGCACGTCCGA-1,-0.173954588,-0.253456,-0.031731398,-0.055408966,0.010330164
TCTACAGCTGAATCAA-1,-0.531712408,-0.110726,0.299229906,0.077524348,-0.465881236
TCTACAGGTACGCAGT-1,-0.778540258,-0.1012734,0.488358027,-0.421158346,-0.588236251
TCTACATAGACGTGAG-1,-0.021193665,-0.3239795,-0.137626531,0.103700273,0.126853199
TCTACATGAACTATAC-1,0.070004886,-0.231938,-0.185643788,0.076048277,0.244008689
TCTACATGAATCTGAT-1,-0.761699015,-0.1162411,0.42951465,-0.210736999,-0.645048161
TCTACATGTCCGACTT-1,-0.693155466,-0.184999,0.486934113,-0.633860918,-0.512813336
TCTACATTCGATCGCC-1,-0.359813489,-0.3364526,0.280686893,-0.049642432,-0.141109334
TCTACATTGGAGTAAT-1,-0.709065223,-0.3052188,0.541502077,-0.571654823,-0.466973417
TCTACCGGTCAATAGC-1,-0.765599822,-0.2418936,0.585121039,-0.400520455,-0.531829216
TCTACTATGCTAGCTC-1,-0.297273057,-0.2437329,0.119090344,-0.127832069,-0.103693384
TCTACTCCGACTCGGC-1,-0.820466115,-0.0972949,0.532822839,-0.061333954,-0.600318806
TCTACTCGAGCAGAGG-1,-0.424648943,-0.1238754,0.288759344,0.036033738,-0.284389279
TCTACTCGTTCATCGC-1,-0.485458453,-0.1903435,0.318017978,0.036756181,-0.350717721
TCTACTGTCTCAATGA-1,-0.732156841,-0.1572374,0.445135866,-0.374392015,-0.534715878
TCTACTTAACCGGCCT-1,-0.265213898,-0.4684782,0.328894431,-0.301012749,0.031566967
TCTACTTAGGTTCTTA-1,-0.792052056,-0.0883649,0.479510858,-0.127203203,-0.721295218
TCTACTTAGTATTAGT-1,-0.533336561,-0.1267581,0.32718406,-0.191864553,-0.407295407
TCTACTTCACCGTGGA-1,-0.786930757,-0.0373077,0.458990257,-0.336515837,-0.703412449
TCTAGAACTTCTTGCA-1,0.072190383,-0.1563834,-0.15700285,-0.004899773,0.217118109
TCTAGAATTGCGGTTG-1,-0.520392362,-0.1979055,0.283797,-0.385243277,-0.398717042
TCTAGACGGTGGCTGA-1,-0.464350233,-0.3793647,0.29547622,-0.270930517,-0.169772041
TCTAGAGTCTCCACGC-1,-0.663924434,-0.2142374,0.420856736,-0.039840215,-0.526781698
TCTAGATAAGGTTAGC-1,-0.328426138,-0.2199601,0.233214772,-0.13722057,-0.157832541
TCTAGCAGCGGATCAG-1,-0.663880671,-0.0184797,0.377402906,0.017192718,-0.598717863
TCTAGCGACACCGAGC-1,-0.48139853,-0.112705,0.309653687,-0.070023188,-0.327414308
TCTAGCGGAATGGATC-1,-0.756451394,-0.0347385,0.430494491,-0.002796548,-0.716536387
TCTAGCTCCGAGGACC-1,-0.396430755,-0.2016629,0.204464699,-0.282850767,-0.199165808
TCTAGCTTATTCGCCA-1,-0.631659117,-0.2098479,0.4157896,-0.015419773,-0.461885448
TCTAGGACTGCCACCG-1,-0.262262106,-0.1692526,0.141883512,-0.078445203,-0.092045122
TCTAGGCGGAAGGCAC-1,-0.812904802,0.00289351,0.472511311,-0.000417613,-0.713664493
TCTAGGCTCGCACCAA-1,-0.592074681,-0.1081077,0.273773077,0.046472025,-0.438452365
TCTAGGCTTAAGACTG-1,-0.662085346,-0.0906461,0.344256692,0.047125227,-0.635569473
TCTATCCGTGTTGCCA-1,-0.21204012,-0.2787157,0.037661653,-0.266764001,-0.000690854
TCTATGATCGGTGCCT-1,-0.516623267,-0.1162762,0.306204646,0.052650142,-0.416621379
TCTATTCCTTCCGGAA-1,-0.774449033,-0.0973943,0.465765345,-0.045254094,-0.643039242
TCTATTCTGCATTGGC-1,-0.744149826,-0.0558307,0.425356583,-0.131087278,-0.708669173
TCTATTGATGCATGCC-1,-0.707070349,-0.2755901,0.533442626,-0.516336846,-0.406898442
TCTATTGGCTTCGATC-1,-0.555473642,-0.1864351,0.324550739,-0.068063937,-0.46720265
TCTGAGCGTAATTGTC-1,-0.791517108,-0.0390548,0.458427133,-0.012125655,-0.744693647
TCTGAGTCAGATCTTG-1,-0.808745523,-0.0105372,0.465373054,-0.098396825,-0.739950404
TCTGATCATAATGATT-1,-0.178371826,-0.277497,0.037823026,-0.15940389,-0.036405383
TCTGCAAGGACGGCAA-1,-0.772250238,-0.2045543,0.497428684,-0.051648403,-0.613427754
TCTGCAATTCACAAGA-1,-0.782230234,-0.0171103,0.448704394,-0.002274873,-0.651153216
TCTGCAGTAGTTATGA-1,-0.179995901,-0.0673368,0.087524158,0.01583731,-0.111911026
TCTGCCTGGATGTCAG-1,-0.722693045,-0.0660421,0.391286299,-0.039557607,-0.663200987
TCTGCGAGGTGCACGT-1,-0.603800727,-0.3534827,0.472378177,-0.606519669,-0.328316116
TCTGCGCTTGCAGATA-1,-0.277642829,-0.2234842,0.050465308,0.054110568,-0.061677114
TCTGCGTGCTATTCTA-1,-0.650536087,-0.0685472,0.394993176,-0.305528979,-0.541440884
TCTGCGTGCTTCAGAC-1,-0.632366415,-0.1152444,0.412211049,-0.170150391,-0.499585471
TCTGCGTTAGATAGGT-1,-0.035861414,-0.2388925,-0.115891565,0.089439907,0.150391767
TCTGGACGCTAAGACA-1,0.054601362,-0.2396574,-0.179338072,0.093558998,0.219239692
TCTGGATATTAACCTA-1,-0.746991869,-0.0866008,0.424191267,-0.022616047,-0.580222484
TCTGGTAATCGTCCAA-1,-0.703334536,-0.0914402,0.442305258,0.04663919,-0.551887422
TCTGGTAGTGCAGCAA-1,-0.210139034,-0.3315897,0.077315929,-0.346596829,0.055615541
TCTGGTATCTGTAGCC-1,-0.671024044,-0.0160577,0.372030637,0.061817403,-0.599214756
TCTGGTCACTATCTGT-1,-0.348694479,-0.1065318,0.203315523,0.126969314,-0.248697883
TCTGGTCCTCCACTGT-1,-0.324493322,-0.2033767,0.073424797,0.087303381,-0.108049702
TCTGTACCTCACTCGC-1,0.054225678,-0.2321966,-0.183054837,0.0920827,0.210273426
TCTGTACGCTGTCCTC-1,-0.624229989,-0.1673685,0.365849609,-0.649181106,-0.556095502
TCTGTCACCGTTAATA-1,-0.74039491,-0.023757,0.415432494,0.033819423,-0.674073106
TCTTACATTACTTCGC-1,-0.730666841,-0.1494462,0.47301099,-0.253242141,-0.57095747
TCTTACCATTCTAAGC-1,-0.327037618,-0.2286286,0.106046971,0.057019625,-0.11978213
TCTTACCGCACTGAAT-1,-0.334651454,-0.2087205,0.166511556,-0.136045545,-0.166206054
TCTTACCGCTCGTATG-1,-0.595601991,-0.1233038,0.333656751,0.002162502,-0.494701399
TCTTACCGGATCCGCT-1,-0.54435751,-0.262882,0.430541099,-0.403516176,-0.288076775
TCTTACGAATCAGTGC-1,-0.539618995,-0.1830454,0.238062672,-0.021664036,-0.377605164
TCTTACGAGGAATAAG-1,0.104540632,-0.2204895,-0.210242621,0.056522584,0.260500779
TCTTACGAGGCCGACA-1,0.056403126,-0.2392469,-0.163376833,0.053344365,0.232811502
TCTTACGGCCGCAACA-1,-0.787530927,-0.0672414,0.435955978,0.006801277,-0.668665509
TCTTACTCTGTATGCG-1,-0.809060837,-0.0272216,0.47076613,-0.012675777,-0.689653702
TCTTACTGAGACTAGT-1,-0.608860178,-0.1406708,0.316021427,-0.126148112,-0.497813601
TCTTAGATGCCTCCGA-1,-0.731777397,-0.1388663,0.416335536,-0.076987677,-0.584215292
TCTTAGGCCTGGCGTA-1,-0.39749628,-0.2035849,0.215318626,-0.138386378,-0.221965114
TCTTAGGCGACAGTCA-1,-0.659654889,-0.1769417,0.435843576,-0.064183282,-0.47693445
TCTTAGTCGCGGCAGA-1,-0.017511844,-0.2444627,-0.118528072,0.089501507,0.184589894
TCTTAGTCGTCTCGGC-1,-0.835861569,-0.0619952,0.530163865,-0.097189706,-0.681296267
TCTTAGTCTGCCATCA-1,0.002941758,-0.2715347,-0.114689817,0.016366437,0.188809207
TCTTCGAACAGCGTTA-1,-0.552121243,-0.1274516,0.321808666,-0.095091485,-0.426187326
TCTTCGAATTGTATAC-1,-0.658436698,-0.2007364,0.375587207,-0.209246992,-0.499173294
TCTTCGCCATTCGAAT-1,-0.639978812,-0.0857442,0.394539264,-0.273357844,-0.542025873
TCTTCGTCAGACCAGG-1,-0.544552461,-0.1379319,0.293621795,-0.030379736,-0.406836374
TCTTGAGCGGCAACGC-1,-0.61546789,-0.1325279,0.3854929,-0.348551966,-0.509235293
TCTTGAGTCATTATAC-1,-0.609789848,-0.0859724,0.317271735,-0.180138719,-0.497411142
TCTTGAGTCTCCGAAT-1,-0.695452993,-0.0379912,0.386443913,0.025525988,-0.656156553
TCTTGCACCAATCTAT-1,-0.71048933,-0.175631,0.448485786,-0.157047107,-0.556354574
TCTTGCACGGTGAGCC-1,-0.258866844,-0.3031485,0.156932086,-0.115072796,-0.002682251
TCTTGCACGTATGGAC-1,-0.555200443,-0.1451956,0.324576552,0.034617245,-0.456351691
TCTTGCACGTCTAATG-1,-0.19092553,-0.1899396,0.005911736,-0.087872765,-0.050110048
TCTTGCACTATTCAGA-1,-0.597788337,-0.1314814,0.268067571,0.005688982,-0.477655945
TCTTGCACTGGTGCTC-1,0.085205819,-0.2307145,-0.187520475,-0.054308952,0.206180591
TCTTGCAGACTGCGAG-1,-0.36370363,-0.2544669,0.143203716,0.109920537,-0.090647008
TCTTGCATAGACAATA-1,0.043367105,-0.2718483,-0.1096255,-0.052151211,0.184822753
TCTTGCCACGTTCACT-1,-0.401048513,-0.1553888,0.281505671,0.04470703,-0.27311968
TCTTGCCATCGTTGTA-1,-0.665318724,-0.2357206,0.467693085,-0.404405359,-0.46591008
TCTTGCCGGAGCCAGA-1,-0.594707719,-0.2087083,0.39074658,-0.690454243,-0.448570102
TCTTGCCGGCAGTCTA-1,-0.713890536,-0.1962168,0.494674123,-0.264894164,-0.502903631
TCTTGCGGCCTTAGTG-1,0.075776409,-0.2364804,-0.194916201,0.08487471,0.23194367
TCTTGCTCCGTCGGCA-1,-0.258790737,-0.2106707,0.065331408,-0.118436964,-0.026465241
TCTTGCTGTCCTAGGC-1,-0.307581171,-0.0543719,0.176739407,0.096082212,-0.227129065
TCTTGTTACCGGTTAC-1,-0.284447263,-0.2772544,0.046075842,0.108191423,-0.086203548
TCTTGTTATTCTTGAT-1,-0.481584628,-0.1558002,0.307245158,-0.080415014,-0.333477926
TGAACCAATGTTGAGC-1,-0.540556567,-0.1396788,0.362435538,0.011956574,-0.378723769
TGAACGAATCTTAATT-1,-0.184094753,-0.1334727,0.116689902,0.116102408,-0.056659218
TGAACGGACACGTATC-1,-0.610253763,-0.1023643,0.334274642,0.014696083,-0.381793254
TGAACGGACATTGAGT-1,-0.321325676,-0.2024831,0.190711606,0.086351118,-0.322414204
TGAACGGATCTGGTAC-1,-0.681417349,-0.0967792,0.393424702,-0.603555487,-0.60306143
TGAACGGATTCAAGTT-1,-0.431873485,-0.0925603,0.297514421,-0.045634392,-0.299854446
TGAACTCAAGGTCGGT-1,-0.793518143,-0.1480975,0.518619825,-0.11995007,-0.61923317
TGAAGATACAATCTGC-1,-0.591215465,-0.3951525,0.484749071,-0.717907853,-0.335625656
TGAAGCACCGTCATGA-1,-0.724381054,-0.1403673,0.47616424,-0.052916161,-0.473512165
TGAAGTATGATCGTGC-1,-0.693139645,-0.1437275,0.460135179,-0.591987974,-0.553468319
TGAATACAGACTGCTC-1,-0.448851571,-0.0822884,0.248242742,0.053520467,-0.362017848
TGAATATGAGCCGGTG-1,-0.132729426,-0.2534396,-0.035608382,0.068122978,0.070910482
TGAATATGGCCTGCCA-1,-0.301786335,-0.3445672,0.278346297,-0.198010968,-0.0900454
TGAATGCGGTTATGGA-1,0.019806071,-0.2377971,-0.147443788,0.069247065,0.196475971
TGAATGGTGCTTCGAT-1,-0.07038104,-0.2715639,-0.112847826,0.060894855,0.058368912
TGAATGTACCTTCGTC-1,-0.65565852,-0.0601833,0.363216149,-0.03153844,-0.577444144
TGAATGTTGACATCGT-1,-0.666124854,-0.0961764,0.358991183,-0.143777736,-0.591005028
TGAATTATGCCGCAGT-1,-0.201545661,-0.2409936,0.022572103,0.017524079,0.004810506
TGAATTCGTGGTATAA-1,-0.599682454,-0.1616384,0.309847301,-0.110681035,-0.499081446
TGACAGTACTATTCTA-1,-0.472496065,0.01372573,0.261579566,-0.035382293,-0.395899346
TGACATTACAACGCCG-1,-0.779903629,-0.0705091,0.471181484,-0.413175843,-0.692556183
TGACCAACAGATAGGT-1,-0.797328976,-0.0996653,0.492678491,-0.32937672,-0.677115692
TGACCAACTTGGTCAA-1,0.061435906,-0.2421619,-0.168391927,0.047464382,0.240685817
TGACCAAGCTGCACAT-1,-0.76054454,-0.1756666,0.448328694,-0.262851364,-0.69794845
TGACCAAGTAAGGACC-1,-0.630976287,-0.2002247,0.420616166,-0.045628823,-0.507554656
TGACCAATCAGCCACG-1,-0.699452956,-0.1310377,0.397817206,-0.122635249,-0.640443266
TGACCACGAAGCCGAG-1,-0.644800528,-0.3385872,0.501890068,-0.270535331,-0.444420635
TGACCAGCACTCCAGC-1,-0.441794806,-0.1230172,0.269332038,0.054907722,-0.274220326
TGACCAGGCTCATGCA-1,-0.034171399,-0.2541542,-0.080716221,0.046551704,0.175967799
TGACCAGGTATGACCT-1,-0.294757299,-0.2994042,0.221228077,-0.524756494,-0.191615501
TGACCATCCATCTGCT-1,0.06045459,-0.2976536,-0.135744201,0.016388067,0.165302215
TGACCATCCGCCACGT-1,-0.125819402,-0.2628042,-0.029550339,-0.132950791,-0.025909804
TGACCATGTACACTCA-1,-0.614710924,-0.2602473,0.435999652,-0.187786388,-0.383270962
TGACCTCACGCACGAG-1,0.119794437,-0.2352271,-0.212835136,0.121653921,0.235790348
TGACCTCACTCCTTAT-1,-0.370994372,-0.1360899,0.249923718,0.04109318,-0.256979613
TGACCTCCTTCAGATT-1,-0.251047174,-0.1988142,0.047184182,-0.043668079,-0.067109584
TGACCTGTCTATCTCG-1,-0.247096741,-0.2092925,0.04515599,-0.136827109,-0.085722929
TGACGCCTGCTTGTGA-1,-0.259081196,-0.2637277,0.057055763,0.052197258,-0.174027909
TGACGCTCACCAAGCC-1,-0.058731972,-0.2441162,-0.105270746,0.070217128,0.106821211
TGACGCTCGCGGTAGT-1,-0.416596142,-0.2840517,0.211429491,0.004315039,-0.132522916
TGACGCTGCAGCTCAT-1,-0.707513054,-0.1215457,0.419686235,-0.153749279,-0.602665616
TGACGCTGCGATAGTA-1,-0.40452312,-0.2793415,0.190358899,0.040502888,-0.271063344
TGACGCTTACTAGACA-1,-0.159174445,-0.2370516,-0.030853466,0.080182652,0.038070366
TGACGGAGCGCTATAC-1,-0.207591406,-0.2660011,0.042087763,0.020022194,-0.051442302
TGACGGAGTGAGGTTA-1,-0.67840648,-0.0824076,0.38291016,0.062696397,-0.607068072
TGACGGCAGCCAGACC-1,-0.679874363,-0.1903518,0.424499604,0.038091443,-0.531193136
TGACTCCAAGTCTACC-1,-0.352650406,-0.2132054,0.154024867,-0.018623251,-0.182618601
TGACTCGGCCGACCGA-1,-0.561531527,-0.3067039,0.412994122,-0.597561706,-0.341433228
TGACTCGGTGTCATCG-1,-0.676568855,-0.1077007,0.365224533,0.009853366,-0.655436748
TGACTCTGCTCGCACG-1,-0.694470719,-0.1803729,0.436573908,-0.059977078,-0.551504965
TGACTTAATGCGTTGG-1,-0.746207807,-0.2659002,0.541637025,-0.216297748,-0.502300876
TGACTTCGGCGTAACA-1,-0.681853843,-0.1589222,0.443231004,-0.071344576,-0.507408722
TGACTTGCACTCACGG-1,-0.521323385,-0.4149444,0.49934696,-0.53185847,-0.204819679
TGAGAACGAGTTCTGT-1,-0.707056015,-0.0982793,0.43298093,0.000103611,-0.591997244
TGAGACAAGGACGACC-1,-0.615540206,-0.1072326,0.342765592,0.057390245,-0.517751541
TGAGACAGAAGTGCTC-1,-0.711497725,-0.1250076,0.440988204,-0.15616706,-0.630258235
TGAGACCTGAGCCGAG-1,-0.555486749,-0.0259642,0.309507918,0.067795454,-0.488558255
TGAGACGTGAACGGTC-1,-0.426863267,-0.1859684,0.196668864,0.093719189,-0.309692446
TGAGACTATTGAATCT-1,-0.578102277,-0.2636249,0.384521543,-0.157347976,-0.327031146
TGAGATGCTCTAATGA-1,-0.218363509,-0.2214214,0.008268939,0.06303874,-0.017748404
TGAGCACCTCGACGTT-1,-0.389433217,-0.2646532,0.251712615,-0.283440563,-0.155613707
TGAGCATAGTCTTATT-1,-0.041811321,-0.2297054,-0.109110412,0.055921656,0.142337742
TGAGCCGCGTGATCAT-1,-0.669496353,-0.2614825,0.464912891,-0.43673204,-0.488855443
TGAGCCTTGATGTATC-1,-0.35998861,-0.2422274,0.15733644,-0.250385555,-0.170195372
TGAGGAATCCATAGAA-1,-0.683923376,-0.1674188,0.429152385,-0.262796736,-0.587032933
TGAGGACCACTGTTAC-1,0.063151137,-0.2326826,-0.182601755,0.070849293,0.229648577
TGAGGTAGGACTACTG-1,-0.708581788,-0.1571684,0.487906905,-0.148331007,-0.52227734
TGAGGTCGGCTCGGCT-1,-0.732307251,-0.1620018,0.464921415,-0.412191816,-0.564454168
TGAGGTGCTTAAGCGA-1,-0.621793476,-0.3157794,0.499338969,-0.510445368,-0.381605126
TGAGTAAGCGCAATCC-1,-0.782770124,-0.0195744,0.44638219,-0.012321356,-0.709839507
TGAGTACGCTGCTCAG-1,-0.487647909,-0.1971691,0.231273685,-0.301599348,-0.35505997
TGAGTATTCTAGGACT-1,-0.418326734,-0.0858759,0.233968868,0.077320973,-0.310772404
TGAGTCGCCTCCGTCG-1,-0.024872669,-0.2404938,-0.104112528,-0.101654867,0.167247014
TGAGTGACCTACTCGT-1,0.097807701,-0.2326525,-0.207621581,0.087034047,0.257500774
TGAGTGAGATCGCTAA-1,-0.790493117,-0.0183907,0.439494951,-0.015250765,-0.747726481
TGAGTGAGGCACGCCT-1,-0.60703292,-0.0324978,0.350889589,0.042153383,-0.51810343
TGAGTGCAGAGGACCA-1,-0.542512684,-0.1928321,0.254013453,0.047370624,-0.354623513
TGAGTTCGCTTGACCT-1,-0.670636533,-0.1902111,0.467918675,-0.027431512,-0.523323696
TGAGTTGTCCTCGCTT-1,-0.002379713,-0.2427416,-0.128783953,0.020283542,0.175567719
TGAGTTGTTAGCACCG-1,-0.349868834,-0.140838,0.185475847,0.14673005,-0.227241915
TGATAAGCAGTAAGAA-1,-0.629154192,-0.109589,0.350576392,-0.008202554,-0.561481333
TGATAGGAGCATCAAC-1,-0.104487171,-0.1660691,-0.03836884,-0.081708346,0.060530161
TGATCCGCACTCCTTA-1,0.008684176,-0.2129206,-0.132509563,0.040672475,0.182819624
TGATCGGACCTGGATG-1,-0.714593926,-0.1141729,0.466595061,-0.013560667,-0.541197916
TGATCTTGCCTATTGT-1,0.083460196,-0.2984531,-0.190148478,0.137615346,0.231199531
TGATGGAACTAACGAA-1,-0.383661411,-0.0636624,0.21225711,0.085606589,-0.29136883
TGATGGATGATCACGG-1,-0.765780808,-0.1112245,0.438864694,-0.036876961,-0.673459466
TGATGGCCGGCATCGC-1,-0.628596058,-0.3229573,0.537080757,-0.398112254,-0.352445306
TGATGGCGCAGGCTAG-1,-0.562118211,-0.383816,0.450463623,-0.407758747,-0.253897489
TGATGGCTAATCCATA-1,-0.482879791,-0.0750477,0.261844112,0.048760559,-0.428097463
TGATGGCTGCGACGAT-1,-0.719731598,-0.2362154,0.453900954,-0.492464001,-0.600284479
TGATGGTTCCACTGAT-1,-0.585870132,-0.2760943,0.410397619,-0.211959571,-0.406456561
TGATTAGAATGACATA-1,-0.798134167,-0.025002,0.444888657,-0.028838279,-0.758147611
TGATTCAACGACAAGG-1,0.057110134,-0.3654621,-0.151937716,0.08769845,0.217491351
TGATTCAAGATCGAGC-1,0.036440057,-0.2560816,-0.154075522,0.089301568,0.213082037
TGATTCACATGCAGAA-1,-0.226605552,-0.2053093,0.022489533,0.057590165,-0.020271143
TGATTCGTCTGGATCT-1,-0.715762604,-0.1354816,0.412826059,-0.105151135,-0.568170321
TGCAACAGTGAAGCTC-1,-0.780009996,-0.0464617,0.441345397,-0.086265588,-0.635758981
TGCAACGTTACCTGGT-1,-0.662216627,-0.2031784,0.427652112,-0.652100266,-0.550939359
TGCACCGGTCACCTCC-1,0.010470885,-0.254568,-0.150680944,0.128871263,0.186470814
TGCACGAATGTACTAA-1,0.140740304,-0.2603669,-0.255565801,0.156876735,0.264445848
TGCACGAGTAGAGTTA-1,-0.44905816,-0.2213349,0.245337676,-0.186668553,-0.233805872
TGCACGAGTGTCAGCC-1,-0.232190199,-0.1879831,0.017839627,0.163023164,-0.160607056
TGCACGCTCCTATCCG-1,-0.133933266,-0.2244052,-0.054732952,0.091438503,0.065118014
TGCACGGCCTGTGATA-1,-0.002102318,-0.2442705,-0.122145854,0.043139166,0.169655562
TGCACGGCTGAGACTT-1,-0.774774152,-0.1072573,0.462808101,-0.415082508,-0.598760354
TGCACGGCTGGTAAGG-1,-0.135126194,-0.3439323,0.164884183,0.003243616,0.11717809
TGCACGGTAGACGGTA-1,-0.468229644,-0.0800235,0.245201043,0.121560434,-0.365113795
TGCACGTAGTTCGAAG-1,-0.645487107,-0.2252522,0.447056887,-0.698232758,-0.438994588
TGCACGTGATTATCAA-1,-0.296233489,-0.2472565,0.114278233,-0.104871227,-0.061418212
TGCACTCCAGCTACTC-1,-0.597551852,-0.0977326,0.30382184,0.084333425,-0.492176323
TGCAGAACTATCAACT-1,-0.708995863,-0.0816989,0.393397246,-0.504297358,-0.575793754
TGCAGAAGCAGTAGGC-1,-0.126161467,-0.242495,-0.026114307,0.042821138,0.076127723
TGCAGAATCGGAGGCT-1,-0.367298257,-0.1651156,0.216757106,0.024744651,-0.292131272
TGCAGACAATACTGTT-1,-0.775932036,-0.20895,0.567699838,-0.261680499,-0.531601527
TGCAGACGAACCAGAT-1,0.032320853,-0.2595106,-0.145783346,0.04351389,0.217919984
TGCAGAGCCTTGCCGG-1,0.063161407,-0.2754857,-0.130699856,-0.014959562,0.202101296
TGCAGAGGAAGGCCTG-1,-0.693499948,0.0556102,0.398974844,0.001782158,-0.647052033
TGCAGAGGTCGTAATT-1,-0.301508193,-0.1679715,0.198919938,0.006034469,-0.205395772
TGCAGATGAGATCTAG-1,-0.713365026,-0.1413129,0.426404939,-0.074004415,-0.590659949
TGCAGTACAACGAGTG-1,-0.683058846,-0.1211388,0.402566147,-0.112792178,-0.545211942
TGCAGTCGAGCACCAA-1,-0.473592649,-0.1976192,0.30182614,-0.136663708,-0.32713845
TGCAGTTATTCCACTC-1,-0.79377097,-0.1108395,0.498256903,-0.134567983,-0.678372364
TGCAGTTGTCGGAGCG-1,-0.461394188,-0.4419648,0.421594291,-0.619356244,-0.135084696
TGCATAAGTTCCTGAA-1,-0.039724077,-0.337083,-0.095994941,-0.128768302,0.144066988
TGCATTAATGGCCACC-1,-0.699289712,-0.0440823,0.413134499,-0.209415067,-0.598855369
TGCATTCACGTGTACT-1,-0.38937601,-0.1101636,0.201550416,0.038356347,-0.308877062
TGCATTCACTTCGCCG-1,-0.055789686,-0.2184176,-0.02534096,-0.044212996,0.122750663
TGCATTCGCCAGCGAT-1,-0.191919893,-0.1946653,-0.018812913,0.0405209,0.007992025
TGCATTCGCTACAATG-1,-0.41616084,-0.243526,0.239622568,-0.16193106,-0.191726431
TGCATTCGTCTACAGG-1,-0.634055746,-0.0761592,0.341816474,-0.423615609,-0.504324305
TGCATTCTTACGGAGG-1,-0.759588192,-0.0666739,0.405082556,0.016223001,-0.707580643
TGCATTGATAGACATA-1,-0.285430011,-0.3045926,0.139085357,0.02733632,0.014517252
TGCATTGCTGTCGGCG-1,-0.799177511,-0.1873543,0.564419273,-0.580160315,-0.554228298
TGCCAATCCATGTCTA-1,-0.4889709,-0.4519103,0.466443015,-0.672767384,-0.18768744
TGCCACAATGCTACCG-1,-0.002710366,-0.2296971,-0.137450422,0.012234803,0.188004032
TGCCACCTATTACATT-1,-0.780157369,-0.1135165,0.463327088,-0.229429849,-0.684288291
TGCCACTATCAGGCAG-1,-0.76103327,-0.1286121,0.499295058,-0.343350932,-0.604490619
TGCCACTCAACCGGCC-1,-0.330203736,-0.208778,0.086484812,0.122977711,-0.116348896
TGCCACTTAAGTGATG-1,-0.197210322,-0.2099201,0.015809243,-0.091683567,-0.041523715
TGCCAGACGAGTTAGG-1,-0.55377358,-0.1798787,0.362018582,0.001582255,-0.372450792
TGCCAGATACGACTGG-1,-0.307340671,-0.2614501,0.072634913,-0.099533091,-0.094027589
TGCCAGCTATTGTAGA-1,-0.501562986,-0.1461184,0.294283959,0.053239662,-0.395661373
TGCCAGGATGAGGTTC-1,-0.706427528,-0.0465521,0.391776141,-0.279350674,-0.631835741
TGCCAGTGATTCGTGC-1,-0.664047239,-0.1072299,0.348815878,0.015773188,-0.524100338
TGCCAGTGCAGAGTAT-1,-0.627293978,-0.3684276,0.526697538,-0.46047827,-0.30259353
TGCCAGTTATGCAGCT-1,-0.266993524,-0.0285987,0.136557468,0.076004975,-0.191275139
TGCCGAATCAAGCGTC-1,0.02050991,-0.2446695,-0.149273323,0.088184881,0.208388577
TGCCGACGATGAACTG-1,-0.390077419,-0.0733813,0.215184413,0.007613935,-0.332691434
TGCCGAGTTAAGAACG-1,-0.751135274,-0.1577171,0.431515572,-0.066311611,-0.687797252
TGCCGGAACTTAGGCA-1,-0.760221032,-0.0881804,0.43628651,-0.073103979,-0.671538856
TGCCGGCATTATAGAT-1,-0.370879979,-0.1130168,0.239949623,0.066163279,-0.232052525
TGCCTAAGTTAATTAT-1,-0.782704562,-0.0949713,0.486754916,-0.536904284,-0.676521874
TGCCTACGCAGGCTGC-1,-0.71422909,-0.0520823,0.413598056,0.061584484,-0.642820728
TGCCTATCAATGCCAT-1,-0.714251691,-0.0680679,0.440212287,-0.101935142,-0.594060919
TGCCTATCGGCTATGT-1,-0.105983478,-0.2539662,-0.04882177,0.07232945,0.119104828
TGCCTATGGACTGGTC-1,-0.012634738,-0.2933334,-0.074220616,0.021033327,0.064313026
TGCCTTAGGCGTCTAT-1,-0.576483175,-0.3657412,0.521955081,-0.078347937,-0.281214159
TGCGAACATATCGGCT-1,-0.512124633,-0.2126147,0.207581193,0.020984029,-0.341134092
TGCGAATCCGGCTTGA-1,-0.165318469,-0.2575908,-0.004727816,0.074843198,0.070174361
TGCGAATTCTCCGCAC-1,-0.678395488,-0.1128946,0.389690961,-0.269414944,-0.58968242
TGCGACTACGTGCGAG-1,-0.660730181,-0.1943528,0.359024546,-0.327441775,-0.600775316
TGCGAGCCAGACGAAT-1,-0.611725632,-0.1380441,0.318192876,-0.046353835,-0.54848813
TGCGATACGCCTCGCA-1,0.031381724,-0.25281,-0.157703202,-0.07812861,0.210028691
TGCGATCGCAATGAGC-1,0.033212209,-0.1539551,-0.11848443,-0.024796935,0.177976228
TGCGATCGGATTCACT-1,-0.301246609,-0.0381639,0.193050753,0.086597088,-0.206344586
TGCGATCTTGCTCGAT-1,-0.641013617,-0.1279062,0.400941636,0.081388814,-0.504832705
TGCGATGCAGGTGCGA-1,-0.695425811,-0.2031822,0.409787272,-0.517180721,-0.585240261
TGCGATGTGCCTTGGC-1,-0.495036384,-0.1718703,0.195951727,0.020351338,-0.286716764
TGCGATTAGCTCCGCC-1,-0.743643382,-0.0621503,0.401928184,-0.510852027,-0.721121237
TGCGCAATTGATCATA-1,-0.442644133,-0.2351746,0.147991239,0.022631032,-0.258224473
TGCGCCAGTAATGATC-1,0.039119279,-0.2559302,-0.15345929,0.078587613,0.216658726
TGCGCCGAACGGACTC-1,-0.251678282,-0.1874384,0.134627743,0.095539554,-0.062677484
TGCGCCGATCGCGAAG-1,-0.233750063,-0.1639873,0.068275727,-0.056240345,-0.070011342
TGCGCCTCTGGCTACA-1,-0.671568096,-0.0766967,0.363700058,0.002333353,-0.622623237
TGCGCCTCTTCGGCGA-1,-0.709838237,-0.1449554,0.434233125,-0.096414663,-0.61494863
TGCGCTCATAGAACGA-1,-0.030796435,-0.2182968,-0.095917097,0.142648129,0.056805321
TGCGGACATTCGCCGG-1,-0.705001753,-0.0417468,0.385237204,-0.024381094,-0.650552649
TGCGGACCATGGTACC-1,-0.481985963,-0.0698308,0.27486276,-0.06622404,-0.343078892
TGCGGACGATACGGAC-1,-0.375069021,-0.1916004,0.248737553,0.12001934,-0.24572546
TGCGGACTCACGTGAT-1,-0.744327839,-0.2013198,0.49088299,-0.644867167,-0.620460998
TGCGGACTTAACTTCC-1,-0.612223891,-0.3089741,0.493694774,-0.095029397,-0.341993214
TGCGGACTTCTGTCGC-1,-0.477573696,-0.3121713,0.351366008,-0.161771856,-0.188116491
TGCGGAGGCTGGACCG-1,-0.78450744,-0.0359818,0.436471993,-0.029909212,-0.733830654
TGCGGATCATCCTAGA-1,-0.187672465,-0.2897268,0.069956149,-0.697180087,0.044236063
TGCGGATCGGATCTTA-1,-0.726421845,-0.0928914,0.378027156,0.008005357,-0.600658076
TGCGTATCTTGTACCG-1,-0.040056372,-0.2551844,-0.090976667,0.070317648,0.180807987
TGCGTCCTAAGTTCCA-1,-0.403925065,-0.0069403,0.231717442,-0.009960883,-0.346482135
TGCGTCTGGATCGGAT-1,0.083707852,-0.2401937,-0.193847491,0.098190905,0.245317056
TGCGTGTCAGCCAGTG-1,-0.351648217,-0.1986657,0.134957216,-0.180163567,-0.159862987
TGCGTGTCGGCGGATA-1,-0.684944381,-0.0851672,0.382358032,-0.055141178,-0.586992441
TGCGTTAGCACGTACC-1,-0.595297818,-0.2755998,0.475953987,-0.05471692,-0.392123257
TGCGTTATGTTCCGGA-1,-0.725515594,-0.1130377,0.448732335,-0.296806059,-0.65470814
TGCGTTATTGTTGCGA-1,-0.320565514,-0.216723,0.211891936,-0.024660138,-0.176896787
TGCGTTGTATTGCCTG-1,-0.758238135,-0.01271,0.435730398,0.007326832,-0.710337243
TGCTACATCACCGGAT-1,0.042090901,-0.2955144,-0.203435004,0.104332454,0.172525266
TGCTACGCTGCGTGGA-1,-0.20135993,-0.2528387,0.013839808,-0.146128336,0.010066497
TGCTACTTGTGGCTGG-1,-0.788680608,-0.0344605,0.436042147,-0.231584505,-0.733783633
TGCTATAATGTCGCTG-1,-0.521683696,-0.0924756,0.316685963,0.07742896,-0.418216785
TGCTATCCATGTAATA-1,-0.732705378,-0.0806889,0.435378926,-0.080905535,-0.653187524
TGCTATCCTAAGACGA-1,-0.279192244,-0.2781713,0.132615916,-0.460247672,0.003888879
TGCTATGGTTGCGACA-1,-0.028976465,-0.2189916,-0.110281817,-0.10081068,0.154070711
TGCTATTGCGGCGTGG-1,0.053374407,-0.2449917,-0.171700922,0.084798908,0.223520261
TGCTATTGGTAAGTTC-1,-0.382059461,-0.2611633,0.229421314,-0.119212259,-0.142713837
TGCTATTGTCAAGGAG-1,-0.730787321,-0.2016098,0.517328314,-0.021028492,-0.573554326
TGCTCAGATTGGTAGC-1,-0.458732642,-0.1822064,0.330868105,0.043513895,-0.294690279
TGCTCCTAACGGAAGA-1,-0.777555657,-0.1124507,0.480319497,-0.139958458,-0.66109905
TGCTGTATTAGCGGTC-1,-0.457843922,-0.0156716,0.281189566,0.033360438,-0.368859913
TGCTGTCAGAACGAAG-1,-0.787605403,0.01072435,0.441861227,-0.190147629,-0.749745329
TGCTGTCTTGTTAATG-1,-0.417012737,-0.177757,0.271594411,-0.109848978,-0.283289524
TGCTGTGAAGTCAAGA-1,-0.694258397,-0.163509,0.371110301,-0.11030397,-0.652375032
TGCTGTTCTGTAGACC-1,-0.685733039,-0.087628,0.372735707,0.038449716,-0.679271715
TGCTGTTCTTGTCCAA-1,-0.56123976,-0.0538769,0.313828733,0.101449767,-0.476162862
TGCTTACTCACCGGTC-1,-0.268778429,-0.1518046,0.046641584,0.049547153,-0.137682939
TGCTTAGCCTGTTGGT-1,-0.128148442,-0.2474059,-0.046770368,-0.221510256,0.074913905
TGCTTAGCTCCTGGCT-1,-0.782703405,-0.1707238,0.536142988,-0.198093314,-0.586060286
TGCTTAGTTGACTTAC-1,0.046033704,-0.3029319,-0.104215999,0.039646831,0.098703622
TGCTTATGAATAAGCA-1,-0.397281044,-0.2355823,0.198211459,-0.065660347,-0.189468467
TGCTTATGACGCTGGC-1,-0.307018198,-0.1611432,0.083454032,0.154767211,-0.224769747
TGCTTATGCGGTTCTG-1,-0.155626412,-0.2126263,-0.049364017,0.077130367,0.033040159
TGGAAGACGTGAGTAG-1,-0.077169321,-0.2663065,-0.058707377,0.099272809,0.141954037
TGGAAGACTAGTCTTG-1,-0.504398659,-0.0373074,0.315942465,0.084046067,-0.394941101
TGGAAGCCATAACAGT-1,0.054108065,-0.2458791,-0.172906708,0.090777493,0.225166058
TGGAAGCTAGTAATAC-1,0.055216599,-0.2390945,-0.188470932,0.056548053,0.188887844
TGGAAGCTCCATCGAC-1,0.082734595,-0.2229038,-0.195117762,0.087796809,0.259666133
TGGAAGGTTCGCTTGC-1,-0.342401723,-0.1100943,0.232325635,0.050112197,-0.188722261
TGGAAGTCCGCAGTCT-1,-0.380114277,-0.0668723,0.243588141,0.075533058,-0.260926467
TGGAAGTCTGGACTAA-1,-0.600849781,0.07744375,0.349186767,0.059601653,-0.535898282
TGGACGCCTGCGACCG-1,-0.804022681,0.00820291,0.45121221,-0.013234395,-0.741747982
TGGACTGACGTACCAC-1,-0.08331743,-0.2491587,-0.080998974,0.030525151,0.119019214
TGGACTGAGTACCTAG-1,-0.709046513,-0.1998352,0.39686614,-0.347899785,-0.53177227
TGGACTTCGCGGAACT-1,-0.60330737,-0.2864161,0.40780949,-0.107249021,-0.299818077
TGGAGTCGGCAAGCTC-1,-0.792286572,-0.0195896,0.437873251,-0.075087422,-0.758429589
TGGAGTGAACGCGGTC-1,-0.017843458,-0.2529273,-0.119038037,0.096734793,0.165243669
TGGAGTGATGGCTCTT-1,0.035850013,-0.2555043,-0.170858999,0.086087435,0.20379484
TGGAGTGCTCCTGATC-1,-0.582819068,-0.0628641,0.30249114,-0.03586339,-0.473656636
TGGAGTTGAGTCGACA-1,-0.268616521,-0.2073404,0.066018945,-0.095588896,-0.036830944
TGGAGTTGGTGAATCA-1,-0.300355186,-0.1360834,0.183724485,0.078308324,-0.177966864
TGGATCATTGTAACGG-1,-0.800639297,-0.0327814,0.473390868,-0.268607803,-0.685195568
TGGATCCAGTCACTTC-1,-0.556373251,-0.1421967,0.336047616,-0.440095906,-0.425422393
TGGATCGGCCTCCATG-1,-0.612712918,-0.1516296,0.317890833,-0.073435354,-0.497467892
TGGATTAGTACATTGC-1,-0.678506365,-0.1373746,0.402664388,-0.06383588,-0.428560906
TGGCAAGCGACACTTA-1,-0.691181203,-0.1132002,0.36933624,0.046327263,-0.539413867
TGGCATCGATCAATTG-1,-0.074812042,-0.2705533,-0.066598322,0.085516629,0.139569189
TGGCATGCGTTCACGC-1,-0.280673216,-0.1925141,0.045452554,0.066498563,-0.080023064
TGGCATGTTCGAACAG-1,0.031876825,-0.2307859,-0.155517828,0.07013091,0.214036568
TGGCCAACATTCTGAG-1,-0.755421092,-0.0131109,0.421795267,0.012808782,-0.636753959
TGGCCAAGCGTACAAG-1,-0.71029698,-0.0706624,0.393989759,-0.019315586,-0.659886481
TGGCCAAGCTGGCACC-1,-0.519335553,-0.2396848,0.293877253,-0.576808403,-0.327639641
TGGCCACTCCGCGGAC-1,-0.481502417,-0.1701356,0.265576507,-0.050161651,-0.25474609
TGGCCACTCCTGAGTG-1,-0.493893179,-0.1044805,0.276088349,0.098115828,-0.387326362
TGGCCAGAATCACTTG-1,-0.678690844,-0.2813863,0.521742572,-0.545960561,-0.391697551
TGGCCAGAGTATCTCC-1,-0.638216687,-0.0290182,0.348790057,0.040909563,-0.544136662
TGGCCAGATCCGGACA-1,-0.743982295,-0.1644358,0.499310265,-0.422731347,-0.570812598
TGGCCGTCTATCAGGA-1,-0.720974568,-0.2454033,0.51872063,-0.298035975,-0.51307833
TGGCCTGACATACTCA-1,-0.798935233,-0.0561126,0.499885284,-0.113948436,-0.653751633
TGGCCTGGCACTGTGG-1,-0.805975178,-0.1659893,0.541437466,-0.579873081,-0.618831276
TGGCGAATTCTATGGT-1,0.023160604,-0.2480463,-0.125637095,-0.037028027,0.164916048
TGGCGACACTCGCATC-1,-0.138208246,-0.1568092,0.042652571,-0.10270477,-0.047045641
TGGCGACACTGCCGGA-1,-0.686889347,-0.285238,0.536533194,-0.414693432,-0.4006568
TGGCGACAGCACGGCC-1,-0.388985277,-0.1917207,0.250786847,0.138154402,-0.21024629
TGGCGACATACGCTCA-1,-0.241644319,-0.190754,0.149540839,0.028534416,-0.064281948
TGGCGACTGCTATCAA-1,-0.52379627,-0.0938861,0.264725117,0.075161073,-0.476867788
TGGCGAGCCACTAGCG-1,-0.460500132,-0.3263555,0.361066002,-0.602493322,-0.210801459
TGGCGAGCTCCACGTG-1,0.087076812,-0.2331649,-0.204682666,0.09711133,0.245269796
TGGCGATGAGTGGCAG-1,-0.738893763,-0.0414779,0.425154129,-0.20598515,-0.680232145
TGGCTCACTCAATCAC-1,-0.058947214,-0.29015,-0.130231036,0.082663034,0.069497486
TGGCTCCGCATCAGAT-1,-0.776462509,-0.071831,0.434414414,-0.516518784,-0.733571951
TGGCTGGACCTTAGGA-1,-0.212291853,-0.2330789,0.0075259,0.060209982,-0.008448349
TGGCTGGAGTTATTGT-1,-0.309589454,-0.0237909,0.153003139,-0.010068998,-0.227876133
TGGTACAAGACACTGA-1,0.072539301,-0.2389681,-0.171303565,-0.011408319,0.206810921
TGGTACAAGACCAATC-1,-0.565752532,-0.1579434,0.385138348,-0.017678632,-0.420966176
TGGTACCAATACTTAC-1,-0.372293744,-0.2352418,0.173653044,-0.156101785,-0.190833974
TGGTACCAGATTGTTA-1,-0.018784557,-0.237274,-0.128629692,0.088976667,0.16354175
TGGTACGGACGTAGTT-1,-0.743943744,-0.0534068,0.441248321,-0.031285742,-0.634250787
TGGTACGGTCGGCGAA-1,-0.804817728,-0.0017611,0.466383862,0.014929044,-0.714069221
TGGTACGTGCTGTTGA-1,-0.718586446,-0.1096499,0.40294119,-0.012792658,-0.68233402
TGGTACTGACCGCTGC-1,-0.149021694,-0.3186549,0.154887076,-0.024544762,0.082189829
TGGTACTGGTATCTTG-1,-0.196710079,-0.219266,-0.007540416,0.056795857,-0.005202833
TGGTAGACGTATTAAT-1,0.000121931,-0.2430059,-0.136574875,0.10413996,0.185294324
TGGTAGCATCAAGTCT-1,-0.769060184,-0.1387602,0.51852519,-0.434534307,-0.597793072
TGGTAGCCAGTTGACA-1,-0.792718423,-0.0496254,0.477055298,-0.397997194,-0.700811031
TGGTATGCAAGTCTAT-1,-0.770309814,-0.0385433,0.435934725,-0.581058456,-0.723419969
TGGTATTAGCTAGACC-1,-0.703674504,-0.1823476,0.477611039,-0.187435557,-0.553221504
TGGTATTCCTAGTCCA-1,-0.790072773,0.04439476,0.453974408,-0.043680702,-0.71076401
TGGTATTGAGTTGTAA-1,-0.773474558,-0.0235523,0.443897437,-0.000414285,-0.723731361
TGGTCATCTAGGTCAT-1,0.019693852,-0.2351605,-0.161749477,0.121248585,0.189429032
TGGTCGAGATCTGTAA-1,-0.509119656,-0.1271558,0.295633783,-0.146547579,-0.421112362
TGGTCGCCGGCTTACT-1,-0.519667063,-0.1289199,0.292266911,-0.0389458,-0.308869417
TGGTCTCAGAATGCAC-1,-0.66734225,-0.1145962,0.418198121,-0.265490525,-0.562256423
TGGTCTGCTCAGGTTG-1,-0.650926655,-0.2212241,0.451534552,-0.46802587,-0.44514802
TGGTGCACGACCTTAG-1,-0.805494158,-0.030209,0.462706134,-0.11158202,-0.719818784
TGGTGCAGACCGAAGT-1,-0.7707154,-0.1594191,0.555444749,-0.617471754,-0.47946268
TGGTGCAGTACCATGC-1,-0.53713464,-0.1655219,0.365038459,-0.099087764,-0.350494794
TGGTGCATTGTAATCC-1,-0.684798525,-0.0664768,0.413661777,-0.024625633,-0.501269911
TGGTGCCGCTGCAACA-1,-0.009457134,-0.2609256,-0.121135998,0.07488171,0.193013771
TGGTGCCTAGCACGGC-1,-0.555362551,-0.0913678,0.343766445,0.077669725,-0.441922944
TGGTGCCTGTGGTTAC-1,-0.14452459,-0.3561873,0.05027039,0.000531627,0.081736459
TGGTGCCTTCCGCTAA-1,-0.558271483,-0.2221169,0.385865831,0.013228303,-0.333303094
TGGTGCGAACGTGGCG-1,-0.222508222,-0.2589308,0.038454953,0.020583502,-0.005183111
TGGTGCGAATCCTGCT-1,0.039051218,-0.2625143,-0.186998273,0.098838125,0.181111547
TGGTGCGAGGTCGTAT-1,-0.625712347,-0.2402321,0.349565411,-0.693851571,-0.568508322
TGGTGCTTCTAGGCAA-1,-0.335814259,-0.2292636,0.222191293,-0.080287367,-0.148377899
TGGTTGAACACGCCAA-1,-0.77647962,-0.0962966,0.479195793,-0.012842297,-0.651743974
TGGTTGCCAGTGTCAA-1,-0.680783444,-0.103861,0.393018958,-0.273928098,-0.4433477
TGGTTGCCTCCGGCTT-1,-0.804748141,-0.1186264,0.534331167,-0.346857198,-0.654762087
TGGTTGGATTGAGCTG-1,-0.2159106,-0.3201714,0.038924037,0.068477343,-0.003299118
TGGTTGGCGAAGCCTT-1,-0.757651555,-0.0277528,0.429957675,0.048831416,-0.711223796
TGGTTGGTATCGGCAT-1,-0.422031628,-0.2120606,0.185182343,-0.102053043,-0.293976778
TGGTTGTCTATCGACA-1,-0.668540519,-0.1277176,0.403991083,-0.189395457,-0.58295113
TGTAAGATCTTCACAT-1,-0.671235186,-0.0652691,0.406851739,-0.552691435,-0.566353748
TGTAAGGTGAGCGACC-1,-0.652409624,-0.0975622,0.384090363,-0.043911249,-0.413959903
TGTAAGTGATCAGACC-1,-0.682661343,-0.1716047,0.429459854,-0.113574117,-0.57112473
TGTAATACTACACGGT-1,-0.753538171,-0.1444059,0.45490326,-0.199092094,-0.64963315
TGTAATAGCCGATTAT-1,-0.774034088,-0.0503478,0.430274505,0.018952732,-0.754315482
TGTAATCATATGAGAC-1,-0.77696052,-0.0429622,0.454662363,-0.010851529,-0.61266551
TGTAATCGAGACTGGC-1,-0.653975417,-0.1809153,0.387586051,0.031523906,-0.632099508
TGTAATGCACTACGAG-1,-0.368187468,-0.0337067,0.196620464,0.063646469,-0.295040622
TGTAATGCCTAACACC-1,-0.684184536,-0.2356979,0.472622109,-0.181434514,-0.542002979
TGTAATTGTATCCTCG-1,-0.489137122,-0.2494289,0.256452986,-0.08039031,-0.468378006
TGTACCAACTACGCAT-1,-0.692673044,-0.0429967,0.378356247,0.070132512,-0.614108816
TGTACCAATATTAGTC-1,-0.429935263,-0.1268413,0.262100519,-0.157545054,-0.350970876
TGTACCACATACTGGT-1,-0.414128263,-0.1604206,0.251416212,-0.31560775,-0.290531883
TGTACCTGCAGGAACA-1,-0.009214363,-0.2664266,-0.097229661,-0.038386165,0.070745144
TGTAGCCGTACATAAC-1,0.070447828,-0.2397141,-0.161774986,-0.021313739,0.218194699
TGTAGGAGCTTCAATA-1,-0.175729032,-0.3095219,-0.037065041,0.048802202,-0.008754357
TGTAGGATCAGAGCGT-1,-0.758900456,-0.0387031,0.446606028,-0.02593271,-0.676191653
TGTAGGCACGTACCTC-1,-0.016825069,-0.2318108,-0.132810927,0.073448244,0.155959797
TGTAGGCAGGTCTAGC-1,-0.140907974,-0.3395431,0.145782432,-0.078145847,0.075538124
TGTAGGTCACTACATG-1,-0.407472096,-0.1747431,0.158783182,0.010471117,-0.22852502
TGTAGGTCTGAACGCA-1,-0.638385721,-0.1638097,0.385705814,-0.29972424,-0.51434288
TGTAGGTTCTGGCTTA-1,-0.803597862,-0.1168691,0.536689959,-0.064543293,-0.634347472
TGTATCACGGTGGAAC-1,-0.493431767,-0.0329017,0.272547361,0.081036214,-0.446400829
TGTATCGGCGGTCGCA-1,-0.02715129,-0.2320642,-0.113142339,0.04923426,0.153939221
TGTATGATTGTAGGTG-1,0.094421531,-0.2747212,-0.191700667,-0.003080777,0.153479395
TGTATGCAGGATTCAC-1,-0.407986157,-0.0917334,0.249586062,-0.074678781,-0.299059194
TGTATGCCTATCTTAT-1,-0.502479823,-0.0786371,0.288655232,0.04773847,-0.447036933
TGTATGCTCGCCTAGT-1,-0.578866894,-0.0235943,0.321867332,-0.012610819,-0.527292945
TGTATGGAACTACGCA-1,-0.576487917,-0.3250356,0.399005776,-0.336942812,-0.242783235
TGTATGGTGCCAAGGT-1,-0.785201506,-0.0601701,0.434395555,-0.020994975,-0.752658074
TGTATGTCGAGGAAGC-1,-0.371467244,-0.1784959,0.24468312,0.06468968,-0.219820248
TGTCAACTCATCAACG-1,-0.702202006,-0.0675497,0.351738817,0.0099626,-0.608350324
TGTCAACTTATTCAAT-1,-0.024667045,-0.270873,-0.075466199,-0.044572942,0.100744009
TGTCAAGAACTCGGCG-1,-0.340848843,-0.391391,0.240309849,-0.013457913,-0.035904384
TGTCAAGCGGATCGGT-1,-0.504446255,-0.1532901,0.30502698,-0.027546751,-0.325663766
TGTCACAGACGTATCC-1,0.102493646,-0.2060213,-0.210147683,-0.051320904,0.202431248
TGTCACTAGCTCAGAC-1,-0.660034601,-0.1178469,0.370553984,-0.296402775,-0.590546527
TGTCACTCCGTCAAGT-1,-0.529754115,-0.2049132,0.314374866,-0.04507624,-0.409516017
TGTCAGAAGTTGTAAC-1,-0.780844951,-0.0287139,0.448691469,-0.130947969,-0.71754181
TGTCAGACGAAGCACC-1,-0.740211039,-0.0703796,0.415125391,0.023645089,-0.650397297
TGTCAGATAAGGTGAC-1,-0.390561837,-0.2188958,0.128456388,0.028661102,-0.186466365
TGTCAGTGGCTTCCAT-1,-0.648610128,-0.1152804,0.358845954,-0.143252613,-0.510795902
TGTCATCCAAGCTGCG-1,-0.621725644,-0.118619,0.341590537,0.062598553,-0.589211318
TGTCATGCATGAGCAC-1,-0.761319522,-0.0149336,0.416129719,0.008498511,-0.723562901
TGTCATGTGACACGCT-1,0.082569095,-0.3282645,-0.180874688,0.133546394,0.244301848
TGTCCATGTATGGAAT-1,-0.061325857,-0.2123619,-0.107928414,0.022933048,0.115821107
TGTCCGATAGTCACAG-1,-0.308332463,-0.2256566,0.157409141,-0.655207154,-0.119037119
TGTCCGGATGGCAGTT-1,-0.723712091,-0.1944764,0.482198739,-0.097934823,-0.577960947
TGTCCTCAACGTTCTA-1,-0.067790282,-0.2267789,-0.091687675,0.013334154,0.104211477
TGTCCTTCGCCTCGTA-1,-0.122918702,-0.3414276,0.02476495,-0.055808961,0.134303394
TGTCGAGTGCGTTAGC-1,0.00394675,-0.2381057,-0.149018286,0.122377199,0.184331828
TGTCGATTCACGTAGT-1,-0.7033598,-0.1540276,0.420110645,-0.126353433,-0.514087933
TGTCGCGGAAGAGCTA-1,-0.681842119,-0.3288923,0.551820044,-0.066219323,-0.468100335
TGTCGTTCATACGATA-1,-0.792703069,-0.0950427,0.465922965,-0.093107743,-0.704507186
TGTCTAAGCAGACGTA-1,-0.213903745,-0.2528139,0.035679497,0.057679819,0.016021694
TGTCTACTAGATTGCC-1,0.002603559,-0.1854721,-0.115975381,-0.227194825,0.153523234
TGTCTGGCTTGTCTGT-1,-0.409462057,-0.2567146,0.272635024,-0.05181765,-0.342757773
TGTCTGTAAGCGAACT-1,-0.713448301,-0.0797213,0.417068776,-0.207209372,-0.618933141
TGTCTTGCGACTAATT-1,-0.815289818,-0.0192675,0.47849507,-0.095527401,-0.715246939
TGTCTTGGAATTGGCA-1,-0.584938398,-0.0920192,0.311549538,0.015228995,-0.392350242
TGTTAAGGAAGTCTTA-1,-0.372812499,-0.1724227,0.2810154,-0.123565241,-0.17859366
TGTTACCTATTGGACA-1,-0.708163591,-0.1258259,0.440460204,-0.106049828,-0.566820591
TGTTCACTCACGGTAA-1,-0.673609478,-0.0555762,0.367403346,0.061922247,-0.636502736
TGTTCACTGTCTTCCT-1,-0.058693501,-0.2350081,-0.092060875,0.059419227,0.144306417
TGTTCAGAACGGTGTA-1,-0.798218929,-0.1250899,0.517787192,-0.523339882,-0.665286399
TGTTCAGATAACGGTC-1,-0.449702868,-0.1122401,0.257209205,0.054161005,-0.349786878
TGTTCAGCGAGGCAGT-1,-0.663434046,-0.1806724,0.4270601,-0.059395917,-0.549126468
TGTTCATAGTATGACG-1,-0.743717139,-0.0720813,0.394865256,0.000749051,-0.757798721
TGTTCATTGGTCCAAG-1,-0.505315172,-0.196473,0.323609957,-0.095325969,-0.352521803
TGTTCCTCACATTAAT-1,-0.527919922,-0.1752945,0.247879405,0.017034983,-0.367092948
TGTTCGCAACCGCCAA-1,-0.389950578,-0.0462224,0.218847782,-0.148747796,-0.300372867
TGTTCGTGACCAGTAG-1,-0.427736719,0.03625187,0.233463364,-0.029744509,-0.362097301
TGTTCTGCTCTGTCGT-1,-0.784076825,-0.0086994,0.438660101,-0.02769393,-0.684917399
TGTTGCGTCCAAGATT-1,-0.784599357,-0.1586266,0.509076189,-0.155167685,-0.59134605
TGTTGGAACCTTCCGC-1,-0.787211195,-0.0480222,0.444022392,-0.09046668,-0.704517665
TGTTGGAACGAGGTCA-1,-0.66348934,-0.0980854,0.392325027,-0.093525151,-0.599857018
TGTTGGAAGCTCGGTA-1,-0.490741058,-0.4171966,0.396611813,-0.281953262,-0.169708328
TGTTGGATGGACTTCT-1,-0.093081665,-0.2675905,-0.045833915,0.03211018,0.133481998
TGTTGGCCAGACCTAC-1,-0.773311812,-0.1166866,0.463012846,-0.051705759,-0.647780717
TGTTGGCCTACACGTG-1,-0.77965569,-0.1093704,0.472844031,0.019349754,-0.687994728