,TP,Hazard,Immune,RCB,Proliferative
AAACAAGTATCTCCCA-1,-0.360382407,-0.457102465,0.406750633,-0.167069542,0.011766974
AAACACCAATAACTGC-1,0.072167101,-0.129036976,-0.127143252,0.110635333,0.193085346
AAACAGAGCGACTCCT-1,-0.191261182,-0.317366603,0.19298327,-0.061843275,0.085090959
AAACAGGGTCTATATT-1,-0.308191814,-0.531151354,0.46569631,-0.174959761,0.143719867
AAACAGTGTTCCTGGG-1,-0.103101843,-0.135792835,0.043782706,0.058899046,0.207075438
AAACATTTCCCGGATT-1,0.075586888,-0.100926513,-0.115998269,0.11373791,0.209478348
AAACCCGAACGAAATC-1,-0.327109492,-0.393114818,0.363647467,-0.305557771,0.045194661
AAACCGGGTAGGTACC-1,0.064546403,-0.115058103,-0.080466254,0.07249884,0.166339996
AAACCTAAGCAGCCGG-1,-0.024063537,-0.189448774,-0.044340092,0.152246208,0.197521007
AAACCTCATGAAGTTG-1,-0.173911862,-0.295005822,0.15100224,-0.081244901,0.095771061
AAACGAAGAACATACC-1,0.119558201,-0.212990154,-0.18556793,0.238953455,0.220372506
AAACGAGACGGTTGAT-1,-0.02491133,-0.228830446,0.020117713,0.053840607,0.153663461
AAACGCCCGAGATCGG-1,0.046177362,-0.272796468,-0.079580644,0.155420687,0.107779884
AAACGGGCGTACGGGT-1,0.069731202,-0.085098293,-0.104918856,0.105203068,0.172570908
AAACGGTTGCGAACTG-1,-0.195831017,-0.340291256,0.207325204,-0.062026816,0.114055054
AAACGTGTTCGCCCTA-1,-0.043640838,-0.234156929,0.025908772,0.10841636,0.146407191
AAACTAACGTGGCGAC-1,-0.073925686,-0.268811171,0.016887139,0.069272722,0.075767939
AAACTCGGTTCGCAAT-1,0.04598606,-0.116203296,-0.085223175,0.098131501,0.201432642
AAACTCGTGATATAAG-1,-0.209047642,-0.254931821,0.112434931,0.080032249,-0.016733176
AAACTGCTGGCTCCAA-1,0.014853931,-0.241902971,-0.04618357,0.098086854,0.193314752
AAACTTAATTGCACGC-1,0.032448165,-0.0939419,-0.122226022,0.120100771,0.14814729
AAACTTGCAAACGTAT-1,-0.056759909,-0.277146253,0.054010868,0.007885385,0.149368235
AAAGAATGTGGACTAA-1,0.112771973,-0.094671008,-0.171531087,0.155544538,0.205852391
AAAGACCCAAGTCGCG-1,0.122466599,-0.092799983,-0.188118002,0.157418627,0.170687124
AAAGACTGGGCGCTTT-1,-0.0340423,-0.223690085,0.03535442,-0.005530936,0.123785963
AAAGCTTGCCTACATA-1,-0.210752619,-0.207702116,0.094473068,0.064170758,-0.047163839
AAAGGCCCTATAATAC-1,0.043687004,-0.110072007,-0.097033593,0.104754345,0.180191593
AAAGGCTACGGACCAT-1,-0.143521741,-0.328841766,0.170112494,-0.001244671,0.13288116
AAAGGCTCTCGCGCCG-1,-0.374413177,-0.404118826,0.349401037,-0.019376776,-0.017963342
AAAGGGATGTAGCAAG-1,0.010471716,-0.215160636,-0.029865828,0.095620903,0.15699175
AAAGGGCAGCTTGAAT-1,-0.316286274,-0.442084146,0.382963642,-0.088053851,0.040822024
AAAGGTAAGCTGTACC-1,-0.170576049,-0.333731413,0.167849676,0.044127142,0.078971257
AAAGTAGCATTGCTCA-1,-0.306263153,-0.471300331,0.380422121,-0.143644033,0.080625509
AAAGTCACTGATGTAA-1,0.049258207,-0.180696157,-0.10931919,0.15479468,0.181810679
AAAGTCGACCCTCAGT-1,-0.124421017,-0.260082363,0.092331998,-0.00968688,0.05326988
AAAGTGTGATTTATCT-1,-0.151998221,-0.284303734,0.119814524,-0.099480944,0.07270916
AAAGTTGACTCCCGTA-1,0.048998344,-0.25232545,-0.077959313,0.102332802,0.143507394
AAATAACCATACGGGA-1,-0.136125066,-0.276418408,0.121889356,0.025565169,0.085995086
AAATAAGGTAGTGCCC-1,-0.030739879,-0.275687495,-0.015431247,0.066851012,0.096164672
AAATACCTATAAGCAT-1,-0.174492208,-0.306674396,0.137545152,0.080155542,0.088118757
AAATAGCTTAGACTTT-1,0.132628397,-0.191116577,-0.182825909,0.181569667,0.197336301
AAATAGGGTGCTATTG-1,-0.109211541,-0.321056072,0.165285523,0.011648092,0.159025487
AAATCCGATACACGCC-1,-0.063834465,-0.187682599,0.046045422,0.047887103,0.151024352
AAATCGTGTACCACAA-1,0.045384662,-0.11076194,-0.056051735,0.053934245,0.129771547
AAATCTAGCCCTGCTA-1,-0.078439803,-0.311182155,0.116029198,0.00560184,0.20819476
AAATGATTCGATCAGC-1,-0.1236054,-0.252164128,0.070682168,0.024974613,0.064876794
AAATGCTCGTTACGTT-1,0.032182768,-0.203716856,-0.049292385,0.065104886,0.209788069
AAATGGCATGTCTTGT-1,-0.085400156,-0.293557593,0.091511302,-0.075477663,0.121628427
AAATGGCCCGTGCCCT-1,-0.067994203,-0.270243645,0.059365867,-0.045016609,0.171905749
AAATGGTCAATGTGCC-1,0.040786649,-0.114106731,-0.047173997,0.058307524,0.139730054
AAATGTGGGTGCTCCT-1,0.112331226,-0.179284874,-0.160785337,0.180952198,0.188539579
AAATTAACGGGTAGCT-1,0.029333905,-0.218000786,-0.045076082,0.079183022,0.187488334
AAATTACACGACTCTG-1,-0.255828595,-0.370416937,0.226217499,-0.003989591,0.010861752
AAATTACCTATCGATG-1,-0.082060875,-0.315871275,0.11301617,0.000256183,0.141127206
AAATTCCAGGTCCAAA-1,0.115084507,-0.155077552,-0.14066588,0.15451357,0.030002555
AAATTGATAGTCCTTT-1,0.039271988,-0.156972431,-0.076501394,0.090703886,0.202286001
AAATTGCGGCGGTTCT-1,0.041437383,-0.207042325,-0.080182635,0.11530496,0.18873334
AAATTGGTGAGAAGCA-1,-0.071002101,-0.252474344,0.010816073,0.140198862,0.125419976
AAATTTACCGAAATCC-1,-0.016738769,-0.223509513,-0.01938323,0.086602714,0.116553729
AAATTTGCGGGTGTGG-1,0.047932147,-0.167205661,-0.054063366,0.066556032,0.180475291
AACAACTGGTAGTTGC-1,0.003059177,-0.26391314,0.012011771,0.056644644,0.207234707
AACAATACATTGTCGA-1,-0.011952129,-0.133565485,-0.050767158,0.095332612,0.16116198
AACAATTACTCTACGC-1,0.046733248,-0.150460109,-0.05131445,0.066752618,0.150461091
AACACACGCTCGCCGC-1,-0.27263826,-0.128360086,0.125516052,0.086386726,0.003935143
AACACGACTGTACTGA-1,0.081311613,-0.190287034,-0.091152536,0.138407713,0.021809621
AACACGAGACGCGGCC-1,-0.131767252,-0.292400904,0.129012496,-0.03053243,0.103390621
AACACGCGGCCGCGAA-1,-0.019250833,-0.168720727,0.057858964,0.018018045,0.142444917
AACAGCTGTGTGGCAA-1,0.075219033,-0.141048207,-0.113604118,0.10854388,0.22122128
AACAGGAAATCGAATA-1,-0.019281222,-0.27165663,0.019344851,0.05282593,0.148896065
AACAGGATGGGCCGCG-1,0.04949659,-0.126939057,-0.064052554,0.070207012,0.152780363
AACAGGTAGTATGGAT-1,-0.318651026,-0.451445317,0.415524609,-0.187528565,0.07001881
AACATATCAACTGGTG-1,-0.021790446,-0.268662367,0.01744718,-0.044498009,0.152379773
AACATCGATACGTCTA-1,-0.386655767,-0.252457063,0.297257005,0.015810788,-0.127119314
AACATTGAAGTTGATC-1,-0.070253118,-0.118539816,-0.023170868,0.078182197,0.103302965
AACATTGTGACTCGAG-1,-0.061581338,-0.235345602,0.061881567,0.034354944,0.183766486
AACCAAGACTTCTCTG-1,-0.024820668,-0.205378494,0.028274012,0.043649668,0.154249862
AACCAGTATCACTCTT-1,-0.008991548,-0.307504102,0.002277549,0.098866751,0.129077049
AACCATAGGGTTGAAC-1,0.044367886,-0.102261547,-0.113987818,0.101547038,0.161298339
AACCATGGGATCGCTA-1,0.06377383,-0.146322199,-0.107083962,0.108773729,0.167093639
AACCCAGAGACGGAGA-1,0.10208271,-0.140342085,-0.157702591,0.143232318,0.193515278
AACCCATCCCATGATC-1,-0.052934343,-0.314922627,0.065636624,-0.069989645,0.203559262
AACCCGACAACCCGTG-1,-0.28707385,-0.251586158,0.198443282,0.041723501,-0.000139876
AACCCGAGCAGAATCG-1,0.027313303,-0.245142201,-0.045166125,0.107336969,0.120931304
AACCCGCTGTATTCCA-1,-0.033196176,-0.190554109,-0.01059049,0.070915128,0.187442639
AACCCTACTGTCAATA-1,0.084998112,-0.234668932,-0.129353877,0.174733572,0.139423777
AACCCTGGTGGAACCA-1,0.093511733,-0.165311105,-0.109604556,0.1514114,0.020853609
AACCGAGCTTGGTCAT-1,-0.011827453,-0.275195061,-0.011063965,0.0638961,0.158945771
AACCGCTAAGGGATGC-1,-0.231542338,-0.382333632,0.280902412,-0.096789118,0.113293205
AACCGTTGTGTTTGCT-1,0.023135231,-0.242050107,-0.049261224,0.077075149,0.113055487
AACCTCGCTTTAGCCC-1,-0.160798242,-0.287537582,0.157924712,-0.183799116,0.097148198
AACCTGTCACGGAATT-1,0.081763949,-0.164475163,-0.123901632,0.14901114,0.094802663
AACCTTTAAATACGGT-1,0.037959225,-0.190964962,-0.037915958,0.081028664,0.188027501
AACCTTTACGACGTCT-1,-0.067682412,-0.305314805,0.083517742,-0.065317199,0.184993643
AACGATAATGCCGTAG-1,-0.017997418,-0.208637605,0.032768646,0.015753389,0.154695839
AACGATAGAAGGGCCG-1,0.103015343,-0.145405209,-0.133663569,0.118072053,0.11033577
AACGATATGTCAACTG-1,-0.158360093,-0.305569877,0.135819206,-0.083472219,0.088867492
AACGCATGATCTGGGT-1,-0.217468226,-0.392796034,0.286689675,-0.016782896,0.151024819
AACGCGAACGGCAACA-1,0.071232437,-0.177652126,-0.128562657,0.152372457,0.208239841
AACGCGACCTTGGGCG-1,0.056009715,-0.122903501,-0.089251914,0.064405615,0.192094701
AACGCGGTCTCCAGCC-1,0.023124765,-0.267248584,-0.036244348,0.091916337,0.186093988
AACGCTGTTGCTGAAA-1,0.108748388,-0.107546589,-0.152888275,0.116540296,0.218304401
AACGGACGTACGTATA-1,-0.32198901,-0.341155634,0.269830456,0.007761231,-0.010686002
AACGGCCATCTCCGGT-1,0.02131766,-0.206193331,-0.035758178,0.03658577,0.171965913
AACGTACTGTGGGTAC-1,-0.041693752,-0.248117163,0.043549938,-0.005135112,0.148005345
AACGTCAGACTAGTGG-1,-0.050959575,-0.226134743,0.00939547,0.02787126,0.136286055
AACGTCGCTGCACTTC-1,0.083225461,-0.055251316,-0.136938213,0.130852658,0.203137575
AACGTGATGAAGGACA-1,-0.208031098,-0.260243856,0.153730224,0.064178798,0.021019598
AACGTGCGAAAGTCTC-1,0.039286231,-0.156632369,-0.048817045,0.068545012,0.153155305
AACTACCCGTTTGTCA-1,-0.282802535,-0.462066239,0.357963723,-0.164842296,0.047999187
AACTAGGCTTGGGTGT-1,0.07369426,-0.089415169,-0.094988262,0.072308391,0.15072654
AACTCAAGTTAATTGC-1,0.018432559,-0.152684759,-0.011906639,0.04171328,0.149316698
AACTCCAGAGCGTGTT-1,-0.024975361,-0.109771513,-0.021329948,0.063956883,0.164068519
AACTCCTAATCCCATG-1,-0.136582215,-0.283573103,0.135362224,0.069642342,0.104595401
AACTCGATGGCGCAGT-1,-0.033754104,-0.245129857,0.008789101,0.090299218,0.183917013
AACTCTCAATAGAGCG-1,-0.009616559,-0.282452984,-0.027920638,0.071250157,0.148231013
AACTGAGGTCAGCGTC-1,-0.067097329,-0.20857047,0.03592181,0.026362073,0.089605808
AACTGATATTAGGCCT-1,-0.00326611,-0.253714653,0.001010226,0.065935377,0.165497491
AACTGGGTCCCGACGT-1,0.027340612,-0.245079118,-0.050045693,0.109126396,0.164455968
AACTGGTGTGGGCCTT-1,0.092309684,-0.109603211,-0.133666461,0.105105635,0.173492887
AACTTCTGCGTCTATC-1,-0.095033334,-0.301866213,0.106355688,0.015197551,0.129022044
AACTTGCCCGTATGCA-1,0.033207522,-0.12402449,-0.019001566,0.031666189,0.129725112
AACTTGCGTTCTCGCG-1,-0.081375449,-0.285197935,0.088483412,0.024454354,0.159435906
AACTTTAGCTGCTGAG-1,0.059060956,-0.18199471,-0.091219414,0.125204794,0.18215618
AAGAAGGATCAGTTAG-1,0.03387527,-0.181323938,-0.068869985,0.112104327,0.177535826
AAGACATACGTGGTTT-1,0.10129281,-0.088748113,-0.133638804,0.109301898,0.197850261
AAGACCCAACTGAACA-1,-0.232649183,-0.371344739,0.26948484,-0.12929738,0.120413569
AAGACTAACCCGTTGT-1,0.059971548,-0.150236724,-0.108028074,0.12893175,0.182208136
AAGACTGCAAGCTACT-1,0.093558972,-0.124696047,-0.130728715,0.109741803,0.176556756
AAGAGATGAATCGGTA-1,-0.196926591,-0.319177297,0.200046932,-0.019720931,0.081543968
AAGAGCTCTTTATCGG-1,-0.094661842,-0.267481983,0.10848693,0.032453477,0.150059653
AAGAGGATGTACGCGA-1,-0.063589976,-0.227154347,0.084292596,0.01268283,0.148742269
AAGAGGCATGGATCGC-1,-0.208815752,-0.406970846,0.298512753,-0.071420511,0.151095393
AAGAGGCCCTTTGGAA-1,0.006822581,-0.188397193,-0.053400838,0.044838858,0.102780905
AAGATGGCACCGGACC-1,0.004488767,-0.184253337,-0.003273122,0.073173769,0.231529687
AAGATTGGCGGAACGT-1,-0.070176576,-0.322394782,0.098842958,-0.014729715,0.157453606
AAGCACCCTGCGTATC-1,0.003031249,-0.207325005,-0.000518957,0.056051589,0.135411335
AAGCATACTCTCCTGA-1,-0.217155504,-0.413646625,0.282576899,-0.203962677,0.130220037
AAGCCGAAGCGGTTTA-1,0.029834254,-0.223543582,-0.009453041,0.077491989,0.116609068
AAGCCGCCGTGAAATC-1,0.044163224,-0.109352237,-0.087750456,0.086687862,0.161668234
AAGCGCAGGGCTTTGA-1,0.105090828,-0.081167407,-0.15428464,0.130547596,0.201357588
AAGCGGCGTCATGGGT-1,-0.20727663,-0.327342405,0.230780915,-0.016894363,0.082987665
AAGCGTCCCTCATCGA-1,-0.024398489,-0.135403643,-0.014760955,0.089760964,0.17414787
AAGCTAGATCGAGTAA-1,0.004277832,-0.235447516,-0.025443791,0.063201318,0.187190528
AAGCTCGTGCCAAGTC-1,0.095289293,-0.13502877,-0.128548039,0.106481286,0.167316019
AAGCTCTTTCATGGTG-1,-0.041275788,-0.248440894,0.090178649,-0.076017514,0.178714466
AAGGAGAACTTATAAG-1,0.063354952,-0.207819937,-0.100895146,0.137667683,0.193723987
AAGGAGCGGTTGGTGC-1,0.104030075,-0.172469718,-0.145659647,0.12623185,0.188328603
AAGGATCGATCGCTTG-1,0.107827759,-0.199620293,-0.140581989,0.162316147,0.114041851
AAGGATGAGGGACCTC-1,-0.120597329,-0.355116726,0.159739603,-0.009701491,0.127402279
AAGGCAGGCTGTCTCC-1,-0.432991422,-0.237933105,0.280045164,-0.130444471,-0.187607911
AAGGCGCGTAAAGCTT-1,0.028360633,-0.240683337,-0.064025654,0.089030321,0.191940402
AAGGCTGTGCTCATCG-1,-0.084048939,-0.312654502,0.099293823,0.008978742,0.137524062
AAGGGAACGACTGGCT-1,-0.002413633,-0.176090846,-0.020350618,0.060807862,0.188064992
AAGGGACAGATTCTGT-1,-0.088387844,-0.375247883,0.110985444,-0.023335818,0.150120989
AAGGGACTATGCATTC-1,0.040218139,-0.103641701,-0.102191831,0.093646903,0.182549779
AAGGTATCCTAATATA-1,-0.191462886,-0.401046896,0.238254277,-0.063532793,0.106251373
AAGGTGATAAACCAGC-1,-0.328729724,-0.338170431,0.26278436,-0.138946602,-0.02627468
AAGTAGAAGACCGGGT-1,0.002514664,-0.219014454,0.01618262,0.032879838,0.176360139
AAGTAGTGACGCGAGG-1,0.058846127,-0.120465932,-0.068640939,0.062144421,0.155244132
AAGTCAATTGTCGTCA-1,0.09872912,-0.172030369,-0.120358841,0.137185867,0.129050889
AAGTGACGACCGAATT-1,0.049068078,-0.150682541,-0.063594089,0.077326872,0.1840405
AAGTGAGTCGGGTTTA-1,-0.105724095,-0.254607752,0.115722487,0.024504219,0.184102457
AAGTGCCTTGACTGTA-1,0.103336856,-0.172644534,-0.121349329,0.145492269,0.128773123
AAGTGCGTTAGAATCT-1,-0.129072079,-0.28524607,0.125303881,-0.189445992,0.123757769
AAGTGCTTCTCTATTG-1,-0.038401363,-0.127099036,-0.02666782,0.07803705,0.155711091
AAGTGTTTGGAGACGG-1,-0.133976079,-0.307828225,0.133839096,0.028715848,0.146333892
AAGTTCACTCCAAGCT-1,-0.00535937,-0.169743929,-0.050611787,0.09002038,0.170290208
AAGTTCAGTCTGCGTA-1,-0.147698397,-0.307853818,0.132740402,-0.009676057,0.054103478
AAGTTCGGCCAACAGG-1,0.069515085,-0.113449449,-0.099695176,0.084267438,0.155001805
AAGTTGTGATGTTATA-1,0.112303608,-0.07750235,-0.158297714,0.124553887,0.200420788
AAGTTTACTAATGGCA-1,0.077925375,-0.253715085,-0.109458505,0.163181047,0.182438949
AAGTTTATGGGCCCAA-1,-0.037423248,-0.209095002,0.039380948,0.046040833,0.198373013
AATAACAACGCTCGGC-1,0.075413961,-0.101058258,-0.102957195,0.087146401,0.15111016
AATAACGTCGCGCCCA-1,0.084406921,-0.130613747,-0.130687168,0.12995765,0.219413739
AATAAGTCCTCGAGAC-1,0.109093308,-0.139150551,-0.126209818,0.122455605,0.111231479
AATACAATGTTTCAGG-1,-0.123803129,-0.348462874,0.15419313,-0.051520742,0.135675062
AATACCGGAGGGCTGT-1,0.062485072,-0.119881808,-0.124489971,0.108351888,0.206998463
AATACCTGATGTGAAC-1,-0.179760776,-0.187234926,0.065365586,0.121129283,0.084499509
AATAGAATCTGTTTCA-1,-0.218038858,-0.350327958,0.214764072,-0.046664681,0.08159546
AATAGCAAGCCTCCTG-1,-0.062922702,-0.289960522,0.017260554,0.087422136,0.087270946
AATAGCTACCGCGTGC-1,-0.341784969,-0.304668761,0.274548756,0.041911169,-0.064443725
AATAGTCCGTCCCGAC-1,-0.026346695,-0.212461562,0.044492528,0.051372691,0.175494114
AATATCAAGGTCGGAT-1,0.105624913,-0.065013943,-0.15078331,0.105469795,0.142773279
AATATCGAATCAATGC-1,0.008013294,-0.269484662,0.009325222,0.052563327,0.096421498
AATATCGAGGGTTCTC-1,-0.068562323,-0.240571343,0.069494255,-0.01868636,0.126097118
AATATTGGAGTATTGA-1,0.031147778,-0.17817274,-0.026642629,0.057754211,0.175928946
AATCAGACTGCAGGAC-1,0.070010764,-0.172332769,-0.11190845,0.147131124,0.20621177
AATCAGGTTTCATTTA-1,0.01715589,-0.130048125,-0.080982909,0.134585289,0.209152536
AATCATGTAAAGACTC-1,0.066992656,-0.120562923,-0.103575246,0.106352437,0.226533876
AATCCAAGGGCCTGAG-1,0.076598499,-0.113359947,-0.115142806,0.100856393,0.160842204
AATCCATGCAAGGGTG-1,0.106884389,-0.140581491,-0.162923938,0.151901418,0.197439948
AATCGCCTCAGCGCCA-1,-0.202645744,-0.282060463,0.183939612,-0.02268232,0.077624654
AATCGCGCAGAGGACT-1,0.1003128,-0.195792955,-0.131160207,0.161622551,0.051498662
AATCGGGACACTACGA-1,0.076020116,-0.191264469,-0.115721378,0.146438731,0.142109249
AATCGGTATAGCCCTC-1,0.085985797,-0.092415447,-0.12130114,0.115322339,0.185685248
AATCGTGAGCCGAGCA-1,0.004091986,-0.187154907,-0.061396299,0.146166831,0.217181806
AATCTAGGTTTACTTG-1,-0.165609878,-0.361136921,0.259647814,-0.082644399,0.167508917
AATCTATGCCGGAGCC-1,-0.185269015,-0.302346569,0.199924912,0.004455827,0.10839678
AATCTGCGTTGGGACG-1,0.002095335,-0.25911203,-0.020980555,-0.023448272,0.1148566
AATCTGGCTTTCTAGT-1,-0.169872135,-0.368930953,0.250526348,-0.167388112,0.162643165
AATCTGGGTAGACCCT-1,0.105600617,-0.252066236,-0.148666929,0.196381607,0.178340725
AATGACAGCAATGTCT-1,-0.059707379,-0.250671044,0.04896854,0.016739881,0.142330819
AATGACTGTCAGCCGG-1,0.054003348,-0.137796425,-0.104901143,0.070045992,0.155771919
AATGAGTTCGCATATG-1,0.015282266,-0.260772078,-0.042993807,0.117164911,0.200444234
AATGATGATACGCTAT-1,-0.051569275,-0.289175797,0.045217514,0.013917362,0.118368119
AATGATGCGACTCCTG-1,-0.085572905,-0.296480566,0.078234309,-0.003611234,0.10332672
AATGCAACCGGGTACC-1,0.051374512,-0.248266945,-0.074995427,0.108573775,0.19155529
AATGCACCAAGCAATG-1,-0.250842746,-0.292738779,0.226407934,0.001984657,0.06950162
AATGGTCCACCGTTCA-1,-0.001481637,-0.194386065,-0.012480983,-0.003130472,0.140029265
AATGGTTCTCACAAGC-1,-0.064982851,-0.280835964,0.062270953,0.033568104,0.171204604
AATGTATGGCACTGTA-1,-0.076839893,-0.158086956,0.02334705,0.062422142,0.129960513
AATGTGCCCGAGGTGT-1,-0.000753986,-0.207419387,-0.024692951,0.088833078,0.19461974
AATGTGCTAATCTGAG-1,-0.073334144,-0.095846412,-0.005505031,0.08990203,0.139591
AATGTTGTCGTGAGAC-1,0.113538504,-0.029979814,-0.166979834,0.127918178,0.165619539
AATTAAAGGTCGGCGT-1,0.037578832,-0.116007158,-0.031923059,0.03982382,0.129397562
AATTAACGGATTTCCA-1,-0.0474296,-0.225738479,0.045711236,0.029693126,0.156180498
AATTCATAAGGGATCT-1,-0.088945618,-0.326208259,0.101495032,0.003140228,0.133012526
AATTCATTGTCATGCA-1,-0.213468337,-0.153860149,0.099545097,0.068695551,0.001136114
AATTCCAAGCATGTAC-1,-0.225289207,-0.380104612,0.295642133,-0.085753715,0.124965149
AATTCGATTCGAGGAT-1,0.083995536,-0.105096701,-0.124909115,0.107998575,0.20854607
AATTGCAGCAATCGAC-1,0.110732922,-0.058554723,-0.160369166,0.117952339,0.211632679
AATTGCGTGGATTACA-1,-0.005952087,-0.115167849,-0.038894727,0.058577353,0.172790297
AATTTGGGACATAGTA-1,-0.108820996,-0.306670588,0.114247756,0.03868282,0.126160138
AATTTGGTTCCAAAGA-1,-0.067599132,-0.274476292,0.048904434,0.019669708,0.087015714
ACAAACCATGCGTCCT-1,-0.049717319,-0.186315629,0.027616538,0.049355841,0.153724733
ACAAAGCATGACCTAG-1,0.072157869,-0.110923154,-0.118872374,0.111954794,0.203859876
ACAAATCGCACCGAAT-1,-0.214507918,-0.373115223,0.220221608,-0.180894909,0.112006488
ACAAATTCAGATCTGA-1,0.027098365,-0.236640087,-0.049175532,0.138285465,0.071542248
ACAACAGCATGAGCTA-1,-0.155870475,-0.35227318,0.153480647,-0.248994799,0.109938261
ACAACGGTCCCTGCGA-1,0.007318109,-0.181129579,0.010069236,0.030569721,0.179285887
ACAAGCAGTGCCTAGC-1,0.009752355,-0.14585739,0.007675081,0.028216338,0.140071451
ACAAGGAAATCCGCCC-1,-0.248444524,-0.329848261,0.183389313,0.035281737,0.044790508
ACAAGGACAAGAGGTT-1,-0.147216443,-0.388008783,0.210087507,-0.040612779,0.16245503
ACAAGGATGCTTTAGG-1,-0.02175323,-0.162960622,-0.02324045,0.092755248,0.182954044
ACAATAGTCGTACGTT-1,-0.336906122,-0.220690603,0.22373415,-0.066313373,-0.062341461
ACAATCCATTTAAACC-1,0.093260573,-0.108809318,-0.122017889,0.0943579,0.150504368
ACAATCGATCTTTATA-1,0.077782324,-0.247700777,-0.110742106,0.184720745,0.146845825
ACAATGAATACGGAGA-1,0.049374878,-0.139254615,-0.104595249,0.108014139,0.196847726
ACAATGATTCTTCTAC-1,-0.09102001,-0.235962317,0.04774397,0.014744975,0.082406962
ACAATTGTGTCTCTTT-1,-0.108604466,-0.247803888,0.079583792,-0.018941534,0.129006449
ACAATTTGAGCAGTGG-1,-0.287355562,-0.449493752,0.391602364,-0.098714164,0.094824866
ACACAAAGACGGGTGG-1,0.030986104,-0.2336168,-0.085040131,0.148706055,0.147548935
ACACACCAGGACCAGT-1,-0.023992581,-0.245381437,0.005167169,0.062417343,0.191462816
ACACACTTTCTACACG-1,0.031531929,-0.198769322,-0.043291239,0.08071242,0.13721262
ACACATGATCAAATCT-1,0.040675686,-0.200468852,-0.063028403,0.095033825,0.212108634
ACACATTTCCGTAGAC-1,-0.164680002,-0.278384135,0.152633431,-0.022270257,0.124696033
ACACCACATAATTAGC-1,0.02640782,-0.211798717,-0.06144929,0.063061148,0.104713282
ACACCCAGCATGCAGC-1,-0.109738478,-0.329937353,0.113964343,-0.004618958,0.098950144
ACACCCGAGAAATCCG-1,0.068830896,-0.143580331,-0.103485523,0.096962139,0.166881433
ACACCGGTCTGACCGC-1,0.000861843,-0.145644017,-0.034025733,0.061010814,0.166562697
ACACCTTAAGTAGGGC-1,-0.234753776,-0.279730062,0.194686529,-0.170878941,0.035838845
ACACCTTACTACTTGC-1,0.107254443,-0.179981353,-0.1240575,0.152030489,0.112856404
ACACGAGACTCCTTCT-1,0.042611042,-0.220672077,-0.067709169,0.085885226,0.197325758
ACACGGCACTATGCAT-1,0.066293627,-0.215204737,-0.076734687,0.137751635,0.052330555
ACACGGGAACTTAGGG-1,0.071163566,-0.2404458,-0.118517895,0.137589615,0.209363257
ACACGTAGGCCACAAG-1,0.105027329,-0.207911587,-0.125443488,0.137715146,0.096391305
ACACTCCAATGTCACT-1,-0.118320722,-0.300504138,0.10619,0.011621642,0.1141237
ACACTGGGACAGTCGT-1,0.096556879,-0.150773479,-0.123160659,0.113168144,0.148271157
ACAGAACTGAGAACAA-1,-0.08458034,-0.306730505,0.067416224,-0.007409155,0.131597675
ACAGATTAGGTTAGTG-1,0.065165653,-0.187687894,-0.098839884,0.136229242,0.188361395
ACAGCATAGAGCCAGT-1,-0.029296531,-0.243185752,-0.022573338,0.095485418,0.160676101
ACAGCGACATTCTCAT-1,0.014836692,-0.183326642,-0.026262898,0.059283297,0.204088745
ACAGCGCACCCGCAGC-1,0.055855818,-0.275870362,-0.055017769,0.116231654,0.154169076
ACAGGCACGGATCCTT-1,0.091368982,-0.069218776,-0.148192499,0.144196489,0.18295738
ACAGGCTTGCCCGACT-1,0.05431603,-0.179005635,-0.080527691,0.106771357,0.239037325
ACAGTAATACAACTTG-1,-0.294538708,-0.519668911,0.447729211,-0.119548885,0.146452906
ACAGTATACCGTGGGA-1,-0.222224407,-0.283194882,0.163554649,0.054561145,-0.023983378
ACATAATAAGGCGGTG-1,0.039736457,-0.2112888,-0.077368655,0.135294764,0.129714661
ACATCCCGGCCATACG-1,-0.172055551,-0.344914799,0.165807843,0.007025475,0.108593478
ACATCCTGGTAACTGT-1,0.11725258,-0.167672453,-0.146333901,0.169368214,0.077020588
ACATCGATCGTTTACC-1,-0.002491882,-0.176118275,-0.011251915,0.04439576,0.133484555
ACATCGGTCAGCCGCG-1,0.059173816,-0.097689753,-0.083722451,0.075889411,0.150796065
ACATCGTTAACCTAGT-1,0.10411444,-0.159913932,-0.121207713,0.146860284,0.033294071
ACATCTCAACGCGTAA-1,0.093059982,-0.220062561,-0.110222463,0.146881053,0.120079075
ACATGGCGCCAAAGTA-1,0.126023684,-0.205397558,-0.162423675,0.196598412,0.107133503
ACATGGCTCAATTTAG-1,0.040409066,-0.222715643,-0.05974016,0.099010164,0.210950382
ACATTTGAAACCTAAC-1,-0.0209615,-0.14505486,-0.043699837,0.108197168,0.176297348
ACCAAACACCCAGCGA-1,-0.257684999,-0.318698404,0.237480277,0.017468436,0.028076674
ACCAAACTAGAAATCC-1,0.12234759,-0.209383348,-0.155907742,0.190247276,0.137006706
ACCAACACCACACACT-1,-0.088372004,-0.273962049,0.062459033,-0.004797765,0.115196696
ACCAACCGCACTCCAC-1,0.089278299,-0.09896503,-0.152233874,0.145966314,0.158727219
ACCAAGAACGCGTGTC-1,0.093460822,-0.150542297,-0.124357969,0.119922109,0.124401595
ACCAAGTCATCGGCAG-1,0.130513572,-0.099393486,-0.188183625,0.174535093,0.181910614
ACCAATATGCAAGTTA-1,0.022785782,-0.191431324,-0.005224329,0.046191775,0.171896422
ACCACAACTCAGAACA-1,0.112596137,-0.173838042,-0.125495862,0.143531239,0.095295122
ACCACAAGTTTCTATC-1,0.055125275,-0.206582832,-0.079647173,0.098623276,0.188908456
ACCACACGGTTGATGG-1,-0.109720453,-0.249305291,0.125300601,-0.015600553,0.150980052
ACCACCAATGTAACAA-1,0.115234694,-0.212100723,-0.156620997,0.197437226,0.080902617
ACCACCCTCTCTTCTA-1,-0.226153378,-0.256945782,0.119815265,0.070753262,-0.039187882
ACCACGTGCAGCTATA-1,-0.071307964,-0.282764547,0.050458193,0.03522932,0.178167303
ACCAGCCCGGTCTTTG-1,0.120802794,-0.193502142,-0.147623048,0.171293057,0.112629203
ACCAGGAGTGTGATCT-1,0.023296509,-0.291741953,-0.037242113,0.160101312,0.211470906
ACCAGTGCCCGGTCAA-1,-0.050521219,-0.212875362,0.01022011,0.043737915,0.130768075
ACCAGTGCGGGAGACG-1,-0.375016894,-0.443915707,0.395967974,-0.164616383,0.000638202
ACCATATCCGCAATAA-1,0.03029192,-0.148153266,-0.014914054,0.03125587,0.146395221
ACCATCCGCCAACTAG-1,-0.102708395,-0.300418529,0.093797658,0.046340663,0.120685749
ACCATCGTATATGGTA-1,-0.017941122,-0.200294603,0.030843136,0.0361699,0.165024469
ACCCAACGCCCGTGGC-1,-0.156093137,-0.38451638,0.215659236,-0.041823611,0.127653951
ACCCACCTACATGCTC-1,-0.319903069,-0.430502495,0.350016966,-0.068706135,0.02587606
ACCCATCTTGAGGGTA-1,0.067666735,-0.107310514,-0.084833149,0.067839961,0.165637963
ACCCATTTGTCCCTCT-1,0.09893122,-0.099590893,-0.14743597,0.11971025,0.214608363
ACCCGAGCGAAATTAC-1,-0.050435354,-0.146191718,-0.012755257,0.078852726,0.134286118
ACCCGATTGGTTCCGA-1,-0.010087471,-0.134693038,-0.076066077,0.143369032,0.176004293
ACCCGGAAACTCCCAG-1,0.010012056,-0.240414931,-0.004363332,0.080910519,0.175907052
ACCCGGATGACGCATC-1,0.129315801,-0.179706333,-0.168212804,0.178665406,0.085918828
ACCCGGTTACACTTCC-1,0.094019327,-0.074550088,-0.131244709,0.087911051,0.142737159
ACCCGTAGTCTAGTTG-1,0.104999391,-0.090605493,-0.154458175,0.144309945,0.21581412
ACCCGTGTCATCAGTA-1,-0.150569443,-0.334331211,0.152053731,-0.104026245,0.127154085
ACCCTATAGGACTGAG-1,-0.159007659,-0.336357911,0.216992887,-0.047011416,0.179206018
ACCCTCCCGTCAGGGC-1,0.100569115,-0.074342898,-0.161795995,0.160076074,0.193247143
ACCCTCCCTTGCTATT-1,-0.390939177,-0.457415543,0.466095801,-0.10817794,0.051886438
ACCCTGGTAACGCCCT-1,-0.185573174,-0.274988247,0.101952469,0.069134339,-0.042987681
ACCCTTCATCTGCGAA-1,-0.006047271,-0.227483388,-0.012954356,0.085691179,0.144086069
ACCCTTTAGTTCTCCA-1,0.117926456,-0.210824339,-0.131075163,0.136839944,0.123811187
ACCGAAAGGGCCCTGC-1,0.039111587,-0.196913176,-0.086719815,0.136828799,0.182383051
ACCGAAGAGTCTGGTT-1,-0.261623121,-0.288903951,0.233103688,-0.039681811,0.070333338
ACCGACACATCTCCCA-1,0.035128557,-0.238505922,-0.07047602,0.1232875,0.162799492
ACCGACTGAGTCCCAC-1,0.067628108,-0.205253352,-0.097567158,0.104671179,0.202099286
ACCGAGTCTCCTTATT-1,0.102290844,-0.098891198,-0.159696889,0.15120755,0.215043774
ACCGATAGGCATAACC-1,-0.022165926,-0.247006792,-0.030448459,0.120100369,0.133566971
ACCGATATTTAATCAT-1,-0.134753634,-0.278362886,0.131704847,-0.078697659,0.05818845
ACCGATGGTAGCATCG-1,0.021493439,-0.213852851,-0.061577671,0.049734377,0.141054848
ACCGCAATAACTGCCT-1,-0.131693135,-0.347212861,0.14502388,-0.050488415,0.160144256
ACCGCGGTGGAAGTCG-1,0.110680071,-0.190262758,-0.145553136,0.180146137,0.096992035
ACCGGGCCTTTGTTGA-1,0.072583834,-0.236011069,-0.093666173,0.126358032,0.05989634
ACCGGTCAGGTACACC-1,0.060223841,-0.139730687,-0.096908837,0.083836994,0.193353467
ACCGTGACCACGTGGG-1,-0.053855584,-0.17596566,0.010876339,0.071103699,0.170608151
ACCGTTCCCGCTCTGA-1,0.111156873,-0.198569491,-0.142312936,0.177237709,0.130490046
ACCTAAGTACCTTTCA-1,-0.141803629,-0.296868578,0.10957345,0.039936892,0.108303571
ACCTAATCGACTTCCT-1,0.048563876,-0.10684194,-0.045703589,0.040963201,0.145635455
ACCTACAGTATGTGGT-1,0.111490982,-0.189533006,-0.129127357,0.158626356,0.064973626
ACCTACTATAAATCTA-1,-0.080280266,-0.24260163,0.064261107,0.030764599,0.149171665
ACCTCCGCCCTCGCTG-1,0.103669109,-0.227586332,-0.114645077,0.138598884,0.087369812
ACCTCCGTTATTCACC-1,0.129541446,-0.180676993,-0.1739824,0.15550393,0.098166118
ACCTCGAACTTATGCT-1,0.030971172,-0.122365258,-0.070826196,0.080346937,0.168967561
ACCTGCGTGTCATGTT-1,-0.12885156,-0.352148646,0.156728209,-0.074051159,0.159365632
ACCTTTCCTTTAGAAG-1,0.084738805,-0.192578569,-0.096208702,0.156072924,0.197034857
ACGAAATGGGCGGCAC-1,-0.000356213,-0.222077886,0.000235125,0.052291534,0.196736717
ACGACTCTAGGGCCGA-1,-0.140915859,-0.198684,0.045226037,0.13805726,0.11178863
ACGACTGGTCATACTC-1,-0.211229209,-0.138178149,0.117432793,0.042640362,0.041711986
ACGAGAACCCATCACG-1,0.043260166,-0.191754928,-0.084463091,0.121761618,0.204433912
ACGAGATATTTGCTTA-1,0.060500156,-0.186014007,-0.075603086,0.115801898,0.102596455
ACGAGGATACCACTCT-1,-0.084070787,-0.277644062,0.108183004,-0.102004026,0.167184829
ACGAGGTTTACAACGT-1,-0.013368138,-0.239392095,-0.004918739,0.079033222,0.205318729
ACGAGTACGGATGCCC-1,-0.103438681,-0.275358401,0.060495242,-0.006869535,0.071631217
ACGATACATAGAACTA-1,-0.312356596,-0.479840297,0.400276776,-0.632984825,0.078046019
ACGATCATACATAGAG-1,-0.109912989,-0.218798302,0.041246417,0.085015248,0.109215366
ACGATCATCTTGTAAA-1,0.147409256,-0.172304282,-0.194666882,0.181362365,0.160228271
ACGATGCATATGTTAT-1,-0.018923719,-0.21494155,0.062882974,0.020996845,0.165915968
ACGATGGATCCGATGC-1,0.070321368,-0.207810502,-0.089635942,0.126535665,0.063354945
ACGCAAACTAATAGAT-1,-0.132895045,-0.163705793,0.059216647,0.060998805,0.110126121
ACGCAATCACTACAGC-1,-0.068721669,-0.281035299,0.067223058,0.079839493,0.159005006
ACGCATAAATGACATG-1,0.079931348,-0.2192945,-0.104405268,0.156666541,0.06552227
ACGCATACGTTTACTA-1,-0.027876305,-0.225117819,-0.003401448,0.042450667,0.165558583
ACGCATTCGTGAGTAC-1,0.013357928,-0.235030364,-0.012910733,0.071114386,0.176069056
ACGCCACTCGAAACAG-1,0.013610909,-0.160623076,-0.065153051,0.105970553,0.1831023
ACGCCAGATGATTTCT-1,-0.193232188,-0.329266922,0.192123887,-0.088530784,0.082241209
ACGCCAGTGCGTTTGC-1,0.093318395,-0.087833217,-0.13886205,0.128785622,0.213020427
ACGCCCAGCTGTCGAT-1,0.126626125,-0.185760763,-0.188362504,0.206871036,0.163221777
ACGCCGCTAGACGACC-1,-0.058412589,-0.274130559,0.054611747,0.015009212,0.157872122
ACGCGCTACACAGGGT-1,0.024325677,-0.130343402,-0.024032043,0.049898182,0.152300157
ACGCGGGCCAAGGACA-1,0.100984072,-0.136656155,-0.151285405,0.12620443,0.178198569
ACGCTAGTGATACACT-1,-0.081151639,-0.338480387,0.119867703,0.006716697,0.148121775
ACGCTGTGAGGCGTAG-1,-0.257368887,-0.224578542,0.130714537,0.027807469,-0.063077779
ACGCTTAGTGTCTCTC-1,0.027121156,-0.211891391,-0.00954872,0.071883124,0.178404714
ACGGAACACGAGTGCC-1,-0.0603552,-0.18781513,0.034937144,0.076679174,0.181214183
ACGGAATTTAGCAAAT-1,0.078713835,-0.117827161,-0.105168943,0.095762063,0.155107121
ACGGACTCTCAAAGCG-1,-0.027187548,-0.199235102,0.017362243,0.025761684,0.166879912
ACGGAGCGCAAATTAC-1,-0.172928272,-0.292158395,0.161290096,0.035533741,0.076134135
ACGGATGGTGCGGATA-1,-0.068241217,-0.253277201,0.099317061,0.011744987,0.160646091
ACGGCGACGATGGGAA-1,-0.192908687,-0.345305962,0.17100981,0.033479987,0.144098456
ACGGCGGGTTGCCCTG-1,0.025854379,-0.175940873,-0.046302609,0.101617806,0.185192999
ACGGCTGGATGTAGAA-1,-0.058064357,-0.162598774,0.006176579,0.068956487,0.142773892
ACGGGAGTGTCGGCCC-1,-0.020796607,-0.229635351,0.004295295,-0.045987351,0.152783254
ACGGGCGTATGCGACA-1,-0.115541938,-0.249133216,0.062817356,0.098333711,0.036146724
ACGGTACAGTTCAATG-1,0.100395594,-0.107055258,-0.172479179,0.186230976,0.214927614
ACGGTCACCGAGAACA-1,-0.222272791,-0.086717567,0.091286859,0.059138712,0.001068645
ACGTACAGATTTCTCT-1,-0.008411249,-0.268014416,0.008625694,0.064564168,0.133491115
ACGTACTTTGGCACGG-1,0.019687837,-0.174720427,-0.072424941,0.149070838,0.218937436
ACGTAGATTGCTGATG-1,0.084769856,-0.17926174,-0.116968594,0.10835201,0.189775661
ACGTAGGAGAGTCGCT-1,-0.045083883,-0.168927635,-0.003322772,0.079925969,0.149164172
ACGTATTACTCCGATC-1,0.097156783,-0.21397245,-0.138079372,0.176863009,0.073584736
ACGTCCTAAACGAGAT-1,0.073186742,-0.22505363,-0.102422508,0.172724676,0.206636333
ACGTGCGCCTCGTGCA-1,0.065322125,-0.160833272,-0.087139878,0.111137821,0.101638821
ACGTTAATGTCGAAGA-1,-0.015626945,-0.201714086,0.005236902,0.058273858,0.14299239
ACGTTAGATTTGCCCG-1,0.017603696,-0.133320336,-0.007030026,0.034343982,0.14536688
ACGTTATTGGTCACTC-1,-0.018933394,-0.261591879,-0.002412248,0.082666876,0.191856747
ACGTTCCGCGCTCCGT-1,-0.027231358,-0.246346592,-0.010479159,-0.058025906,0.120502833
ACGTTCGCAATCAATT-1,0.134909324,-0.153311436,-0.183949434,0.159406631,0.098991025
ACGTTCGTTCAGGAAA-1,-0.049843948,-0.198720999,0.023582052,0.058622455,0.206319131
ACGTTCTGTACAAGTC-1,-0.096208285,-0.171872052,0.044456169,0.075386123,0.128596304
ACGTTTAGTTGTGATC-1,-0.01542294,-0.249864752,0.021151323,-0.01855098,0.13506617
ACTAATACGTCAGGCG-1,0.034589097,-0.165051908,-0.072076452,0.142370309,0.149479293
ACTACAAAGAGAGGTG-1,-0.039829292,-0.144693834,-0.028371981,0.071212656,0.141351407
ACTACATCCCGACAAG-1,-0.085688632,-0.184057433,0.036595036,0.060682675,0.138956463
ACTACCAGCTCTCTGG-1,-0.007942241,-0.269365136,0.007831757,0.066719814,0.186249058
ACTACGCGTTAGAATT-1,-0.009942395,-0.27072507,0.055950747,0.045722636,0.177948569
ACTAGTTGCGATCGTC-1,-0.285575219,-0.431669343,0.316151741,-0.171204162,0.047446807
ACTATATGCTGTGTTC-1,-0.262194059,-0.36537317,0.280919275,-0.044597011,0.045825128
ACTATCCAGGGCATGG-1,0.123662274,-0.207009271,-0.159384305,0.189349355,0.101435207
ACTATCTGCCCGCGTA-1,-0.261271642,-0.34172899,0.226798539,-0.073516409,0.00120216
ACTATGTCCAGCTGCC-1,0.030941188,-0.148023081,-0.05427575,0.079112944,0.19112629
ACTATTCGTCCGTGGT-1,0.005839535,-0.242778468,-0.017053245,0.065465637,0.084724033
ACTATTTCCGGGCCCA-1,-0.15961003,-0.2471337,0.13208978,0.023357765,0.126812956
ACTCAACGAATGTATT-1,-0.077651327,-0.248224422,0.087000828,0.032470282,0.16097188
ACTCAAGTGCAAGGCT-1,-0.091168317,-0.211368357,0.045175178,0.055817767,0.114913196
ACTCAATAAAGGCACG-1,0.042732454,-0.254587724,-0.088077594,0.150128602,0.210330029
ACTCAGACCTGCTTCT-1,0.111585432,-0.049450526,-0.165047032,0.110458349,0.140108232
ACTCATGGCAGCCTTC-1,0.003327533,-0.120701008,-0.052499299,0.077351713,0.159880986
ACTCCAATATCATCAT-1,-0.065794491,-0.077904039,-0.041945609,0.102398231,0.085069672
ACTCCCATTCCTAAAG-1,-0.177956524,-0.357860514,0.209795981,-0.136148457,0.123363848
ACTCCCGAATTCGTTT-1,-0.069901798,-0.218213776,-0.004197272,0.05805132,0.07600464
ACTCCCGTAGACTAGG-1,-0.107094958,-0.234498278,0.079274995,0.039672596,0.099569723
ACTCCCTAATGCTAAA-1,-0.03424577,-0.180236043,0.036200011,0.042062613,0.146428396
ACTCCGGCCGACCACT-1,-0.173389072,-0.187299144,0.110137267,0.071697702,0.088354944
ACTCGCCGTTCGATAA-1,0.077493952,-0.084794087,-0.118228962,0.09949916,0.205787591
ACTCGTAACCCGTCCT-1,-0.13053624,-0.30807485,0.121170158,-0.027172398,0.095522425
ACTCGTCAGTAATCCC-1,-0.025714731,-0.232746047,0.061548302,0.024189486,0.155251173
ACTCTCTGACTTAGGT-1,-0.075953756,-0.16053494,0.005515111,0.046490191,0.137703261
ACTCTCTTATACACGA-1,0.062172829,-0.200732754,-0.074052167,0.12109253,0.130727212
ACTCTGACCTAATAGA-1,0.078165322,-0.084107739,-0.147083186,0.164618722,0.190616269
ACTCTTGTATAGTAAC-1,0.096226713,-0.156140929,-0.130001123,0.097110105,0.165721097
ACTGAAACGCCGTTAG-1,0.094215307,-0.090967517,-0.144817576,0.112864187,0.200411909
ACTGAATGGCGAAAGT-1,-0.430515241,-0.480172316,0.474943441,-0.093480963,-0.006304485
ACTGATTTAGTGATTC-1,0.039298573,-0.262317302,-0.029730254,0.118863718,0.149013823
ACTGCCCGCCATTCTC-1,-0.03953265,-0.131491785,-0.048761698,0.114289574,0.156357471
ACTGCCGTCGTAACTC-1,0.029155163,-0.23803296,-0.068950182,0.069268559,0.121989529
ACTGCGGACACACCGT-1,0.120720539,-0.16515435,-0.146087542,0.155302953,0.07811658
ACTGGGATGCCAGTGC-1,-0.092949457,-0.160261216,0.023201219,0.075766317,0.149893837
ACTGTACGATACACAT-1,0.088340095,-0.225714429,-0.117711501,0.110745243,0.23085555
ACTGTAGCACTTTGGA-1,3.70E-06,-0.277990306,0.001975011,0.054196271,0.19171355
ACTGTATACGCGAGCA-1,0.101368708,-0.131636818,-0.169748608,0.165022999,0.190395552
ACTGTCCAGGATTATA-1,0.04821815,-0.185977301,-0.072486369,0.110668619,0.180279243
ACTGTCTTCTTTAGAA-1,-0.074722056,-0.219168999,-0.002650461,0.099937089,0.095089056
ACTGTGCTAGTAGATC-1,0.090188546,-0.112828012,-0.137453744,0.12956635,0.174470312
ACTGTTTAGTGTAGGC-1,0.075216169,-0.231117405,-0.1203209,0.180999798,0.191115884
ACTTACCGGGCGCGCA-1,-0.214958786,-0.318037394,0.186163316,0.016662143,0.08692295
ACTTACGCATCCACGC-1,0.005491229,-0.196173866,-0.004159106,0.027288459,0.159644786
ACTTAGTACGACAAGA-1,0.110777562,-0.092394649,-0.159923979,0.1196925,0.15680075
ACTTATACTTACCCGG-1,-0.07542511,-0.266666805,0.011294239,0.092180498,0.08882295
ACTTATTAGGATCGGT-1,0.037556736,-0.128507984,-0.033958607,0.049670523,0.13721004
ACTTATTTATGTGCCA-1,-0.288062598,-0.32006243,0.207705683,0.016914555,0.000295235
ACTTCAGGCTGATCCC-1,-0.237112057,-0.4356678,0.294500281,-0.102004092,0.13565018
ACTTCCATGCGGGACA-1,-0.11565315,-0.223173903,0.078539898,-0.055941048,0.120053523
ACTTCGCCATACGCAC-1,0.041878073,-0.253576262,-0.058601524,0.096777881,0.206551495
ACTTGACTCCCTCTTT-1,-0.102020073,-0.339786764,0.137797618,-0.071662329,0.150476562
ACTTGCCATATTGTAC-1,0.081768144,-0.246501421,-0.122181561,0.169042707,0.196196084
ACTTGGGACCCGGTGG-1,0.022545435,-0.171349012,-0.074496945,0.112764717,0.173557176
ACTTGTAGTCCCTTCA-1,-0.033923226,-0.243372019,0.016094968,0.007897461,0.142620453
ACTTGTGGATGGAACG-1,-0.411529249,-0.395101433,0.420528463,-0.094400159,-0.015918062
ACTTGTTACCGGATCA-1,0.039772318,-0.167021216,-0.06598906,0.060261382,0.209672669
ACTTTACCCTCATGAA-1,0.083089597,-0.141159388,-0.129091476,0.128529553,0.127493194
ACTTTCCTATAGCTTC-1,-0.142966426,-0.284950714,0.102101372,0.022040242,0.06683051
ACTTTGACTGCATCCT-1,-0.083542215,-0.232481423,0.069166832,0.009331163,0.099600835
ACTTTGGTCGTGCTCC-1,-0.036264206,-0.229437803,0.0470662,0.052273021,0.196186285
AGAAATTATGACTCGC-1,-0.430118963,-0.43832042,0.420557277,-0.107076832,-0.080620559
AGAACCCTCAATTGGG-1,-0.069390099,-0.201597964,0.021647799,0.046459951,0.151814922
AGAACGTGGTACATTC-1,0.068272609,-0.224816577,-0.098516433,0.115790861,0.200852513
AGAACTGTACTTTGTA-1,-0.198108373,-0.185200979,0.069535665,0.087389397,0.050331947
AGAAGAGCGCCGTTCC-1,0.105661889,-0.066086635,-0.15703646,0.064446703,0.152478095
AGAAGGTACACTTCAC-1,-0.21936012,-0.401387737,0.344769088,-0.135081416,0.173709769
AGAAGGTTGCCGAATT-1,-0.008385823,-0.186458965,0.035231093,0.009511235,0.155833127
AGAAGGTTGTAGGTCG-1,-0.027708771,-0.2326573,0.01739749,0.08710763,0.209824475
AGAAGTGATTCGTGAT-1,-0.056469449,-0.235661497,0.020617046,0.035927614,0.094529262
AGAATACAGGCTATCC-1,-0.157082463,-0.207797389,0.052547653,0.11305615,0.080692376
AGAATGCGGGTTCGGA-1,-0.130681793,-0.313669876,0.138553591,0.022135935,0.159283774
AGAATTATGGATTCGA-1,0.044227649,-0.279478535,-0.112088906,0.031443161,0.154712599
AGAATTGTTTGACATA-1,-0.011760198,-0.202355984,-0.006501928,0.050793502,0.155768127
AGACATAGATCCTTCC-1,0.110583111,-0.103816993,-0.169789788,0.147554464,0.169632095
AGACCATGGGATACAA-1,0.018649676,-0.162156282,-0.014845881,0.055177395,0.182800085
AGACCCGCCCTCCTCG-1,0.022999161,-0.213064114,-0.07002725,0.123631784,0.170699494
AGACCGCTCCGCGGTT-1,-0.31693366,-0.422156474,0.33935692,-0.12732158,0.050456056
AGACCGGGAAACCCTG-1,-0.241381034,-0.344218254,0.247319167,-0.031329127,0.081488093
AGACGAAGTGCCGGTC-1,-0.334400435,-0.38491006,0.272275856,-0.052502142,-0.021784835
AGACGACGATGCCGCT-1,-0.047572295,-0.249990868,0.015249735,0.102229335,0.181358281
AGACGGGCCGATTTAA-1,-0.031211644,-0.304108656,0.031051719,0.116485585,0.098615197
AGACTAGCCTTCCAGA-1,0.05549959,-0.198371417,-0.061897328,0.075183678,0.183607261
AGACTGTTACCGGGTC-1,0.012986206,-0.161147687,-0.053069186,0.098612096,0.212422284
AGAGAAACACCAGAAA-1,-0.104055923,-0.133237741,0.01277199,0.110599372,0.114079652
AGAGAACCGTCTAGGA-1,-0.113765458,-0.381070316,0.154942063,-0.016058647,0.162073797
AGAGAAGGAGTACAAT-1,0.018572933,-0.141040673,-0.066733978,0.087962533,0.171966998
AGAGATCTCTAAAGCG-1,-0.121319508,-0.257251687,0.092288042,-0.048803112,0.085265004
AGAGCAGTTATGAGAC-1,-0.035205488,-0.260921994,0.033253671,0.027596247,0.126839577
AGAGCCGCCGAGATTT-1,0.107930809,-0.244184096,-0.144977251,0.16803119,0.108067942
AGAGCGGGCTAATCAT-1,0.074835134,-0.146693385,-0.091044531,0.109608683,0.112368956
AGAGCGTACAAGCTCG-1,-0.248504521,-0.397674956,0.278147495,-0.054214391,0.060456771
AGAGCTACGAAAGCAT-1,-0.013560901,-0.1982565,0.010146277,0.057101868,0.193608854
AGAGGCTTCGGAAACC-1,-0.227712925,-0.389249843,0.26138928,-0.08223067,0.125823032
AGAGGGACAATTGTCC-1,-0.052998865,-0.240495337,0.069561657,-0.023483462,0.192332383
AGAGGTATCTCGGTCC-1,0.073449916,-0.22263216,-0.105963306,0.157988807,0.234017816
AGAGTAAACTTCACTA-1,0.027826945,-0.1658439,-0.015874555,0.069291083,0.114138648
AGAGTATAGTGTTACG-1,-0.168222124,-0.39758095,0.224938523,-0.048993618,0.120998367
AGAGTTAGAGACCGAT-1,0.000846759,-0.264388852,-0.045625963,0.131523792,0.12103361
AGATAACTTCAGGGCC-1,-0.145858913,-0.291539711,0.1847188,-0.074134693,0.128506145
AGATACCAATAGAACC-1,-0.065729628,-0.204357864,0.045252983,0.024126586,0.155578566
AGATACCAGCACTTCA-1,-0.221359232,-0.211131611,0.121935167,0.116652881,-0.051537076
AGATACCGGTGTTCAC-1,0.054427146,-0.113014733,-0.064363774,0.067722217,0.14900497
AGATACGACTTCATAT-1,0.107609596,-0.076868235,-0.161176919,0.127244397,0.155724152
AGATATAATACGACTA-1,0.035641578,-0.191737041,-0.061019512,0.101638261,0.204570307
AGATCGTGCATAAGAT-1,-0.169638307,-0.342782847,0.158904027,-0.000231001,0.065282636
AGATCTCAGGTGTGAT-1,0.073802484,-0.168272323,-0.121950587,0.11255123,0.191501643
AGATGACTCGCCCACG-1,0.050689109,-0.157437178,-0.066690261,0.081242002,0.163691365
AGATGAGGGTTGCGAT-1,-0.129093716,-0.337216769,0.175572804,-0.041575016,0.148446418
AGATGATGGAGTCTGG-1,0.143977739,-0.131641268,-0.189413932,0.166048498,0.096823428
AGATGCAAGACGTGCA-1,-0.024919382,-0.194718549,-0.01989561,0.070113961,0.157354247
AGATTATAGGACGTTT-1,0.038514643,-0.136399056,-0.044624053,0.061286914,0.142072504
AGATTCACAACCGATA-1,-0.267906734,-0.435282139,0.409320362,-0.153100162,0.157276655
AGCAAAGGCCGCTAGT-1,-0.131572977,-0.304285824,0.156295103,-0.062432492,0.1268421
AGCAACATATCTTATT-1,-0.118550661,-0.273483183,0.054360606,0.056959311,0.084588959
AGCAACCGAAAGTAAT-1,-0.292198402,-0.432163207,0.36064763,-0.105424959,0.112144212
AGCACACGTTTAGACT-1,0.00891121,-0.108598156,-0.05942376,0.08017987,0.179274548
AGCACCAGTACTCACG-1,0.029282581,-0.239831882,-0.05516531,0.093282619,0.194057686
AGCACTACCGGCCTGT-1,-0.147935802,-0.23659152,0.101392417,-0.212301309,0.067415584
AGCACTACCTCACCAG-1,-0.02520808,-0.267868752,0.032541263,0.077936758,0.178495325
AGCACTTAAGGACGCC-1,0.035463498,-0.195122075,-0.039624669,0.059445219,0.179010915
AGCAGAAGGAGAAAGA-1,0.01801598,-0.185416169,-0.038015527,0.093828453,0.175684124
AGCAGCCAGATGAATA-1,0.031028645,-0.163772916,-0.034037201,0.063817209,0.150648759
AGCAGTCGAAGCATGC-1,-0.125700105,-0.255119725,0.106098948,-0.058897319,0.116424178
AGCATATCAATATGCT-1,-0.100803304,-0.250061201,0.057373372,0.070278005,0.149140933
AGCATCATTTCGAAAG-1,-0.134085723,-0.370835167,0.193627025,-0.075022994,0.143845676
AGCATCGTCGATAATT-1,-0.013042399,-0.207335778,0.020601185,0.043040035,0.161230092
AGCATTACGAGGCAAG-1,0.114483753,-0.053676911,-0.165946038,0.128104805,0.169611992
AGCCAAGCTTTGTGTC-1,-0.123313602,-0.305062803,0.190337351,-0.027563304,0.163443339
AGCCACAGGTTACCCG-1,-0.112723266,-0.117340127,0.028282858,0.074367131,0.075169439
AGCCACTCCCGTGCTT-1,-0.124761008,-0.340652598,0.153804323,-0.157894389,0.161669035
AGCCATATAGTATGTG-1,-0.093627552,-0.290897718,0.098231081,0.006185554,0.181697887
AGCCCATACATGTAAG-1,-0.012816001,-0.200494029,0.007498527,-0.005556942,0.162468004
AGCCCGCAACAAGCAG-1,-0.004617453,-0.188914364,-0.022862485,0.054385143,0.183399319
AGCCCGCACTACAATG-1,0.106927528,-0.066964965,-0.165940389,0.154320615,0.183429055
AGCCCGGCATTAGAGG-1,0.069818986,-0.0972393,-0.123788017,0.101922194,0.197800126
AGCCCGGTAGCCTGTA-1,-0.069769245,-0.23074111,0.057504187,0.052754837,0.188345336
AGCCCTAAGCGAAGTT-1,0.07061453,-0.156329841,-0.093005639,0.087698195,0.136630435
AGCCCTCCCTGGTGGC-1,0.025502788,-0.11325844,-0.074555733,0.087283894,0.180067066
AGCCCTTCTAATCCGA-1,-0.081059953,-0.313679344,0.06397326,0.010264535,0.071940697
AGCCCTTGGACATCCC-1,-0.000696178,-0.319882418,-0.018769831,0.094660552,0.151192653
AGCCGTGGCTAAATGT-1,-0.04172502,-0.284050434,0.02716336,0.00029216,0.12941667
AGCCTAATACCCACGT-1,-0.147812777,-0.336949355,0.199561523,-0.131383647,0.151135909
AGCCTTAAAGCGGAAG-1,-0.13970225,-0.276123533,0.118013023,0.035588246,0.10465407
AGCGACATCCCATTCA-1,0.048299643,-0.179973334,-0.073249846,0.104120785,0.068526193
AGCGACCAACGATATT-1,0.063724063,-0.226714716,-0.11401422,0.141140231,0.185995209
AGCGAGACGTGAAGGC-1,0.048174448,-0.119588661,-0.087297287,0.099980077,0.203249032
AGCGATGCGCCTAATA-1,0.020242682,-0.254253972,-0.000901787,0.058302062,0.201914955
AGCGCATAATGAATCG-1,-0.164080008,-0.311623124,0.159877653,-0.033955779,0.123601259
AGCGCGGGTGCCAATG-1,-0.082521766,-0.320240474,0.097066281,-0.038184775,0.122056706
AGCGCTTATGGGCAAG-1,-0.032491257,-0.229310904,-0.000714895,0.0491111,0.134082175
AGCGGACACTTCGTAG-1,-0.037752516,-0.22035687,0.058289108,0.015660304,0.169650134
AGCGGCGGTTAGCGGT-1,-0.154812185,-0.428625052,0.200610261,-0.031101331,0.098479783
AGCGGGAAGGGTCCAT-1,0.107261431,-0.03452636,-0.16043768,0.106555891,0.133605752
AGCGGGTCTGACACTC-1,-0.150947306,-0.312799936,0.183042785,-0.086110065,0.145061254
AGCGGTTGCCGCTCTG-1,-0.308504261,-0.238250868,0.208482736,0.074549673,-0.054816409
AGCGTACGAGAGCTAG-1,0.091964301,-0.155601351,-0.150156391,0.144046314,0.203297524
AGCGTCTGAACCCGCA-1,-0.059131037,-0.223121469,0.054959196,0.059058765,0.147512873
AGCTAACAAGCAATGT-1,0.062137976,-0.124045975,-0.112159173,0.115569712,0.207877259
AGCTAAGTACGCAGGC-1,-0.161293729,-0.124903301,0.064500708,0.066991785,0.036527478
AGCTAGAAGCAGAAGT-1,-0.222063748,-0.315962357,0.216951734,-0.014723017,0.061569932
AGCTATTTAATCCAAC-1,-0.076271991,-0.296276642,0.058871683,-0.046022668,0.100161901
AGCTCCATATATGTTC-1,0.107934629,-0.221197629,-0.125784447,0.125452275,0.086181957
AGCTCCTTCGCACATC-1,-0.175865263,-0.200852647,0.062011533,0.08275194,0.047988622
AGCTCTAGACGTTCCA-1,-0.076925903,-0.235834715,0.113531003,0.010639528,0.142010972
AGCTCTTCCCAGTGCA-1,-0.141591103,-0.317629021,0.104361643,0.037093694,0.065586853
AGCTCTTCGTAACCTT-1,0.124654049,-0.193685645,-0.158748424,0.171074892,0.10090317
AGCTCTTTACTCAGTT-1,0.039201777,-0.093340846,-0.044279785,0.055707313,0.12723382
AGCTGAAGTAAACCAA-1,-0.240702017,-0.429681394,0.288302507,-0.222399845,0.075522824
AGCTGTAACCTCAATC-1,0.049015703,-0.196449814,-0.083682157,0.108998165,0.230300952
AGCTTATAGAGACCTG-1,0.084453382,-0.167390886,-0.128047051,0.116733319,0.182778778
AGCTTCTTCTCGAGCA-1,0.100801927,-0.059506699,-0.148680541,0.132716467,0.184448562
AGCTTGATCTTAACTT-1,-0.155278129,-0.310389241,0.157853867,-0.019592997,0.099541666
AGGAAGCTGTCCGCCG-1,0.021625399,-0.248942606,-0.033820462,0.093128763,0.185526232
AGGACATCGCACGTCG-1,0.104432485,-0.050214187,-0.159317169,0.105209247,0.130906042
AGGACGACCCATTAGA-1,-0.039118312,-0.270750204,0.039630217,0.030631096,0.177231996
AGGACGCTCGATGTTG-1,-0.169697537,-0.253883142,0.179725956,-0.026054004,0.137974204
AGGAGACATCCACAGT-1,-0.023370322,-0.273765231,0.016486683,0.102398751,0.129986295
AGGAGGCCTTCGCGCG-1,-0.042704892,-0.197735671,0.000493971,0.094708784,0.178236303
AGGATAAAGTCGGGAT-1,0.002298851,-0.223357766,-0.02380097,0.06492145,0.148698361
AGGATATAGGGATTTA-1,-0.195494386,-0.305695555,0.165645694,-0.108514814,0.046701486
AGGATATCCGACTGCA-1,0.060998235,-0.166723797,-0.137809838,0.211193831,0.217602041
AGGATCACGCGATCTG-1,-0.209777424,-0.411615194,0.26468721,-0.099628712,0.125120961
AGGATTGCTTACGACA-1,0.006419962,-0.280655153,-0.016133411,-0.087874528,0.124467614
AGGCACGTGACTGTCC-1,-0.041277523,-0.337250938,0.039950831,0.03026125,0.139013891
AGGCAGATGCGTAAAC-1,-0.077271338,-0.324158255,0.1075619,-0.039853731,0.184464199
AGGCAGGGAGCGTACT-1,-0.067933461,-0.269205192,0.066697207,0.078039118,0.193814344
AGGCATTGTCGTAGGG-1,-0.379260641,-0.345441873,0.308260106,-0.069937351,-0.045257566
AGGCCACCCGTTATGA-1,-0.155412204,-0.377562018,0.198475903,-0.10910401,0.139533128
AGGCCCAGTGACTGGT-1,0.026659413,-0.229422757,-0.039794318,0.092570569,0.239212851
AGGCCCATTGTACAGG-1,0.067074207,-0.152761128,-0.092475751,0.111446878,0.103252846
AGGCCCTAGAACGCCA-1,-0.370520497,-0.451876094,0.412103178,-0.077752589,0.022474713
AGGCCTATCATACCAA-1,-0.10633799,-0.194716118,0.048280954,0.0583871,0.115871559
AGGCCTGAGAATCTCG-1,0.019621181,-0.142831348,-0.065490399,0.106946194,0.188395831
AGGCGGTTTGTCCCGC-1,0.070632768,-0.139118756,-0.106045573,0.095549821,0.1866555
AGGCGTCTATGGACGG-1,-0.302457992,-0.279132275,0.233145268,0.061560751,-0.049137222
AGGCTATGGTTAGCTT-1,-0.203069238,-0.373622514,0.255451867,-0.036320276,0.090603732
AGGCTTGCTAGACACC-1,-0.034097608,-0.248882708,0.050357328,-0.030795369,0.133125926
AGGGAAACGAGGTACT-1,-0.149912594,-0.301642646,0.115664833,0.029488913,0.059240905
AGGGACCGGCTGCGTT-1,0.132029873,-0.200008133,-0.172749379,0.19820621,0.104423899
AGGGAGACATACTTCG-1,-0.20784769,-0.302630458,0.162478109,-0.080650622,0.028500148
AGGGCAGCGGCGTGGT-1,0.08945109,-0.195914717,-0.110575324,0.157422974,0.061412161
AGGGCGAGCAGCTGAT-1,-0.096760105,-0.321267065,0.110356493,-0.014387826,0.138075653
AGGGCGTGATCGGCTA-1,0.104478101,-0.087509869,-0.158121633,0.12229141,0.142965226
AGGGCTGCAGTTACAG-1,0.06627907,-0.191132536,-0.081612382,0.087435679,0.207459373
AGGGTCAGAGCACTCG-1,-0.121252218,-0.181268561,0.054362206,0.059216539,0.09314732
AGGGTCAGTAACCCTA-1,-0.149645828,-0.308084052,0.152104802,0.035640933,0.109511091
AGGGTCGATGCGAACT-1,0.070237726,-0.221233897,-0.101039604,0.085911182,0.16391659
AGGGTGCCGTTCTTTA-1,-0.128426987,-0.123571513,0.038646367,0.078159493,0.082589319
AGGGTGCTCTCGAGGG-1,-0.111504512,-0.304373487,0.084621199,-0.017682872,0.107115441
AGGGTTCAGACGGTCC-1,-0.018302913,-0.127799712,-0.044159201,0.085295238,0.16480339
AGGGTTCCCTTTGGTT-1,-0.136792693,-0.337405815,0.153203845,-0.015464851,0.12129124
AGGGTTTAGTTCGGGA-1,0.036599815,-0.201243841,-0.072152988,0.085290111,0.187510302
AGGTAACCTCCTATTC-1,0.072070211,-0.06820105,-0.130404827,0.10120594,0.137124963
AGGTACGATATTGCCA-1,0.018775695,-0.271632484,-0.044126028,0.121885205,0.122891995
AGGTAGATCGAGATAT-1,-0.221352084,-0.105527414,0.057996302,-0.026384762,-0.021805826
AGGTAGGTACAAAGCT-1,0.086292105,-0.108464531,-0.123397298,0.102119789,0.162199758
AGGTATAATTGATAGT-1,0.139709547,-0.197305298,-0.1908839,0.204171787,0.107590112
AGGTCAGGTGAGAGTG-1,-0.026806528,-0.240754916,0.008330771,-0.070913344,0.151352666
AGGTCGCGGAGTTACT-1,0.056441847,-0.209184307,-0.079407061,0.057321492,0.132685106
AGGTGCACGTCCACAT-1,0.109717995,-0.051624937,-0.162834814,0.152255559,0.163836096
AGGTGGTGACCTTCGC-1,-0.074341978,-0.307331381,0.144270394,-0.023940921,0.179968773
AGGTGTATCGCCATGA-1,-0.267600045,-0.36404331,0.228194657,-0.184876868,0.004853609
AGGTTACACCATGCCG-1,-0.299509504,-0.212813764,0.154446144,-0.084163204,-0.128504699
AGGTTCTCCTTTCCGG-1,-0.053235403,-0.110849714,-0.019583316,0.079755432,0.134447314
AGGTTGAGGCACGCTT-1,-0.027875231,-0.246174914,0.017019538,-0.014564618,0.138296719
AGGTTTCACACACCTT-1,0.046233274,-0.140807251,-0.046463319,0.050607649,0.157482157
AGTAACGTTCATCCTG-1,0.020232905,-0.250747157,-0.059902928,0.134107543,0.167381211
AGTAACTATAGCAGCC-1,0.102844936,-0.064186781,-0.158537352,0.148213085,0.178449844
AGTAATCTAAGGGTGG-1,-0.025432804,-0.20134493,-0.006369646,0.09927549,0.193102159
AGTAATGTCTTGCCGC-1,0.07807502,-0.153974538,-0.100726929,0.123234274,0.102324775
AGTAATTTGCAAGCGT-1,0.05628654,-0.080729059,-0.11968585,0.104454228,0.199547896
AGTACAGAAGCTTATA-1,0.055493899,-0.139439326,-0.081356162,0.102169071,0.209361797
AGTACATCATTTATCA-1,-0.169467784,-0.354565223,0.176231861,-0.052505934,0.135148899
AGTACCTTCGAGTGCT-1,-0.085867933,-0.278881897,0.084082705,0.021992575,0.128344778
AGTACGGGCACCTGGC-1,-0.088136809,-0.283899291,0.070967942,0.03070951,0.147321961
AGTACGTGGCCTGTCT-1,-0.027489677,-0.232223364,0.010150375,0.083498344,0.130675609
AGTACTCTTATGCCCA-1,0.038050613,-0.136183342,-0.086116684,0.105983911,0.203514767
AGTAGAAGGCGCCTCA-1,-0.118019354,-0.277299074,0.116042028,0.015413756,0.171238573
AGTAGCGTGAACGAAC-1,0.131409896,-0.174021531,-0.169836952,0.181856263,0.147321864
AGTAGGAAGGAAGTTG-1,-0.161602259,-0.287957868,0.114673998,0.079931142,-0.041731217
AGTAGGTAACATACAT-1,0.103190378,-0.084271374,-0.150647736,0.106830442,0.14753772
AGTATAATACTAGGCA-1,-0.239620267,-0.410677078,0.328928414,-0.087932941,0.067308298
AGTATACACAGCGACA-1,-0.147847093,-0.19508898,0.085474475,0.053228466,0.102876301
AGTATCCATAATAACG-1,0.070822525,-0.133600596,-0.108454122,0.102332488,0.177250528
AGTATGCTGGAGACCA-1,-0.024721309,-0.11173484,-0.051313377,0.094205698,0.132175895
AGTCAAATGATGTGAT-1,0.006667814,-0.12513231,-0.060793312,0.093045777,0.172394454
AGTCAACACCACCATC-1,0.034668411,-0.180185014,-0.034379884,0.043490544,0.187550418
AGTCAAGATGACACTT-1,-0.355448062,-0.392188544,0.334781957,-0.233250229,-0.000408332
AGTCACTAGCTCTCGA-1,0.078027318,-0.130635169,-0.111681349,0.10448123,0.227001385
AGTCACTCCGCCTCAT-1,0.090438468,-0.12427417,-0.113336015,0.101785567,0.134431542
AGTCAGCCACCGCCTG-1,0.050976415,-0.168350092,-0.100760545,0.112872125,0.1890626
AGTCCAGCGGGTACGT-1,0.079293373,-0.155098177,-0.127837766,0.137793754,0.206506514
AGTCCATTGGCTGATG-1,0.126493776,-0.167771633,-0.156503204,0.165569826,0.055526788
AGTCCCGCCTTTAATT-1,-0.073469305,-0.262483152,0.056786651,-0.013025323,0.144204774
AGTCGACGGTCTCAAG-1,0.037889939,-0.154696406,-0.066951614,0.083727323,0.202708433
AGTCGGCCCAAACGAC-1,0.047331779,-0.223475449,-0.059857094,0.067461649,0.22480774
AGTCGGCTCAACTTTA-1,-0.055225289,-0.254006169,0.045582055,-0.043873392,0.134268585
AGTCGGTTGCGTGAGA-1,0.123931701,-0.184083847,-0.161223762,0.184129068,0.173076179
AGTCGTATAAAGCAGA-1,-0.009027818,-0.14421709,-0.033333836,0.091273894,0.183930807
AGTCGTCGACCACCAA-1,0.0356974,-0.136816408,-0.065461279,0.039405015,0.200983383
AGTCGTGGGCATTACG-1,-0.269184928,-0.365025778,0.2897119,-0.125547666,0.071775331
AGTCTAAAGTATACTC-1,-0.35310738,-0.317205605,0.236257138,-0.031391198,-0.122245649
AGTCTCACAAGACTAC-1,0.05066029,-0.167740897,-0.08411546,0.07973198,0.215504474
AGTCTGGACATCCTTG-1,-0.013668833,-0.193643645,0.030073585,0.03955832,0.167750126
AGTCTTCTCCTCAAAT-1,-0.038440646,-0.228220726,-0.003667707,0.102216281,0.13695998
AGTCTTTAAAGTGTCC-1,0.084308182,-0.07994601,-0.125554598,0.117316516,0.206613379
AGTGAACAAACTTCTC-1,0.11740261,-0.16007416,-0.140950168,0.149864135,0.154892414
AGTGAAGATGGTGTCC-1,-0.208836635,-0.163720967,0.100931517,0.036174256,-0.061833557
AGTGACCTACTTTACG-1,0.059465948,-0.179393625,-0.070673798,0.079151864,0.187580473
AGTGACTGTGACACAA-1,-0.029288917,-0.124124579,-0.046809354,0.091890667,0.133076311
AGTGAGACTTCCAGTA-1,-0.169655027,-0.337309935,0.137691332,-0.091762026,0.051961707
AGTGAGCCTCGCCGCC-1,-0.058742313,-0.214381986,-0.001710358,-0.051375272,0.090217943
AGTGAGGGTTTCTGAC-1,-0.009561537,-0.240624074,0.003551973,0.068814428,0.123043374
AGTGAGTCGAATTAAC-1,0.117784577,-0.061417046,-0.166563691,0.122679329,0.214355236
AGTGATAACCTGCGCG-1,0.016920594,-0.191333298,-0.030563359,0.080532359,0.187650303
AGTGATATGAGTAGTT-1,0.070832797,-0.109587981,-0.09720961,0.087946631,0.151081628
AGTGATTCAAGCAGGA-1,-0.032952517,-0.263557639,0.030964265,0.016404608,0.144413627
AGTGCACGCTTAAGAA-1,-0.026729572,-0.18924294,-0.023694756,0.086132776,0.179639968
AGTGCGTAGCTCGTAA-1,0.042671125,-0.154816351,-0.043827972,0.057813639,0.161731133
AGTGCTAAACACAGCA-1,-0.087851452,-0.167342409,0.041707278,0.071064106,0.123399803
AGTGCTTGCACGAATA-1,0.067669381,-0.168843575,-0.099388868,0.074277623,0.227505151
AGTGGCCCGCAAATGG-1,-0.057194103,-0.221626328,-0.000482236,0.142760396,0.173407662
AGTGGCGGCAATTTGA-1,-0.098689721,-0.301562349,0.130338184,0.003909425,0.136529952
AGTGGCGTCTGAAGGT-1,-0.05339126,-0.208169687,0.032344842,0.061116491,0.165469771
AGTGGCTCCGTCGGCC-1,-0.060590658,-0.247288265,0.046272064,0.017842039,0.126680646
AGTGTATTGCGCATTG-1,-0.094861862,-0.240385556,0.091648521,-0.020638551,0.104622885
AGTGTGGTCTATTGTG-1,-0.006793536,-0.215502695,0.012902068,0.059678832,0.149634591
AGTTAAACACTTGCGA-1,0.04569045,-0.147215336,-0.047870362,0.058302022,0.176912061
AGTTAAGCGGTCCCGG-1,-0.167238318,-0.272764893,0.113317636,-0.002281068,0.024623176
AGTTAAGTCAACCGCT-1,-0.053448597,-0.282297848,0.034876981,0.035443973,0.140415853
AGTTACCGCACATGGT-1,-0.048877895,-0.208687145,0.038275414,-0.001016864,0.135076177
AGTTACTCTATCGTGG-1,-0.134047975,-0.324401274,0.119786176,-0.024166309,0.069541972
AGTTATTCAGACTGTG-1,-0.060497404,-0.250021839,0.062110072,0.075779113,0.198918091
AGTTCCTACAGAATTA-1,-0.037513372,-0.248690606,-0.002022018,0.076669225,0.148598937
AGTTCCTATTTATGTT-1,-0.047185815,-0.272109913,0.070761728,0.026995133,0.171989562
AGTTCTGCGTTGTATC-1,-0.214212711,-0.408161144,0.314467059,-0.082372149,0.164881679
AGTTGACATCGGCTGG-1,0.082236122,-0.145051683,-0.117226957,0.099680847,0.19323612
AGTTGACGGTCCTTGC-1,-0.001688228,-0.222853376,0.00565125,0.093236577,0.160812383
AGTTGCGGTCCTCAAC-1,0.007614742,-0.106097868,-0.064078218,0.062046881,0.174611446
AGTTGCTGACTGATAT-1,-0.175251073,-0.344135083,0.190677233,-0.0183934,0.098066565
AGTTGGCAAGGCTAGA-1,0.098174535,-0.036786279,-0.147241928,0.131892936,0.167728183
AGTTTATGTAAAGACA-1,-0.103270987,-0.271982802,0.075987725,0.06420129,0.114423884
AGTTTCGCAGGTCGGA-1,-0.063712512,-0.26350056,0.025366441,0.045322713,0.11676172
AGTTTGCACCTGCCTC-1,-0.029950396,-0.269356946,0.056723216,-0.007911772,0.158575877
AGTTTGGCACGGGTTG-1,-0.275175925,-0.417768216,0.353079061,-0.225418978,0.096278572
AGTTTGGCCAGACCTA-1,-0.098469311,-0.287745181,0.106152859,0.011400899,0.137009915
ATAAACGGACCCGTAA-1,-0.022556856,-0.285670508,0.035506322,0.026475936,0.189780178
ATAAACGTTGCACCAC-1,0.097650179,-0.207857835,-0.108579212,0.129807084,0.113179117
ATAAAGGCTCGGTCGT-1,0.032810475,-0.1384431,-0.03472249,0.04682683,0.171613544
ATAAAGGTCAAGTACG-1,0.081280433,-0.212631061,-0.097923018,0.129801533,0.115479631
ATAAATATTAGCAGCT-1,-0.078313676,-0.223180239,0.103542687,0.003970179,0.158241799
ATAACGCCGGAGGGTC-1,-0.027224256,-0.250512016,0.064274553,0.023598107,0.16569962
ATAACGGAGTCCAACG-1,0.038779773,-0.249122123,-0.100813619,0.090374156,0.187352854
ATAACGTTACCTCCAC-1,-0.028202149,-0.30977012,0.039165605,0.051869364,0.182205823
ATAAGGTGGAGAACAT-1,-0.056508544,-0.281702975,0.042056674,-0.013427516,0.179062957
ATAAGTACCCGATTGT-1,-0.069011782,-0.25104013,0.080797056,0.060288369,0.158717294
ATAAGTAGGATTCAGA-1,-0.030681235,-0.225876827,0.028569294,-0.016769985,0.178897725
ATAAGTAGGGCGACTC-1,0.132197041,-0.216246787,-0.17762091,0.199452905,0.142162927
ATAAGTTACCGCGACG-1,0.056399803,-0.182496028,-0.068382612,0.065089139,0.197186279
ATAATACCGTTAGCCG-1,-0.204293291,-0.410448276,0.276470801,-0.036815877,0.126696151
ATAATAGCTGTTGAAT-1,-0.013444238,-0.248060755,-0.003214955,0.070500742,0.186031602
ATAATAGTGTAGGGAC-1,-0.367224583,-0.258943915,0.261764509,-0.065095967,-0.080455441
ATAATCTTGGAGAACC-1,-0.028286759,-0.220396236,0.043404423,0.030240439,0.175405003
ATAATTAGCTAAGTAG-1,-0.015060055,-0.313374217,0.01330527,0.122914326,0.175178153
ATACAGGCCCTCCAAT-1,0.043924387,-0.166170665,-0.05269223,0.086913195,0.185259416
ATACCACGGGCAACTT-1,0.063872871,-0.135676908,-0.081824276,0.090564338,0.162927236
ATACCAGCAAATTGCT-1,0.095367151,-0.239556112,-0.135502888,0.144883747,0.194376744
ATACCAGGCTAATAGA-1,0.045080421,-0.226165741,-0.071582914,0.130193489,0.188336779
ATACCAGGTGAGCGAT-1,0.116854224,-0.150698737,-0.153815868,0.135185957,0.164635857
ATACCGTCATCCATAA-1,-0.14467271,-0.241969628,0.133096767,0.043380113,0.079620811
ATACCTAACCAAGAAA-1,-0.02112262,-0.268948661,0.037215326,0.055708825,0.165021468
ATACGCCGGCGAAACC-1,-0.155836184,-0.303486545,0.138925768,-0.083161449,0.110021111
ATACGGAACGTCGTTT-1,-0.131159629,-0.223659448,0.048981324,0.070048396,0.10002715
ATACGGGTTTCGATTG-1,-0.296475593,-0.502818609,0.418947992,-0.203458176,0.11975193
ATACGTACTTAGCCAC-1,-0.012614255,-0.223662565,0.02616605,0.046523524,0.161537085
ATACGTCCACTCCTGT-1,-0.382463228,-0.490648824,0.461504093,-0.244737694,0.043286077
ATACGTTATGCACGGA-1,-0.00760899,-0.273772714,0.042557039,0.06250079,0.160445156
ATACTACCCGTACCAC-1,-0.242007248,-0.199405065,0.121782698,-0.05611076,-0.065179464
ATACTAGCATGACCCT-1,-0.06349334,-0.211925081,0.044056291,0.053420687,0.106372716
ATACTCTCGCCACTCT-1,0.085982283,-0.131952125,-0.134088538,0.098671361,0.17591905
ATACTGCCTTACACCG-1,-0.098313169,-0.287014416,0.108586094,-0.078376932,0.155392797
ATAGACAACGGGACCT-1,-0.079038467,-0.340365505,0.105658069,-0.009419309,0.129184081
ATAGACGAAGAGAAAG-1,-0.003439484,-0.191327338,0.02198645,-0.003172842,0.152928651
ATAGAGTACTGGGACA-1,0.077878236,-0.211013411,-0.101666352,0.099348409,0.19345385
ATAGAGTTATCAACTT-1,-0.096423155,-0.305050056,0.079384976,0.016840297,0.091720081
ATAGATTTGCAGTCGG-1,0.110406891,-0.155340322,-0.137142962,0.153831192,0.155200384
ATAGCAACTAGGGAAG-1,0.113089792,-0.08270709,-0.165637368,0.128487587,0.20207562
ATAGCCATAACAGTCA-1,0.105042492,-0.062978723,-0.155066788,0.121914245,0.188021374
ATAGCCTCAGTACCCA-1,0.056175337,-0.138644668,-0.086592244,0.088223775,0.160302245
ATAGGAATCTAAGCTT-1,0.098435666,-0.206814273,-0.131505396,0.166607087,0.07050283
ATAGGCGGCTATAGAA-1,-0.020247022,-0.213749182,0.012818607,0.060552889,0.158891555
ATAGGCTAGCTTCGCA-1,-0.000359624,-0.223486867,-0.020837685,0.072110354,0.155269087
ATAGGGATATCCTTGA-1,-0.088768289,-0.354972489,0.081990429,-0.175944098,0.13921275
ATAGGTTGGGCAGATG-1,0.010040782,-0.229602165,-0.033102509,0.092687273,0.182023936
ATAGTCTTTGACGTGC-1,0.096044539,-0.179691821,-0.10650888,0.141289912,0.035247779
ATAGTGAAGCGTTCTC-1,0.038293059,-0.117773355,-0.037038381,0.054128119,0.130712796
ATAGTTCCACCCACTC-1,0.119624887,-0.175232627,-0.144507538,0.160015061,0.042294837
ATATAAAGCGCTCGTG-1,0.029064855,-0.175021201,-0.044448559,0.098730443,0.125173668
ATATAAATGTAGCTGC-1,0.06183589,-0.10608033,-0.07101781,0.069282565,0.141059705
ATATAACACGGGCGCA-1,0.10386581,-0.066540354,-0.16153728,0.144801601,0.170817401
ATATACGCTCGTGACG-1,-0.193147506,-0.218796914,0.109578447,0.037109993,0.067902166
ATATAGAGTATTGGTC-1,-0.025448809,-0.126114472,-0.050403441,0.101679834,0.149012438
ATATCAACCTACAGAG-1,0.133065402,-0.177379933,-0.158023335,0.159429455,0.093204172
ATATCGGTAGGGAGAT-1,0.116833727,-0.211903032,-0.151378902,0.184131455,0.118620588
ATATCGTGCCAGACCC-1,0.090379454,-0.203189142,-0.110280249,0.149366851,0.13937759
ATATCGTTCCTCGAAC-1,0.058832457,-0.138632064,-0.092164447,0.067066799,0.205497372
ATATCTCCCTCGTTAA-1,-0.654477978,-0.374198963,0.561358833,-0.093398893,-0.25651162
ATATCTTAGGGCCTTC-1,0.047717992,-0.092663431,-0.060782425,0.052410837,0.122994602
ATATGGGATAGCAACT-1,-0.077321011,-0.209174175,0.052102509,0.033069543,0.16419781
ATATGTCTAGAGCGTG-1,-0.033642363,-0.181815588,-0.007699255,0.079259032,0.165177482
ATATGTCTCCCTAGCC-1,-0.004506104,-0.230696521,-0.03458244,-0.107775309,0.106678345
ATATGTGCACAAACCA-1,0.004571415,-0.217510751,-0.044429109,0.088318051,0.134250393
ATATTCAGTTAAACCT-1,0.044188554,-0.120572379,-0.073748228,0.07567227,0.174625106
ATATTCCACATAGTGA-1,-0.170638602,-0.35891518,0.203204879,-0.034919472,0.138473736
ATATTCCCACAGGTCA-1,0.081376007,-0.197523021,-0.142629187,0.1624435,0.191669748
ATATTGCTGTCAAAGT-1,-0.35500499,-0.306733927,0.291303209,-0.206853651,-0.059440179
ATATTTAACCCTCAAG-1,0.041739731,-0.187358082,-0.071173044,0.101437887,0.189184221
ATCAAACACTGTTCCA-1,-0.087060903,-0.273590718,0.072227204,-0.036949599,0.052400322
ATCAAACGAAGGTTTG-1,-0.029455717,-0.208888502,0.002147982,0.023088648,0.139213497
ATCAAGATCCCAGGAC-1,-0.012562911,-0.206223557,-0.02540058,0.097106573,0.205605397
ATCAATCTGGGCTGCA-1,0.090419041,-0.18092726,-0.129059745,0.116247492,0.211149005
ATCAATGCCGTGGCTG-1,0.042673931,-0.152552338,-0.077124665,0.096552082,0.191486691
ATCACATTAGAATATC-1,-0.256282456,-0.409801239,0.287784071,-0.334813856,0.055332438
ATCACGTGCTAATTAA-1,0.061370961,-0.153339268,-0.092121752,0.091429412,0.179078954
ATCACTTCATCCTCGC-1,0.031491197,-0.266501974,-0.067510861,0.062024132,0.158691702
ATCAGACGGCACGCCG-1,0.06683595,-0.144922117,-0.092100357,0.070151404,0.198092771
ATCAGCCTCATGCTGC-1,0.053543097,-0.130218474,-0.094673259,0.102226938,0.191756241
ATCAGCTCGTCCACTA-1,-0.045096081,-0.276593978,0.040248231,-0.108365345,0.144102081
ATCAGGTCGCCATTGC-1,-0.082708508,-0.325454061,0.090900778,0.063610633,0.141140284
ATCAGTAGGCAGGGAT-1,-0.236942628,-0.419900369,0.316073254,-0.1285172,0.126385853
ATCATAGCCCTATGTA-1,0.088310886,-0.103655419,-0.129988086,0.106654397,0.211144683
ATCATCCAATATTTGT-1,-0.005907227,-0.220209913,0.013841783,0.037231346,0.158048294
ATCATCTGCCCAGTGT-1,0.067492819,-0.242146891,-0.085541251,0.130937784,0.118669941
ATCCAACGCAGTCATA-1,-0.184596491,-0.32824175,0.167374418,0.03041183,0.078178216
ATCCAATGGAGGGTCC-1,0.010441126,-0.204614472,-0.006295161,0.054457063,0.18511932
ATCCACATCGACAGAA-1,0.016381015,-0.165761379,-0.030698897,0.086332561,0.164095966
ATCCACGCTAAATGTT-1,0.07884459,-0.218856508,-0.088940184,0.138325511,0.136602206
ATCCACTTTCAGACTA-1,-0.130101669,-0.299738142,0.111217126,0.00017108,0.080403322
ATCCAGGATTCGTGAA-1,0.041257407,-0.106892588,-0.043197653,0.04644167,0.140207992
ATCCCATCCACAGCGC-1,0.002109871,-0.125942159,-0.05293583,0.08305267,0.16555868
ATCCCATTTCCGTGGG-1,-0.032114248,-0.209836057,0.003951085,0.067788628,0.183921137
ATCCTACCTAAGCTCT-1,-0.035602201,-0.23631748,0.068862646,0.011127524,0.168345164
ATCCTGAATCGCTGCG-1,-0.080427133,-0.296618086,0.152684659,-0.017058224,0.170311937
ATCCTGCGTGGAATGG-1,0.028364518,-0.17985092,-0.030299463,0.062612005,0.179254722
ATCCTGCTGCAGATAG-1,0.0147719,-0.184473347,-0.089524471,0.118050724,0.141226951
ATCGACCCAATACAGA-1,0.041093264,-0.11972747,-0.048485987,0.046494385,0.138963144
ATCGACTCTTTCCGTT-1,0.052273874,-0.209157494,-0.08621771,0.126571839,0.169230748
ATCGCACGATTGTTCA-1,0.089960402,-0.195223404,-0.149507934,0.165757511,0.218398117
ATCGCACGCCGGGAGA-1,0.052755098,-0.256507314,-0.092384821,0.141198383,0.21013113
ATCGCCAGTCAACATT-1,0.059453459,-0.197159385,-0.090997744,0.149927473,0.028705396
ATCGCTGCGTGCAGCA-1,-0.18718631,-0.273708004,0.166121995,0.005663137,0.061533609
ATCGGAGACAGACGGC-1,-0.306422465,-0.499583723,0.445941244,-0.168359318,0.128245659
ATCGGCAAGCAGTCCA-1,-0.07790567,-0.324397772,0.069823637,0.010346979,0.131223343
ATCGTCCAATCGAGTC-1,-0.039334977,-0.24835431,0.05678609,-0.005864585,0.177664635
ATCGTGGAAAGTCTGG-1,0.021047282,-0.149679422,-0.053874848,0.076374746,0.175353142
ATCGTTAGCTAGCGGA-1,-0.055773775,-0.198776043,0.021003751,-0.075164604,0.154155661
ATCGTTCACTTTCGCC-1,-0.113966835,-0.269215486,0.073750686,0.07020194,0.103641307
ATCTAATATCCTACGG-1,0.011887857,-0.157143186,-0.010603514,0.056286184,0.155370222
ATCTACCATCTGCTCC-1,0.035604574,-0.148792429,-0.105283431,0.158054343,0.198755774
ATCTAGCTTGTGAGGG-1,-0.034650004,-0.264318866,0.052371984,0.027664862,0.214919749
ATCTCCCACGGAATAT-1,-0.075121621,-0.209575864,0.004349035,0.006893083,0.11039149
ATCTCCCTGCAATCTA-1,-0.046576775,-0.279699781,0.023409063,-0.040569918,0.121352428
ATCTCGTGAGCGAAAC-1,-0.337103304,-0.494159734,0.434133507,-0.203232315,0.045798074
ATCTGACATGGAAGGA-1,-0.011273263,-0.143426752,-0.029171189,0.075882496,0.177873692
ATCTGCACCTCTGCGA-1,-0.027646533,-0.268597114,0.031827595,-0.271508403,0.186949875
ATCTGCTGTTATCGCC-1,-0.126948457,-0.308398045,0.155041887,0.010707697,0.174000658
ATCTGGGCTGTTCTTG-1,-0.035893241,-0.201811524,0.007745889,0.07423073,0.181428186
ATCTGGTTAAGACTGT-1,-0.018174768,-0.199716948,-0.05724208,0.103515344,0.141206812
ATCTGTAATTGTACCC-1,0.02731958,-0.171078238,-0.054916101,0.047530082,0.139836522
ATCTTAGGGCATTAAT-1,-0.02475439,-0.095258626,-0.042863894,0.075263778,0.135244215
ATCTTATCGCACACCC-1,0.102592811,-0.056481679,-0.156766077,0.131186679,0.193755304
ATCTTGACCTGCAACG-1,0.091967564,-0.179198295,-0.125533498,0.103425076,0.19284166
ATCTTGACTTGTCCAA-1,-0.368262184,-0.428649361,0.427236951,-0.078889595,0.077595725
ATCTTTCGTATAACCA-1,-0.295342392,-0.282179919,0.205713048,-0.003964125,-0.075458189
ATGAAGCCAAGGAGCC-1,-0.157014521,-0.230359939,0.108071744,0.005742483,0.082224683
ATGACGCCGGCTCTAA-1,0.074468489,-0.157876978,-0.081523539,0.113329897,0.076156812
ATGACGCGTTCTATCC-1,-0.17604008,-0.264663031,0.123714759,0.03642758,0.061300669
ATGACTATCAGCTGTG-1,-0.145998869,-0.182394683,0.074423937,0.063442146,0.098132019
ATGACTATGCGACATT-1,-0.218903693,-0.4139867,0.231187004,-0.038450752,0.109032031
ATGAGGAGTGTTAATC-1,-0.28390625,-0.414616596,0.339360045,-0.076773351,0.027410668
ATGAGGGCAGCGGCTA-1,-0.261352337,-0.294731734,0.203653779,-0.133165121,-0.022141747
ATGATCGGGAATAGAC-1,0.096207017,-0.129353466,-0.124932413,0.125699358,0.114072728
ATGATGCAATGGTACA-1,0.001548786,-0.190453945,0.023559415,0.027633846,0.165186233
ATGCACGCGCTGTTCA-1,-0.066767655,-0.190821086,0.012947965,0.07762809,0.145960272
ATGCACTACCGCATTG-1,0.051390982,-0.217086808,-0.073679723,0.093902068,0.188189878
ATGCATGATCCAGGAT-1,0.083069713,-0.221928577,-0.132538531,0.126965653,0.213661891
ATGCATTCCGTGATGG-1,0.072407686,-0.21466756,-0.115394973,0.150394601,0.17852616
ATGCCAATCGCTCTGC-1,-0.299219006,-0.354840856,0.299523925,-0.120851461,0.027624696
ATGCCATTTGCGACCA-1,-0.114643827,-0.299131504,0.052551917,-0.017963409,0.100250919
ATGCCGGTCTTGCATA-1,-0.049066072,-0.281891182,0.032804947,0.07508539,0.179303869
ATGCCGGTTGATGGGA-1,-0.142482884,-0.298884497,0.124805646,-0.149414492,0.077476627
ATGCGACAATTGGTCC-1,-0.132235121,-0.272960507,0.109356098,-0.00466501,0.106266815
ATGCGACAGTCCCATT-1,0.072449857,-0.180438855,-0.091934518,0.093102698,0.194435576
ATGCGAGTCCCACCAC-1,-0.088135421,-0.253894444,0.050807808,0.01346609,0.09133524
ATGCTCAGTGTTGCAT-1,-0.055862472,-0.262189698,0.058571889,0.045634465,0.179266674
ATGCTCTGGCGCGGTA-1,-0.234200545,-0.244028492,0.167929115,-0.133894317,0.013290068
ATGCTTAGGAGTTGAT-1,-0.139577932,-0.347971035,0.173479122,-0.008254815,0.110008478
ATGGAACCTTTGCACA-1,0.106168503,-0.23313492,-0.16888791,0.203983785,0.086506395
ATGGAGCAGGCCGTGA-1,0.079875112,-0.096365495,-0.107927405,0.085387544,0.15662579
ATGGATCCGGCGTCCG-1,-0.24854498,-0.373833355,0.251813356,-0.308174246,0.014980174
ATGGATTGACCAAACG-1,-0.193996043,-0.283113651,0.138942685,0.030139714,0.037359247
ATGGCAGCATTACGAT-1,-0.058200052,-0.167384478,0.019125382,0.048687127,0.146105885
ATGGCTGGAAATGGCC-1,-0.043960443,-0.277250004,0.040615483,0.05588168,0.156399904
ATGGGAACGGAAGCGG-1,0.021377549,-0.232521839,-0.039529381,0.137133453,0.140268908
ATGGGACCTGCTGAAC-1,0.026231939,-0.101885866,-0.090674901,0.098178809,0.188425201
ATGGGCCTCGGCCTCT-1,-0.067437875,-0.319914645,0.071476602,0.049103064,0.171879713
ATGGGTGTATACCTCC-1,-0.019620556,-0.201678899,0.008307389,0.058214807,0.180522834
ATGGTATTGGGAACCG-1,-0.122847509,-0.201850201,0.077133425,0.037823362,0.137992488
ATGGTATTTACTGATT-1,-0.003130573,-0.099892382,-0.058607196,0.083796976,0.140481495
ATGGTCGCGTGGTTTC-1,-0.099266049,-0.31763917,0.081904718,0.05214434,0.175177946
ATGGTGCTCAAAGCCA-1,0.086654532,-0.160752753,-0.133181372,0.179188084,0.196778813
ATGGTTACGAAACATG-1,-0.012777365,-0.314119386,0.006295233,0.110740716,0.188322856
ATGTAAGGCTGCTCTT-1,0.113469987,-0.188641828,-0.153195794,0.149456932,0.098690649
ATGTACATGCGGTGAG-1,-0.056319869,-0.175056355,-0.010112413,0.071106618,0.13264281
ATGTACGATGACGTCG-1,0.000481713,-0.172863364,0.01846245,0.058330762,0.132781324
ATGTAGCGCGCGTAGG-1,0.071258549,-0.095311739,-0.103163236,0.111588471,0.201331366
ATGTGAAAGCCTAATG-1,-0.103388476,-0.28961228,0.073700065,-0.037801017,0.110670672
ATGTGCATCCGACGCA-1,0.028059384,-0.238668446,-0.053440983,0.094529243,0.154126467
ATGTGTAGTTTAGTCA-1,0.10252251,-0.248285926,-0.136529009,0.149481162,0.201896719
ATGTTACGAGCAATAC-1,0.072897236,-0.136485527,-0.111743138,0.103164987,0.17313086
ATGTTGATTAGAGACT-1,0.065999274,-0.06695271,-0.123300848,0.116551706,0.152325288
ATGTTGTAGTCTGTTT-1,-0.002017615,-0.137458777,-0.052686968,0.066080821,0.169514959
ATTAAACATGCGGACC-1,0.041704238,-0.194085705,-0.050214069,0.065468714,0.176639549
ATTAATACTACGCGGG-1,0.02232303,-0.270080529,-0.05922377,0.124965842,0.134472783
ATTAATGAACCAGTCG-1,-0.150700782,-0.379848276,0.172025391,-0.071539266,0.117814177
ATTAATTCGGTCACTC-1,0.053962933,-0.169829316,-0.077646695,0.071176523,0.140272754
ATTACAACTACCGGCC-1,-0.072760299,-0.289826875,0.074969326,0.056908518,0.124086502
ATTACATGTCAGTCTT-1,-0.258517026,-0.45929936,0.341105407,-0.125703664,0.070307973
ATTACCACACTGCCTG-1,-0.302368733,-0.454378076,0.371325981,-0.136439125,0.059283678
ATTACGACTCCACAGT-1,-0.126101878,-0.200488961,0.095088569,0.055434506,0.064430305
ATTACGCGCTGGCAGG-1,0.02392887,-0.172846551,-0.014922287,0.044887613,0.17276843
ATTACTAGCCTCTTGC-1,0.027666405,-0.18662143,-0.042261728,0.069227297,0.177330631
ATTACTTACTGGGCAT-1,-0.117519543,-0.29318506,0.125658604,-0.056666824,0.107186394
ATTAGATTCCTCAGCA-1,-0.065792237,-0.306793639,0.04686927,0.049660549,0.125854188
ATTAGATTGATAGCGG-1,0.078880477,-0.113820032,-0.111598816,0.093285408,0.154216452
ATTAGGCGATGCTTTC-1,0.062739967,-0.124789169,-0.079626756,0.066052957,0.138583882
ATTATACTTTGCTCGT-1,-0.164015486,-0.351660893,0.192450268,-0.245024006,0.109288972
ATTATAGCTACTTTAC-1,0.1320477,-0.15356244,-0.171592485,0.15719419,0.105593661
ATTATCGGAATGTACG-1,-0.023231123,-0.229440826,0.006146622,0.065607888,0.196989282
ATTATCTCGACAGATC-1,0.117502065,-0.203936319,-0.158851122,0.204287072,0.095825161
ATTATGAGACCCAATT-1,-0.031270045,-0.152208314,-0.023776974,0.080478066,0.137500463
ATTATGCCATAGGGAG-1,-0.002265452,-0.179719628,-0.025956437,0.066309322,0.133113412
ATTATTATGTCCGTCA-1,0.039942452,-0.166002511,-0.054997759,0.077321006,0.220913974
ATTATTCAGAGTCACT-1,0.097578933,-0.081930058,-0.155989992,0.141249667,0.201248349
ATTCAACCATTTAAGG-1,-0.099899492,-0.240120304,0.067637183,-0.096539316,0.132980396
ATTCACTGATGTTGGA-1,-0.053517514,-0.195082209,0.064309348,0.014617398,0.147640713
ATTCAGGACCTATTTC-1,-0.345771802,-0.448036194,0.413309271,-0.200184863,0.027012455
ATTCAGTAGCAGGGTC-1,-0.098968542,-0.302845537,0.1490086,-0.065493192,0.149576287
ATTCATATACTGTCCA-1,-0.123199407,-0.372780801,0.181184683,-0.013114235,0.165066621
ATTCATCGTTGAGGCA-1,-0.016311957,-0.180479637,-0.026654108,0.108632531,0.173493369
ATTCCCACATAAACAA-1,-0.105115426,-0.316811155,0.139120483,-0.020374823,0.130337749
ATTCCTAAGACGTGGA-1,-0.249831982,-0.408224089,0.299855138,-0.014438494,0.071930116
ATTCCTCCGCCAGTGC-1,-0.192700196,-0.405140888,0.25474555,-0.05776737,0.081464414
ATTCCTTCCAGGCGGT-1,0.081587655,-0.130026383,-0.121255848,0.108431049,0.182572051
ATTCGACGCCGGGCCT-1,0.05706254,-0.097267217,-0.07976986,0.070557577,0.147187395
ATTCGCGCCTTGAGAG-1,0.106376338,-0.095176073,-0.148244921,0.114816122,0.189076961
ATTCGTGCTATCTCTT-1,0.104064048,-0.17998858,-0.13165051,0.161908058,0.11219963
ATTCGTTTATCGTATT-1,-0.029788027,-0.219038817,-0.017124,0.099192641,0.19604741
ATTCTCGTCTCTTTAG-1,0.0776361,-0.087793732,-0.138359574,0.119903866,0.16150018
ATTCTGAGTATGAACT-1,0.06776514,-0.201843825,-0.089485775,0.141175109,0.091979346
ATTCTTCGTACTTATG-1,-0.025255083,-0.204919622,-0.015858294,0.105952106,0.079411962
ATTGAAGATCTTAGTG-1,-0.111400923,-0.303056806,0.171252261,-0.055655751,0.14099912
ATTGACCGGCGATGAC-1,-0.451477982,-0.139980739,0.263111828,0.044313647,-0.219451525
ATTGACGTAACTCGGT-1,0.10302423,-0.178082217,-0.111967563,0.135193234,0.108907908
ATTGATAGCAACGAGA-1,0.075415379,-0.20900162,-0.112527805,0.126181427,0.222390863
ATTGATGAGTCCTAAC-1,-0.018525154,-0.244430797,0.000326818,-0.076304306,0.145200986
ATTGCCTATTAGACCG-1,0.023008065,-0.108862096,-0.074431216,0.078932278,0.175914377
ATTGCCTTTATGTTTG-1,-0.032428908,-0.18309793,-0.022504976,0.118195525,0.197333067
ATTGCGATCAGTAACT-1,-0.064302752,-0.195872236,0.020956108,0.052061433,0.168104866
ATTGCTGCTCCTCCAT-1,0.07126038,-0.056402811,-0.088407161,0.066054101,0.129331381
ATTGGATTACAGCGTA-1,-0.111823539,-0.272154722,0.107231472,-0.332757938,0.150985183
ATTGGGAATATCTTGG-1,0.025375877,-0.119512702,-0.055771022,0.068777945,0.139359815
ATTGGGAGTTCTGTAA-1,-0.085526404,-0.25564746,0.031717494,0.041347018,0.065781657
ATTGGTTGTGCATTAC-1,0.093057601,-0.109026569,-0.137772603,0.151278036,0.211418869
ATTGTACAACTCGGCT-1,0.139895915,-0.1606454,-0.195119213,0.181846885,0.11786408
ATTGTCGCAATACCTT-1,-0.404317017,-0.331377489,0.311359478,-0.027736342,-0.119151685
ATTGTCTGTTTCATGT-1,-0.012584184,-0.1632213,-0.028939629,0.067797786,0.17435453
ATTGTGACTTCGCTGC-1,-0.101402778,-0.28518747,0.104522083,0.03705932,0.138338735
ATTTAACTCGTATTAC-1,0.025457924,-0.160546245,-0.04898751,0.078123528,0.131836239
ATTTACAGTTTACTGG-1,0.050966348,-0.104904933,-0.061557286,0.051649483,0.148058714
ATTTACTAAGTCCATT-1,-0.000464461,-0.217757519,-0.045835402,0.107702025,0.139942216
ATTTATACTGGTAAAG-1,-0.105448938,-0.283368181,0.119467647,0.033179015,0.163925808
ATTTCATTATTTCGCG-1,-0.00745678,-0.22382078,-0.048984876,0.100536269,0.06002241
ATTTCCGGGTTCTGCG-1,-0.047353653,-0.198536935,0.003161157,0.085501451,0.166527851
ATTTGCCTAGTTACGA-1,0.067710954,-0.192312353,-0.120041261,0.158490633,0.169661345
ATTTGCGCGAGTAGCT-1,-0.145208226,-0.258803736,0.068773189,0.05937161,0.104543187
ATTTGTCTTGGGAGCT-1,0.069882214,-0.158086918,-0.106004294,0.112706421,0.220329424
ATTTGTTCCAGGGCTC-1,-0.212394713,-0.326686072,0.225808888,-0.133977989,0.074945044
CAAACCCTCCGGCGGG-1,0.005989175,-0.1428713,-0.053362494,0.092794652,0.185145711
CAAACGAGTATCGCAG-1,0.011245976,-0.231063712,-0.016806582,0.06145926,0.178831475
CAAACGGTCGCACTTT-1,-0.17381377,-0.300451735,0.190860262,-0.009684698,0.124648897
CAAACGTGGTCTTGCG-1,0.083539758,-0.225973795,-0.103048489,0.168709131,0.125574992
CAAACTACGATAGAGA-1,-0.187877893,-0.358902007,0.165175012,0.026388217,0.041711651
CAAACTATTGAGCTTC-1,0.12179696,-0.184932592,-0.156431225,0.143582436,0.123740461
CAAACTCGCGACGCCG-1,-0.552958154,-0.264739493,0.378426082,-0.142558899,-0.316819257
CAAAGATTATTGGGCC-1,0.066394442,-0.136245243,-0.102251076,0.107036648,0.225758455
CAAAGGTTAAATTCAG-1,0.062137132,-0.266037838,-0.116554563,0.23567761,0.155392185
CAAATCTCTCACAAGG-1,-0.017022178,-0.236897252,-0.004300299,0.07663696,0.168101247
CAAATGCGGAGTGTTC-1,0.081440162,-0.249422911,-0.113481648,0.175801404,0.20040303
CAAATGTCCTTCCGTG-1,0.054876853,-0.136725288,-0.069046953,0.070935723,0.156939055
CAAATTGGATTATGCC-1,-0.384715188,-0.274776368,0.230242619,0.057471156,-0.210908681
CAAATTGTCAGCAAGC-1,-0.145286399,-0.310493498,0.170555516,0.008706045,0.116731379
CAACACATCTCCTGCC-1,0.070344766,-0.219559925,-0.129871134,0.177591315,0.115212192
CAACAGTGCCAAACGG-1,0.089770812,-0.176009816,-0.116651467,0.143877414,0.131856039
CAACCAGTGGCCTACC-1,0.121038177,-0.26163038,-0.145271461,0.149133766,0.126906801
CAACCTACCGAGCAGT-1,0.116066639,-0.080932953,-0.168516737,0.120989362,0.198119071
CAACCTGAACCTGCCA-1,-0.040952162,-0.270892455,0.003794497,0.096541039,0.13262795
CAACGACCCGTTTACA-1,0.046824551,-0.116684554,-0.076948942,0.075472819,0.130950525
CAACGGTTCTTGATAC-1,0.094442658,-0.117455837,-0.124922883,0.087891163,0.15517817
CAACGTGGTGGAGTCT-1,-0.170691806,-0.339016499,0.186079197,-0.104358481,0.126121373
CAACTATATCGAATGC-1,-0.052463464,-0.237251473,0.003573937,-0.007623973,0.043717278
CAACTCCAACGTTTAG-1,0.038670991,-0.230780944,-0.057917887,0.124523956,0.097032683
CAACTCCGTAACTTGC-1,-0.043518337,-0.260015172,0.007425678,0.123172006,0.130654011
CAACTCCTTGATCCCG-1,0.065734442,-0.153193873,-0.086872643,0.092292097,0.165484263
CAACTGAGGGTATGAC-1,-0.024706253,-0.147554229,0.008400612,0.060832943,0.113708826
CAACTGCTCATCCGAT-1,-0.005581646,-0.261902149,0.025121015,0.060443684,0.182883923
CAACTTGTAGTGGGCA-1,0.114617264,-0.09436139,-0.173685489,0.122419636,0.163806244
CAAGAAACCCTAAACT-1,-0.020815205,-0.239045914,0.013785624,0.061922046,0.184520129
CAAGATATTATAACGT-1,-0.11613087,-0.3162316,0.118150355,0.004117799,0.160974715
CAAGCAACGTCGGAGT-1,0.007712935,-0.180471962,0.01710475,0.024588505,0.144948591
CAAGCACCAAATGCCT-1,-0.177778135,-0.375490209,0.212257972,-0.11411649,0.126627568
CAAGCGGCACATAATT-1,0.050167098,-0.180680625,-0.057766622,0.050060821,0.164972021
CAAGGATCGCATGTTC-1,-0.003130467,-0.225332329,0.005510245,0.031718734,0.17086979
CAAGGCCAGTGGTGCA-1,0.097442647,-0.066897285,-0.143895761,0.126879707,0.203375101
CAAGGTCCTATAGGCT-1,0.141714884,-0.156251783,-0.189338036,0.178700486,0.092401647
CAAGTAAGTGATAGAC-1,-0.051300304,-0.155334524,-0.009069046,0.072086175,0.132188757
CAAGTGAACTTTGGTT-1,0.072351782,-0.19036567,-0.10606686,0.133577336,0.163144261
CAAGTGTGGTTGCAAA-1,-0.042425973,-0.290467796,0.015566823,0.02185399,0.117353338
CAATAAACCTTGGCCC-1,0.033499095,-0.25475872,-0.069887193,0.113471226,0.188872783
CAATACGAGAGTCTGA-1,-0.157582813,-0.287376787,0.158655695,-0.045959948,0.116077266
CAATACGCTCTGAGGC-1,-0.085885689,-0.277206493,0.074662484,0.032037101,0.122929611
CAATATGTAGATTTAC-1,0.030926704,-0.230560175,-0.053532672,0.024591798,0.128877246
CAATATTGGACTAGTG-1,0.076682106,-0.129391386,-0.112253032,0.092360541,0.202459396
CAATCCCTATACCAGC-1,-0.064597106,-0.276379098,0.013057384,0.101791261,0.090211316
CAATCCTGCCGTGGAG-1,0.092943561,-0.095156879,-0.129586432,0.099611537,0.154136847
CAATGACCCTTAATTT-1,-0.055319949,-0.158309367,-0.001300676,0.073620284,0.135736218
CAATGAGGTTCGACTA-1,-0.170570955,-0.393381931,0.233913528,-0.18417818,0.117974784
CAATGCGAGAAGTATC-1,0.049474505,-0.154673096,-0.0700957,0.104355951,0.088799044
CAATGGAATCTACATA-1,-0.171248223,-0.316192629,0.190995977,0.005493185,0.108168915
CAATGGATCTCTACCA-1,-0.211083601,-0.470759535,0.308310899,-0.056549661,0.105076547
CAATGGTCGGCCTGGG-1,0.053410632,-0.209813078,-0.082302248,0.129933403,0.177275689
CAATGTGCCAACCCTT-1,0.12230193,-0.156710601,-0.137555622,0.137172704,0.128546388
CAATTAAGGGTGATGA-1,-0.133573021,-0.276567,0.085541167,0.048269644,0.08353983
CAATTTCGTATAAGGG-1,-0.065769005,-0.303955043,0.094493645,-0.155224236,0.189628811
CAATTTGACCGGGAAG-1,0.019357467,-0.224364919,-0.023025805,0.062421932,0.204310166
CACAAACCGCAGAACT-1,0.109144719,-0.065526456,-0.161513929,0.12828171,0.203000796
CACAAGAAAGATATTA-1,-0.149001633,-0.35325936,0.154784917,0.060628377,0.071097805
CACAAGCTAAGAAAGG-1,-0.047817586,-0.100254662,-0.031916754,0.076063355,0.111427889
CACAATGAGCTGCTAT-1,0.047957847,-0.148059566,-0.061628607,0.072089481,0.163717268
CACACACGCTAACGAG-1,-0.027946253,-0.210681648,0.00437342,-0.03156269,0.163648399
CACACAGCTTGCGCTC-1,-0.246520369,-0.421757421,0.309765448,-0.144822485,0.095629786
CACACAGGGATAGATT-1,-0.299829566,-0.423168537,0.354323861,-0.082708207,0.053217473
CACACGCGCTGTCTTA-1,-0.072902062,-0.276547226,0.069337052,0.006593688,0.113028688
CACACGTTTCAATGGG-1,-0.007263658,-0.194451972,-0.021585714,0.085427127,0.095779099
CACACTTGTATTGCGA-1,-0.050562115,-0.21407317,-0.003961487,0.065825365,0.071696664
CACAGAGACGAGGACG-1,-0.068318874,-0.151551373,0.000132087,0.076738885,0.119907674
CACAGCACCCACGGCA-1,0.087308989,-0.143467042,-0.126892769,0.11402076,0.188326855
CACAGCTAGGGAGTGA-1,0.041050472,-0.167448026,-0.070619428,0.094326205,0.126422951
CACAGGGCCATATAGT-1,0.05569525,-0.151272236,-0.088042789,0.088617663,0.202579773
CACAGGGCCGTTGTCA-1,-0.024468793,-0.194996687,0.050162638,0.018003483,0.161570573
CACAGTCCCGCTTCGC-1,0.075410693,-0.21903148,-0.099662464,0.138703551,0.025771063
CACAGTTCGCTTCCCA-1,-0.303916319,-0.382695002,0.335653832,-0.128430646,0.068898254
CACATCGTGCACGCGC-1,0.029913595,-0.13300448,-0.070731897,0.086619837,0.204796703
CACATCTCACCGACGA-1,-0.021463106,-0.226906118,0.011585123,0.07873883,0.165413548
CACATGATTCAGCAAC-1,0.059010223,-0.146387466,-0.083176864,0.069784033,0.165956078
CACATGTTTGGACATG-1,0.070342341,-0.111392215,-0.109576272,0.085815529,0.153026319
CACATTCTTTCGATGG-1,-0.159860315,-0.34111537,0.158284026,-0.044674252,0.103790067
CACATTTCTTGTCAGA-1,0.107256044,-0.194048559,-0.133613982,0.1658784,0.076639877
CACCAGTCAGCATGCA-1,0.077042365,-0.142761381,-0.12130042,0.110695676,0.202404234
CACCATCGGAGGAGAC-1,0.042700276,-0.19136287,-0.076114451,0.114635963,0.122345901
CACCATGATCGCAAAG-1,-0.036871374,-0.260756417,0.019941617,0.058935087,0.130363619
CACCCAAATCTTATGT-1,0.13378683,-0.166861738,-0.175546953,0.165468134,0.148842228
CACCCACACGTCACCC-1,0.04322248,-0.087793878,-0.092851257,0.091602646,0.123983067
CACCCACGAGGCAATT-1,-0.454432529,-0.450728879,0.484528644,-0.231392626,-0.053784673
CACCCGCGTTTGACAC-1,0.000914685,-0.146359923,-0.03558978,0.082781435,0.196746368
CACCCTAACAAGATCT-1,0.026345219,-0.153079072,-0.015013108,0.037420019,0.161072985
CACCCTTGGTGAGACC-1,-0.077817669,-0.278231188,0.139349814,-0.109828193,0.193508509
CACCCTTTCCTCGCTC-1,0.127123109,-0.084422763,-0.177783194,0.126330633,0.158056133
CACCGATACACCGAGC-1,-0.081389713,-0.27402468,0.048294103,0.084148014,0.068001899
CACCGATGATGGGTAC-1,0.105108698,-0.060005166,-0.155304615,0.119101793,0.19669478
CACCGCCAGAAGGTTT-1,-0.098200297,-0.238472419,0.049378928,0.029616844,0.099862305
CACCGCCGACCAGCGA-1,0.065139162,-0.20318228,-0.084013625,0.137770216,0.054491098
CACCGCGTCCACTCTA-1,-0.21919522,-0.390936838,0.291880547,-0.107245367,0.127534072
CACCGGAGATATCTCC-1,0.030396577,-0.227596298,-0.061480684,0.134914031,0.167055272
CACCGGGCATCACAAG-1,-0.051187215,-0.169601866,-0.023275945,0.142028744,0.173981873
CACCGGTAGAGACATT-1,-0.022871164,-0.119146296,-0.035479577,0.082260542,0.134928771
CACCGTATCCCATCCG-1,-0.177176359,-0.370913041,0.190101761,-0.061910251,0.148764213
CACCGTTGCGCGATAT-1,-0.048563168,-0.248360688,0.032149859,0.027564586,0.144464356
CACCTAATAGAGTCGT-1,-0.001438958,-0.237976718,-0.013305992,0.084126227,0.143206956
CACCTAATCAGTTTAC-1,-0.145927849,-0.326301677,0.154835521,-0.294184702,0.106507336
CACCTCGATGGTGGAC-1,-0.116546296,-0.318290998,0.069475139,0.043564619,0.085610703
CACCTTGCGAAACTCG-1,-0.318206222,-0.46739021,0.372941652,-0.117307764,0.046349177
CACCTTGGCGCCTTTG-1,0.129936774,-0.131564198,-0.164135197,0.155656152,0.104303015
CACGAAAGTTAGTCCC-1,-0.091303905,-0.21951846,0.094436074,0.012389295,0.140526709
CACGACGTAATAGTAA-1,-0.006877933,-0.226868384,-0.012957216,0.119386874,0.127241986
CACGATTGGTCGTTAA-1,0.070133038,-0.213983069,-0.103020249,0.136502814,0.189428255
CACGCACAGCGCAGCT-1,-0.074593088,-0.324102042,0.067217351,0.032018117,0.158001616
CACGCAGCGAGGCTTT-1,-0.101487652,-0.306238778,0.1535905,-0.029008889,0.161272756
CACGCGGAACTGTTGC-1,0.12108143,-0.19539316,-0.162166431,0.183349357,0.079252984
CACGGACGTGGATGGC-1,-0.170549879,-0.289042672,0.086081082,0.063147088,-0.003461351
CACGGCGCGCCAAAGG-1,-0.206070861,-0.342799809,0.215599235,-0.049368984,0.058756451
CACGTCAATCAATGGA-1,0.017245772,-0.262966212,-0.070450486,0.096988504,0.132393812
CACGTCGGCAACCTCT-1,-0.025270009,-0.264289793,0.056783522,0.029217439,0.17790001
CACGTCTATGATGTGG-1,0.016818641,-0.24203751,-0.031674677,0.090321796,0.156478606
CACGTTCGTGCTCTAG-1,-0.15423856,-0.332193808,0.178913938,-0.028308361,0.143881285
CACGTTTCGTACACAC-1,0.017292604,-0.165393574,-0.051114807,0.096126312,0.214360927
CACTAAAGTTGCCTAT-1,0.04110277,-0.12312983,-0.050296998,0.059199148,0.154469083
CACTACGGGAGCTGCC-1,-0.109646506,-0.22078964,0.078111675,-0.081985745,0.103200655
CACTACTCAGTTCTGT-1,0.10931175,-0.192408196,-0.125335177,0.147717747,0.077758601
CACTCAAGAGCTATGG-1,0.041771496,-0.190326251,-0.036461598,0.071199351,0.148192496
CACTCAGCTCTTGAGG-1,0.088738424,-0.173715443,-0.100107174,0.1431738,0.061239223
CACTCCTATGTAAGAT-1,0.003368276,-0.221217017,0.007766565,0.058877811,0.218454623
CACTCCTCTCGGTCGG-1,-0.171246515,-0.338524042,0.166513989,-0.018596575,0.057262332
CACTCGAGCTGAACAA-1,-0.255205875,-0.235884284,0.123372031,-0.016154731,-0.024107776
CACTCTCAAGCATCGA-1,-0.015313295,-0.171318864,-0.030167925,0.094358265,0.162819364
CACTCTTCTGCTAGCC-1,-0.00846339,-0.205623544,-0.001846729,0.007838007,0.210555989
CACTGACGATTGTGGA-1,-0.301068179,-0.240629156,0.238497312,-0.005183955,0.015868229
CACTGTCCAAGTGAGA-1,0.055690598,-0.142467169,-0.071724946,0.065444352,0.146379943
CACTTAATCAGACGGA-1,-0.042054654,-0.255119802,0.078550538,0.023499166,0.153948411
CACTTCGCCACAGGCT-1,-0.179033911,-0.315019452,0.18844209,-0.02814107,0.122545366
CACTTCGTCTTATCTC-1,-0.019299646,-0.223632095,0.052881287,0.020178157,0.164179006
CAGAACTTAGCCCTCT-1,0.022138345,-0.216180409,-0.045167308,0.106924113,0.214255614
CAGAATAACACACGGA-1,-0.040650602,-0.265366189,0.035935119,0.030322783,0.143411077
CAGACCTGTAAGTGTT-1,-0.045966022,-0.281101812,0.039394329,-0.058346544,0.19078415
CAGAGCATGAGCTTGC-1,0.065794769,-0.262676474,-0.113207316,0.14788229,0.21999714
CAGAGTGATTTAACGT-1,0.090144106,-0.173316777,-0.11311353,0.144805152,0.046370635
CAGATAATGGGCGGGT-1,0.093699336,-0.057276002,-0.155250867,0.12298285,0.180062385
CAGATACTAACATAGT-1,-0.107989591,-0.30073952,0.083231067,0.066627384,0.121794995
CAGATATGAAGATGAC-1,-0.03440961,-0.127913341,-0.026980393,0.079127384,0.134592422
CAGATCATTTAAAGTC-1,-0.119255898,-0.246883177,0.055529694,0.072536685,0.02751156
CAGATCCTGGTTTGAA-1,-0.132504412,-0.272439007,0.097244961,0.039507026,0.123312685
CAGCAGCCCGTTCCTT-1,-0.03025655,-0.275906264,0.032258382,0.05689644,0.197391265
CAGCAGTCCAGACTAT-1,-0.285534574,-0.463161651,0.369500806,-0.122566035,0.118351737
CAGCAGTCTGTGCTGC-1,0.018232736,-0.242052108,-0.008118872,0.088563929,0.168606841
CAGCCCTCACAGGCAG-1,0.118878506,-0.204705363,-0.182004923,0.210474292,0.190230312
CAGCCGGGCCCTCTAT-1,-0.040969852,-0.227830616,0.021436635,0.063897242,0.126244943
CAGCCTCCTGCAGAGG-1,-0.116457062,-0.269064371,0.098587509,-0.006999727,0.107756034
CAGCCTCTCCTCAAGA-1,-0.233066042,-0.218725023,0.159190611,0.044764682,0.023598523
CAGCTCACTGAGACAT-1,-0.035259495,-0.265557548,0.033206222,0.064996451,0.172157666
CAGCTCGACAAGTTAA-1,-0.035704317,-0.303263355,0.054804529,0.024236467,0.140084149
CAGCTCGTGCTTGTGT-1,0.112970371,-0.078423498,-0.16279294,0.113439573,0.157085358
CAGCTGGCGTAACCGT-1,-0.146206416,-0.31913697,0.137828453,-0.171249603,0.096929077
CAGCTTAGTAGGTAGC-1,0.033742716,-0.180560381,-0.036855434,0.057001235,0.177622943
CAGGAAGACTTTATAT-1,-0.253808526,-0.337052763,0.223349032,-0.010451893,-0.004498825
CAGGATATATCGTTGT-1,-0.003040263,-0.206510109,0.006958695,0.04690162,0.158118283
CAGGCAGTCTTACCAG-1,0.032540332,-0.138455915,-0.088101842,0.131473731,0.218424638
CAGGCCAGTACCACCT-1,-0.103698803,-0.119086331,0.010055317,0.077353549,0.068298845
CAGGCCGTTTGGGTGT-1,0.055793694,-0.10684778,-0.063554619,0.057394269,0.145379684
CAGGCGCACGGTGGTC-1,-0.050627439,-0.183981743,0.000421167,0.089138631,0.165052206
CAGGCGCCATGCTAGG-1,-0.023927093,-0.335718722,0.033094144,0.086457682,0.225024952
CAGTAACTATTTATTG-1,-0.137179058,-0.280926354,0.127612543,-0.040097038,0.079362551
CAGTAATCCCTCCCAG-1,0.006545299,-0.223732479,0.00364905,0.067571521,0.144567276
CAGTACATTCTCTAAA-1,-0.140872899,-0.328273063,0.135579662,0.00083504,0.094047244
CAGTACCAGTTTACGT-1,-0.117182958,-0.291183608,0.116421748,-0.108619294,0.13063767
CAGTAGCCCACGCGGT-1,-0.072990531,-0.324020585,0.103125704,0.037262079,0.149594933
CAGTAGCGAGGTAGTA-1,0.030948699,-0.180836704,-0.050642594,0.073666524,0.203914404
CAGTCCAACGCCTTCT-1,-0.00396666,-0.213057053,-0.040648165,0.07763526,0.085419744
CAGTCGAGGATGCAAT-1,-0.018021863,-0.220451267,0.023237427,-0.022964968,0.167903043
CAGTCTCTCGGCTAAT-1,-0.031674424,-0.165727455,-0.012387106,0.06622926,0.126967119
CAGTCTGTATACTGGG-1,-0.036587263,-0.225298708,0.089034745,-0.010953263,0.158500738
CAGTGAATAAATGACT-1,-0.114133286,-0.384101333,0.143428736,-0.012383169,0.142282732
CAGTGGTTGCACATGA-1,0.060492196,-0.14961741,-0.073651159,0.06537395,0.217353342
CAGTGTCCGCAGAATG-1,0.108828839,-0.0644879,-0.160201149,0.107130658,0.142835552
CAGTGTCGGCTGGCCC-1,0.043045487,-0.153519008,-0.073012388,0.096956911,0.209795608
CAGTGTTAATCTCTCA-1,-0.122097175,-0.156713544,0.059539704,0.044985341,0.088510451
CAGTTCAAATTGACAC-1,-0.016700736,-0.269380413,0.007783918,0.074487605,0.164019386
CAGTTCCGCGGGTCGA-1,-0.191482338,-0.408765935,0.26305965,-0.070984782,0.114699632
CAGTTCGAGGACCCGA-1,-0.031240842,-0.12341845,-0.045371026,0.087782122,0.128962859
CATAACGGACAGTCGT-1,-0.057481072,-0.304374258,0.022807718,-0.075605764,0.108481314
CATAAGAAGCTTGGCT-1,0.05600764,-0.186480831,-0.056441413,0.104259504,0.131521994
CATAAGCTCTCCGTCT-1,-0.030999471,-0.236837042,0.025798882,0.055693259,0.158242254
CATAATGAGCGGGCGA-1,0.061900454,-0.188889489,-0.130709379,0.159634405,0.204886508
CATACAAAGCCGAACC-1,0.116322621,-0.116789121,-0.182969456,0.1510476,0.179734481
CATACACGGTTCCCAC-1,-0.008124215,-0.26872715,0.034323923,0.073361331,0.167562166
CATACCCGTACCCAGT-1,0.047225895,-0.149447804,-0.059343618,0.077916417,0.155093799
CATACGAACTAGCTGG-1,-0.16673096,-0.101716284,0.057392433,0.061111004,0.047324961
CATACGGCGTCTGGGC-1,0.065306915,-0.077903712,-0.080256362,0.064490913,0.13751543
CATACGGGTGCATGAT-1,0.056468475,-0.203578366,-0.08535479,0.114710967,0.20454935
CATACTATGTAATTGT-1,0.044812349,-0.105817217,-0.044486706,0.057525519,0.142339948
CATACTTAGGCAATAC-1,0.121353643,-0.157194974,-0.144645463,0.159996648,0.061277291
CATACTTCTTTCTCCG-1,0.073629169,-0.126980363,-0.112888464,0.09760794,0.203528303
CATAGAGGAGATACTA-1,-0.061341791,-0.14629962,-0.02724511,0.099853196,0.144152228
CATAGCCGCCCGGGAT-1,-0.145281238,-0.308489254,0.194873998,-0.049410393,0.151324513
CATAGTACATTGAGAG-1,-0.04194256,-0.251277087,0.016711131,0.034572818,0.071212
CATAGTAGCATAGTAG-1,0.023952138,-0.160115194,-0.02247995,0.064863533,0.181348852
CATAGTCAAATACATA-1,0.047171566,-0.092245889,-0.092507089,0.111165783,0.169718147
CATAGTCCACAAGAAC-1,0.017679123,-0.125844656,-0.049510749,0.079690102,0.137107836
CATATACTACTGATAA-1,-0.10182424,-0.268639913,0.075266332,0.014085728,0.100545902
CATATAGGTACAGTCA-1,0.036928344,-0.141733783,-0.053966763,0.072303667,0.134978604
CATATGTCAGGCTACG-1,-0.003882036,-0.23053511,-0.015622609,0.016472764,0.15399868
CATATTATTTGCCCTA-1,0.112834938,-0.169933176,-0.131260144,0.151473947,0.05915812
CATCAAACTGGCGCCC-1,-0.122035433,-0.222063419,0.076064014,0.102471846,0.114058043
CATCATCTACCCGGAC-1,0.019944765,-0.226346356,-0.049068038,0.104942092,0.096300009
CATCATTACCCTGAGG-1,-0.070316125,-0.221684316,0.060238225,0.047573506,0.179664061
CATCCAATATAGTTTG-1,0.03823871,-0.129283792,-0.080105887,0.094557723,0.169334378
CATCCCGAGATTCATA-1,0.063604858,-0.070326551,-0.116981869,0.116452169,0.185602403
CATCCGCAGGCCCGAA-1,0.054397827,-0.144786794,-0.056246273,0.072392679,0.148833299
CATCCTCTCAAAGATC-1,0.046001686,-0.173219302,-0.081367721,0.016966877,0.208135971
CATCGCCCGCGGCCAA-1,0.114116313,-0.071104919,-0.170147806,0.112234098,0.144278619
CATCGGACGGGTTAAT-1,0.05895011,-0.097938026,-0.074120669,0.074490855,0.136349028
CATCTACCCGAGAACG-1,-0.105895816,-0.313261131,0.094174656,0.097610736,0.058397004
CATCTATCCCGTGTCT-1,-0.381927757,-0.396793791,0.398251436,-0.028159248,0.002644722
CATCTTACACCACCTC-1,0.120972622,-0.218720128,-0.159925549,0.174640489,0.172995086
CATGAACCGACATTTG-1,0.1016239,-0.074902374,-0.15603499,0.114478965,0.147822978
CATGAACCTCTTATCA-1,0.107914415,-0.141027952,-0.119423611,0.132137624,0.114935596
CATGACTTCGCTGAAT-1,0.125766673,-0.196041454,-0.165953065,0.186374877,0.094974813
CATGAGATGCACTCTC-1,-0.190317462,-0.360461361,0.257240156,-0.07892984,0.150613059
CATGATCGCTTTGAGA-1,0.039978057,-0.14903719,-0.064791143,0.065336043,0.226914833
CATGATGCACAATTCT-1,-0.028981029,-0.2987514,0.026734455,-0.23967805,0.176846087
CATGATGGAAGTTAGC-1,0.097788559,-0.183138041,-0.116439609,0.148492577,0.043318508
CATGCATGGAGACCCT-1,0.095999924,-0.184297309,-0.10785366,0.145738184,0.018659425
CATGCCAACTCGCAAA-1,-0.160405953,-0.271837119,0.120375122,0.024962692,0.084035647
CATGCGACCAGTTTAA-1,-0.026031943,-0.23688895,0.001628433,0.021262819,0.144121006
CATGCGTTAGACAGAA-1,0.059366788,-0.155821848,-0.058525785,0.083186999,0.117470322
CATGCGTTGAGAGGAG-1,-0.007354229,-0.185381657,-0.030454929,0.114974764,0.228949299
CATGCTGGCTCCAATT-1,0.096062784,-0.081761143,-0.136769656,0.108914304,0.154890611
CATGGAAATGGGACCA-1,0.009432837,-0.244593173,-0.038369034,0.130753852,0.181034464
CATGGATTGTCTTCCG-1,-0.072973163,-0.247825605,0.049445868,-0.123049666,0.152111651
CATGGCAGGAAGATCG-1,-0.018305109,-0.185751459,-0.012161009,0.051451784,0.100040641
CATGGGTATGCCTTAT-1,-0.059107164,-0.262855029,0.072127001,0.008353587,0.173439279
CATGGGTCGGGTGTGG-1,-0.367721185,-0.513616834,0.465836718,-0.206370436,0.048495638
CATGGTCTAGATACCG-1,0.042999448,-0.244078359,-0.091461843,0.127273569,0.196938702
CATGGTTTATTAATCA-1,0.10818477,-0.053169267,-0.157723026,0.1407674,0.17703783
CATGTAAGAGACATTT-1,0.029555856,-0.15016435,-0.068037467,0.102821158,0.210554371
CATGTAGGAGCGCCAA-1,-0.132234649,-0.161819401,0.1291954,0.026411088,0.104282045
CATGTCTCATTTATGG-1,-0.241432382,-0.457353065,0.313095129,-0.208397467,0.133294287
CATTACATAGATTGTG-1,-0.12207679,-0.289309363,0.092886735,7.46E-05,0.08010817
CATTACGCAGGAAGGG-1,0.103126257,-0.066896825,-0.168246166,0.155281725,0.189794457
CATTACGTCGGCCCGT-1,-0.099241344,-0.294303006,0.092918498,0.041379626,0.096809268
CATTATAACAGGGTCC-1,0.101071983,-0.211974722,-0.122979954,0.155301851,0.154752647
CATTATCCCATTAACG-1,0.038787355,-0.095822572,-0.095759142,0.109594637,0.203065634
CATTATGCTTGTTGTG-1,-0.063579968,-0.289699424,0.082324696,0.027053869,0.175895246
CATTCACTGACAGCTA-1,0.114038474,-0.158676087,-0.141450755,0.138822273,0.120438005
CATTCAGGTCAGTGCG-1,0.049166837,-0.210019682,-0.087808889,0.116077942,0.194240186
CATTCCCATTCCGTCG-1,0.058160416,-0.224084071,-0.105557763,0.159022014,0.137644055
CATTCCCTAAGTACAA-1,0.073454332,-0.089629531,-0.109492646,0.076701857,0.146654041
CATTGATGAACACGCC-1,0.029100581,-0.197692946,-0.076778835,0.109886655,0.130690334
CATTGCGGGTCAATTC-1,-0.04707493,-0.22085232,-0.034993125,0.013980595,0.034833142
CATTGTGTGCTAGATC-1,-0.095012829,-0.320850397,0.153044416,-0.009282606,0.18332345
CATTTAGCGGACCATG-1,-0.164998591,-0.373545459,0.172410402,-0.09675268,0.113800243
CATTTATCGTTCAAGA-1,0.1067047,-0.232119936,-0.125257128,0.164593309,0.113664046
CATTTCTAGCAGACTA-1,0.035806567,-0.172097891,-0.082362522,0.079830979,0.172205302
CCAAACAGAACCCTCG-1,0.047509517,-0.140765552,-0.069252524,0.060671831,0.16291174
CCAAATAACAAGATTC-1,-0.492446593,-0.472048682,0.510315005,-0.310168782,-0.086826103
CCAAATCAAAGGGCAA-1,0.031201288,-0.103287206,-0.079157391,0.077771754,0.172646141
CCAACCTTATGTAACT-1,-0.159810639,-0.18185853,0.047295602,0.085734744,0.066967695
CCAACGATGCACTGAT-1,-0.123982468,-0.3052214,0.171521818,-0.045962594,0.147882171
CCAACGCTTGCCAGGG-1,-0.026549786,-0.265529585,0.019986286,0.052690731,0.158036147
CCAAGACTTCTGCGAA-1,-0.070134104,-0.234312001,0.074160781,-0.010713867,0.108947156
CCAAGCGTAACTCGTA-1,-0.020094434,-0.202582898,-0.021668646,0.063527659,0.133620226
CCAAGGAACAGAGAGG-1,0.0521481,-0.14116146,-0.081977977,0.09798216,0.162763461
CCAAGGTTGCCCTTTC-1,0.092390483,-0.062366971,-0.139741341,0.114005877,0.190408999
CCAATAGTGCCGTCGA-1,0.014931569,-0.16623242,-0.006197675,0.032349045,0.152693618
CCAATCGGTAGATCGA-1,-0.409390092,-0.378130291,0.385603422,-0.04624935,-0.053686944
CCAATGTCACAGCAAG-1,-0.021566448,-0.189062587,0.051510872,0.015003212,0.145529762
CCAATTACGGGTCGAG-1,-0.032929636,-0.23848797,0.026449535,-0.034753195,0.138308491
CCAATTGAATGTTAAT-1,0.022518719,-0.158750423,-0.039896033,0.067454296,0.147445814
CCACAATGTACGTCTT-1,-0.192098194,-0.451641383,0.261286474,-0.02639856,0.093174269
CCACACTGAGATATTA-1,0.0325595,-0.117166928,-0.019185481,0.029456724,0.129785886
CCACAGCTGAAATCAT-1,0.102620024,-0.135489344,-0.166465981,0.162030978,0.2054357
CCACAGTACCCATCCT-1,-0.329393761,-0.371783284,0.310552411,-0.054567784,0.025606077
CCACATACTGCACCCA-1,-0.34700147,-0.454691925,0.385508814,-0.099089104,0.047951634
CCACCCAAGGAAAGTG-1,0.021946924,-0.154790967,-0.039524919,0.065088547,0.144295773
CCACGAATTTAACCTC-1,0.112118569,-0.206486647,-0.150600487,0.19126009,0.070717544
CCACGAGAAGAGAATC-1,-0.17348117,-0.342364871,0.16230134,-0.130652707,0.043565785
CCACGGAGCCATAAGA-1,-0.112077037,-0.276225871,0.105278148,-0.048215232,0.115899171
CCACGGTGCCCGGTAG-1,0.127628244,-0.168520352,-0.160635312,0.158582583,0.104101576
CCACTAAACTGAATCG-1,0.074973112,-0.149557302,-0.11802452,0.122228935,0.190346853
CCACTATCCGGGTCAC-1,-0.063116136,-0.26273072,0.035368819,-0.061708681,0.101166773
CCACTCAGATCCGCAA-1,0.092235456,-0.110902495,-0.132612289,0.11707251,0.213663824
CCACTGGTGGCTGGTT-1,-0.082295118,-0.282915036,0.076255563,0.020902552,0.155122729
CCACTGTTTGGATTAA-1,-0.059713957,-0.262730073,0.035572542,-0.197322687,0.115391152
CCAGAAACTGATGCGA-1,0.028101686,-0.120413713,-0.071837981,0.112412077,0.20633776
CCAGAGACAAAGCCGG-1,-0.246705695,-0.368447359,0.288789051,-0.03957262,0.093825714
CCAGATAGTTGAGTGA-1,-0.234181629,-0.449485613,0.344579381,-0.107523455,0.09899271
CCAGCCTGGACCAATA-1,0.052630452,-0.126757109,-0.06616291,0.059573103,0.164766849
CCAGCTACGCCTCATA-1,0.097617218,-0.144910946,-0.163890241,0.172592976,0.198165207
CCAGCTCGAACGCATT-1,-0.023260424,-0.290027734,0.05095277,0.071394941,0.200971711
CCAGCTGATGGTACTT-1,0.006114041,-0.132621718,-0.019666648,-0.013655303,0.144213877
CCAGCTTCCGCCCGCA-1,-0.019980006,-0.239234214,0.022163715,-0.010454619,0.12467163
CCAGGGACGTGGCCTC-1,0.10473049,-0.14948192,-0.148270968,0.120573443,0.187728463
CCAGTAGTCTGATCCA-1,-0.062177141,-0.291390078,0.064098702,0.046361166,0.138781748
CCAGTCCATTATTCGA-1,0.024337683,-0.227194463,-0.03601846,0.097418573,0.232478397
CCAGTCTAGACGGCGC-1,-0.192123252,-0.389116996,0.222436178,-0.054785983,0.111237166
CCAGTCTTGTCATAGA-1,0.013634335,-0.222591493,0.006816026,0.063358938,0.163304081
CCAGTGTACAGACCGA-1,0.031489342,-0.113069634,-0.080696017,0.06997229,0.170822171
CCAGTTCGGTAACTCA-1,-0.006956779,-0.153275781,-0.043828417,0.126182797,0.188226353
CCATAAACAACCCGAC-1,0.013598581,-0.235606617,-0.04409143,0.085043127,0.059391532
CCATACCTTTACTTGT-1,-0.059349151,-0.27876789,0.03140912,-0.144401932,0.13176533
CCATAGGTTGGCGTGG-1,0.041220012,-0.159675042,-0.086743951,0.121600655,0.097254784
CCATAGTCAGTAACCC-1,-0.005947,-0.295964703,0.044986569,0.064019717,0.088405397
CCATATGGAAACTATA-1,-0.117985458,-0.339498759,0.167667543,-0.26225247,0.201500342
CCATATTGGATCATGA-1,0.003144247,-0.227373669,0.018025037,0.059014059,0.172829416
CCATCCATACCAAGTC-1,0.105359867,-0.12109117,-0.167451278,0.149132082,0.178654738
CCATCTCACCAGTGAA-1,0.128089714,-0.180861709,-0.150191938,0.152232053,0.170695533
CCATCTTGTTCACAAT-1,0.10324372,-0.146239508,-0.160705019,0.168342929,0.180168681
CCATGCCCTAGATTTC-1,0.056577346,-0.131318036,-0.0973304,0.104160299,0.193933932
CCATGCCTGTTTAGTA-1,0.046751899,-0.122746897,-0.053178739,0.054294465,0.145936149
CCATGCTCTGCAGGAA-1,0.035788531,-0.203847832,-0.054826488,0.097187377,0.140966601
CCATGGCCCTTGTACC-1,-0.035527946,-0.277026394,0.047494809,-0.101920288,0.179846544
CCATGTTCATCTATAT-1,0.022702244,-0.128851128,-0.069935685,0.081128083,0.171125304
CCATTAGCGATAATCC-1,-0.035839184,-0.23578208,0.079034503,0.009451288,0.165676903
CCATTCCCTGCCCACA-1,-0.027003718,-0.226263332,0.065747401,0.01448833,0.149893948
CCATTGTTTCCTCCAT-1,-0.017588864,-0.305218742,0.04078639,0.007562815,0.161512879
CCATTTCTACCTATTA-1,0.064171825,-0.160530717,-0.081418637,0.117231881,0.178673119
CCCAAACATGCTGCTC-1,-0.095940739,-0.31353832,0.08355114,-0.008108217,0.133595277
CCCAACATACGTCGCG-1,-0.001431223,-0.204246437,0.02467351,0.035777766,0.168221239
CCCAACCACACTAACA-1,0.079318854,-0.191551957,-0.091019029,0.145381268,0.067483881
CCCAAGACAGAGTATG-1,0.040609198,-0.226598043,-0.061850248,0.118257937,0.186969505
CCCAAGTCATTACACT-1,0.104832867,-0.069288208,-0.161461424,0.14990223,0.196206536
CCCAATGAGATTTGCA-1,-0.028845666,-0.203662709,0.0250206,0.05423763,0.182860337
CCCAATTTCACAACTT-1,-0.075418104,-0.211956902,0.086368797,0.004453087,0.148989498
CCCAGAGGAGGGCGTA-1,-0.058614227,-0.30186711,0.051590687,0.022843055,0.134040262
CCCAGGAAGAATTCGA-1,0.055384484,-0.123198089,-0.10782043,0.101728405,0.1841717
CCCAGGTCTGAAGGCT-1,-0.281993814,-0.3485685,0.294625619,-0.172915167,0.071601081
CCCAGTAAACTTGGGA-1,-0.338968299,-0.462600894,0.429543894,-0.11746195,0.054394975
CCCAGTTAAGGCGCCG-1,-0.070524025,-0.152972721,-0.001678238,0.089503722,0.136451429
CCCATATAGGTCGATT-1,-0.17805076,-0.25998793,0.164709704,-0.111910197,0.126924538
CCCGAAGTTTCGCGAA-1,-0.106017381,-0.297531957,0.090497683,-0.087641957,0.102078567
CCCGACCATAGTCCGC-1,-0.16766897,-0.377887065,0.163401565,-0.221846472,0.067450013
CCCGAGTTTCTCCGTA-1,0.026355543,-0.201725484,-0.021210831,0.087078869,0.079759078
CCCGCAGCGCGAACTA-1,0.001500281,-0.24618571,-0.013950814,0.092403759,0.208108077
CCCGCAGGGCCCAAAG-1,0.055551332,-0.295721514,-0.075386179,0.138284439,0.136385278
CCCGCCATGCTCCCGT-1,0.018398072,-0.182185829,-0.039745607,0.046633544,0.168178183
CCCGCGCAATGCACCC-1,-0.047623433,-0.284661308,0.079109257,0.025074402,0.187142987
CCCGGGTCGTTCAGGG-1,-0.266303973,-0.368760397,0.323634139,-0.116620883,0.129393464
CCCGGTGGAAGAACCT-1,-0.027085166,-0.253105603,0.043743978,-0.024434486,0.1208574
CCCGGTGTATCGGAAT-1,-0.24139882,-0.423495008,0.371716827,-0.129408298,0.155545112
CCCGTAAGTCTAGGCC-1,-0.008149406,-0.163895654,0.002732016,0.050062871,0.161744312
CCCGTAGCTGGGAAGA-1,-0.09693022,-0.337815935,0.145767668,0.002189157,0.213986818
CCCGTCAGCGTCTGAC-1,-0.054628739,-0.228366711,0.066708749,0.014474437,0.127946456
CCCGTTTCGCAGATGT-1,-0.241987162,-0.401627827,0.293913442,-0.116969831,0.084850951
CCCTACCCACACCCAG-1,-0.052652548,-0.218743225,0.017881643,0.13245996,0.189760131
CCCTACTTGAACAATG-1,0.012063118,-0.166090164,-0.095766035,0.179006294,0.186668555
CCCTAGTGTCAGGTGT-1,0.092367275,-0.128023766,-0.120366909,0.087008385,0.203232464
CCCTATGTAGAGCAGA-1,0.048561276,-0.173009754,-0.082903503,0.103187427,0.201554659
CCCTCATTCTGGAATT-1,0.085208341,-0.127175179,-0.138051633,0.129844748,0.165126599
CCCTCCTCGCTCGTAT-1,-0.284790875,-0.428596732,0.363529015,-0.184143519,0.090937586
CCCTCGATAATACACA-1,0.016538816,-0.128773637,-0.074867989,0.115054889,0.227086849
CCCTCGGGAGCCTTGT-1,0.06830975,-0.240709661,-0.098121624,0.174337115,0.21172794
CCCTGAAATGAGTTGA-1,-0.045199849,-0.22880179,0.072153955,-0.009627649,0.16312068
CCCTGACTAACAAATT-1,-0.03129966,-0.233729708,0.013157514,-0.003128651,0.132615248
CCCTGATGTAACTCGT-1,-0.217934625,-0.367163586,0.262732097,-0.096199774,0.119846884
CCCTGCCCAATCCGCT-1,-0.169546836,-0.280726945,0.157472792,-0.029184897,0.099125783
CCCTGCGCTACGCATA-1,0.050963434,-0.09463026,-0.080115635,0.068363523,0.134561818
CCCTGGTATGGGCGGC-1,0.094956473,-0.18833967,-0.10692156,0.14538522,0.027974861
CCCTTTAATGGAGTTC-1,-0.036263751,-0.222244787,0.037994429,0.009969883,0.166395791
CCGAAAGTGGTGAGCA-1,0.023544114,-0.215493587,-0.071871886,0.140148551,0.109473335
CCGAACACTGGGCCTC-1,-0.500017795,-0.394503461,0.43977445,-0.044402063,-0.12354397
CCGAACCTTCCCGGCC-1,-0.169739795,-0.329658287,0.139308291,0.053749809,0.100735382
CCGAAGTATATTGTTC-1,-0.220224959,-0.409217572,0.247726066,-0.014863199,0.076469933
CCGACAAACACATGAG-1,-0.085164832,-0.362898534,0.111209343,0.033746602,0.166730968
CCGACAAAGGGAGTGC-1,-0.100834857,-0.263958467,0.087691922,-0.031896579,0.139518789
CCGACAATAGGCCGCC-1,0.08954928,-0.247091675,-0.101822484,0.139881965,0.089547635
CCGACGGGCATGAGGT-1,0.079710871,-0.202298752,-0.131328831,0.150918979,0.257021297
CCGACGTAAACACAAC-1,-0.121750635,-0.306313028,0.128876497,0.006603916,0.118940442
CCGACTCGCATAGTCT-1,0.114292786,-0.192554063,-0.146451873,0.169259876,0.132780287
CCGAGAAGTCGCATAA-1,-0.020978236,-0.287577423,0.068722614,0.060453907,0.072303059
CCGAGCTGTGCTTGTC-1,-0.281552263,-0.29983888,0.23320789,0.031492668,-0.01149373
CCGAGGGATGTTAGGC-1,0.115814328,-0.220961214,-0.165512149,0.206332162,0.158907737
CCGATCTCAACCTTAT-1,0.123714315,-0.191971101,-0.156786637,0.166325288,0.13772181
CCGATCTTAAGAGGCT-1,-0.07827596,-0.229913854,0.069175563,0.072338173,0.154062522
CCGATTCGAGGGACCC-1,-0.138317277,-0.340601107,0.140395224,-0.226309806,0.132123106
CCGCACAAAGACCAAC-1,0.019344623,-0.165716873,-0.017345236,0.058515471,0.14265356
CCGCACGTGACCTCGG-1,-0.022142668,-0.168354152,0.032595823,0.020085268,0.145958579
CCGCACTTGCAATGAC-1,0.130768716,-0.044525825,-0.187422603,0.139966975,0.187525421
CCGCATGTGGTACGAT-1,0.038077133,-0.10510356,-0.060318584,0.061815452,0.15683468
CCGCCACCACAATCCA-1,0.12067877,-0.183072267,-0.140697315,0.154114924,0.097715965
CCGCCGGAACTTCTCG-1,-0.239052553,-0.451993614,0.386031625,-0.128424144,0.156840173
CCGCCGGTCAACACAC-1,0.076739961,-0.150327814,-0.115252314,0.111630381,0.18131233
CCGCCGTTGAGGATAA-1,-0.16175568,-0.300511119,0.148271585,-0.136621187,0.081033876
CCGCCTGCGAATTGGT-1,-0.200151377,-0.324872809,0.19611443,-0.013927535,0.05133441
CCGCGGGTACGAAGAA-1,0.064383226,-0.167441293,-0.082607003,0.07397041,0.176906421
CCGCGTAGGTAAGGGC-1,-0.211099012,-0.317209633,0.290339372,-0.077985788,0.133583944
CCGCTATCAGCACCAG-1,-0.009930292,-0.23105989,-0.007432047,0.081621456,0.184202094
CCGCTCCAGGGCGATC-1,-0.07614841,-0.189099436,0.013884281,0.055589608,0.131755028
CCGCTCTTCCGAACTA-1,0.108260239,-0.046960404,-0.160097289,0.116158242,0.187075213
CCGCTGGTGCCATTCA-1,0.117524248,-0.162154639,-0.137001477,0.144293467,0.07339172
CCGCTTACCTCACTCT-1,0.065537692,-0.09410052,-0.089557446,0.067520207,0.126452425
CCGCTTGCTGACATGG-1,-0.05123334,-0.294495514,0.030002779,0.003875032,0.131969605
CCGGAAGTGCAATATG-1,-0.259767974,-0.228517278,0.163097898,-0.01185656,0.021723414
CCGGAATGGTTTCAGT-1,-0.267092378,-0.440264581,0.368873767,-0.093942148,0.072048965
CCGGAGCGTACTTTCT-1,-0.047047991,-0.290193885,0.087430318,0.019020686,0.184455972
CCGGAGGTCTTATGGT-1,-0.233781544,-0.235307952,0.166036783,0.032051156,0.017833952
CCGGCACGACCGTTTC-1,0.142862027,-0.204098574,-0.191490859,0.19155652,0.111539718
CCGGCGCATATTGGAT-1,0.092455336,-0.08457195,-0.128655643,0.101114687,0.144193864
CCGGCGTGAGACTCTG-1,-0.198885544,-0.422320809,0.267156082,-0.177409082,0.139790309
CCGGGACCCGCAGAGA-1,0.086625138,-0.158419578,-0.116295611,0.112283749,0.099868956
CCGGGCGGTCTCGTCA-1,-0.210488135,-0.351343896,0.228087125,9.19E-05,0.110168302
CCGGGCTAAGAATTTC-1,0.069652414,-0.080828505,-0.123804921,0.09509481,0.174943995
CCGGGCTGCTCCATAC-1,-0.14526441,-0.290551118,0.115959883,-0.050895131,0.081925369
CCGGGTTCGAGGTTAC-1,0.020533512,-0.21723963,-0.005841268,-0.012695333,0.196836856
CCGGTAATGGCTAGTC-1,0.127533501,-0.189201315,-0.164943758,0.172955525,0.125525143
CCGTAAGTTGGTCCCA-1,0.044169818,-0.161129031,-0.062728975,0.078070105,0.161628619
CCGTACCCAAGCGCCA-1,0.12475306,-0.100588707,-0.17933405,0.115010134,0.17157753
CCGTAGGAAATCCCTG-1,0.085260604,-0.116277191,-0.126601352,0.099722052,0.203960771
CCGTAGGGTTGTTTAC-1,-0.02876954,-0.220478492,0.026743295,0.052646577,0.210226943
CCGTATCTCGTCGTAG-1,-0.286951532,-0.284700789,0.18814833,0.023013613,-0.011645028
CCGTATTAGCGCAGTT-1,-0.247819616,-0.275094114,0.189137383,0.02517258,-0.032057846
CCGTCAACCTCTGGCG-1,0.053203236,-0.104010472,-0.099744038,0.091418693,0.169522092
CCGTGAGGCATTCATG-1,0.087857683,-0.181378683,-0.124033449,0.159855424,0.039696834
CCGTGCCCATGACGGC-1,0.100141414,-0.106774882,-0.159700368,0.141749383,0.156746055
CCGTGGAACGATCCAA-1,-0.096597804,-0.255059459,0.071718246,-0.014036548,0.085619587
CCGTGTTAAATTCCAT-1,-0.009073537,-0.258105777,0.00754969,0.059233676,0.168937057
CCGTTACGTTAGAACA-1,-0.424849198,-0.44750687,0.480244553,-0.193416133,-0.006944618
CCGTTCCGAATCTCGG-1,-0.055167099,-0.27142595,0.068884003,0.032938026,0.183557304
CCTAAACAGGGTCCGT-1,0.099816987,-0.18684777,-0.141626631,0.167861638,0.215796976
CCTAAAGGCTGACGCT-1,-0.271642995,-0.325301275,0.217186464,-0.00069381,-0.037659993
CCTAAATTAACGGTTC-1,-0.001141647,-0.195954025,0.002085641,0.044397273,0.149120036
CCTAAATTGTATCCTA-1,-0.500153748,-0.390568708,0.417886124,-0.069105018,-0.198549681
CCTAACCCAAACAAGT-1,-0.253564843,-0.418975119,0.279296794,-0.118904565,0.08997315
CCTAACTAAGGCTCTA-1,-0.154074801,-0.279934211,0.157255998,0.033215781,0.126770914
CCTACAAGTCCGGAAT-1,-0.080118979,-0.239985971,0.044267529,0.026387338,0.101843334
CCTACATTCACAGACG-1,-0.187880437,-0.375963406,0.190137757,-0.096254185,0.095147214
CCTACGGCTCAGTCGA-1,0.105766121,-0.048454777,-0.145869375,0.089711053,0.150093411
CCTACTGCTTACACTT-1,0.089364932,-0.155241539,-0.121809504,0.110539623,0.190541953
CCTAGGCGTAGCGATC-1,-0.20670569,-0.35245083,0.189362928,-0.033575783,0.070576581
CCTAGGTAAAGGTAGC-1,-0.042180581,-0.312762093,0.022344785,0.137595798,0.067395325
CCTAGTTAGTCGCATG-1,0.012677639,-0.233854741,-0.039254011,0.114699771,0.059239552
CCTATAATGAGTGCCC-1,0.010534475,-0.233890678,0.003479532,0.052077489,0.14472459
CCTATATCGTGTCACG-1,-0.135824771,-0.177585042,0.059486863,0.064670594,0.081316486
CCTATATTTGTCCTGG-1,-0.11978402,-0.325829445,0.15543425,-0.005575884,0.185565907
CCTATCTATATCGGAA-1,-0.25001121,-0.356938302,0.266370684,-0.351082171,0.048834443
CCTATGAAGTGGTGCC-1,0.135352399,-0.196586489,-0.178203871,0.197976758,0.102802443
CCTATGGCTCCTAGTG-1,-0.01765119,-0.166563785,-0.017312409,0.065938533,0.16573162
CCTATGGGTTACCGTC-1,0.092063327,-0.168467633,-0.150253325,0.117651224,0.196434271
CCTATGGTCAAAGCTG-1,0.054528894,-0.13116556,-0.089321741,0.093559965,0.22106434
CCTATGTCCACTCCAC-1,-0.181604025,-0.196042552,0.125653902,0.046167669,0.070429858
CCTCACCAATCTTGAC-1,0.083653267,-0.109027459,-0.116809495,0.086601484,0.157508256
CCTCACCTGAGGGAGC-1,-0.026577999,-0.259548272,-0.002243296,-0.006119683,0.159599537
CCTCACCTTAGCATCG-1,-0.027854439,-0.304353535,0.058921846,-0.024604216,0.140161944
CCTCATGCAGCTACGA-1,0.090457209,-0.15481949,-0.140093534,0.130877565,0.192186673
CCTCCCGACAATCCCT-1,0.09293303,-0.186808162,-0.110142135,0.150952768,0.036104769
CCTCCGACAATTCAAG-1,0.031116106,-0.102416384,-0.027423021,0.036489467,0.125730563
CCTCCTAGCTAGAGTC-1,-0.031626777,-0.148430582,-0.006862352,0.064655592,0.161825213
CCTCCTGTTGTGTCGT-1,0.081235894,-0.104016893,-0.131310526,0.12659524,0.20582222
CCTCGAAGTGGACGGG-1,-0.087639281,-0.301656171,0.078058167,-0.021771324,0.086569415
CCTCGACCCACTGCCT-1,0.11595591,-0.188560743,-0.144613993,0.165235769,0.144646163
CCTCGCCAGCAAATTA-1,-0.219067814,-0.380085816,0.241568502,-0.224185932,0.072989545
CCTCGCGCGATATAGG-1,-0.06970115,-0.29205654,0.069482644,0.014558095,0.15406843
CCTCGCGCTGTGCGAT-1,0.007482546,-0.221028971,0.000901305,0.060406137,0.171768238
CCTCGGACCGGGATAG-1,0.043129428,-0.192656111,-0.066917548,0.076342248,0.231316363
CCTCGGTTTCCTTGCC-1,-0.086009914,-0.143353915,0.007489376,0.084492533,0.14087824
CCTCGTTACGCCTGTT-1,0.063321499,-0.235932397,-0.085814074,0.168824245,0.089392502
CCTCTAATCTGCCAAG-1,-0.014605301,-0.263010095,-0.025222938,0.063456827,0.127201697
CCTCTACAAGGATTGG-1,0.084364702,-0.104494401,-0.144791649,0.10732354,0.184523532
CCTCTATCGATTAGCA-1,-0.289479511,-0.274834354,0.197183199,0.006129975,-0.055550733
CCTCTCTCCCATCTAG-1,-0.00581536,-0.237064489,0.027019425,0.005657096,0.184234676
CCTCTGGCCTAGACGG-1,-0.002645694,-0.261825676,-0.021831214,0.043363081,0.089398706
CCTCTGTACTATTCTA-1,-0.018260625,-0.257025804,0.006816963,0.073257143,0.17312313
CCTGAATATTTACATA-1,0.028009928,-0.273677866,-0.050560818,0.074929934,0.183433577
CCTGACCACCGATGGT-1,-0.145067392,-0.339357349,0.187936221,-0.001910573,0.16094803
CCTGACGCAACCTTTA-1,0.034286179,-0.253018734,-0.035608126,0.098130052,0.130625181
CCTGAGAATAAATGCA-1,-0.00618803,-0.143992454,-0.071516569,0.119456652,0.161291741
CCTGCGATAGAACTGT-1,0.104840537,-0.122604506,-0.151109476,0.115324502,0.193085434
CCTGCTATTTGAGAAG-1,0.075187322,-0.185469669,-0.101127131,0.09906581,0.196862589
CCTGGAAACGTTCTGC-1,0.123630888,-0.199191777,-0.156849099,0.181630434,0.129102144
CCTGGCTAGACCCGCC-1,0.030416897,-0.219132227,-0.037660572,0.07957305,0.191762973
CCTGGTCGAATGTGGG-1,0.006725176,-0.211522849,-0.00952991,0.056120385,0.161112119
CCTGTAAGACATGATA-1,-0.057709244,-0.180177177,0.061664665,-0.03621833,0.140001393
CCTGTACTCACGCCCA-1,0.01359192,-0.206720392,-0.001231889,0.049442984,0.185384788
CCTGTCACCCGGGCTC-1,0.008718676,-0.220085897,-0.030969124,0.077432423,0.183920136
CCTGTCCCTCACGTTA-1,0.112997382,-0.162453243,-0.140444382,0.162757287,0.026031632
CCTGTCGCCCGTAAAT-1,-0.058057219,-0.332445574,0.081326566,-0.017813369,0.186510801
CCTGTCGTGTATGAAG-1,0.035686416,-0.09547989,-0.093506105,0.101620968,0.17952854
CCTGTTCAACCTCGGG-1,0.006896675,-0.150992245,-0.057993707,0.08021114,0.17485371
CCTGTTTGAAGACACG-1,0.073342312,-0.125687308,-0.114162743,0.100853863,0.204696517
CCTTAAGTACGCAATT-1,-0.046271789,-0.254615221,0.019449117,0.122668061,0.21113703
CCTTCAGTTAAAGTGA-1,-0.072908243,-0.2250138,0.047610728,0.066375123,0.17171954
CCTTCCGCAACGCTGC-1,-0.095966188,-0.127514554,0.006340761,0.072584732,0.078692206
CCTTCGTATAGAATCC-1,-0.159278752,-0.315979379,0.17899798,-0.178840225,0.141756784
CCTTCTCAGCGTTCCT-1,-0.091438061,-0.26398651,0.066630851,-0.008935815,0.126202016
CCTTCTTGATCCAGTG-1,-0.210836756,-0.36512468,0.22976464,-0.235913713,0.06738008
CCTTGACCACTTTATT-1,0.057361538,-0.285645698,-0.054295049,0.113197255,0.106566448
CCTTGTGAACGTGGTT-1,-0.007100311,-0.175781354,-0.048380611,0.111361466,0.19337559
CCTTTCAATGAAGAAA-1,-0.06008308,-0.277738869,0.076874549,-0.027564664,0.15913074
CGAAACATAGATGGCA-1,0.102513381,-0.18685168,-0.121227399,0.145180247,0.060068826
CGAAACGCAATTCATG-1,0.053025747,-0.096196554,-0.062115111,0.058755935,0.140318194
CGAACAGTATGGGCGT-1,-0.220963544,-0.302348948,0.171033606,-0.037899506,0.053910739
CGAACATAGTCAGAAA-1,-0.025855032,-0.1898772,0.007744007,0.054773963,0.120220893
CGAACCCGCATGCGTC-1,-0.252778327,-0.405754128,0.277845755,-0.34320927,0.073188694
CGAACCTCTTTCCTAG-1,0.08690391,-0.100624428,-0.138921767,0.100013942,0.18808128
CGAACGCCCAGTGCCG-1,-0.178839151,-0.304394513,0.151324929,-0.147895494,0.051388149
CGAACGGCCGGACAAC-1,-0.178869118,-0.419335483,0.248508983,-0.148035976,0.146415825
CGAAGATCAGTTTCAT-1,-0.071202846,-0.222698032,0.039202373,0.050022919,0.173056174
CGAAGCTATAAATTCA-1,-0.089950217,-0.238585444,0.070677865,-0.009452846,0.123383944
CGAAGGGTTTCAGATT-1,0.047937801,-0.096920689,-0.098653581,0.093288904,0.177897446
CGAAGTTGCTCTGTGT-1,0.033359633,-0.240962412,-0.032558525,0.055972619,0.183246128
CGAATCTGCTCGACGC-1,0.026596633,-0.158209839,-0.061051212,0.079983292,0.176637748
CGAATGAAGTCATTGC-1,-0.026552752,-0.148335782,-0.043802513,0.081336679,0.132963117
CGAATGACGCATAATG-1,-0.039366407,-0.308825405,0.096600962,0.025716514,0.153416376
CGACAATTTGATCTAA-1,-0.083812522,-0.247869298,0.051284214,-0.063173256,0.120749256
CGACACCGCTTAAGGA-1,-0.015053999,-0.208504419,-0.028781311,0.101643794,0.101560858
CGACACGCTCCGACAG-1,-0.290446354,-0.348416413,0.281869929,-0.159094627,0.012049083
CGACAGTTCGCGTTAT-1,0.009275205,-0.12713251,0.007253079,0.032346258,0.143412141
CGACATGCGATCTTCT-1,0.094960354,-0.155942735,-0.11189129,0.143733902,0.006027753
CGACCCTTAACGCCGG-1,-0.062353508,-0.291042078,0.045295813,-0.062233535,0.135359429
CGACGCATCCGTACCT-1,0.067438589,-0.214882732,-0.080464592,0.15037511,0.019086539
CGACTCAGGATGTTAT-1,-0.083083873,-0.31430801,0.107283803,-0.085159188,0.169389387
CGACTCGGTACACGGT-1,-0.027980355,-0.259847215,0.01468563,0.062246497,0.093129274
CGACTTTGTATAGCCT-1,0.134459954,-0.146671635,-0.183371322,0.158158948,0.088503233
CGAGACCCTAGAGTGT-1,0.011257625,-0.175373948,-0.007294717,0.054932449,0.156007173
CGAGACTACTGCTGCT-1,-0.076370348,-0.13311524,-0.032746986,0.152844238,0.141041229
CGAGAGATGTGAACCT-1,0.019157918,-0.197930157,-0.058228092,0.084400495,0.17154577
CGAGAGCTTTCACTAC-1,0.026177266,-0.101398834,-0.068164133,0.108689865,0.173269901
CGAGAGGGTAGCCGCG-1,0.05023438,-0.264485621,-0.083616498,0.068387561,0.101375532
CGAGATTTCGCTCGGG-1,-0.31935621,-0.324274298,0.249239196,-0.194093669,-0.071996458
CGAGCACTTCAAGTTT-1,-0.25621177,-0.368579965,0.270101306,-0.01743811,0.063638939
CGAGCGTTGATCAGCC-1,0.099694729,-0.072333025,-0.156167725,0.113700128,0.134163725
CGAGCTGGGCTTTAGG-1,-0.05170377,-0.267289899,0.023555758,-0.050765096,0.134120125
CGAGGAGCTTCCATAT-1,-0.209133195,-0.246507121,0.148543754,0.0742907,0.045224622
CGAGGATCGGGAACGA-1,-0.155296261,-0.375128704,0.185814833,-0.077084,0.112672886
CGAGGCCAGGCATTGG-1,0.023880857,-0.231889689,-0.014265304,0.058091237,0.188323908
CGAGGCTAAATATGGC-1,-0.066203971,-0.211209939,0.018130469,0.065020589,0.136692509
CGAGGGACTGCGGTCG-1,-0.161402691,-0.247080999,0.168258771,0.001632469,0.079600701
CGAGGGTATCCAGGTG-1,-0.023458251,-0.203937701,0.055917333,0.010491164,0.16990392
CGAGTACTAAAGAGGA-1,0.087865153,-0.132217012,-0.114327729,0.086084434,0.195122374
CGAGTGAAGGTACCAG-1,0.06138057,-0.160684613,-0.088695665,0.09883644,0.249237426
CGAGTGCTATAGTTCG-1,0.115823984,-0.045010064,-0.170719462,0.112422872,0.138296636
CGAGTTCTGTCCCACC-1,-0.199084013,-0.412194022,0.298164797,-0.065746439,0.152004305
CGAGTTTATCGGACTG-1,-0.310025073,-0.412804365,0.315835316,-0.034322447,0.029230753
CGATAATACTCAGGTT-1,-0.333827662,-0.255392111,0.223521875,-0.13100522,-0.085868202
CGATACCTCGCGGACA-1,0.065020003,-0.085308293,-0.077306344,0.052814585,0.122611319
CGATAGCGATACAGTG-1,0.025413376,-0.103002666,-0.068064434,0.076579144,0.173790955
CGATAGTCGTACTGCA-1,-0.107005092,-0.164516487,0.04220151,0.086352718,0.092647036
CGATATTAGCCGCAGG-1,0.069198709,-0.144721949,-0.111913505,0.144991264,0.190365281
CGATCATTAGAGGCAC-1,-0.16482514,-0.268464789,0.167722736,0.008873536,0.08805749
CGATCCACCATTGTTG-1,-0.082114215,-0.238511854,0.078573598,0.030697088,0.169167972
CGATCCGACCCAGTGC-1,-0.011281938,-0.181313212,0.03955783,0.030150713,0.142970055
CGATCCTCGCAACATA-1,-0.018136299,-0.118805259,-0.04812058,0.099790709,0.166392953
CGATCGAGAAGCACCA-1,0.031690859,-0.155528897,-0.07551241,0.10030541,0.205741379
CGATCTGTTGGAGGAC-1,-0.091211627,-0.242925402,0.064861633,-0.026369187,0.113818325
CGATGGACCCTACGCC-1,-0.185278477,-0.329504872,0.218066735,-0.020000567,0.147693417
CGATGTTGTTATCTAC-1,-0.149534753,-0.263635291,0.15361854,0.014307915,0.139320997
CGATTAAATATCTCCT-1,0.010225386,-0.168937282,-0.01445512,0.061442829,0.15786562
CGATTCGCCTGGCTGC-1,-0.004484102,-0.192612199,2.93E-05,0.065133683,0.166458102
CGCAAACACGAGTTAC-1,-0.250837588,-0.326687853,0.23054733,0.001535501,0.058043787
CGCAATTACTTTCGGT-1,-0.276261754,-0.371341034,0.337757425,-0.09244754,0.093864102
CGCAATTAGGGTAATA-1,0.075292496,-0.160786335,-0.101633734,0.091947264,0.18640365
CGCAATTCTACAATAA-1,-0.113779358,-0.317541073,0.126399092,-0.011868443,0.088967179
CGCACATGTCCACTAC-1,0.095061963,-0.146250219,-0.134825594,0.10590286,0.221824613
CGCACGTCTGTTTATG-1,-0.029672004,-0.104910146,-0.054911591,0.124787441,0.173685277
CGCACGTGCGCTATCA-1,0.115244694,-0.183007106,-0.150006714,0.159951138,0.080580562
CGCAGAAACATTTGCG-1,0.058999374,-0.170788425,-0.092004378,0.111457534,0.158105293
CGCAGATCTTCACCCG-1,-0.024016925,-0.210733853,-0.03634167,0.053123429,0.100965526
CGCAGGCGATCCAAAC-1,-0.209722417,-0.308222328,0.205570858,-0.123687845,0.093745816
CGCAGTTCTATCTTTC-1,-0.028750984,-0.151959937,-0.009261782,0.076260461,0.176676182
CGCATCATGGCTTCAG-1,0.046092099,-0.2249721,-0.058737349,0.099191053,0.133442099
CGCATCCATCAGCCAG-1,-0.079083653,-0.307590157,0.077731834,-0.012007087,0.098732615
CGCATGCCGAATGCGT-1,0.031236476,-0.101966854,-0.073274379,0.107348184,0.16575307
CGCATGGTGCGATGCT-1,0.052820952,-0.091767312,-0.072736895,0.061972916,0.137577103
CGCATTAGCTAATAGG-1,-0.072232399,-0.253191649,0.009953106,0.024559578,0.07778485
CGCCAAGAAGCCGAGT-1,-0.24666986,-0.326445973,0.201074026,-0.099148627,0.018096799
CGCCACCCGCATTAAC-1,0.044766017,-0.207080032,-0.073308871,0.122858539,0.225066734
CGCCATCCGATTATGA-1,-0.245778777,-0.444183366,0.294707935,-0.085460092,0.061939153
CGCCCAGCACGCCTAG-1,-0.09332298,-0.259459276,0.069901352,0.084406999,0.169192864
CGCCCAGCGTTTCACG-1,0.049941272,-0.095218674,-0.09645901,0.105273724,0.191191197
CGCCCGCTTCCGTACA-1,-0.319631985,-0.321323004,0.26394663,-0.205113807,-0.02959178
CGCCCTAATTGTTCAA-1,0.001288483,-0.09348054,-0.069640159,0.081118957,0.154013824
CGCCCTTGAAGGCTGA-1,-0.14861936,-0.332586077,0.161215142,-0.017895645,0.086376174
CGCCGCCCATGCCTGT-1,0.007166934,-0.235828623,-0.055862902,0.014504428,0.168372508
CGCCGCGTTCTGAACG-1,-0.125946159,-0.196873825,0.061130683,0.08783327,0.172249496
CGCCGTTCAGCATAGT-1,-0.172902675,-0.240908626,0.117980491,-0.133416858,0.061659728
CGCCTCCCTCCTCTAT-1,-0.028518133,-0.299120899,-0.006637471,0.102705716,0.139985392
CGCCTGGCCTACGTAA-1,0.036493028,-0.1556017,-0.033519276,0.05015491,0.166351532
CGCCTTTAGCATGCTC-1,-0.170851546,-0.311989412,0.170723425,-0.127402158,0.073718505
CGCGAAGTGGCATACT-1,-0.072606699,-0.103302047,-0.017031487,0.113786619,0.10844487
CGCGACCGCGACAGAT-1,-0.07236769,-0.262007827,0.085662494,0.003108031,0.130167795
CGCGAGAGGGACTTGT-1,-0.320624822,-0.336674964,0.315514554,-0.003418749,0.015867901
CGCGAGTCTGCCGGGT-1,-0.051465443,-0.289070805,0.051750414,0.018213989,0.158157515
CGCGCAAATGTCCAGA-1,0.072521108,-0.168004427,-0.110022915,0.102243622,0.226103747
CGCGCAAGGAACTACA-1,0.004123201,-0.190964012,-0.007824092,0.07075759,0.188321539
CGCGCCCGACTTAATA-1,-0.074020449,-0.32120196,0.083842582,-0.04744958,0.150507327
CGCGGCAGTATTACGG-1,-0.079848754,-0.212674506,0.051161319,-0.099594437,0.112040436
CGCGGCTCAACTTGAA-1,0.07341105,-0.200950444,-0.122972845,0.144718798,0.177955054
CGCGGGAATTAGGCAG-1,-0.070169558,-0.345836121,0.105554508,0.04829965,0.194973267
CGCGGGAATTCCTTTC-1,0.063457567,-0.14138347,-0.110925261,0.152845168,0.236478948
CGCGGTAAGTCTAGCT-1,0.013162743,-0.256416351,-0.030942607,-0.076909682,0.127174809
CGCGGTACGGTATACA-1,0.024389042,-0.235250882,-0.039943025,-0.015357326,0.176635494
CGCGGTCACAAACCAA-1,-0.228010647,-0.313106916,0.217629751,0.014674284,0.021330127
CGCGTACATTCTGGAA-1,-0.072798934,-0.320794201,0.075000965,0.019254352,0.11890534
CGCGTCATATTAAACC-1,0.090335388,-0.248359294,-0.127062413,0.188451975,0.187719464
CGCGTTCATGAAATAC-1,0.090023681,-0.153533442,-0.116226125,0.090084816,0.183645511
CGCTACGGGACATTTA-1,0.017895606,-0.14876703,0.003134463,0.030246118,0.145287877
CGCTAGAGACCGCTGC-1,0.112069406,-0.183780273,-0.145182628,0.178672428,0.055116853
CGCTATACCGCCCACT-1,0.108287195,-0.03018815,-0.15876228,0.105933905,0.127519812
CGCTATTCAATGTATG-1,-0.317902252,-0.360513087,0.284314978,-0.088546471,-0.035695295
CGCTATTCTTAGGCTC-1,-0.210232204,-0.398993034,0.268444364,-0.169582859,0.129276416
CGCTCGACATAATGAT-1,-0.02358431,-0.205806094,0.005200906,0.066023567,0.161231452
CGCTCTCCGTAGATTA-1,-0.009058417,-0.216448473,0.02449147,0.024845885,0.149153083
CGCTGGTGACTACCCT-1,-0.124507414,-0.309058586,0.092342831,-0.183476633,0.093185602
CGCTGTGACGCCGCAC-1,-0.017163908,-0.242698419,-0.010158351,0.062706031,0.148375886
CGCTGTGTGGATGTTG-1,-0.075242616,-0.291469589,0.088858836,0.01500032,0.171672619
CGCTTAGTATTGATAC-1,-0.008118913,-0.152279222,-0.025115107,0.018470157,0.161119278
CGCTTATTCCCGGTCG-1,0.049269281,-0.096121975,-0.050176832,0.05132535,0.141299477
CGCTTCCACTGAAATC-1,0.050572157,-0.198197539,-0.084951934,0.112754793,0.177946878
CGCTTCGGTCTAAGAC-1,0.111231432,-0.049477856,-0.162457517,0.129594398,0.183356486
CGCTTGGACGGATAGA-1,-0.146228329,-0.341933856,0.174531719,-0.226262868,0.132312316
CGCTTTCATACCGGTG-1,0.084866235,-0.131131903,-0.129477301,0.100196347,0.148055089
CGCTTTCCGCCAAGGT-1,0.01762543,-0.187429434,-0.056904345,0.13740921,0.227590233
CGCTTTCTTGCATTCG-1,-0.114097818,-0.343482191,0.164911618,-0.008053222,0.1780147
CGGAAATTTCACATCC-1,0.036241271,-0.21417147,-0.020893574,0.100459867,0.174904123
CGGAACGTAAACATAG-1,-0.01656435,-0.236583434,0.003855253,0.048604883,0.173609095
CGGACCTTTACGTCCC-1,-0.117836144,-0.243108321,0.101875976,0.047972209,0.148048102
CGGAGCAATTTAATCG-1,-0.172392803,-0.202793555,0.088406349,0.068217735,0.022985278
CGGAGCATGGCGATCC-1,0.067469888,-0.094671134,-0.086602945,0.063665373,0.137393519
CGGAGCTTATAACACC-1,0.003807816,-0.254934335,-0.006376461,0.090441212,0.143319903
CGGAGTTTGAGAGACA-1,-0.047929694,-0.275823139,0.066865604,-0.01428649,0.175102378
CGGATAAGCGGACATG-1,0.000535668,-0.170340897,-0.028973479,0.079890306,0.139645526
CGGATCCTCAAGGACT-1,-0.146222724,-0.316880189,0.186179467,-0.123186757,0.147046018
CGGATGAATGCTGTGA-1,0.042544279,-0.090636517,-0.092989396,0.09396766,0.191928528
CGGCAAACATCGTGCG-1,-0.198419375,-0.364574945,0.225914873,-0.1081659,0.1006801
CGGCAATAAGATCGCC-1,-0.070258196,-0.351629631,0.07575329,-0.012865953,0.119436773
CGGCACCGTTAGCGCC-1,-0.098825134,-0.256023831,0.092995886,0.026351647,0.098781938
CGGCACTCAAGAAAGT-1,0.06953133,-0.156875334,-0.107863789,0.102112744,0.180686943
CGGCAGGGTCGGGTTG-1,0.018788346,-0.247450983,-0.02787899,0.05070275,0.190540491
CGGCCACGCACAAAGT-1,-0.041664558,-0.274235988,0.032324484,0.028524986,0.155450099
CGGCCAGAGCGACCAT-1,0.032901642,-0.121456719,-0.070127705,0.067674423,0.200556901
CGGCCCAACCTGTAGT-1,-0.216988074,-0.367504734,0.242745321,-0.043368612,0.065902065
CGGCCCAGGTATATCC-1,0.109549081,-0.181100894,-0.152957537,0.189574587,0.124631107
CGGCGCCATCAATCCC-1,-0.115546522,-0.177985498,0.037823245,0.080512106,0.10257686
CGGCTCTAAAGCTGCA-1,-0.021929745,-0.282358259,0.036277627,0.090697735,0.050362349
CGGCTCTTCGTCGAAC-1,0.036641128,-0.226416772,-0.03877625,0.095229601,0.139403165
CGGCTGCAAGATTAAG-1,0.096160782,-0.10452368,-0.108124002,0.104517206,0.133646912
CGGCTTTGTATGATAA-1,0.047952679,-0.180129394,-0.091793667,0.120091797,0.147704579
CGGGAACGCCCTGCAT-1,-0.105206586,-0.147044117,0.033843506,0.035676008,0.099006679
CGGGAAGTACCGTGGC-1,-0.082820364,-0.13498572,0.030710072,0.037690337,0.136870976
CGGGAATATAGTATAC-1,-0.488454211,-0.371903912,0.412197929,-0.189875608,-0.167408667
CGGGAATTTATGTAAA-1,0.010677481,-0.2176747,-0.013067829,0.051331208,0.186836581
CGGGAGCTTCAGTGTA-1,-0.264808683,-0.405062452,0.276513259,0.005397056,0.094408203
CGGGAGTATACCGCCG-1,0.088661136,-0.062617734,-0.123895435,0.096091546,0.144437629
CGGGATCAATGTAAGA-1,0.075802883,-0.175244332,-0.129725743,0.145516835,0.159056428
CGGGCAGCTAAACCGC-1,0.055514857,-0.08083619,-0.080633099,0.075017549,0.13418478
CGGGCCATAGCCGCAC-1,-0.193808695,-0.348104,0.234181309,-0.04806307,0.136921899
CGGGCCTTCTTTGTAA-1,0.025775762,-0.196908124,-0.027250348,0.054336615,0.160711224
CGGGCGATGGATCACG-1,0.019260964,-0.153005917,-0.048564463,0.101692786,0.195639276
CGGGTGTACCCATTTA-1,-0.116323705,-0.35887315,0.131754718,0.000749381,0.12807928
CGGGTTCGGCACGTAT-1,-0.136017441,-0.266480584,0.107942924,-0.015748524,0.060981594
CGGGTTTGTTAGGGCT-1,-0.154107021,-0.345887651,0.190349573,-0.028196226,0.142995936
CGGTAGAGGTGCAGGT-1,-0.111341534,-0.319670564,0.096643718,-0.046152527,0.040862334
CGGTATAGGTATTAGC-1,-0.109294014,-0.28986386,0.113601505,0.031808946,0.12337388
CGGTATGGGCACTCTG-1,-0.121595683,-0.246891971,0.099924244,-0.003888217,0.149845919
CGGTCAAGTGGGAACC-1,-0.121811927,-0.304798966,0.102833893,-0.036688906,0.126092737
CGGTCCATGAGACTCC-1,-0.093502457,-0.261022249,0.043984609,0.027258766,0.076428812
CGGTCCGTCGCAAGCC-1,-0.10417721,-0.291805262,0.121099068,0.022322635,0.186673745
CGGTCTATCAACCCGT-1,-0.195909003,-0.328695791,0.181432802,-0.189933909,0.051996798
CGGTGAAGACTAAAGT-1,0.074620561,-0.103578661,-0.109577873,0.086503196,0.156554517
CGGTGCAGATAGAACG-1,-0.109899506,-0.238225001,0.119583185,-0.026428945,0.135861913
CGGTGCGCGTTGGTCC-1,-0.08161728,-0.236012553,0.041066047,-0.072502769,0.104227049
CGGTGGGCTCCAGCCT-1,-0.207329602,-0.26797684,0.20046712,-0.005808395,0.059492145
CGGTGTACTTGATCCC-1,-0.266449654,-0.273648257,0.205356257,-0.065767048,0.022876384
CGGTTATCCAACAGTG-1,-0.032252657,-0.252254136,0.01997938,0.029859487,0.145618045
CGGTTCAAGTAGGTGT-1,-0.031816997,-0.273057285,0.010288272,0.059117924,0.115352405
CGGTTCCGGCTTCTTG-1,0.088547457,-0.160236286,-0.151559974,0.148205673,0.202806529
CGGTTGACCTGGCATA-1,0.02071612,-0.200090186,-0.004021167,0.051998067,0.20964155
CGGTTGAGTATCCTTC-1,-0.040025049,-0.084267607,-0.047058145,0.090764107,0.113318262
CGGTTGGGCAGGGTCC-1,-0.075979143,-0.242084358,0.031473689,0.12100046,0.171137315
CGGTTGGGTTCAAGTT-1,-0.006623406,-0.184011713,-0.010306689,0.047426325,0.165441071
CGGTTTATGAAGGAAC-1,-0.071129706,-0.304233788,0.081184453,-0.012651554,0.086657803
CGTAAACGCTTGAGTG-1,0.070718479,-0.139577609,-0.10184532,0.089953825,0.163036315
CGTAAAGCAAGAAATC-1,-0.007496796,-0.143856457,-0.059217505,0.124745267,0.206212235
CGTAACTTCGACACTT-1,0.047012673,-0.119870503,-0.089032073,0.071863203,0.179457509
CGTACCGAAAGTCTAG-1,-0.000567282,-0.291167396,-0.006464251,0.089072436,0.201304384
CGTACCTGATAGGCCT-1,0.02216379,-0.252032093,-0.033240103,0.106710999,0.200148541
CGTAGAGAGTAATTAT-1,0.014706516,-0.140527045,-0.074709686,0.134613172,0.183932367
CGTAGCGAATTGTCAG-1,-0.045325054,-0.283664193,0.04412819,-0.007997975,0.098335752
CGTAGCGCCGACGTTG-1,0.051215288,-0.187446644,-0.096605418,0.108332672,0.182040421
CGTATTAAGAGATCTA-1,-0.017861784,-0.189237317,-0.016108249,0.088973331,0.133628422
CGTCACGTCCATTGGT-1,-0.101889421,-0.311553015,0.120805094,-0.03548603,0.132428983
CGTCAGTGCGCACAAG-1,0.092713046,-0.143445781,-0.149509613,0.145690311,0.182743728
CGTCAGTTTATCGTCT-1,0.096463805,-0.199853835,-0.134109308,0.172385579,0.199165275
CGTCATACCATATCCA-1,0.030554304,-0.140637096,-0.02444432,0.045203045,0.156445057
CGTCCTCATCGCGTGC-1,0.074488603,-0.079740283,-0.129354005,0.128293581,0.165007288
CGTCGCATGTGAGCCA-1,0.05746596,-0.132421861,-0.083776059,0.103100696,0.207948349
CGTCGCGGCGGGATTT-1,-0.495124339,-0.400159056,0.468499624,-0.076659852,-0.070647376
CGTCGCTTGGTTATAC-1,-0.017574408,-0.166025761,-0.015757812,0.062257608,0.150723658
CGTCGGATAGTGTTGA-1,0.03494769,-0.268877377,-0.072023511,-0.140364909,0.153111163
CGTCGGGTCTAAGCGC-1,-0.251902371,-0.341075009,0.193914027,0.008123235,0.027055305
CGTCGTCCTTCGCGAA-1,0.038963785,-0.134670748,-0.047524691,0.062619518,0.152539794
CGTCTGGAAGGGCCCG-1,0.070102866,-0.132603303,-0.099810012,0.113510089,0.112719494
CGTGAAGTTAATTCAC-1,0.05225447,-0.144460579,-0.063889552,0.067123716,0.155670212
CGTGACATTGGGTCGT-1,-0.299520372,-0.318762198,0.225704711,-0.03708043,-0.048434954
CGTGACCAGTCCTCTG-1,0.005796758,-0.259908422,0.026748746,0.056405829,0.150009694
CGTGCACACCACTGTA-1,-0.000750637,-0.149618703,-0.064601666,0.141630603,0.175192096
CGTGCAGACTGGGACA-1,-0.068143707,-0.224865816,0.04478228,0.032170435,0.082152985
CGTGCATTGTCGACGC-1,-0.073829161,-0.162422306,0.060551687,0.007086673,0.100125706
CGTGCCCGACATTTGT-1,0.082246499,-0.217095075,-0.119382988,0.155629262,0.208293004
CGTGCTGGCCTAGTCG-1,0.034642341,-0.155796016,-0.052323437,0.058596914,0.182129457
CGTGCTTCTACCTAAA-1,0.02627069,-0.096502684,-0.092668198,0.095824234,0.159749579
CGTGGAAGCCTCGTAC-1,-0.220826582,-0.415961883,0.28059526,-0.125064116,0.069468801
CGTGGCCGAATATCTA-1,-0.12590598,-0.279638541,0.049923688,0.017481964,0.000312957
CGTGGTACCCAAAGGC-1,-0.143168271,-0.17269463,0.068475739,0.053156474,0.089674216
CGTGTATGGGAGCTGA-1,-0.04001579,-0.15428079,0.005643402,0.050821238,0.159597472
CGTGTCCCATTCGCGA-1,0.077770123,-0.179924781,-0.102644536,0.08890421,0.173790526
CGTGTCTCGTTACGAC-1,0.054823758,-0.152933042,-0.107249744,0.142475236,0.230054133
CGTGTGTTAAACCCTG-1,0.106712735,-0.202148159,-0.151693739,0.148276316,0.124559442
CGTTAAACTAGTTAGG-1,-0.258755411,-0.41867585,0.327571691,-0.359252385,0.069481456
CGTTAAATACGACCAG-1,-0.023319695,-0.142764867,-0.024027843,0.085970222,0.190828994
CGTTAATGTCCCGACG-1,-0.031602353,-0.22120626,0.031122281,0.068918267,0.181244852
CGTTAGCTCACAACTG-1,-0.167223349,-0.30202558,0.148391243,-0.018594194,0.072863213
CGTTCAAGGAAACGGA-1,-0.128269586,-0.153266161,0.042608841,0.069893662,0.092270606
CGTTCAGACCCGCGAA-1,-0.03872429,-0.21019095,0.056101084,0.028281352,0.146793562
CGTTCATGGTGCGCGT-1,-0.182918507,-0.372492284,0.228410925,-0.110129101,0.137744986
CGTTCTTCGCACACCT-1,-0.104836545,-0.23579811,0.066499045,0.055599071,0.096840323
CGTTGAATACCGCGCT-1,-0.063729348,-0.221957487,0.082782944,0.030623399,0.141052905
CGTTGAGTAATTGCGT-1,-0.033517547,-0.223959271,0.009502661,0.00466167,0.122084698
CGTTGCCCGCGTGGGA-1,-0.076346283,-0.182332436,0.030012413,0.024104977,0.133452603
CGTTGTAAGATTGATT-1,-0.062452745,-0.218380904,0.021406487,0.079370325,0.066895013
CGTTGTCGGCAATTGA-1,0.002463208,-0.263067951,-0.006240404,0.112509972,0.198443142
CGTTGTTTCAATTCCC-1,0.066001449,-0.071165769,-0.088298167,0.065423301,0.136089245
CGTTTAAGCGGAGCAC-1,0.089896484,-0.086622017,-0.124581324,0.107332556,0.121484165
CGTTTACAAGGCAGCT-1,-0.378254948,-0.167423024,0.211345372,0.061926403,-0.211725166
CGTTTCACTTCGGGCG-1,-0.164242267,-0.344503921,0.181013317,-0.101153697,0.087382368
CGTTTCGCTCATTACA-1,-0.051187402,-0.252283551,0.083533256,0.021613782,0.167905489
CGTTTCGGTTATATGC-1,-0.015872665,-0.194714613,-0.0071356,0.043703102,0.187482001
CTAAAGAATGCCTACT-1,-0.100034168,-0.250943179,0.134041032,-0.019815984,0.117397785
CTAAAGGGAAATAGGA-1,0.011857742,-0.169238255,-0.000783599,0.056601867,0.154726526
CTAAAGTCCGAAGCTA-1,0.065279597,-0.138433783,-0.102236333,0.102802945,0.167804469
CTAAATCCGGTGTACA-1,0.057040559,-0.143296444,-0.118788809,0.152752816,0.214182189
CTAAATCCTATTCCGG-1,-0.181625816,-0.3948661,0.23109161,-0.016051774,0.122866065
CTAACCGCGCGCCCGT-1,0.01562952,-0.162299284,-0.004284496,0.047528358,0.174454244
CTAACGAAACTTGCTG-1,-0.038539867,-0.247116291,0.047017321,0.031034491,0.181503787
CTAACTGATAATCGCC-1,-0.266959761,-0.327055619,0.323566337,-0.186556845,0.114571662
CTAACTGGTCCGGTTC-1,-0.092946913,-0.261509952,0.043510044,2.57E-05,0.08600668
CTAAGTACAGGGCTAC-1,0.052977683,-0.207781002,-0.090193573,0.125829723,0.141487741
CTAATTATGAAGCGTA-1,-0.0365199,-0.192322127,-0.01693305,0.105887624,0.136194933
CTAATTCGCACGCGCT-1,0.002619823,-0.160582603,0.019876088,0.014253253,0.133591424
CTAATTCTCAGATATT-1,-0.011398761,-0.219413099,0.000398696,0.024438596,0.160044357
CTAATTTCAACAACAC-1,-0.046384139,-0.25389191,0.062167542,0.043116327,0.163115597
CTACAAGAAATAACCC-1,-0.181283189,-0.213323506,0.113865631,0.064317697,0.093015627
CTACACTCGCAGATGG-1,-0.093185448,-0.189518693,0.037065157,-0.0865214,0.105791619
CTACATATCGCGGGAC-1,-0.046652291,-0.126681646,-0.021311629,0.079177036,0.128683621
CTACCCTAAGGTCATA-1,-0.040110608,-0.282450697,0.031077775,0.052829636,0.142000409
CTACGAACTAGGTCGA-1,0.103720298,-0.182171002,-0.119291138,0.144395592,0.118641367
CTACGACTAGCTATAA-1,0.0932596,-0.056884998,-0.128004342,0.093049739,0.132533069
CTACGATCCTATCCTA-1,0.03529363,-0.093466607,-0.090981845,0.083334091,0.150906115
CTACGCACGGAGTACC-1,-0.076284716,-0.249115629,0.101961715,-0.019180489,0.143307924
CTACGCCATTTCCGAT-1,-0.581084496,-0.34902759,0.482098043,-0.033259175,-0.208043758
CTACGTGTTGCCACCA-1,0.098674911,-0.061679767,-0.145819284,0.11105495,0.157995548
CTACTATCATAGGTTT-1,-0.055400215,-0.246542616,0.00056139,0.079325202,0.141808028
CTACTATCTTTCAGAG-1,-0.04430522,-0.264074072,0.026613653,0.021919601,0.134918641
CTACTCAAGGTATAGT-1,-0.024230238,-0.235017039,0.037403619,0.054378377,0.211210897
CTACTCTAGGCCCGGC-1,0.005344825,-0.208578167,0.022253226,0.022184718,0.171246915
CTACTGCCACCTGACC-1,0.039149399,-0.193756938,-0.098166811,0.099992968,0.167168148
CTAGACATATATGTAG-1,-0.04924046,-0.284745181,0.053285185,-0.051554303,0.114248
CTAGACTGCATTTCGT-1,-0.108113196,-0.31113197,0.126128248,0.00230806,0.121485612
CTAGATAAACTCCTCG-1,0.077964948,-0.10610337,-0.109451226,0.088160247,0.173871092
CTAGATGTGAGTGTAA-1,0.086646662,-0.177917413,-0.135352481,0.152856367,0.083506898
CTAGATTTACGACGGC-1,-0.065279837,-0.245394416,0.060897655,0.030865225,0.169495052
CTAGCATAGTATAATG-1,0.05404809,-0.220796714,-0.074631853,0.072404388,0.195519592
CTAGCCACAGGCGAGC-1,0.088356772,-0.28089033,-0.121196679,0.163244054,0.140363612
CTAGCCGATGTTATGA-1,-0.030172383,-0.335337137,0.052609701,0.041699396,0.173085536
CTAGGCGCCCTATCAG-1,-0.130915276,-0.177037869,0.043204557,0.091612591,0.121875379
CTAGGCGGCAGAGAAT-1,0.070512203,-0.203058055,-0.101603144,0.138101027,0.168386307
CTAGGGATAGGGACAA-1,0.034004659,-0.092350747,-0.094970535,0.09531783,0.181597189
CTAGGTCTGAAGGAAT-1,0.129566672,-0.149789727,-0.166555038,0.158719956,0.17743792
CTAGGTTCGGACGTGA-1,0.020075865,-0.209455515,-0.032170877,0.092716586,0.179717107
CTAGTAGAAAGGGATT-1,-0.046310206,-0.219871938,0.007603381,-0.090046732,0.182636363
CTAGTATTCGGAATTA-1,-0.101096801,-0.255618845,0.041268412,0.052900565,0.033140614
CTAGTCACGTCTTAAG-1,0.088122026,-0.070599932,-0.121495625,0.093334461,0.140226177
CTAGTGAAGGACAGGA-1,0.046926368,-0.113693022,-0.074775892,0.077105483,0.154863579
CTAGTTACAACCCGGT-1,0.034895719,-0.216461983,-0.057762827,0.106144532,0.138347104
CTAGTTGGGCCCGGTA-1,0.109619506,-0.226318535,-0.178388716,0.193190448,0.219339398
CTATAAGAGCCAATCG-1,-0.050724406,-0.216084048,0.036861575,0.050148374,0.158102029
CTATAGGCGTTGATGT-1,0.022020957,-0.101963954,-0.070500322,0.084750289,0.191580821
CTATATCCAGCCTGGC-1,-0.022668907,-0.147201896,-0.053283408,0.137913269,0.185088749
CTATCACAACGCTGGA-1,-0.058236133,-0.211535433,0.019156522,0.083297278,0.162531006
CTATCGACGAAATACA-1,0.038777412,-0.146505858,-0.069249359,0.110039911,0.21855915
CTATCGCGTAGAGAAC-1,0.061176759,-0.293843468,-0.088391635,0.130732031,0.163930783
CTATCGGGTCTCAACA-1,0.117751994,-0.13417634,-0.157191026,0.110008778,0.210229974
CTATGCCCGAATGCAA-1,-0.076113108,-0.285725673,0.122168847,0.011392339,0.135732322
CTATGGGAAGCGGAAT-1,-0.175610414,-0.300665171,0.154665696,-0.338933982,0.082384967
CTATGTCACTAGCCCA-1,-0.033685443,-0.24638268,-0.034220509,0.101717804,0.094270032
CTATGTCTATTGAAAC-1,0.027339282,-0.19146296,-0.054364957,0.105992311,0.175017215
CTATGTGAGTCACGGC-1,-0.061370999,-0.289638149,0.069549307,-0.05572954,0.131605335
CTATTCATGTGTCCCA-1,-0.025459308,-0.284513535,0.002058873,0.058343131,0.15683428
CTATTGTGTTTGGTCA-1,-0.164978793,-0.348576122,0.188808047,-0.049024561,0.086116903
CTATTTGCTTGGAGGA-1,-0.052703492,-0.233156475,0.021433594,0.036282811,0.164387101
CTATTTGGTTACGGAT-1,-0.141154586,-0.383231496,0.17640182,-0.045845584,0.14344926
CTCAAACCACTGCCCG-1,0.038838077,-0.104427819,-0.086833502,0.090179208,0.188767681
CTCAACTAACCCGGAT-1,0.001660332,-0.187107197,-0.059448763,0.131030305,0.198595956
CTCAAGACATTAGCGC-1,-0.112374066,-0.251498713,0.127819673,-0.081322046,0.12667363
CTCACACGCAAGCCTA-1,-0.066465895,-0.275082986,0.041748717,0.093811272,0.143539649
CTCACATTTACTAAAT-1,-0.0149735,-0.261075358,-0.009942479,0.114774377,0.183114258
CTCACCGATCCAAACT-1,-0.078076275,-0.194051327,0.046137594,0.023822225,0.104770038
CTCACTGTGATACTTA-1,-0.015564074,-0.225920737,-0.025373374,0.079786049,0.185019406
CTCACTTGGCTGGTAA-1,-0.000915823,-0.226211024,0.025834191,0.038972983,0.207395366
CTCAGAGCTAATGTCG-1,-0.049554154,-0.166320476,0.014385731,0.057333182,0.164454641
CTCAGGACTCACCTGT-1,0.066355828,-0.120024259,-0.098135451,0.084544781,0.176158421
CTCAGTCACGACAAAT-1,-0.116763868,-0.313354418,0.098036865,0.033833598,0.072601136
CTCATAAATGTGTATA-1,0.03002105,-0.162919409,-0.04115045,0.084912347,0.200526255
CTCATGGCTCACAATC-1,-0.052768488,-0.273412778,0.048920341,0.023621718,0.143411966
CTCATGGTAATTTGCG-1,-0.018276235,-0.245354951,-0.010318756,0.050767746,0.144063613
CTCATTGCTCTAACAA-1,-0.096668558,-0.30369466,0.117595586,-0.026678458,0.173131637
CTCATTTGATGGGCGG-1,0.058631596,-0.174200009,-0.097074036,0.123830823,0.15247419
CTCCCAATGAGTCGCG-1,-0.436907675,-0.503792576,0.519843716,-0.160087827,-0.008696847
CTCCCTCCTTTCGATC-1,-0.059581486,-0.260634386,0.054236719,-0.008680116,0.162099319
CTCCGCCCACATGAGG-1,0.022717312,-0.159646546,-0.029806479,0.06452409,0.179275898
CTCCGGCCTAATATGC-1,0.095052341,-0.121498517,-0.124118576,0.118050094,0.116719626
CTCCGGCTTGTAGACA-1,-0.259596623,-0.449219426,0.348719452,-0.136014015,0.108471564
CTCCTAAGTTATGTCT-1,-0.030825085,-0.144807414,-0.019903147,0.082942297,0.107934946
CTCCTCCAGCTCACAC-1,-0.06629055,-0.259246842,0.080552272,-0.010416802,0.197823924
CTCCTGTTCAAGGCAG-1,-0.170773731,-0.354508895,0.161984807,-0.094626227,0.081853069
CTCCTTTACGCAAGTC-1,-0.147230745,-0.297534908,0.154336607,0.002341783,0.084590124
CTCGAATGGAACGTAT-1,0.035184102,-0.203920798,-0.077885996,0.094083795,0.13006846
CTCGAGATCCAAAGCA-1,-0.111496263,-0.370842987,0.164107286,-0.015620254,0.165288184
CTCGAGGTCGAACAGT-1,0.02538622,-0.204055053,-0.058172841,0.102035558,0.171457442
CTCGATATTTGCGAGC-1,-0.067254641,-0.334019703,0.090133022,0.04544451,0.145406831
CTCGCACCTATATAGT-1,-0.033081535,-0.331730009,0.030713054,0.104072966,0.174635125
CTCGCATTGCATAGCC-1,-0.088527316,-0.233285016,0.065622916,0.055520652,0.160599075
CTCGCCGAATGTAGGG-1,-0.073050567,-0.293534502,0.077873688,0.042828128,0.137561181
CTCGCTAGGTAAGCGA-1,-0.028933439,-0.129390963,-0.073670318,0.17790651,0.160525185
CTCGGGATAACACCTA-1,0.067977426,-0.223599447,-0.103099901,0.058110096,0.117032965
CTCGGGCATCGTCGGG-1,0.068969213,-0.150395797,-0.063946577,0.075218559,0.143349752
CTCGGGTTCTCTGGCC-1,0.082780017,-0.1031082,-0.135384563,0.09864226,0.200631876
CTCGGTACCACTGCTC-1,-0.001736855,-0.143852674,-0.073897778,0.122362372,0.173019529
CTCGGTCCGTAGCCTG-1,0.068768268,-0.15688124,-0.07951315,0.095494431,0.121050469
CTCGGTTGTCGGCCCT-1,0.057287334,-0.167741343,-0.086604151,0.087777101,0.22382903
CTCGTCGAGGGCTCAT-1,0.0879325,-0.151779148,-0.127739195,0.104479195,0.210052212
CTCGTCTGTGCCTTCG-1,0.023737798,-0.132719929,-0.058887588,0.099896438,0.202740169
CTCGTTACGGCTACCA-1,-0.126760346,-0.149626435,0.058413871,0.065178956,0.173059887
CTCGTTTCTAATGTTT-1,-0.020714933,-0.261659264,0.046678437,-0.004522506,0.178547191
CTCTAATGCATTGATC-1,-0.117609992,-0.330542556,0.132115822,0.03900984,0.128498613
CTCTACACTGGCGATT-1,-0.195896603,-0.285136015,0.16326001,-0.018168043,0.054181814
CTCTACATCCTGCGTG-1,-0.162688864,-0.330812215,0.195619521,-0.022801535,0.133101296
CTCTAGCCCTCGGAAA-1,0.069932825,-0.067426832,-0.099437475,0.101564756,0.16807227
CTCTATTTGGCTGCAG-1,-0.057655716,-0.236747602,0.022041244,0.077105373,0.161107977
CTCTCACAATCGATGA-1,-0.043785584,-0.257082544,0.06186695,-0.048019556,0.159142857
CTCTCGATGTGCGCCT-1,0.112186819,-0.197365698,-0.152866012,0.173437072,0.148048605
CTCTCTAACTGCCTAG-1,-0.025856967,-0.242685601,-0.007567414,0.080329115,0.200963402
CTCTGCAGGCATTCTT-1,0.08831513,-0.069544008,-0.139451381,0.091091435,0.201881554
CTCTGCGAAGCAAGCA-1,0.106059583,-0.0848422,-0.158238525,0.118516835,0.163282914
CTCTGGACGCCTGGTG-1,0.097811567,-0.147834572,-0.137961259,0.117249416,0.192346987
CTCTGTTTGAGGATTC-1,-0.0334636,-0.263431466,0.009648162,0.032676667,0.081601275
CTCTTCTATTGACTGG-1,0.107890903,-0.195910459,-0.138845364,0.155147953,0.059000745
CTCTTCTGGAAGTTAG-1,0.029108612,-0.154613605,-0.04990047,0.080660278,0.218103581
CTCTTGTCCCGCTTGG-1,-0.345278777,-0.234466524,0.179360634,0.075024144,-0.137745726
CTGAAACGGCCCTCAG-1,-0.090528521,-0.343755403,0.129411124,0.060915711,0.179312101
CTGAAAGAGATCCGAC-1,-0.048770916,-0.284656772,0.027237016,0.103853304,0.140959724
CTGAATCCGAGACCTC-1,-0.06714791,-0.267595189,0.05718995,-0.000183793,0.157957096
CTGAATTTATTGCCAG-1,-0.155941669,-0.347223343,0.17158423,0.033680173,0.104766768
CTGACATAGAAATAGA-1,-0.264979408,-0.453441201,0.329998565,-0.159816121,0.118379439
CTGACTGCGCAGCTCG-1,-0.082179037,-0.257664946,0.036775411,-0.106678455,0.098479737
CTGAGAAAGTTCGGCG-1,-0.325220475,-0.495439698,0.447501835,-0.155242154,0.089288533
CTGAGCAAGTAACAAG-1,0.060201588,-0.175312216,-0.095419569,0.100446103,0.195668238
CTGCAAATGGGCTCCA-1,0.085727647,-0.239766349,-0.110409811,0.158277151,0.206514222
CTGCAAGCACGTTCCG-1,-0.018028615,-0.17421604,-0.037407764,0.032441108,0.133858605
CTGCACAACTACATAT-1,-0.057433679,-0.255758691,0.039653947,-0.094565666,0.176837041
CTGCACCTAGTCCACA-1,-0.074967965,-0.320368445,0.068487555,-0.046932204,0.08541641
CTGCACCTGGAACCGC-1,0.087890006,-0.111370435,-0.138868462,0.111571937,0.158379585
CTGCACTCCAGTACAG-1,0.032049019,-0.162946441,-0.036690597,0.057529174,0.17275512
CTGCAGAGAATCAGAG-1,0.055277213,-0.105686085,-0.10731514,0.109660185,0.205012467
CTGCCAAGGTTGGAAG-1,-0.125480105,-0.333640155,0.124981986,-0.143975659,0.117837974
CTGCCATGCATCACAT-1,-0.043643045,-0.243896863,0.068046236,0.015836031,0.158788919
CTGCCTAGCCACCAAG-1,0.116022631,-0.160701659,-0.135758034,0.149076227,0.067409774
CTGCCTCATATGCAAC-1,0.092936173,-0.211917805,-0.154689539,0.191518775,0.124167251
CTGCCTTTAATACCTT-1,-0.028514789,-0.118564797,-0.047782755,0.084146594,0.119766023
CTGCCTTTCTAGTAAA-1,-0.055103736,-0.180751899,0.024413395,0.068610094,0.169834909
CTGCGACCTCGCCGAA-1,0.060817926,-0.12086966,-0.096896404,0.106386169,0.216750272
CTGCGATTTCGAGATT-1,-0.030989832,-0.221243115,0.012271147,0.085635551,0.199099333
CTGCGGGTGAAATGTT-1,-0.053543735,-0.254402403,0.108043633,-0.014844408,0.16057653
CTGCGGTAGTCACGTG-1,-0.197344855,-0.304398233,0.205874196,0.006408634,0.106213788
CTGCGTTACGATATAA-1,-0.062100907,-0.22483813,0.030095893,0.002782049,0.103357229
CTGCTCTGACGGCAAA-1,0.002113275,-0.160794858,-0.064301704,0.129388102,0.190636037
CTGCTGAGGCCACGAA-1,-0.176846786,-0.251064786,0.114982715,0.035820358,0.076069739
CTGCTGTCTAACGAGC-1,-0.309771219,-0.457053481,0.381492405,-0.154694203,0.054745134
CTGCTTGGCGATAGCT-1,0.05312743,-0.165874062,-0.056039249,0.059164579,0.140536003
CTGCTTTATGTCCGCG-1,-0.254375182,-0.316477756,0.207833269,0.023528049,0.002947119
CTGGAAATGGATGCTT-1,0.063826482,-0.235073726,-0.07374565,0.082482556,0.20504185
CTGGAAGACACGGTGG-1,-0.336164169,-0.402496882,0.350462106,-0.362287977,0.046995511
CTGGACGCAGTCCGGC-1,-0.28863675,-0.435692756,0.408076103,-0.1855492,0.11186674
CTGGCATCCGAATGAG-1,-0.047622273,-0.252132592,0.043816679,-0.010932807,0.148689911
CTGGCGACATAAGTCC-1,-0.262584019,-0.28074909,0.186224029,-0.043402456,-0.019360502
CTGGCGATTTACATGT-1,0.07380875,-0.132183589,-0.099349955,0.132628774,0.206840915
CTGGCGCACAGGTCTG-1,-0.046075875,-0.198595037,-0.00288137,0.042938379,0.149652865
CTGGCGGGAATAAGTA-1,-0.033739876,-0.275760313,0.070741688,0.040198064,0.138170911
CTGGCTCCTGCGGGAT-1,0.098842861,-0.043970216,-0.14362581,0.090321665,0.144848208
CTGGCTGATTCATCCT-1,0.024028674,-0.271691357,-0.068401943,0.102045005,0.121247647
CTGGCTGCTAACGTAA-1,0.094114643,-0.120272849,-0.151253867,0.145305732,0.171887106
CTGGGATACGCTACCC-1,0.114176871,-0.162348864,-0.141050611,0.157891289,0.033908909
CTGGGATCGCCCAGAT-1,0.073371574,-0.252748619,-0.103806765,0.195423432,0.202400966
CTGGGCCTGCTATATC-1,0.036198531,-0.129271904,-0.039035691,0.055992368,0.147419073
CTGGGCTACTGGAGAG-1,-0.205271127,-0.222395102,0.121370599,0.015750751,0.06340854
CTGGGCTATCCTTTGG-1,0.026145725,-0.218575992,-0.067713982,0.087591431,0.133606126
CTGGGTTGAGTTAAAG-1,-0.315491272,-0.478996576,0.419563501,-0.115715895,0.055399234
CTGGTAAAGACTTACA-1,0.109011949,-0.099730249,-0.183380442,0.188821921,0.213610193
CTGGTAAAGTGTGGGC-1,0.115538752,-0.107521218,-0.147171565,0.12090238,0.11662107
CTGGTAACACATAGAA-1,-0.093986624,-0.271989285,0.060125483,-0.059468765,0.150819879
CTGGTAACGAGCTCTT-1,-0.043172694,-0.262431275,0.040395272,-0.040837776,0.150319135
CTGGTCATTCCAATCC-1,-0.148627931,-0.324787856,0.167895273,-0.026846256,0.105045771
CTGGTCCTAACTTGGC-1,0.11711889,-0.207658566,-0.152096337,0.178818504,0.138657829
CTGGTGAATGGGCCTA-1,0.04822885,-0.103366888,-0.093578867,0.085610617,0.185321105
CTGGTTCAACGCATCA-1,0.108368739,-0.072611153,-0.161441173,0.125623159,0.15189797
CTGGTTTCGAGCAAGA-1,-0.288988496,-0.314290237,0.225594213,-0.091718273,0.020438579
CTGTACTTCTTAGCAT-1,-0.039308267,-0.218161983,0.073392719,0.017483574,0.153928121
CTGTAGTGAGGATCGA-1,-0.006797358,-0.137175892,-0.054889361,0.099408603,0.17571765
CTGTATGGTGTAGAAA-1,-0.172250586,-0.302761124,0.171525564,-0.057908775,0.11926525
CTGTCAAATGGCTCGG-1,-0.341095741,-0.550009742,0.494607384,-0.154557457,0.090185762
CTGTCACGCCAGGCGC-1,-0.14259689,-0.340450996,0.155968412,-0.005903161,0.1070384
CTGTGCAGGGTAGGTC-1,-0.006045044,-0.189549752,-0.025527105,0.085099541,0.15057291
CTGTGGTCGGGAGATA-1,-0.009272944,-0.173446011,-0.051984477,0.098490039,0.1800527
CTGTTACCCAATCTAG-1,0.005896687,-0.268218026,-0.0349167,0.135280325,0.189487822
CTGTTCACTGCCTGTG-1,0.090495588,-0.143416128,-0.110656352,0.125616023,0.101440628
CTGTTCATCTCACGGG-1,-0.227704229,-0.334337014,0.239587041,-0.060689029,0.092638834
CTGTTGTTCAGTCGTA-1,0.01470436,-0.141764486,-0.052284176,0.072600997,0.173452391
CTTAACTTACAGTATA-1,0.108948725,-0.029745991,-0.16071201,0.119157002,0.159233044
CTTAACTTCGAAGTAC-1,0.005669597,-0.224723783,-0.02364899,0.072584075,0.145827967
CTTACACGGTATTCCA-1,-0.149571168,-0.332479122,0.212029722,-0.042712285,0.149818278
CTTACACTGGGAAATA-1,0.119023661,-0.134108852,-0.168963966,0.158838587,0.141142325
CTTACATAGATTTCTT-1,-0.098509496,-0.294970908,0.069996012,0.043102167,0.166609297
CTTAGATGTTTCATCC-1,0.012845306,-0.178392944,-0.029854385,0.077623608,0.203915211
CTTAGCCTTCCACATG-1,-0.101065231,-0.312731845,0.119921292,-0.110803646,0.138939022
CTTAGGTATAGACCAG-1,0.032934966,-0.139296928,-0.096274101,0.101505304,0.17813874
CTTAGTAGGCCTACAG-1,-0.076766029,-0.260619442,0.025821508,-0.133084889,0.080069809
CTTAGTGTAGTAGCAT-1,-0.085291303,-0.275954743,0.091151241,-0.152693245,0.141302816
CTTAGTTGAGGAATCG-1,0.049173366,-0.121564753,-0.09284193,0.09964979,0.221556714
CTTATGCGCTCAGGGC-1,-0.542437132,-0.338616305,0.432135938,-0.010622034,-0.20614223
CTTATGTTGACTACCA-1,0.053318331,-0.161801914,-0.113816321,0.115772447,0.177327845
CTTCAACTCCACTTGG-1,-0.146938361,-0.287753272,0.137270608,-0.137786538,0.1175362
CTTCACGCCCTGGTAC-1,0.057035109,-0.116677573,-0.099438894,0.090351983,0.202032724
CTTCAGTGGTCGCCTA-1,-0.189880725,-0.354433939,0.22444576,-0.114761029,0.134354287
CTTCAGTTGGACAACG-1,-0.076640476,-0.194944633,0.019825106,0.112377959,0.154176873
CTTCATAGCTCAAGAA-1,0.033240029,-0.173637741,-0.062644895,0.09770947,0.171248113
CTTCATTGTCAGTGGA-1,-0.02985587,-0.235976184,0.03415725,0.031343577,0.168466463
CTTCGATTGCGCAAGC-1,0.076787975,-0.059876715,-0.133713442,0.122619095,0.198271142
CTTCGGCCAATTGTTT-1,-0.308665984,-0.439447978,0.376416202,-0.192042862,0.055930356
CTTCGTAGATAGGTGA-1,0.016110057,-0.145261379,0.002941957,0.023734232,0.132639541
CTTCTATGTTGAAGTA-1,-0.146019043,-0.383674744,0.206548616,-0.105008394,0.172372716
CTTCTGGGCGTACCTA-1,-0.166416527,-0.171054567,0.079790002,0.069470956,0.072211735
CTTCTTACGTCGTATA-1,0.05461601,-0.121929436,-0.074730246,0.081082422,0.142606732
CTTGACCCGAAAGATA-1,0.049418028,-0.207910721,-0.088536361,0.149147608,0.175849228
CTTGAGGTTATCCCGA-1,0.035652815,-0.168963055,-0.053144863,0.083938344,0.178022121
CTTGAGTTAGGGTAAT-1,-0.325051898,-0.37975704,0.31611899,-0.187792253,0.0084227
CTTGATGACCATCCAG-1,0.110464254,-0.078351828,-0.175232847,0.170350254,0.207288667
CTTGCAACCGCCTCCT-1,-0.143195682,-0.326473962,0.172892819,-0.037307537,0.152065169
CTTGCCCACCCACGCA-1,0.024889441,-0.12380183,-0.075421423,0.151885193,0.177182992
CTTGCCCAGGCTCTAC-1,0.015333059,-0.18407509,-0.002287185,0.044311642,0.162230107
CTTGGCCAAGCTGGGA-1,-0.012906663,-0.271074639,0.035592936,0.057703859,0.177408973
CTTGTACTTGTTGACT-1,-0.000515668,-0.141922207,-0.042618123,0.06204922,0.121286028
CTTGTCAACATTCGAG-1,-0.02909435,-0.247645169,0.018121283,0.074024133,0.167045575
CTTGTGAGTCTTTGAC-1,0.013766198,-0.148590455,-0.097978029,0.137343805,0.15078471
CTTGTGCTCACCGATT-1,-0.068589264,-0.239372351,0.053292686,0.033107991,0.160869825
CTTGTTGCTGAGTCAA-1,-0.250445974,-0.388222572,0.308074246,-0.05356357,0.101301305
CTTGTTTATGTAGCCA-1,-0.103531108,-0.299169976,0.110417134,0.009162596,0.133642789
CTTTAACTTTCAAAGG-1,0.025598905,-0.231996303,-0.065402002,0.109573444,0.155995368
CTTTAATATTGGTCGA-1,-0.213886872,-0.402993146,0.266971886,-0.103184537,0.15858006
CTTTACCGAATAGTAG-1,-0.246230107,-0.35758179,0.232233839,-0.169299429,0.074196671
CTTTAGTGCTATTATT-1,0.012219263,-0.234337698,-0.013705458,0.069757514,0.193847717
CTTTCTGTGCGGGCTT-1,-0.084923976,-0.311867262,0.124391652,-0.024263664,0.162117054
CTTTGCATCGCTCTTG-1,0.006708772,-0.113137893,-0.062646642,0.114596754,0.162043969
CTTTGGCAGACAGAGT-1,0.091788949,-0.224247224,-0.124738598,0.18418887,0.055053141
CTTTGGCGCTTTATAC-1,-0.043285171,-0.213074522,0.03443663,-0.016790708,0.099491089
CTTTGGCTTTAGTAAA-1,-0.075710358,-0.246172587,0.123518138,0.0004801,0.143126344
CTTTGGGATTGTTGCA-1,-0.017262801,-0.145187806,-0.037745006,0.091467069,0.16218498
GAAACAGATGACCACC-1,-0.212023937,-0.416496963,0.257735032,-0.069975381,0.123092823
GAAACAGCCATGCAGT-1,0.05831873,-0.113978581,-0.088180921,0.088232452,0.157754256
GAAACATAGGAAACAG-1,0.022401405,-0.139860755,-0.072301594,0.083258296,0.158748426
GAAACCATGGTGCGCT-1,-0.045101234,-0.223869593,0.013266943,0.040705618,0.101935543
GAAACCGAATTACCTT-1,0.055421414,-0.122186794,-0.075454789,0.076933216,0.175825057
GAAACCTATACAAATG-1,-0.264160415,-0.418483126,0.336078437,-0.177456539,0.139202274
GAAACTCGTGCGATGC-1,-0.262306476,-0.334281215,0.282782137,-0.066245492,0.068109488
GAAACTCTAATGAAGG-1,-0.031443208,-0.240003116,0.006503968,0.052282328,0.067202339
GAAAGAACAGCGTTAT-1,0.144088385,-0.172542188,-0.178699719,0.161412133,0.113049525
GAAAGCAGTGCACTTT-1,-0.13528426,-0.360454098,0.151961615,0.012949255,0.151281729
GAAAGCCCTTTGGACC-1,0.006149501,-0.164172637,-0.013128131,-0.038702503,0.168090458
GAAAGTGACTAACTGC-1,-0.219895003,-0.402569655,0.29216295,-0.264390176,0.07170381
GAAATACCTGCTGGCT-1,0.045287267,-0.222595575,-0.051854201,0.116296769,0.11495148
GAAATACTAAACGTTT-1,0.018239957,-0.215979925,-0.006127853,0.063280513,0.186609422
GAAATATCACCATCAG-1,0.065433695,-0.132033788,-0.094609256,0.087054716,0.173660572
GAAATATGCTTGAATG-1,-0.323734091,-0.287730715,0.269171377,-0.009271655,-0.047256687
GAAATCGCGCGCAACT-1,-0.027186611,-0.285199274,0.013300852,0.105164522,0.163355619
GAAATGGCGGTGTTAG-1,0.057479421,-0.216860186,-0.086523408,0.104508183,0.19175094
GAAATGGGATGTAAAC-1,-0.295513095,-0.316812957,0.26082682,-0.135990889,-0.007591238
GAAATTAGCACGGATA-1,-0.17527304,-0.328006729,0.16978931,-0.02733732,0.08265086
GAAATTCACATCGCTG-1,0.111789065,-0.074041139,-0.165774083,0.120776138,0.149316698
GAAATTGTCTCTATAA-1,0.02230413,-0.15153941,-0.009949225,0.042562632,0.149090893
GAACAACTGGGATGAA-1,-0.103135363,-0.16943353,-0.003699953,0.147085559,0.114841879
GAACACACATCAACCA-1,-0.069433226,-0.247521303,0.07969328,0.015086559,0.151273402
GAACAGATTACTAAAT-1,0.01905749,-0.168676574,-0.02423807,0.065992044,0.163991706
GAACATTAGTATGTTA-1,-0.056521815,-0.257798365,0.022065981,0.043492155,0.172991848
GAACCATCTGGGAGAC-1,0.046479618,-0.251633803,-0.077292956,0.130667741,0.185533034
GAACCCTCTGTGTTCT-1,0.008460111,-0.259576818,0.003638263,0.077747645,0.157164393
GAACCTTTAACGATCC-1,-0.040413868,-0.240456444,0.004746936,0.037085415,0.180641253
GAACGACCGAATGATA-1,0.061842637,-0.15310273,-0.079094222,0.098749198,0.123531177
GAACGATAAGTTAAAG-1,-0.124341517,-0.325046722,0.132422664,-0.022187816,0.107099391
GAACGCGGGTCACACG-1,-0.315568045,-0.451078019,0.392023737,-0.15769912,0.060668697
GAACGGTGTAAAGCAG-1,0.092822621,-0.235427574,-0.122866282,0.176020588,0.066399749
GAACGTCTCATGGTCG-1,-0.139649113,-0.384237551,0.186120656,-0.048910127,0.156122587
GAACTGTGGAGAGACA-1,-0.005529803,-0.202114491,-0.016368181,0.088997167,0.221538075
GAACTTAGCGCCCGGT-1,0.076183779,-0.228911948,-0.12768304,0.20724461,0.118390951
GAAGAAACGATATTGT-1,0.033392128,-0.116030562,-0.095885472,0.107721484,0.183953388
GAAGAACGGTGCAGGT-1,0.102421879,-0.115131269,-0.159464972,0.136847077,0.179253437
GAAGACTTCAATGCCG-1,0.116519528,-0.223354092,-0.158194962,0.207813224,0.107120872
GAAGCCACTGATTATG-1,0.045984012,-0.180061566,-0.070050699,0.099258427,0.218594275
GAAGCCTGCACATTCC-1,-0.107283379,-0.30398566,0.109563685,0.055662967,0.147522663
GAAGCGTGAGGAATTT-1,0.039222938,-0.192641009,-0.051301485,0.079322182,0.167248358
GAAGCTCGGACCCGTC-1,-0.231176913,-0.376478254,0.23424218,-0.014096952,0.097995454
GAAGCTTGCTGACCGC-1,-0.148387072,-0.321754176,0.178426068,-0.049007696,0.130817921
GAAGGAGTCGAGTGCG-1,-0.227662222,-0.353957142,0.260148859,-0.072005621,0.100874056
GAAGGCTACCATTGTT-1,-0.022765054,-0.227150019,-0.008335402,0.098485748,0.119262266
GAAGGGCATAACCATG-1,-0.043406907,-0.290039551,0.056362776,0.025172127,0.186801758
GAAGGGTCATTAAGAC-1,0.079658251,-0.152351954,-0.126167654,0.147554462,0.229318107
GAAGTCTCCCTAGCGA-1,-0.022328345,-0.166560061,-0.043552121,0.115982347,0.161592115
GAAGTGATTTATCGTG-1,0.036778325,-0.112246898,-0.030450972,0.045270309,0.145793497
GAAGTGCTGGATAGCT-1,0.080976979,-0.135801513,-0.09212262,0.103760637,0.095273208
GAAGTTTCCACTCAAT-1,0.021681355,-0.144655242,-0.012522355,0.04562378,0.153101049
GAATAGACGCGACCCA-1,-0.02187106,-0.294080397,-0.017597393,0.080587211,0.170276634
GAATAGCATTTAGGGT-1,-0.14950795,-0.352130482,0.147251768,-0.149414785,0.080183132
GAATAGCCCTGCGGTC-1,-0.124286955,-0.284902822,0.112840901,0.008577185,0.116517321
GAATAGTGCTCGATTA-1,-0.000938673,-0.174979244,-0.021472566,0.066873277,0.192059446
GAATATTCGGAGTCCC-1,-0.220386786,-0.327524253,0.188695409,0.0011127,0.034198525
GAATCGACATGGTCAC-1,-0.013006848,-0.227921349,-0.052487691,0.089876835,0.107900553
GAATCGCCGGACACGG-1,0.115500088,-0.079860687,-0.178206588,0.125341114,0.160167983
GAATCTGAACATTCTC-1,0.031834432,-0.196899719,-0.031743149,0.047719755,0.192269214
GAATGAAGGTCTTCAG-1,-0.220576662,-0.288876513,0.172078393,0.011741005,0.019116337
GAATGCCGAAATGACC-1,0.035023434,-0.20720925,-0.043755336,0.084749442,0.194730548
GAATGCGAATCGGTTC-1,0.018681254,-0.250841099,-0.051337242,0.129968634,0.194947906
GAATGTATGGCAGGTC-1,-0.104871108,-0.218863382,0.058655852,0.033039962,0.03619068
GAATGTTGGGTAATCT-1,0.01656234,-0.230621489,-0.060539233,0.12147935,0.119192788
GAATTATAGTGAAAGG-1,0.032940602,-0.219857723,-0.060294883,-0.019782608,0.182399104
GAATTCACCCGGGTGT-1,0.044352184,-0.162050445,-0.068268585,0.091644068,0.169313825
GAATTTCTCGCTGCAG-1,0.023801265,-0.132601665,-0.012819437,0.035773482,0.138760152
GACAAACATATGCAGG-1,0.104751122,-0.188495589,-0.145498915,0.168018063,0.132567484
GACAACGACCATTGAA-1,-0.00636979,-0.26219185,-0.039580612,0.089685638,0.152676884
GACAACGCAGCTTACG-1,0.015828426,-0.184025248,-0.020854686,0.058664977,0.138974607
GACAAGAGATGAGATT-1,-0.097900909,-0.340520379,0.081423561,0.021403377,0.112811168
GACACAAGGGAAGAAA-1,0.078534658,-0.18898796,-0.117696283,0.105336624,0.185161568
GACACAGCCGGGACTG-1,0.078110759,-0.119741185,-0.142092722,0.164174888,0.21487195
GACACGAGTTAGAGGA-1,0.078512218,-0.156932923,-0.099980725,0.108288196,0.157830559
GACACTGAGTTCAGTG-1,0.027866209,-0.18652428,-0.028575995,0.063711529,0.218271847
GACACTGGAACCCGAT-1,-0.235331754,-0.375030301,0.249158497,-0.065936508,0.091134167
GACACTTCCAATTACC-1,0.098753289,-0.088582294,-0.155330498,0.138328647,0.212859312
GACAGGCACACACTAT-1,-0.045524857,-0.256332977,0.047548369,0.041058669,0.155757041
GACAGGTAATCCGTGT-1,-0.089090798,-0.196051744,0.053805722,0.067900688,0.158453258
GACATCCGTCGAACTG-1,0.003536295,-0.160626669,-0.036223232,0.100811063,0.206045442
GACATTTCGCCCAGCC-1,-0.051806225,-0.127960549,-0.033676544,0.090182816,0.114371311
GACCAAACGTTGACTG-1,0.067590279,-0.211914735,-0.07399812,0.108031354,0.107402307
GACCACACTTCCCTTT-1,0.018837904,-0.116304814,-0.055619147,0.096890614,0.184453381
GACCAGAGCCCTGTAG-1,-0.145235106,-0.316579261,0.180022166,-0.020696681,0.1478194
GACCAGGTCATTCATA-1,0.033807846,-0.269863729,-0.031392372,0.119841948,0.179484706
GACCCAATTATGATAC-1,-0.146353534,-0.317425338,0.135260529,-0.041890341,0.11913263
GACCCGTCGCCGGCTA-1,0.063406884,-0.178602928,-0.095698066,0.123176775,0.160257212
GACCGACGTGAAAGCA-1,0.13214242,-0.199858495,-0.171169663,0.184395612,0.119373327
GACCGACTGAAGCGTC-1,0.075404257,-0.158222457,-0.109976046,0.084695811,0.196304955
GACCGATTAAATATGT-1,-0.050792871,-0.105622362,-0.046654788,0.080214933,0.088441385
GACCGCGTCTGACGTG-1,-0.286896677,-0.476862356,0.399813002,-0.353058056,0.086308968
GACCGTCAGGTCGTGA-1,-0.236255069,-0.355382641,0.187514224,0.029123843,-0.024525553
GACCGTGCTGACGGTG-1,0.003906637,-0.137846794,0.019212006,0.021479837,0.135464775
GACCTTCCACGTCTAC-1,0.055835531,-0.135853086,-0.084074378,0.095687211,0.215283469
GACGACGATCCGCGTT-1,-0.399891708,-0.444864704,0.4024654,-0.155086084,-0.020718648
GACGAGGCTAATAAAC-1,-0.020691987,-0.17994206,-0.009362853,0.0573551,0.184482415
GACGATATCACTGGGT-1,-0.045886156,-0.167982259,-0.022082663,0.110336054,0.170365679
GACGCCTGTTGCAGGG-1,0.094982975,-0.111279144,-0.136195066,0.116258019,0.156285003
GACGCTTGCTTCTAAA-1,0.044469346,-0.120405853,-0.040238999,0.049466847,0.155065829
GACGGACCGCGTTCCT-1,0.067800663,-0.254911028,-0.090919755,0.135529569,0.204116282
GACGGGCATCGAATTT-1,-0.129861098,-0.279119202,0.096863532,0.087502617,0.160898529
GACGGGTTGGCCCGTA-1,-0.119427287,-0.323171738,0.165106083,-0.007097453,0.212665171
GACGGTCAATAGAAGC-1,-0.030842744,-0.298712244,-6.28E-05,-0.03075686,0.132700315
GACGTGAGACTCCATG-1,0.08968131,-0.152189637,-0.135152238,0.136472465,0.207833883
GACGTGTAGGGATTAT-1,0.049334496,-0.156105432,-0.043519807,0.049309235,0.142695251
GACGTTCGTAAATACA-1,-0.137105805,-0.198878625,0.039018706,0.044109959,0.034395486
GACTAACACAGCACCT-1,-0.270132946,-0.416530447,0.282363972,0.006742686,0.036448181
GACTAAGATCATGCAC-1,-0.015860343,-0.247204685,0.02649147,-0.005995831,0.149902247
GACTAAGTAGGCTCAC-1,0.092405969,-0.180337929,-0.121602551,0.098016445,0.202015317
GACTACAAAGCGGTGG-1,-0.171339359,-0.340663931,0.206666114,-0.102306646,0.145585451
GACTACAATTGCTCGT-1,0.068612421,-0.239567858,-0.070261919,0.104848747,0.127528924
GACTAGGCCGTTAGGT-1,0.046221298,-0.120638439,-0.082145344,0.096632881,0.195267178
GACTCACCCACGTGAG-1,0.132932019,-0.188877491,-0.166190726,0.17290093,0.115153263
GACTCCCAGAATAAGG-1,-0.146515207,-0.314743826,0.139392407,-0.012610008,0.105836114
GACTCCTTCCAATTGA-1,-0.332267514,-0.302568565,0.305850742,-0.082137409,0.012176335
GACTCGCGGGAATGAC-1,-0.030866819,-0.255026468,0.02642587,0.020816565,0.142701899
GACTCGGTCGGCGGAT-1,-0.057227666,-0.256540506,0.043663758,0.04047642,0.122753086
GACTCTAGAGTTCCAA-1,-0.038982092,-0.229127265,0.013589904,0.065207518,0.183529001
GACTGATTGGTCACAA-1,-0.115564775,-0.26255363,0.12151615,-0.006651424,0.113117332
GACTGCAAATCGAGCT-1,-0.091698197,-0.252815615,0.084711554,-0.001110953,0.106889361
GACTGCGGCACGTGTA-1,-0.006600422,-0.230098368,0.015000424,-0.004771184,0.140606307
GACTGCTGGTGAGAAA-1,-0.014770592,-0.168633586,-0.010617043,0.067576854,0.178110652
GACTGGGCGCCGCAAC-1,0.016633651,-0.236451153,-0.029323888,0.066267127,0.139743836
GACTTCAACGCATCAA-1,-0.018973265,-0.224273382,-0.031080597,0.153617716,0.219762335
GAGAACGGTTCTGACT-1,0.10155878,-0.057850077,-0.143762739,0.124331366,0.175679274
GAGACCCTGCAACGCC-1,-0.069370111,-0.266136085,0.068761752,0.09277709,0.122810458
GAGACTGATGGGTAGA-1,0.077112806,-0.224044302,-0.097869667,0.098196763,0.195637979
GAGAGGCCTATGTGTA-1,0.040141965,-0.210573747,-0.072911481,0.112266427,0.227362405
GAGAGGGCGCGAGGTT-1,0.037363663,-0.142287957,-0.043650727,0.053899135,0.170311899
GAGAGGTGCATTCTGG-1,-0.152139213,-0.334361995,0.170153737,0.019557606,0.134954565
GAGAGTCTCGGGAGAG-1,-0.016590937,-0.105040236,-0.047905311,0.105531619,0.200228199
GAGATCTGCTTGGCAT-1,0.002268135,-0.170232176,0.015284716,0.027030486,0.146197323
GAGATCTGTCACTCCG-1,-0.077786285,-0.307577685,0.09953552,0.026650685,0.189537969
GAGATGACAATCCTTA-1,-0.333176857,-0.379435083,0.347502233,-0.118748317,0.003704548
GAGATGGCTTTAATCA-1,0.062964459,-0.106738037,-0.102684114,0.112299251,0.19454824
GAGATGGGAGTCGACA-1,-0.247118271,-0.37915882,0.292466958,-0.149140497,0.103876749
GAGCACCTGTGTCCAG-1,-0.063286157,-0.26592943,0.102107577,-0.016341827,0.165072041
GAGCATCAACAACTTG-1,-0.033667853,-0.096061938,-0.039508774,0.077514868,0.135027772
GAGCATCATCCCTGGG-1,0.107785457,-0.055461434,-0.160858562,0.113245452,0.130528179
GAGCCACGGTAGTAGG-1,0.109068589,-0.095491484,-0.160619416,0.112687942,0.163677213
GAGCCAGCTACCTGTG-1,0.076172824,-0.128181716,-0.127919917,0.133400638,0.21990461
GAGCCGAGCGTTTATT-1,-0.082427254,-0.323627755,0.077700094,0.014328927,0.136926994
GAGCGAGGGAGTACCG-1,0.06071203,-0.13518692,-0.084953888,0.08782994,0.148376027
GAGCGCAAATACTCCG-1,-0.464404005,-0.353180883,0.375172619,-0.326914455,-0.159826385
GAGCGCGCACGAGTAG-1,-0.347339181,-0.310675673,0.265409403,0.028805568,-0.060461672
GAGCGCTGTTAGGTAA-1,0.056553441,-0.15384617,-0.088770406,0.091490243,0.20141285
GAGCGGAATGCGGTGT-1,-0.021052657,-0.145179491,-0.058455729,0.105354569,0.13607389
GAGCTAAGGGCATATC-1,-0.26706524,-0.424260242,0.321527425,-0.100749757,0.032292694
GAGCTCAACATGAGCG-1,-0.181751772,-0.255355864,0.145390635,-0.026021338,0.094536361
GAGCTCTCGGACCTAA-1,0.089528525,-0.112603937,-0.121705144,0.112813562,0.156400506
GAGCTGTCGTCTCGGA-1,-0.072041296,-0.265566642,0.054199242,-0.047579287,0.102163196
GAGGAATATCTCTTTG-1,-0.078695895,-0.142162745,0.001699841,0.087600726,0.148526463
GAGGAATGGAGAGGTT-1,-0.212122185,-0.347644553,0.24412493,-0.020989306,0.106787352
GAGGATAAACAGTGCT-1,0.120151143,-0.172248708,-0.139180129,0.155475689,0.076446092
GAGGCATTTGCAGCAG-1,-0.179210955,-0.201911637,0.119922471,0.08720612,0.078731225
GAGGCCCGACTCCGCA-1,-0.187600504,-0.328647785,0.148673034,-0.052139785,0.110013098
GAGGCCTGTTGATACA-1,0.087060792,-0.125434586,-0.119947455,0.116409417,0.214556984
GAGGCTATCAAAGTCG-1,0.042548895,-0.143185858,-0.050999932,0.079493681,0.132552215
GAGGGAGTCAGATCGC-1,0.005569927,-0.177059476,-0.04531007,0.088596201,0.167121008
GAGGGCATCGCGTATC-1,0.105260046,-0.174236053,-0.165247219,0.14371332,0.198152128
GAGGGCCATAATATTA-1,-0.09344031,-0.154482084,0.038839846,0.104657844,0.081052782
GAGGGCGCAGCTCTGC-1,-0.051287901,-0.287753353,0.064070329,0.0398107,0.155836624
GAGGGTAGTAACAAAG-1,-0.150234129,-0.148922794,0.047157479,0.054995638,0.046953785
GAGGTACATCCATCTT-1,-0.086479829,-0.280681323,0.061626505,0.057783364,0.095821605
GAGGTACGCGTGTCCC-1,0.017467318,-0.187507773,-0.023151315,0.064627173,0.216221747
GAGGTCCCAAAGATCT-1,0.049661553,-0.216391171,-0.049660222,0.104259851,0.100861109
GAGTAAACCGGAAAGT-1,-0.346034503,-0.527993577,0.477956956,-0.157274019,0.097237997
GAGTAAGGCCACGGGA-1,-0.167516026,-0.385881768,0.219289021,-0.133131201,0.164323867
GAGTACGGGTATACAA-1,0.106471347,-0.082594083,-0.161526372,0.131125641,0.153885781
GAGTAGATACTAGTTG-1,-0.117969758,-0.242133187,0.110279885,0.017966128,0.099288175
GAGTATGCGCGTGCAT-1,0.0248515,-0.198644613,-0.07979163,0.147911268,0.186664655
GAGTCCGCTTACCGGA-1,-0.169169624,-0.347884299,0.253849164,-0.071614479,0.143894308
GAGTGTCAACCAGAAA-1,-0.110473697,-0.266475265,0.115999524,-0.005044699,0.171137583
GAGTGTGCGGTACCCA-1,-0.032365193,-0.216402334,0.004760268,0.052530187,0.190255885
GAGTTGATGGCAATTT-1,-0.134835752,-0.342848179,0.187180885,-0.058826487,0.152369878
GAGTTGTCACCAGTCT-1,-0.071034999,-0.10462331,-0.012705924,0.05261165,0.118958385
GATAAATCGGTGGATG-1,0.095535573,-0.105681139,-0.126792382,0.095031302,0.18172047
GATAACTCGCACTGTG-1,0.041830971,-0.190637304,-0.066938337,0.083345284,0.203420912
GATAAGGCAGATGCAA-1,0.006772586,-0.200642602,-0.052720056,0.119058941,0.166817068
GATACGATGGGAGTCA-1,-0.052579241,-0.254778311,0.053486366,0.022520538,0.157892107
GATAGAACCCGCTAGG-1,-0.046590192,-0.253664576,0.057421076,0.023984528,0.190783795
GATAGATAGTACAGTC-1,-0.037845371,-0.1854491,-0.026480713,0.135411075,0.189109597
GATAGGTAACGTTGAC-1,-0.071288545,-0.308302468,0.075610807,-0.044152079,0.174443171
GATAGTGCGAGTAAGT-1,-0.028041227,-0.182683645,-0.015422566,0.062473893,0.172739394
GATATCTCATGCAATA-1,0.104475148,-0.108898768,-0.165498432,0.133090191,0.169718943
GATATGAGACACTAAC-1,-0.084665029,-0.313131461,0.085142926,0.000518238,0.146788454
GATATGCGGTAGCCAA-1,-0.133915829,-0.32408437,0.145371749,-0.037031112,0.117334608
GATATGGATTACGCGG-1,0.012284886,-0.21829555,-0.024296502,0.001451555,0.132840768
GATATTGAGATTGGCG-1,-0.044118857,-0.215757971,-0.030896289,0.080899115,0.068951522
GATATTTCCTACATGG-1,-0.173625114,-0.339755497,0.16792127,-0.036917252,0.109758363
GATCAACATAAAGGGA-1,0.028523684,-0.126677453,-0.076672371,0.109961273,0.20395003
GATCATTCCAAACATT-1,0.082525764,-0.192389134,-0.117269297,0.110543695,0.190214258
GATCCCTTTATACTGC-1,-0.182327725,-0.336919949,0.152380419,-0.012185797,0.069071961
GATCCGGGAATTAACA-1,0.017205319,-0.19959879,-0.026571588,0.054141607,0.150624584
GATCCTAAATCGGGAC-1,-0.036971219,-0.282919635,0.052833172,-0.012957635,0.144720605
GATCCTCGACACTGGC-1,-0.21457913,-0.27240616,0.155856837,-0.079602918,0.025739708
GATCCTCTTGCGCTTA-1,0.075592798,-0.202946427,-0.079427515,0.128419249,0.114226244
GATCGACACTATCTGA-1,0.09898812,-0.155867912,-0.130796686,0.107804091,0.189732146
GATCGCGGGCTCTCCA-1,0.045981719,-0.149102841,-0.057952699,0.066512997,0.168045322
GATCGCTACCCGATTT-1,-0.299128305,-0.346690403,0.27792272,-0.060815094,0.031904131
GATCGCTATATCTCAG-1,0.026258279,-0.133734758,-0.075733562,0.089080732,0.1809813
GATCGCTGTGGTGCGT-1,0.024364658,-0.123217772,-0.065686715,0.072676087,0.175157383
GATCGGATAGAACCAT-1,-0.070477239,-0.298552264,0.045059244,0.036302101,0.110362379
GATCGGCGATAAGTCG-1,-0.104380109,-0.279446843,0.109855433,0.030579095,0.147268177
GATCGGTGGCCATAAC-1,0.13501102,-0.157559876,-0.197640569,0.138067669,0.216729746
GATCGTGACTGATATC-1,-0.043066993,-0.255296226,0.05651754,0.019038424,0.157496867
GATCTCGACGCTGTGG-1,-0.322973283,-0.517244743,0.449251492,-0.149596456,0.095683284
GATCTGCTATCTAAGG-1,0.021952886,-0.277664281,0.010387729,0.086071451,0.149355527
GATCTTGGAGGGCATA-1,-0.120889246,-0.354135962,0.134967129,0.032459848,0.148557303
GATCTTTGCAGGGTAT-1,0.071860831,-0.133846711,-0.088576066,0.069343371,0.174211729
GATCTTTGCTCAAAGA-1,-0.105828313,-0.289873701,0.13664365,-0.018711053,0.076152573
GATGACAAGTAGGGCA-1,0.063755809,-0.161018565,-0.10176402,0.11588317,0.233166506
GATGACGATGATCGCG-1,-0.47219978,-0.209306366,0.274159425,0.073476861,-0.261600584
GATGAGGAACCTTCGG-1,-0.011977125,-0.163716826,-0.001563152,0.048553761,0.190325311
GATGCCAGCAGAAGGC-1,-0.154673961,-0.373580305,0.168308809,-0.020885229,0.07488011
GATGCCTTCTGCGGCA-1,-0.018650523,-0.222933765,0.016791831,0.026576879,0.199682521
GATGCGTCCTGCATTC-1,-0.01250893,-0.200913152,0.030258302,0.033331762,0.148180907
GATGCTACAAGCGCCT-1,0.070226833,-0.134227897,-0.088715763,0.094574536,0.121490323
GATGCTACCTTCGATG-1,-0.082418271,-0.253816112,0.068582866,0.042013888,0.177863047
GATGCTGTATTTCATC-1,-0.007510319,-0.231511572,-0.032777136,0.122564477,0.20408029
GATGGCGCACACATTA-1,-0.285319919,-0.294982285,0.256868882,-0.089080072,0.019890235
GATGGTGAAATAACCC-1,-0.042356743,-0.322491425,0.034488065,0.081911238,0.172465467
GATGGTGCCCTAGGCA-1,0.11923511,-0.167884104,-0.141093121,0.151592296,0.068875757
GATGTAACGAACCACC-1,-0.024800898,-0.262579169,0.009829523,-0.002093791,0.155388271
GATGTCCGGATCACAT-1,0.096466985,-0.103589642,-0.159287833,0.147636643,0.174486556
GATGTCGGTCAACTGC-1,0.078511304,-0.183655368,-0.093733462,0.143017877,0.041353039
GATGTGTTGTCACAAG-1,0.11936679,-0.177974747,-0.135334433,0.148079706,0.091742827
GATGTTCAATCCACGA-1,0.001621392,-0.166255955,0.022433387,0.015444448,0.149303732
GATGTTTGTGCGAGAT-1,-0.198215145,-0.321124072,0.200766342,0.002742183,0.100978572
GATTAACCGAAAGCCC-1,0.042652915,-0.132276074,-0.078157076,0.105256683,0.204643943
GATTAATCCTGGCTCA-1,0.0524925,-0.184937473,-0.086490285,0.118036149,0.191755028
GATTACTGAATTTGGG-1,0.038249334,-0.107452324,-0.058739906,0.067338867,0.138878952
GATTCCCTTGTCGCAG-1,0.105479898,-0.222025926,-0.154986157,0.154158402,0.234046472
GATTCCGCGTTTCCGT-1,-0.058304847,-0.291026579,0.04624477,-0.006384538,0.097145019
GATTCCTATACGGCGC-1,-0.15457466,-0.332845089,0.182012007,-0.006437122,0.093856829
GATTCGACGGTTCACG-1,-0.022790496,-0.248278041,0.026940772,0.054722746,0.188425501
GATTCTGTTAATGAGT-1,-0.097571824,-0.173450095,0.022294141,0.074852219,0.120868656
GATTGACACTCTGCTC-1,0.083424727,-0.25457446,-0.123287978,0.177075898,0.179122873
GATTGCTCCAGTTGCA-1,0.009640852,-0.099416629,-0.078059892,0.093880952,0.161764256
GATTGGGAAAGGTTGT-1,0.006235834,-0.141426856,-0.042887789,0.10378888,0.193099853
GCAAACCCTACATTAT-1,-0.242422784,-0.411789278,0.285103538,-0.060556116,0.106055991
GCAAACCTTGGCCATA-1,0.00655966,-0.173350382,-0.015091254,0.072742027,0.159897531
GCAAACGTCGCCAGGT-1,-0.180858756,-0.403347936,0.228119313,-0.17596235,0.109263724
GCAAAGGGCGTTAGCC-1,-0.046352265,-0.095673804,-0.027579553,0.072811541,0.111903496
GCAAATATTACGCTTT-1,0.032614946,-0.119358523,-0.046221582,0.056861142,0.143776095
GCAACACACTAGAACT-1,-0.2605478,-0.426265619,0.301356229,-0.148228105,0.087809921
GCAACAGCAGTATGCG-1,-0.688895977,-0.182067343,0.433778075,-0.07096082,-0.430122924
GCAACCACCAGACCGG-1,-0.182981223,-0.309001754,0.146684773,0.03823039,0.03464636
GCAACCACGGCCGCGT-1,-0.070005443,-0.22562282,0.06377975,0.059885879,0.154197721
GCAACGGCTAGTTATG-1,0.104293299,-0.188368266,-0.126004481,0.159270789,0.05893426
GCAAGAATTCCTTGGC-1,0.072187438,-0.111724228,-0.104723338,0.095498882,0.173229419
GCAAGATGTGTTCGCG-1,-0.161596715,-0.28039869,0.129757432,-0.008779514,0.071206472
GCAAGTGCACAGAGAA-1,-0.05194007,-0.292885901,0.062379133,-0.028986852,0.181134531
GCAAGTGTAAAGCATG-1,-0.037566337,-0.150989189,-0.02840253,0.081840891,0.13917951
GCAATTAGTCGCACCG-1,0.015613995,-0.243264071,-0.040644771,0.035388966,0.133532998
GCACAAACCCTAGATG-1,0.057134174,-0.079691412,-0.106457147,0.083621443,0.171209637
GCACAAACGAGGCGTG-1,-0.280380661,-0.41986337,0.376526039,-0.232307234,0.103503197
GCACAACCTCGGGCGT-1,-0.007525568,-0.172475109,-0.018417755,0.076417465,0.18887527
GCACAAGTGTCGGAAG-1,0.038275937,-0.296926363,-0.085751853,0.173361421,0.180158233
GCACACACTGGTAGCC-1,0.052139133,-0.113856944,-0.103844143,0.111715586,0.201768135
GCACACAGCTATTACC-1,-0.108781764,-0.230883237,0.078358974,-0.00621835,0.10734052
GCACAGCACGGGCCGA-1,0.006899614,-0.152444765,-0.036783236,0.088871204,0.217570199
GCACCTAGGCGAGTCC-1,0.078287284,-0.108981162,-0.122806316,0.133060619,0.221204792
GCACGCCGATTCCCGC-1,0.06474385,-0.130661511,-0.099458382,0.103349621,0.21418434
GCACGTGGTTTACTTA-1,0.09114379,-0.071370254,-0.1503002,0.123706722,0.183445282
GCACTAGTCGCGCTAT-1,0.112963407,-0.076233699,-0.170515656,0.128812638,0.152796272
GCACTGCCTACCTTTA-1,-0.065910929,-0.235036958,0.045567781,0.07511663,0.170769285
GCACTGTGCAAATGTA-1,0.011295974,-0.215673939,-0.056478047,0.129967661,0.19042045
GCAGAAACGTAATCCA-1,0.052158902,-0.186500783,-0.077573753,0.116178954,0.17236395
GCAGACCCAGCACGTA-1,0.119177826,-0.185601011,-0.150687118,0.174870536,0.061770942
GCAGATCCATAAGACT-1,-0.127964181,-0.325803105,0.14392324,0.018082306,0.175155166
GCAGATTAGGGATATC-1,-0.253505439,-0.321781151,0.228668074,-0.149740865,0.070470635
GCAGCACACAGCCCAG-1,0.000828292,-0.187681366,0.02618284,0.024867768,0.154610137
GCAGCCTATATCACAT-1,0.133876754,-0.136306913,-0.168428517,0.15599168,0.100492491
GCAGCGGTGGGCATTA-1,0.059250607,-0.127518252,-0.079260081,0.096689282,0.166225888
GCAGCTATGGACAGGT-1,-0.123744548,-0.268051188,0.073404648,0.032160409,0.057503413
GCAGCTGTCAACGCAT-1,-0.036971331,-0.173985022,-0.002604924,0.106050494,0.185291006
GCAGGAACTTAGATCT-1,-0.184199231,-0.341896325,0.293918937,-0.13142517,0.178395961
GCAGGACTATAGAATA-1,0.011411351,-0.13034168,-0.009002311,0.043182086,0.134239158
GCAGGTAGAGTATGGT-1,-0.115659813,-0.212569196,0.071488759,0.00817589,0.08433568
GCAGTGTGGCTATAGG-1,-0.060330088,-0.217009564,0.064180311,-0.131041615,0.127418624
GCAGTTCGATCCGAGC-1,-0.105480133,-0.346068819,0.113339489,0.002667476,0.144966764
GCATACGAGGTCTTTA-1,-0.214850675,-0.28659343,0.171474756,-0.028559932,-0.010160977
GCATAGAGCACTCAGG-1,-0.09907676,-0.300629679,0.141107969,-0.060103395,0.163012894
GCATCCCTAACTTTGA-1,0.093838482,-0.056138214,-0.136040271,0.098567189,0.147588635
GCATCGGCCGTGTAGG-1,-0.327518001,-0.419110164,0.409717424,-0.152124563,0.052768465
GCATGAGGGACGCGGC-1,-0.027539371,-0.264680558,0.041064838,-0.044791791,0.172721472
GCATGCTAATAACGAT-1,0.072200586,-0.105154991,-0.127073759,0.148338824,0.19285283
GCATTCAAGGCAACGC-1,-0.00912124,-0.242602666,-0.001659071,-0.06254404,0.129823606
GCATTCGAAATGAACA-1,-0.014881267,-0.21165651,0.01195861,-0.013686031,0.130959254
GCATTGTAATTCATAT-1,-0.113295841,-0.258529719,0.105461495,0.001744167,0.105292504
GCATTTCCAAGGCTCC-1,0.133589271,-0.165336572,-0.179132882,0.161539577,0.076445379
GCCAACCATTTCCGGA-1,-0.033232826,-0.252222963,0.012103794,-0.032614046,0.116593226
GCCAAGAATACTTCTG-1,-0.236387668,-0.414850817,0.271340017,-0.126907995,0.085497586
GCCAATAGGGCATCTC-1,-0.09633342,-0.28307213,0.108036359,0.004829135,0.115854066
GCCACAATTTAAGGAC-1,0.019311846,-0.188771596,-0.033804948,0.053288355,0.176547666
GCCACTCAGAGCGCGA-1,-0.147909728,-0.186732226,0.074763371,-0.018908159,0.084169192
GCCACTCCTTACGGTA-1,-0.198795692,-0.433755899,0.263095274,-0.082253417,0.117706237
GCCAGGAAAGAACACT-1,-0.0996068,-0.162420301,-0.001893243,0.114151019,0.13390543
GCCAGGAGTAACCGAT-1,-0.20195397,-0.346355925,0.215207021,-0.033645119,0.115340685
GCCAGGCGTTCGCATG-1,-0.029668743,-0.256488231,0.014550863,0.114253295,0.140642155
GCCATATTGCACACAG-1,-0.076275879,-0.290755821,0.063080713,-0.036673263,0.137561412
GCCATCGATGCTGCAT-1,0.131243422,-0.16382424,-0.170632465,0.154606927,0.091782743
GCCATTAGCCTCAAAC-1,-0.32079944,-0.392444342,0.358985945,-0.209918385,0.075364125
GCCCACCAAGGCTGTC-1,0.079898438,-0.043309046,-0.13904658,0.098284996,0.101981274
GCCCAGATGCTGGAGA-1,0.122531323,-0.220344245,-0.156665942,0.176543242,0.098520093
GCCCAGTTGGTATGCC-1,-0.257013385,-0.423036772,0.314626397,-0.17801585,0.070363717
GCCCGACTTCTTCCCG-1,-0.044049678,-0.253762753,0.026530314,0.002122722,0.136496878
GCCCGAGAGTCTAAAT-1,0.025963022,-0.135871094,-0.078104447,0.099659957,0.178697954
GCCCGATCTGTGGTCG-1,-0.211061202,-0.280030505,0.149281806,0.013743418,0.006532696
GCCCGCGCGTAAACGG-1,-0.066292741,-0.311265309,0.041370686,-0.027481362,0.156736762
GCCCGCGCGTTTGACA-1,0.060504571,-0.138911491,-0.090631419,0.115912603,0.121739046
GCCCGTAATACCTTCT-1,-0.059828669,-0.287578481,0.064778153,0.065403557,0.176027181
GCCCTAGCCGTCGCGA-1,-0.220371754,-0.394676059,0.342679563,-0.207687973,0.15758174
GCCCTGAGGATGGGCT-1,0.106251448,-0.056083087,-0.159235729,0.12716763,0.20135974
GCCGAAATTCCTACGT-1,0.031401458,-0.121961985,-0.022364347,0.041591359,0.135920906
GCCGACCCACGACTGC-1,2.75E-05,-0.077580611,-0.07509256,0.085895379,0.139916165
GCCGATTGGCCAAGCT-1,0.020466287,-0.149559506,-0.027045436,0.052596108,0.137432543
GCCGCTTGTGAGAAAC-1,0.04819984,-0.093135408,-0.06235055,0.059099531,0.134844882
GCCGGAAACACATCTT-1,0.100044834,-0.174689715,-0.13549116,0.16716341,0.210180873
GCCGGGTTAGGGTCGC-1,0.02203913,-0.141732015,-0.00735551,0.033168007,0.13655447
GCCGGTCGTATCTCTC-1,-0.005020639,-0.159253872,-0.031921111,0.06214312,0.175912844
GCCGTCGGTTTCGGGC-1,0.051770353,-0.121351634,-0.087146579,0.10888117,0.257384656
GCCGTGGAAGAAATGT-1,0.125796103,-0.171762811,-0.150719923,0.160405288,0.075951681
GCCTACGTTCTGTGCA-1,0.046687723,-0.138644911,-0.064192974,0.099771993,0.220855176
GCCTAGCGATCTGACC-1,-0.046401243,-0.206487963,0.037042742,0.049977581,0.130919143
GCCTATAGTGTCAGGG-1,-0.058582874,-0.2730984,0.063204872,0.00183654,0.149170134
GCCTATGCTGGGCCTT-1,-0.304022627,-0.251193398,0.239001864,-0.018687144,-0.02673616
GCCTATTCCGATATAG-1,-0.183099202,-0.352208537,0.232691696,-0.022073174,0.078559724
GCCTATTTGCTACACA-1,0.095390079,-0.183756472,-0.14386963,0.163234002,0.170148304
GCCTCATCTGGAAATA-1,-0.035630023,-0.255077415,0.008026852,0.010667397,0.138592323
GCCTCCGACAATTCAC-1,0.046268254,-0.140093868,-0.073051992,0.086602896,0.198718025
GCCTCTATACATAGCA-1,-0.001252365,-0.214836651,0.028076233,0.039851934,0.180881982
GCCTGCTACACTGAGA-1,0.000920337,-0.267371826,-0.007737313,-0.036502143,0.151341991
GCCTGTCCCGGTGCAT-1,-0.110732097,-0.285608007,0.121725208,0.017523816,0.1769225
GCCTTCAGCCCTACCG-1,0.058604854,-0.162371038,-0.098363831,0.120948469,0.074094779
GCCTTGTATATGCAGT-1,-0.003074844,-0.177857511,-0.01133466,0.069325557,0.14882486
GCCTTTGTCAGTGGAC-1,-0.025596955,-0.142558109,-0.02465572,0.072310518,0.142744225
GCGAAACGATCGGGAG-1,0.048587611,-0.161951056,-0.079441617,0.091106793,0.208677018
GCGAAGAATCTGACGG-1,-0.081346191,-0.158915193,-0.004820005,0.100701399,0.139443699
GCGAAGCCATACCCGT-1,0.078298598,-0.174361973,-0.113827625,0.112329683,0.189017305
GCGAATGGACTAGCGA-1,0.069504355,-0.152988782,-0.090198444,0.10232847,0.221313976
GCGACATGTAAACATC-1,0.133741214,-0.213600616,-0.16700641,0.173747826,0.132639294
GCGACCCAACCATCTG-1,0.071179869,-0.11683193,-0.114451185,0.101149532,0.207925127
GCGACGATAGTTGTAC-1,0.004454073,-0.249785585,-0.046152733,0.125170575,0.188690943
GCGACGGTAGTCTCCT-1,-0.018219461,-0.186202884,-0.026035113,0.080532447,0.171265079
GCGAGAAACGGGAGTT-1,-0.077880427,-0.306600261,0.140306123,0.007195085,0.177287058
GCGAGAGGCCATGTAA-1,-0.161473423,-0.259239652,0.088092363,0.007049198,-0.045056803
GCGAGAGTTGCGTCCA-1,0.142070298,-0.145358785,-0.192236852,0.167790107,0.089657107
GCGAGCGCATGCTCCC-1,0.122412298,-0.218108909,-0.15491503,0.188266431,0.108391211
GCGAGGCCCGAGCAGA-1,0.01667283,-0.203716305,0.002127237,0.044692041,0.176178872
GCGAGTTCTGCAAAGA-1,-0.032566758,-0.211601086,-0.016698727,0.091219597,0.136270148
GCGATTCTGGAAGCAG-1,0.107270561,-0.160695881,-0.130390058,0.136476072,0.063266221
GCGATTGTTAACGTTA-1,-0.147979304,-0.332208167,0.227159446,-0.083134391,0.142892753
GCGCAAATATATTCAA-1,5.41E-05,-0.122104982,-0.066621196,0.086113699,0.158351479
GCGCAAGAGCGCGCTG-1,0.083608286,-0.169463007,-0.111653873,0.16104221,0.0291461
GCGCATCCAGTCAGCA-1,-0.022920289,-0.314225982,0.032735925,-0.00360364,0.140024463
GCGCCGTTCCACGATA-1,0.022792263,-0.187228101,-0.015225924,0.059711124,0.161852916
GCGCCTCCCACTCCGA-1,-0.024195441,-0.274975136,0.03794982,0.052096189,0.058465194
GCGCGGTCTAGTAACT-1,-0.109111338,-0.304758028,0.101010626,0.000469417,0.126275871
GCGCGTCATTGGTACA-1,0.011226641,-0.195944997,-0.013447475,-0.05829931,0.179566683
GCGCTAATTGAATAGA-1,0.099631514,-0.116412664,-0.145164071,0.114957157,0.164253797
GCGCTATGCCGAGGCA-1,0.009752176,-0.178273418,-0.030215374,0.070786633,0.178349451
GCGCTGATCCAGACTC-1,-0.32776408,-0.33804396,0.251027336,-0.031286605,-0.060890678
GCGCTGCTTTGCATTT-1,-0.066300208,-0.287441234,0.069015118,0.018490302,0.130514885
GCGCTTAAATAATTGG-1,0.01513532,-0.136563928,-0.066836977,0.10506661,0.177188479
GCGGAGAAACTTCGCA-1,0.021770549,-0.168740785,-0.065863667,0.090091213,0.201956787
GCGGATTACTTGTTCT-1,0.113387804,-0.077427287,-0.163406719,0.133103442,0.200093776
GCGGCAAAGTATTGCC-1,-0.004985903,-0.134917631,-0.049185079,0.080337455,0.170521912
GCGGCTCTGACGTACC-1,0.047668909,-0.12443873,-0.047882784,0.060540917,0.155285609
GCGGCTTTAGCAAGTT-1,0.088830287,-0.078076155,-0.145250184,0.136728509,0.201377192
GCGGGAACCAGGCCCT-1,0.062953866,-0.149929549,-0.093387928,0.105132981,0.114628637
GCGGGCAGACGGGTGA-1,0.013982253,-0.188130553,-0.050996097,0.124138449,0.216803504
GCGGGCATTACGATGC-1,0.037067893,-0.237804211,-0.074419694,0.062307897,0.09853981
GCGGTAACCCAAATGA-1,0.116586104,-0.118398059,-0.171618492,0.126592262,0.209889867
GCGGTCCCGGTGAAGG-1,-0.254750313,-0.263067276,0.177655758,0.043558846,-0.045025115
GCGGTCCCTAGACGCA-1,0.114779472,-0.068283374,-0.166751294,0.106709786,0.14562584
GCGGTCTTGCTTTCAC-1,0.084535536,-0.107296065,-0.124771507,0.111526259,0.211130403
GCGGTGAACTGCGCTC-1,-0.083506158,-0.288916085,0.079321405,0.031521328,0.132892854
GCGGTTCCCTATCATG-1,0.066963818,-0.14666841,-0.087097565,0.07100713,0.168883781
GCGTAAATGGCCATAA-1,0.130036506,-0.145146509,-0.175688471,0.163303299,0.085943278
GCGTCCCTAAGACATA-1,-0.038741017,-0.13108448,-0.018601003,0.07206634,0.157457741
GCGTCGAAATGTCGGT-1,0.030877856,-0.213253909,-0.060470265,0.133659195,0.138228169
GCGTCGCCAGGGTGAT-1,0.080734171,-0.080675965,-0.108152882,0.074977228,0.137670341
GCGTCGTAACATGGTC-1,-0.248512718,-0.224702604,0.182696664,0.020607448,0.028494338
GCGTCTCTGCATTGGG-1,-0.132022113,-0.294046688,0.18729544,-0.021400211,0.144414878
GCGTGGTACTGGGTTA-1,-0.025843018,-0.287487887,0.008222836,-0.156850139,0.144607409
GCGTGTATGTCGTATT-1,0.076997256,-0.223570001,-0.10713218,0.121922427,0.172806985
GCGTTCGGAGACCGGG-1,-0.100764661,-0.272358783,0.075240811,0.06375891,0.123475645
GCTAAACCTGAGGTGA-1,-0.218598822,-0.459480865,0.308712058,-0.1579876,0.122564334
GCTAACTGAAGTCTGA-1,0.041446175,-0.164102463,-0.060802926,0.096995218,0.216402685
GCTAAGCCCAGTATGC-1,0.057240489,-0.108403309,-0.09892211,0.131794135,0.190676739
GCTAAGTAAAGGCGAT-1,-0.043814357,-0.277362826,0.05436145,-0.029844652,0.099734186
GCTAAGTAGTTTCTCT-1,0.058084063,-0.140848946,-0.065033697,0.079834549,0.180438609
GCTAATACCGAATGCC-1,-0.112857669,-0.255998834,0.107456382,0.000315125,0.137143112
GCTACAATCGAGGATA-1,0.112550876,-0.093189032,-0.164036173,0.124103837,0.216572399
GCTACAGTACGGACCG-1,-0.088225454,-0.263385657,0.069230698,0.013112506,0.103836754
GCTACGACTTATTGGG-1,-0.109370586,-0.319544813,0.106478558,0.034646216,0.115606605
GCTACTATAGTAGAGT-1,-0.121091507,-0.286109886,0.083493171,0.009421127,0.112829181
GCTAGACCGTCTACTG-1,0.122018543,-0.17766409,-0.165393231,0.183880308,0.101616348
GCTAGAGTAGAGATGT-1,0.073922469,-0.118584067,-0.118166126,0.117201134,0.201835441
GCTAGCAGGGAGTGGG-1,-0.137857582,-0.281529486,0.12017666,0.037991376,0.110186963
GCTAGCGATAGGTCTT-1,0.013529589,-0.094374819,-0.074925943,0.084060133,0.160304555
GCTAGGCACCACGGAG-1,0.043182754,-0.177063903,-0.077938533,0.105367644,0.209764987
GCTAGTAGAGCTTGTA-1,-0.008196484,-0.174938644,0.016352928,0.039680283,0.147331816
GCTAGTTTCATTGAGG-1,0.098645568,-0.074191654,-0.140908058,0.089825113,0.157707295
GCTATAAGGGCCAGGA-1,-0.034061704,-0.25028146,0.028725321,0.090328014,0.219096589
GCTATACGTCTCGGAC-1,-0.079746992,-0.24345643,0.042115504,0.05022747,0.170032634
GCTATCATACTCATGG-1,-0.101916427,-0.28644464,0.134489075,0.015108403,0.163857441
GCTATCGCGGCGCAAC-1,0.024236197,-0.181705152,-0.021987835,0.055800833,0.147064616
GCTCAATGTAATACCG-1,-0.022118897,-0.230058276,0.042293376,0.042602419,0.160951358
GCTCATTACTGCATGT-1,-0.201684112,-0.316283536,0.195633414,0.008233176,0.061351238
GCTCCATGCAAAGCAA-1,-0.158226314,-0.15320736,0.073964299,0.053560932,0.077899404
GCTCCCAGTCGGTCCA-1,0.103435519,-0.181604922,-0.136851103,0.171613207,0.110815794
GCTCCGCTCGCTTCAG-1,0.120595333,-0.17602998,-0.146530514,0.160167157,0.067040854
GCTCCTGACATACTGG-1,0.083259606,-0.141932568,-0.115301774,0.086774557,0.221692572
GCTCGCTCATGTCCAA-1,0.107716339,-0.165681949,-0.129660866,0.158446901,0.030984575
GCTCGGAATTTAAAGC-1,-0.339966744,-0.493119882,0.475896253,-0.179376509,0.113339278
GCTCTAAACCCTGACG-1,0.054882289,-0.211618643,-0.088481724,0.062367681,0.174174241
GCTCTATGTTACGTGC-1,-0.03257816,-0.240571218,-0.014555717,0.091719143,0.138383774
GCTCTCGGGTACCGAA-1,0.059658367,-0.199058309,-0.104194036,0.100591028,0.182747039
GCTCTTTCCGCTAGTG-1,-0.367681122,-0.307289302,0.317073179,-0.115611565,-0.009469641
GCTGAACTCTCCAGGG-1,-0.065118987,-0.2326764,0.006947663,-0.187417854,0.040973708
GCTGAATCTTCCAATC-1,0.052645835,-0.168035524,-0.089882079,0.090468117,0.196985401
GCTGAGGCGTGAGTAT-1,0.034004162,-0.137116909,-0.0514825,0.060723905,0.137942596
GCTGCACGGTTTCTTA-1,-0.271077071,-0.292762591,0.198666248,0.003830684,-0.001413462
GCTGCTAAGTAGTCGA-1,-0.107970062,-0.304641928,0.112385888,0.027521703,0.149729113
GCTGCTACTGCGTAGC-1,-0.243866528,-0.40140342,0.311719939,-0.4470857,0.12333338
GCTGCTCTCCGGACAC-1,0.082733109,-0.183111111,-0.121072829,0.100425311,0.197009119
GCTGGACCCAAAGTGG-1,-0.273245001,-0.380091109,0.308938981,-0.032625494,0.073358585
GCTGGCATATTCACCT-1,0.080183853,-0.088446102,-0.106143605,0.07352641,0.129899944
GCTGGCGGCGCATGCT-1,0.07388791,-0.142723477,-0.09756353,0.099229561,0.127340104
GCTGGTGACTCGTAGT-1,-0.041282615,-0.222713649,0.03082335,0.083734769,0.136564049
GCTGGTTTAGGCCATA-1,-0.002983703,-0.211616476,-0.027037504,0.09269959,0.191459707
GCTGTATTACTGGCCC-1,0.046998415,-0.118256778,-0.070153473,0.027436772,0.155341367
GCTGTTGCTACCGAAC-1,-0.041140995,-0.184372358,-0.021930732,-0.011435247,0.098980612
GCTTAATGTAACTAAC-1,0.007369365,-0.173283941,-0.045453029,0.075164363,0.213978378
GCTTACGTAGTTAGTA-1,0.126670832,-0.175103609,-0.164611217,0.184257933,0.059100552
GCTTATGAAGCAGGAA-1,-0.087433776,-0.300650364,0.057398217,0.031468421,0.098089084
GCTTCAGTGGGATTAC-1,-0.052177209,-0.330236249,0.038422413,0.056111845,0.116494547
GCTTCCAGCTTAGATT-1,0.090092398,-0.16982254,-0.128412872,0.099583636,0.222704846
GCTTCCATGTAACCGC-1,-0.050120762,-0.177845437,-0.019020716,0.068937612,0.184896173
GCTTCCCGTAAGCTCC-1,-0.032517249,-0.207134326,0.000637226,0.11366426,0.20847565
GCTTCCGTCCCTAGAC-1,-0.070798831,-0.272453007,0.030965968,0.08456101,0.144153901
GCTTCGACGTTCAATC-1,0.00177104,-0.134525075,-0.04258017,0.080486094,0.162549341
GCTTGAGTGACCTCTG-1,0.068026042,-0.083494118,-0.117637928,0.131883563,0.191253083
GCTTGATGATAATCAG-1,-0.315391654,-0.410625481,0.358579259,-0.167960822,0.029292931
GCTTGCAGCACAATTG-1,-0.391388767,-0.20145587,0.247695967,0.022506084,-0.169828469
GCTTGGATCGATTAGG-1,-0.019005466,-0.245134314,0.006540312,0.056549677,0.121968393
GCTTTACACAACTGGG-1,0.109065513,-0.055596887,-0.155833313,0.123552084,0.190663862
GCTTTCAGAGGAGGTG-1,0.009749101,-0.225596177,-0.036826994,-0.001451157,0.128827286
GCTTTCTATCTCAACT-1,-0.045568448,-0.347867253,0.057292575,0.137187418,0.181756437
GGAAACCTTGTTGAAT-1,-0.138454938,-0.280654192,0.12704191,-0.312451843,0.092326806
GGAAACTAAATGGGCC-1,0.07140548,-0.082060838,-0.133752304,0.118882977,0.200685182
GGAAAGGGAATTGAGC-1,-0.083348257,-0.244121872,0.059681009,-0.004666285,0.158152916
GGAAAGTGCCCATGCC-1,-0.122908106,-0.295598734,0.134420144,-0.068197083,0.118209657
GGAACCGTGTAAATTG-1,-0.175724302,-0.348376262,0.166985997,-0.11842662,0.084224622
GGAACCTTGACTCTGC-1,0.026392578,-0.184580965,-0.064504246,0.09432043,0.194423309
GGAACGGCCTGCAGCC-1,-0.057471199,-0.255484466,0.057405617,0.012137205,0.111827423
GGAACTTTGGCGATTA-1,-0.014938022,-0.216651444,-0.017441796,0.004099082,0.124816882
GGAAGCTCGCTTACAG-1,-0.284960598,-0.347778402,0.222832275,0.016756936,-0.053986128
GGAAGGACACCGTATA-1,0.035962881,-0.171921862,-0.103644074,0.161572706,0.204337847
GGAATAACCTCAAGAA-1,0.082656153,-0.220689487,-0.132228366,0.192117417,0.195614516
GGAATGCGCTAGCGTG-1,-0.083050296,-0.254316036,0.041822224,0.053735302,0.12562871
GGACAACCATGAAGCC-1,0.103470947,-0.075655337,-0.156697725,0.138687148,0.187115525
GGACACAAGTTTACAC-1,0.007778916,-0.247851979,0.005560596,0.051500332,0.079263446
GGACACCTCGGTGTTG-1,-0.065229994,-0.232226063,0.023551592,0.088314749,0.169401871
GGACCAACAGGATAAC-1,-0.029671774,-0.278581685,0.023492596,0.057964629,0.18103638
GGACCTACGGTAACGT-1,-0.142741416,-0.306949405,0.144023813,0.009773602,0.105855966
GGACCTCTAGGCCGCC-1,0.062880673,-0.133806296,-0.110311674,0.106881472,0.212438057
GGACGGCTTGCGCAAC-1,0.042749696,-0.221180937,-0.086932011,0.123350421,0.136631973
GGACGGGCGACCAACC-1,0.06852894,-0.123198837,-0.091493813,0.107420716,0.234268493
GGACGTCCATAGTTGG-1,-0.129124984,-0.294822312,0.1411649,-0.024322999,0.108645068
GGACTCGACAGCGCAT-1,-0.013952823,-0.190890099,-0.033365558,0.088957696,0.181419303
GGACTCGTGAGTGGTC-1,0.02170605,-0.11360607,-0.066434318,0.085160122,0.178896487
GGACTCTTTGACTAAG-1,0.03793083,-0.138365006,-0.057479266,0.090815698,0.206173976
GGAGAAGTCATTGGCA-1,-0.242472826,-0.41222708,0.312668999,-0.09329737,0.085737077
GGAGACCAATGTGCTT-1,-0.074539189,-0.278098583,0.045362247,0.032208854,0.118454113
GGAGACGACACCTTTG-1,-0.049129173,-0.289409903,0.066796535,0.026992857,0.177400397
GGAGCAACATTTCAAG-1,-0.053427912,-0.208733567,0.026686088,-0.07689517,0.144740708
GGAGCACCAAGAACTA-1,-0.070908893,-0.314654431,0.07137357,0.00900151,0.147847546
GGAGCGAGGCCTACTT-1,0.074335153,-0.131402825,-0.109212073,0.101495342,0.221660456
GGAGGATTGAAAGGAG-1,0.101785852,-0.175924324,-0.119841055,0.152148391,0.053327044
GGAGGCCGAAGTCGTC-1,0.084705538,-0.214668929,-0.113121074,0.140897102,0.049376251
GGAGGGCTTGGTTGGC-1,-0.057270775,-0.285653935,0.050249311,0.065377926,0.184217761
GGAGGGTCAAGTAAGA-1,0.056657355,-0.270688569,-0.105366175,0.145651666,0.099798862
GGAGTGCCGCCCTGGA-1,0.099568477,-0.116620736,-0.139951428,0.097762508,0.151236555
GGAGTTGATTCTGTGT-1,0.116088975,-0.05581334,-0.165416443,0.119891018,0.203407871
GGATACTCATGAATTG-1,0.10545211,-0.073868535,-0.153312245,0.110403358,0.151758912
GGATCAAAGGACGAGG-1,0.051044198,-0.209308516,-0.075898709,0.1200488,0.189834404
GGATCATCCCGTACGC-1,-0.239831819,-0.260817196,0.199144674,-0.019771476,-0.001100536
GGATCCCTACCAGCTA-1,-0.047319848,-0.25350876,0.048243036,0.029088673,0.17679141
GGATCCGGAATATACT-1,-0.043873019,-0.220763038,0.050222876,0.0423759,0.164495607
GGATCTTACTGCCCTT-1,-0.113252325,-0.109674961,0.008265102,0.11866769,0.110458952
GGATCTTGACTCAACC-1,-0.124052299,-0.333410519,0.17388532,-0.083395852,0.148267614
GGATGAAGATCGCTGA-1,-0.006205146,-0.207799264,-0.034904141,-0.028994078,0.11640893
GGATGACGCGAGTTTA-1,-0.026123383,-0.194847867,0.058667607,0.014854426,0.159007912
GGATGCTGGCGTTCCT-1,-0.290817156,-0.327469904,0.258798233,-0.047065537,0.025914565
GGATGGCTTGAAGTAT-1,0.11259557,-0.052685791,-0.170582065,0.145303984,0.189583068
GGATGTCCTTACCGCA-1,-0.059481041,-0.282145186,0.025311234,0.042073505,0.088622389
GGATTAAGCTAAGGTC-1,0.001657332,-0.237367408,-0.041314324,0.089212854,0.116244081
GGATTAATCATGGACC-1,-0.042942728,-0.156438659,-0.009184788,0.092814564,0.132007729
GGATTCAGTACGGTGG-1,-0.253288868,-0.350168158,0.226716688,-0.057019425,0.063273583
GGATTCCGCTATACCC-1,-0.235026025,-0.360044377,0.212475103,-0.274314351,0.031268611
GGATTGCTGTGACTCC-1,-0.040628478,-0.164567404,0.052490147,-0.008593647,0.14937872
GGATTTCACTTCTATA-1,-0.262945393,-0.457854501,0.352025897,-0.08073656,0.059216436
GGCAAAGGCGCCAATA-1,-0.066390424,-0.261305899,0.066631501,0.055837397,0.208543472
GGCAAATTACTTTACT-1,0.032447761,-0.119053106,-0.021499605,0.040071154,0.133452504
GGCAAGCCAGGGATAG-1,-0.088761728,-0.283570412,0.054966718,0.082168825,0.084280535
GGCAAGCCCATAGTGG-1,-0.238747547,-0.365519351,0.25248517,-0.191983786,0.080421669
GGCAAGGCGAAATAGC-1,-0.057666287,-0.3041662,0.034855614,0.098807072,0.138327707
GGCAATAGTCAATGAG-1,0.087752094,-0.163632824,-0.136775522,0.110581062,0.193991969
GGCACGCTGCTACAGT-1,0.097379673,-0.056442832,-0.140814,0.127184727,0.166996394
GGCACTCCACTGGGCA-1,0.024641915,-0.129460837,-0.023473465,0.032898486,0.129369018
GGCACTGCGGTGGTTT-1,0.111893414,-0.031436869,-0.161950789,0.128724912,0.178210656
GGCAGCAAACCTATGC-1,-0.29276204,-0.367271256,0.281880863,-0.184607931,0.020334711
GGCAGCGGTAATCCTA-1,-0.159883501,-0.334462894,0.152684193,-0.008387055,0.081907791
GGCATACAGGTAGCGG-1,0.030741186,-0.123228062,-0.038363098,0.041474986,0.133687762
GGCATATCGGTTCTGC-1,-0.427637065,-0.309047014,0.31860068,-0.02238199,-0.107389844
GGCATCAACGAGCACG-1,0.070519803,-0.189979313,-0.106650754,0.135481888,0.206235162
GGCATTGAACATCTCA-1,0.050847614,-0.14451199,-0.079762476,0.083943616,0.218329576
GGCCAATTGTATAGAC-1,-0.06993223,-0.208899675,-0.002481959,0.148485928,0.183681588
GGCCCAATCTAGAGGG-1,-0.075764625,-0.311581508,0.120170672,0.027071958,0.186951412
GGCCCAGCTGGTTTGC-1,0.029807046,-0.146143448,-0.059924822,0.116581179,0.223066218
GGCCCAGTTATCAGCA-1,-0.020649937,-0.279911646,-0.00578442,0.101461608,0.127703892
GGCCCGGAGCATGTCT-1,0.107747276,-0.163180844,-0.144522299,0.170070292,0.058046096
GGCCCGTATACCATGC-1,-0.235301612,-0.300012861,0.210513665,-0.094556863,0.037361043
GGCCCTCACCCACTTA-1,0.031835142,-0.160737377,-0.055435741,0.070976235,0.168678318
GGCCGAGACTCTGGTG-1,0.044624846,-0.091076064,-0.097042699,0.076525701,0.176689947
GGCCGCAGGAACCGCA-1,0.099686705,-0.073208139,-0.133324049,0.10579084,0.212289516
GGCCGGCGTCTGCTAT-1,-0.077059085,-0.183990506,0.03871562,0.068826583,0.150586092
GGCCGTTTGGGTTTCA-1,-0.177721902,-0.360533037,0.21850635,-0.032300107,0.17707607
GGCCTGCTCTGATGTT-1,-0.050747154,-0.240913149,0.046991133,0.048370828,0.183499365
GGCCTGCTTCTCCCGA-1,0.098274302,-0.185856748,-0.112707002,0.110773211,0.142562664
GGCGAAATCTAACTTG-1,-0.025542882,-0.242030082,-0.011087687,0.087985723,0.184325697
GGCGCAGGACATCTTC-1,0.00503294,-0.142739192,0.001404881,0.044539165,0.148509718
GGCGCATGAATTGATG-1,0.009195566,-0.169253546,0.00954753,0.032593754,0.146782052
GGCGCGGAGATCTTTC-1,0.067160303,-0.112467543,-0.1042191,0.105012542,0.209245689
GGCGCGTTCGAGTTTA-1,-0.000572729,-0.23106044,-0.012847346,0.032803654,0.177143587
GGCGCTCCTCATCAAT-1,-0.311603621,-0.377911448,0.327897394,-0.068756416,0.052760838
GGCGCTTCATTCCCTG-1,0.051071303,-0.11661182,-0.091499061,0.104217326,0.212879372
GGCGGAGTAATATTAG-1,0.001663554,-0.16275152,0.013063134,0.033806985,0.130939175
GGCGGTAGGATCATTG-1,-0.084938715,-0.286598549,0.059919626,-0.035837393,0.13688672
GGCGTACCCTATATAA-1,0.108142675,-0.190292061,-0.156667723,0.185713618,0.199714498
GGCGTAGGGAAAGCTG-1,-0.105686273,-0.197622503,0.062170213,0.058721337,0.143470983
GGCGTCCTATCCGCTG-1,0.060150439,-0.131756507,-0.077299738,0.070880678,0.150205399
GGCTAAAGGGCGGGTC-1,-0.239107062,-0.195637743,0.141138679,0.04497895,-0.012640237
GGCTAATGATTGAAAT-1,-0.046341941,-0.201570003,0.017548906,0.10273836,0.143173607
GGCTACTATACACTCC-1,-0.050031843,-0.175869782,0.004649724,0.080445011,0.161506413
GGCTATTAAGTTGTAT-1,-0.150108189,-0.271399454,0.184552302,-0.067376898,0.118030738
GGCTCCTCCACCTGTT-1,-0.03429971,-0.157978084,-0.02411868,0.07842976,0.160501151
GGCTCGCGTTGAGGTA-1,-0.03262754,-0.253184912,0.013963561,0.01710904,0.117252203
GGCTCGTGCCACCAGC-1,-0.089055338,-0.265414459,0.061883791,0.067102166,0.120614963
GGCTCTGCTCCAACGC-1,-0.030148444,-0.286170232,0.03012908,0.070067099,0.186996449
GGCTGAAATAGCAAAG-1,-0.081836569,-0.245587473,0.043308612,-0.151830816,0.153621549
GGCTGAGCATCGTAAG-1,-0.080957301,-0.29027654,0.115800587,-0.013728497,0.165845455
GGCTGGCTAGCTTAAA-1,-0.011923673,-0.228647376,0.004076591,0.064742302,0.185543804
GGCTTTCAATAAGGGT-1,-0.035600073,-0.248196911,0.044440776,0.067960013,0.160034695
GGGAAAGAATGCCAAC-1,0.128394228,-0.053705541,-0.19119273,0.152135757,0.187632694
GGGAACGGGAGGTTAG-1,0.053993485,-0.129750959,-0.060420766,0.066122907,0.170726652
GGGAACGGTTTCAGAT-1,-0.166390475,-0.109082161,0.064641292,0.076684398,0.054083169
GGGAAGACGGTCTGTC-1,-0.007618696,-0.198563955,-0.066285375,0.132919742,0.175942437
GGGAAGGGCTTTCTCA-1,-0.000619847,-0.166343733,-0.029931186,0.101272303,0.184065409
GGGAATGAGCCCTCAC-1,-0.067797035,-0.27652073,0.038130754,0.100814799,0.099208451
GGGACAGAGTTACTCC-1,-0.070180089,-0.228071362,0.045063531,0.013705259,0.153790534
GGGACCCGTATATCTT-1,-0.388067547,-0.393127562,0.361317221,-0.06867071,-0.034649934
GGGACTGCATAGATAG-1,-0.038755137,-0.277053072,0.011484514,0.091589335,0.180867347
GGGAGAACTCACAGTA-1,0.067307271,-0.172935072,-0.103030675,0.098426756,0.204401205
GGGAGCGACCGTAGTG-1,0.027917731,-0.171804804,-0.100443729,0.17332311,0.21567408
GGGAGGATGCCCGAAA-1,-0.031121567,-0.225685942,0.059848377,0.025741512,0.150654136
GGGAGTAATGGCTGGC-1,0.096113539,-0.120691348,-0.143899341,0.12498206,0.169733031
GGGAGTTAATGAGGCG-1,0.067704322,-0.211381096,-0.089146295,0.105382479,0.188136646
GGGATCCCAATACAAA-1,-0.191459057,-0.206351407,0.104498798,0.04903645,0.036804322
GGGATGGTCGTAACCG-1,0.031001834,-0.224743636,-0.03997675,0.077310464,0.200022166
GGGATTTACCGCACCT-1,-0.153660996,-0.3512295,0.180394443,-0.069481138,0.152083946
GGGCAACCGCACGTGC-1,-0.054030268,-0.282541727,0.044707479,0.067325541,0.192523904
GGGCACGTAGTACTGT-1,-0.009060792,-0.11893984,-0.050853138,0.081404493,0.168495472
GGGCAGAGCAATCGTT-1,0.019526306,-0.173752896,0.010466245,0.049649838,0.147059084
GGGCAGTCAACGCCAA-1,0.032449802,-0.144737179,-0.068451987,0.107915939,0.184614895
GGGCATGCATGTCGAG-1,0.011905624,-0.195360843,-0.053255795,0.109648125,0.214454011
GGGCCATTCGTGCTGG-1,0.015995863,-0.118926891,-0.078254431,0.116982771,0.172594414
GGGCCCGTCTTAAACA-1,-0.049610753,-0.232932343,0.094011097,-0.003490153,0.150968358
GGGCCCTACGAAAGGG-1,-0.279255976,-0.282546788,0.206799471,0.003598044,-0.001556119
GGGCCGGCCGAAGTAC-1,-0.265073533,-0.406578698,0.308124999,-0.120751226,0.068935023
GGGCCTATTTAAGTAT-1,-0.045904571,-0.24401944,0.029896716,0.03252419,0.114293696
GGGCGATATGTGTGAA-1,-0.029166893,-0.292734976,-0.001977751,0.067663683,0.13948725
GGGCGCAGCGTTACTC-1,0.13549985,-0.152801223,-0.164644832,0.153772229,0.104892215
GGGCGGGTTCCCTACG-1,-0.005579789,-0.221922635,0.038866186,0.040578506,0.186610856
GGGCGGTCCTATTGTC-1,-0.028752514,-0.225780736,-0.020668827,0.101373884,0.165088131
GGGCGTACATTTATAT-1,-0.010152684,-0.279856236,-0.018255912,0.122501335,0.162434998
GGGCGTCACCACGTAA-1,-0.043088449,-0.239193969,0.041483109,0.004375084,0.136991377
GGGCGTCCACTGGCTC-1,-0.351714259,-0.339330844,0.271944136,0.005436788,-0.072274402
GGGCGTGGTTTCCCAG-1,-0.055029811,-0.231642866,0.083883172,-0.147044417,0.161598802
GGGCGTTTACATTCAT-1,-0.010929276,-0.144383519,-0.032621219,-0.00014694,0.159095792
GGGCTCATCGAACCCA-1,-0.145624822,-0.375485847,0.15976749,-0.028660147,0.096402724
GGGCTGCCTAGGGCGA-1,0.007185905,-0.216784672,-0.022272491,-0.055432109,0.177862656
GGGCTGGTTAGTCGCG-1,-0.242930827,-0.266132285,0.174366277,-0.053271243,0.016581158
GGGTAATGCTGTGTTT-1,-0.002859687,-0.208213194,-0.001755945,0.05339291,0.201080526
GGGTACCCACGGTCCT-1,0.029957002,-0.218164184,-0.058551857,0.124469122,0.203388316
GGGTACTTCATGAACT-1,0.050445212,-0.167825851,-0.057638172,0.060950456,0.193171528
GGGTATGTATGCACTT-1,-0.017452734,-0.17759168,0.042859231,0.016022701,0.133869004
GGGTATTCTAGCAAAC-1,-0.318956039,-0.345091239,0.337372373,-0.129958603,0.069443869
GGGTCACCGTGACGGT-1,-0.126711461,-0.301572208,0.164914979,-0.047641677,0.13139562
GGGTCAGGAGCTAGAT-1,-0.283038597,-0.329830811,0.278813635,-0.050861088,0.075719109
GGGTCATGCGTACCAT-1,-0.133431578,-0.302997825,0.11305199,0.015724433,0.081267561
GGGTCCTTGGAAGAAG-1,-0.010080747,-0.130171907,-0.023637765,0.064938345,0.172210285
GGGTCGTGGCAAGTGT-1,-0.048122022,-0.237302521,0.026259548,0.001059599,0.11640415
GGGTCTATCGCTTTCC-1,-0.054009811,-0.180663514,-0.001283457,0.047522157,0.128739264
GGGTGACACCTTAACT-1,-0.057487032,-0.269560208,0.101138929,0.015135762,0.157051027
GGGTGCATATGAAAGC-1,-0.420025414,-0.37269621,0.355227594,-0.112032261,-0.077952492
GGGTGGTCCAGCCTGT-1,0.093273856,-0.185689367,-0.110155278,0.145941963,0.013900083
GGGTGTTTCAGCTATG-1,0.005634916,-0.227139665,-0.041074717,0.09223782,0.130911024
GGGTTCAGACGAACAA-1,0.03259791,-0.170196592,-0.031774595,0.072828111,0.152099245
GGGTTTAGGATAGGAT-1,0.099629517,-0.210066585,-0.13824997,0.1843431,0.121075113
GGTAAACTCTGCGCTG-1,0.003908778,-0.142813246,-0.038932274,0.07423448,0.196757461
GGTAAATGTGCGTTAC-1,-0.351576321,-0.387836454,0.340244578,-0.008717517,0.023232782
GGTAACCGGGAGGATA-1,0.080350719,-0.132896141,-0.128564871,0.107898989,0.214783851
GGTAACTATGTATCTG-1,0.108064169,-0.071081758,-0.160316313,0.102471957,0.143996486
GGTACAAACATGCTAT-1,-0.020226564,-0.175833164,0.043314672,0.015356053,0.137880642
GGTACACCAGATTTAT-1,-0.069735331,-0.281604872,0.04233292,-0.004348377,0.111968254
GGTACATCTGGGACGA-1,-0.259080413,-0.29429589,0.217365547,-0.141064421,0.036161508
GGTACCATTAAGACGG-1,-0.052252088,-0.210447154,-0.025485166,-0.03698207,0.079434412
GGTACGTTGCGGCCGG-1,0.05085664,-0.132135693,-0.071870722,0.086850473,0.217660666
GGTAGAAGACCGCCTG-1,-0.076521317,-0.292999423,0.109344333,-0.09277647,0.181827047
GGTAGGCCAATATCAC-1,-0.190418544,-0.196404605,0.125405018,-0.009908962,0.089523388
GGTAGTGCTCGCACCA-1,0.092193053,-0.155848932,-0.124114604,0.1115885,0.190314495
GGTATAGTGACACATA-1,0.137324993,-0.125981149,-0.17886526,0.150742722,0.118375231
GGTATTGCCGAGTTTA-1,0.014414248,-0.180855587,-0.010708411,0.06391616,0.169513231
GGTCAAGACTACTTCG-1,-0.36412311,-0.465928269,0.429083542,-0.284477097,0.045134223
GGTCACGTTAGATTCA-1,0.077423274,-0.169649388,-0.124787941,0.142929808,0.205917224
GGTCAGTGGGTCCCAC-1,-0.040944228,-0.253475745,-0.006786889,0.080792205,0.161793571
GGTCATTGTAGTCATA-1,-0.020648426,-0.201094496,0.009595653,0.098412219,0.17710426
GGTCGGATAAACGGCG-1,-0.072348657,-0.263311169,0.077868114,0.007464112,0.119022105
GGTCGGCCAGGAGCTT-1,-0.258969324,-0.453071747,0.35690511,-0.082107185,0.098543938
GGTCGGTAATTAGACA-1,0.100058148,-0.0580433,-0.154747394,0.108712854,0.140906759
GGTCGTAAGCTCGCAC-1,-0.113471102,-0.308498417,0.110562822,-0.092769616,0.139698526
GGTCTCCGTCCAGGTT-1,0.0895804,-0.069486343,-0.128214865,0.098797212,0.210685471
GGTCTCTGAATGGACT-1,-0.09260092,-0.261988033,0.052695281,0.061430698,0.142457527
GGTCTGAGAATCTGGA-1,-0.022096235,-0.261843436,-0.006882202,0.069189051,0.196303366
GGTCTTGAGCGCTCTT-1,-0.006264446,-0.241921424,0.031685123,0.059424703,0.180028235
GGTGAAACCGGGAATG-1,0.05487208,-0.162251821,-0.094099617,0.105735522,0.162806351
GGTGAACGGGCTAGCC-1,0.057138929,-0.147727232,-0.072492529,0.077978443,0.187905617
GGTGAAGTACAGGGAT-1,0.040063797,-0.164229874,-0.063718135,0.07259006,0.181204009
GGTGAGATGCAGATAA-1,0.109084859,-0.085174742,-0.159535628,0.107378561,0.157943984
GGTGATAAGGAGCAGT-1,-0.267110077,-0.303487488,0.261455436,-0.023858399,0.037888268
GGTGATTTCATCTTGT-1,0.113353712,-0.094083142,-0.167743297,0.124849228,0.156430336
GGTGCAGAGCCTATCG-1,-0.189607722,-0.335401056,0.201230746,0.005085601,0.083673427
GGTGCATAAATGATTA-1,-0.110525041,-0.147228086,0.02068076,0.059403621,0.090093522
GGTGCGGATAAGTGGC-1,0.109282278,-0.062569113,-0.152859175,0.094819783,0.148803504
GGTGCTGATCACAAAG-1,-0.166882108,-0.336725691,0.210431215,-0.11090715,0.11377295
GGTGCTGGTACACATT-1,0.04079874,-0.172642219,-0.043991766,0.057936492,0.175512369
GGTGGACCACGTGTTA-1,-0.02357832,-0.246213049,0.006177145,-0.046447836,0.160230648
GGTGGACTGCTCTGGC-1,-0.047682691,-0.292557832,0.043996932,0.030797605,0.19689543
GGTGTAAATCGATTGT-1,0.041334009,-0.183740909,-0.06965045,0.106509225,0.234046238
GGTGTAGGTAAGTAAA-1,-0.004959906,-0.147989436,-0.032328144,0.062405263,0.18431397
GGTGTTCTGTTTCTAC-1,0.050375238,-0.236366627,-0.081234161,0.149302904,0.170130712
GGTTACCACCCTCGGG-1,0.060419142,-0.135971215,-0.083595924,0.09901758,0.153246238
GGTTACCCGACACTTT-1,0.119102615,-0.202758608,-0.165993078,0.185859029,0.12966564
GGTTAGCTATATGTCT-1,-0.108989155,-0.348893317,0.072574564,0.039905823,0.14900462
GGTTAGGCTTGGAGAA-1,-0.247874174,-0.44162602,0.342502963,-0.106593619,0.12787589
GGTTAGTTACGGCGCC-1,-0.083841147,-0.258023144,0.101117695,-0.018892415,0.149526945
GGTTCCCTAGTGTCTC-1,0.027670141,-0.285525826,-0.040637255,0.110715932,0.145300521
GGTTCGATGCTGAGTT-1,0.10612712,-0.188581573,-0.133900677,0.165771742,0.018170352
GGTTCGCATTTGCCGT-1,-0.158946694,-0.220195792,0.101821611,-0.04967869,0.107782477
GGTTCTACTCGTCTGA-1,0.119118542,-0.192713742,-0.149218992,0.178419089,0.057321427
GGTTGTATCGTGAAAT-1,0.031186951,-0.285719547,-0.018968281,0.114195004,0.226390607
GGTTTAATTACCATCG-1,-0.022251264,-0.148417434,-0.022605592,0.079897807,0.150417715
GGTTTAATTGAGCAGG-1,-0.05165591,-0.281086604,0.024750821,0.038222239,0.10396943
GGTTTACAATCTCAAT-1,-0.040030885,-0.248423652,0.008785619,0.026575541,0.164622366
GGTTTAGCCTTTCTTG-1,0.082217748,-0.213135476,-0.110268454,0.153378722,0.048419324
GGTTTCAATCGGTCAG-1,-0.053726992,-0.244414049,0.036989017,-0.054391764,0.124982078
GGTTTGACAAGAAGCT-1,-0.151393696,-0.284716428,0.089407479,0.071897852,0.03835441
GGTTTGAGTGCTGGAA-1,0.103165503,-0.058085283,-0.161445795,0.116492215,0.137364431
GGTTTGCGAACACGTA-1,0.016338713,-0.182027885,-0.057927884,0.110774182,0.123886249
GGTTTGTGACCTGAGG-1,0.104063274,-0.092329686,-0.150031122,0.134528972,0.225354685
GTAACAACTGACCTTG-1,-0.009983544,-0.195706914,-0.036358192,0.091538659,0.132493871
GTAACATCTAAGATAA-1,0.018356687,-0.34836021,0.016470985,0.079262557,0.161459103
GTAACTGCCCAAGGAG-1,-0.009263725,-0.167459911,-0.033640747,0.078938632,0.173464811
GTAACTTGCGGCAGTC-1,0.127756483,-0.112063441,-0.195625873,0.15740405,0.16315057
GTAAGCGGGCAGTCAG-1,0.024252438,-0.25117873,-0.05134708,0.046480603,0.155550917
GTAAGGATTTGTCGGA-1,0.029486936,-0.222097237,-0.048186813,0.122561678,0.10819799
GTAAGTAACAGTCTGG-1,-0.0516358,-0.182265817,-0.020527122,0.07174965,0.143997012
GTAAGTAGGGTATACC-1,-0.281912061,-0.389701607,0.314694203,-0.042488826,0.058703777
GTAAGTCCACACTCTA-1,-0.486520217,-0.44117119,0.459192496,-0.117094311,-0.111679678
GTAATAAAGGGCTCCC-1,-0.072830005,-0.270782261,0.06136491,-0.105589069,0.135780831
GTACACTTACCTGAAG-1,0.101107428,-0.090666353,-0.140896128,0.108138812,0.157711543
GTACAGAGGCAAGGGT-1,-0.077671231,-0.35761901,0.104173165,-0.078383236,0.148848268
GTACGACGGCGCTGCG-1,0.033068775,-0.181143894,-0.046650774,0.072982924,0.182811597
GTACGAGATTGCGACA-1,0.005592327,-0.264165432,-0.01055076,0.047185538,0.127279116
GTACGTCACGTATTAA-1,-0.139436126,-0.295399483,0.157269567,-0.018649497,0.154767367
GTACGTTTGCCCGTCA-1,-0.072778874,-0.304305862,0.099357188,-0.010012744,0.187572256
GTACTAAGATTTGGAG-1,-0.066484314,-0.258974476,0.043811111,0.052507782,0.129194479
GTACTCCCTTATCGCT-1,0.070541835,-0.100610292,-0.091262271,0.076539438,0.148383733
GTACTCCTGGGTATGC-1,-0.069197662,-0.330113739,0.104059658,-0.047005354,0.127680354
GTACTGAGGTCGTAAC-1,0.100962163,-0.111574665,-0.162040518,0.145946,0.165787299
GTACTGCATGAAGCGT-1,0.117670822,-0.042346985,-0.175164253,0.11629795,0.131838217
GTACTGGAGTTAGACC-1,-0.012821616,-0.237910132,0.015921298,0.056128534,0.15733473
GTACTTGGGCACTTCT-1,0.076996217,-0.089630965,-0.116533581,0.090345386,0.159107055
GTAGAAACGGGTGGAG-1,-0.023775661,-0.230723767,0.035942637,-0.018088135,0.139363581
GTAGACAACCGATGAA-1,0.038554589,-0.214086079,-0.066191863,0.117233149,0.173737717
GTAGACACGCCTGACT-1,0.044363142,-0.218704631,-0.036929689,0.095923705,0.139182877
GTAGACGTCGTTACAT-1,0.115255574,-0.092343128,-0.178865245,0.136618064,0.160093884
GTAGAGGGAGACAAGT-1,-0.3946398,-0.384375966,0.342940984,-0.185305589,-0.097597248
GTAGCCAAACATGGGA-1,-0.211601502,-0.377122958,0.226415497,-0.48080883,0.088142385
GTAGCGCTGTTGTAGT-1,0.045007013,-0.209213838,-0.079166275,0.127209777,0.184123966
GTAGCGGCTATACACT-1,0.059246686,-0.078353871,-0.06878636,0.060944167,0.124580424
GTAGCTAGTAAGCGCG-1,0.091919415,-0.207527217,-0.100074304,0.139484223,0.128347069
GTAGCTCCGGGAGGCT-1,-0.086676395,-0.107598608,-0.011055914,0.104392682,0.098833162
GTAGCTTCCTCTTGTT-1,-0.13538134,-0.357587017,0.17043573,-0.00079917,0.118044533
GTAGGTGATCCGTGTA-1,-0.154076347,-0.326389355,0.144016074,-0.11953235,0.067435785
GTAGTCGCGGGAATCA-1,-0.346912928,-0.385251201,0.345648639,-0.224050616,0.010758586
GTAGTCTACGATATTG-1,0.01640865,-0.228146649,-0.058839296,0.10019614,0.221141132
GTAGTGAGCAACCTCA-1,0.118320143,-0.051862318,-0.170205695,0.123821041,0.180658308
GTAGTTCGAAGGCGAA-1,-0.034643181,-0.120803605,-0.046675029,0.114045641,0.156349322
GTATAATCTCCCGGAT-1,-0.013322961,-0.230576632,0.027019574,0.047328529,0.17970916
GTATAGGACTCAGTAG-1,0.013633872,-0.20385969,-0.043114027,0.072519279,0.117324089
GTATAGTGGCCCATGT-1,0.093116478,-0.265010971,-0.147644497,0.239006507,0.184180586
GTATATGTTACGGCGG-1,0.020755172,-0.186551558,-0.081459658,0.125515904,0.171929188
GTATCAAACGTTAGCT-1,0.087693192,-0.132778572,-0.126451963,0.108287055,0.217973835
GTATCAAGGTACTTCC-1,-0.340060592,-0.216088799,0.214230372,0.051839551,-0.040565789
GTATCAGCTTGGGTTC-1,-0.245831147,-0.411515791,0.332344758,-0.092213819,0.143534512
GTATCCTTTGGTAACC-1,-0.068611968,-0.185654577,0.059757571,0.044467732,0.156913314
GTATCGGGACGAGCTG-1,0.066946393,-0.190425981,-0.110402963,0.152726807,0.221193506
GTATCTCAGTCTTGAC-1,0.048804534,-0.155048305,-0.097956991,0.085527926,0.180729207
GTATCTCCCTAACTGT-1,0.084190311,-0.196197307,-0.116386769,0.174913766,0.22034946
GTATCTCGGGCGCTTT-1,0.04869809,-0.106296908,-0.103288915,0.089576202,0.162789735
GTATCTTGTTGCTCAC-1,0.097087907,-0.141514587,-0.133397783,0.145486368,0.200072493
GTATCTTTCATAACCA-1,-0.019847002,-0.264926148,-0.013892666,0.101924098,0.166675945
GTATGAAATTTCACTC-1,-0.005002022,-0.193206445,-0.037983255,0.040119484,0.147703248
GTATGACGTGGGAAAC-1,0.029496314,-0.109794653,-0.083804094,0.092378777,0.120363983
GTATGTGGGTCTAGTT-1,-0.259323631,-0.448863598,0.329758482,-0.044275192,0.123218926
GTATTAAGGCGTCTAA-1,0.036577702,-0.192313592,-0.034962545,0.075517868,0.160292751
GTATTAGGGTTCGCGT-1,-0.021065121,-0.235870892,0.024160492,0.014312341,0.195647437
GTATTCTGAGAAACGA-1,0.073993612,-0.169889728,-0.08813494,0.077475649,0.191135915
GTATTCTTACCGTGCT-1,0.05738397,-0.203903847,-0.106563392,0.149323455,0.205636005
GTATTTAATGGCATAA-1,-0.16583776,-0.352810012,0.210153625,-0.075419251,0.120365869
GTCAAAGAAGTGGTGT-1,-0.027558572,-0.181815381,-0.030277371,0.094924241,0.167384161
GTCAAAGTTTACATAG-1,0.092446717,-0.108701121,-0.131091914,0.108739779,0.172991516
GTCAACCAGGCCTATA-1,0.120263214,-0.036905141,-0.176727102,0.126159464,0.185959387
GTCAAGCGGACTCGGG-1,-0.053463822,-0.160247992,0.016334152,0.036378917,0.088892266
GTCAATGCTATAATTT-1,-0.07325705,-0.212055479,0.026885187,0.099705207,0.112662229
GTCAATTGTACTGAAG-1,0.089470939,-0.165199032,-0.142832552,0.139285675,0.195533307
GTCACAAAGTTTCCAA-1,0.05467313,-0.208119704,-0.081791903,0.119760168,0.134464304
GTCACTCTCCAAATCT-1,-0.103476899,-0.258252187,0.1217299,0.004979837,0.128017195
GTCAGAATAGTCTATG-1,0.061135383,-0.13712479,-0.076082308,0.057149082,0.165538487
GTCAGTTGTGCTCGTT-1,0.105178253,-0.156518602,-0.125094662,0.1453744,0.048804327
GTCAGTTTGGTAGTCG-1,-0.008983374,-0.204051388,-0.001777615,0.000856716,0.130070081
GTCATCTCCTACAGCT-1,-0.028987103,-0.281660236,0.054600801,0.055032248,0.159310411
GTCATGCACCTCCGTT-1,0.014690312,-0.249011739,-0.016184902,0.081787205,0.190642462
GTCATGCGCGAGGGCT-1,0.082575343,-0.079656034,-0.140032488,0.127766344,0.195446235
GTCATGGACATGACTA-1,0.069743613,-0.205978273,-0.117980998,0.110768731,0.200618383
GTCATTAGAGCGAACG-1,0.068220527,-0.102948559,-0.099953073,0.083096941,0.162257123
GTCCAATATTTAGCCT-1,-0.184067395,-0.222325415,0.142158623,-0.026828506,0.08290616
GTCCAGGCACGTGTGC-1,-0.22007185,-0.144030852,0.099595024,0.084882652,0.057347848
GTCCATTACTGCTACG-1,0.12906137,-0.190721122,-0.173038878,0.18784646,0.071957233
GTCCCAACGTAAAGTA-1,0.009542175,-0.228132476,-0.027482771,0.081797779,0.194893933
GTCCCGCGACGTTATG-1,-0.02371224,-0.193610003,0.033346936,0.033767719,0.137912269
GTCCGGACCTGAAATT-1,0.031483635,-0.175156923,-0.071302291,0.101996506,0.212897159
GTCCGGCTGAATTGCG-1,0.07304315,-0.208193229,-0.086282241,0.093982841,0.219285856
GTCCGGGTTCACATTA-1,-0.008244644,-0.132113627,-0.045995583,0.094737837,0.150557581
GTCCTACAGGCGGCTC-1,0.071513134,-0.097972297,-0.099758435,0.085867826,0.157009712
GTCCTACGAATAGTCT-1,0.103067555,-0.122241808,-0.141740022,0.113148194,0.220364428
GTCCTTCTAGTGGGTT-1,-0.178670554,-0.346705513,0.162206162,0.080307163,0.057256336
GTCCTTTAATGACTTC-1,-0.024711149,-0.237387488,-0.037000856,0.100386704,0.095274411
GTCGAATTTGGGCGCT-1,-0.002878838,-0.14491546,-0.037368579,0.060525989,0.151651852
GTCGCGTAACCCGTTG-1,-0.241613382,-0.402289943,0.307317853,-0.06860576,0.088480489
GTCGGAAGGATACCAG-1,-0.052567789,-0.206940648,0.042062243,-0.008583955,0.13701672
GTCGGATATCTCAGAC-1,0.035266176,-0.150440922,-0.023891902,0.037488784,0.170889355
GTCGGATGTAGCGCGC-1,-0.121137297,-0.330244014,0.11477958,-0.143043713,0.060736532
GTCGGGAAGCAGAAAC-1,-0.032153874,-0.263960845,0.046055854,0.066890372,0.168673076
GTCGGGTGAAGTACCG-1,0.022728794,-0.15028188,-0.046455669,0.088441199,0.20646664
GTCGTACCATCTCGGG-1,0.008039464,-0.223858969,-0.03487016,0.06661237,0.148180603
GTCGTATTGGCGTACA-1,-0.135093833,-0.295590687,0.112827807,0.042667454,0.086491896
GTCGTCAATTATAAGG-1,0.108091609,-0.046981533,-0.153770578,0.099191011,0.146492395
GTCGTCTGGTTGGCTA-1,0.001921907,-0.280816468,-0.010990457,0.014097692,0.125796979
GTCGTGTCTGGTCATC-1,-0.127231869,-0.273328606,0.126377424,-0.04829648,0.062183654
GTCTAGTGAGCCGCTT-1,0.044726599,-0.121425903,-0.058402017,0.101409602,0.18422758
GTCTATCTGAGTTTCT-1,0.03774013,-0.122669147,-0.061978889,0.061691261,0.138200441
GTCTATTGCATGCTCG-1,0.116635628,-0.067797647,-0.170082658,0.123499465,0.18901854
GTCTATTGGTTCCGGT-1,-0.226678368,-0.297019966,0.173849599,-0.097406817,0.052016348
GTCTCAAGGCCCGGCT-1,-0.071415467,-0.2569641,0.069041868,0.05621376,0.141972309
GTCTCCCGAGTCCCGT-1,0.118147131,-0.058375157,-0.173169748,0.147849378,0.182237329
GTCTCCGCCTCAATAC-1,-0.066393465,-0.268364302,0.05550417,0.066157321,0.197329197
GTCTCCTGCCAGTATG-1,-0.041266505,-0.173888041,0.001307745,0.088285796,0.149634462
GTCTCGACTAAGTTTG-1,-0.033832786,-0.219664233,0.024230503,0.050516847,0.135881128
GTCTCGATCTGCTTTC-1,-0.366245129,-0.448545868,0.398081408,-0.2367078,-0.015191155
GTCTCGCCAACACGCC-1,0.082089833,-0.203535535,-0.093775038,0.131115172,0.165530718
GTCTGCCGACTCGACG-1,0.046151981,-0.142792411,-0.08673191,0.127935045,0.205986304
GTCTGGGCGGTCGAGA-1,0.032965693,-0.184826201,-0.050712174,0.0671612,0.168423905
GTCTTACCACGCCAAG-1,0.038027135,-0.136381012,-0.081387434,0.118508435,0.185890907
GTCTTAGTACAGCCGG-1,-0.202992534,-0.39199237,0.214973634,0.039780069,0.056593308
GTCTTGAGGAGCAGTG-1,0.113282931,-0.169444853,-0.136476609,0.157233655,0.038198679
GTCTTGTAGCTATTCA-1,-0.313561111,-0.170204347,0.157656758,0.072247563,-0.170157014
GTGAAACGGCGCCACC-1,-0.322830535,-0.467705038,0.388235179,-0.065948189,0.066830842
GTGAAACGTGCTCCAC-1,0.122115398,-0.076430916,-0.18895656,0.150454544,0.16680715
GTGAACTCCCATTCGA-1,-0.215306197,-0.223624594,0.136048553,-0.093185023,-0.003103146
GTGAAGATTTCAAGTG-1,-0.128521334,-0.352340346,0.170385642,-0.137909773,0.147097737
GTGAAGCCGTATAGTC-1,-0.155854186,-0.275514697,0.15996104,-0.085732195,0.107923745
GTGACAGCTTCCCACT-1,-0.046842762,-0.219385291,0.010938115,0.071715647,0.1857638
GTGACCGCACACTACG-1,-0.26705356,-0.32821602,0.229996491,-0.016653879,0.063534955
GTGACGAGGGTGACCC-1,0.110756936,-0.212131381,-0.155399875,0.159013495,0.112030497
GTGACGCAGGTTTCAT-1,0.036498933,-0.177983444,-0.069441695,0.121492688,0.228462698
GTGACTTCAGTAGTGC-1,0.040113196,-0.171921685,-0.052637284,0.033966667,0.180801861
GTGAGATAACCTTATA-1,-0.127733499,-0.143980471,-0.000204421,0.13232722,0.0941412
GTGAGCGTGCTGCACT-1,0.087944385,-0.064830252,-0.124784146,0.087960415,0.123704577
GTGAGGACACTTAAGG-1,-0.067314181,-0.297945507,0.069353716,-0.00274529,0.147773859
GTGAGGAGCGGTTGAG-1,-0.130637354,-0.304189472,0.115503423,0.023104586,0.080518869
GTGAGTCGACTAATAG-1,0.11168384,-0.04423963,-0.169344262,0.133355098,0.180178634
GTGATCAAGCGTGCAC-1,0.052381546,-0.122142028,-0.095456292,0.101389628,0.19256731
GTGATCACTAACGCCT-1,-0.161380904,-0.379058661,0.152265094,-0.13074963,0.091434165
GTGATCATAGATCTGC-1,-0.092992158,-0.304078373,0.156757269,-0.018024575,0.162578081
GTGATCCTTGTCATGA-1,-0.121440719,-0.286128148,0.135003108,-0.05006551,0.131658234
GTGATGCACAACATCT-1,-0.15830812,-0.249860549,0.15577185,0.001220449,0.109667746
GTGATTCGCCGCTCAA-1,0.030847198,-0.219238267,-0.051456742,0.044085978,0.186469325
GTGCAACAAATGTGGC-1,0.040425756,-0.136909268,-0.038844701,0.049405188,0.132073586
GTGCACCAGCTTCAAC-1,-0.053861854,-0.23888092,0.052689673,0.015958259,0.176014439
GTGCACGAAAGTGACT-1,-0.037283541,-0.26918147,0.000602012,0.01146624,0.124433894
GTGCCATCACACGGTG-1,-0.002380946,-0.179805757,0.024179659,0.026526998,0.152643287
GTGCCGCTTCAAAGGT-1,-0.073281297,-0.21494729,0.042192654,0.009015311,0.128649126
GTGCCTCAGTGTACGG-1,-0.192587408,-0.306312044,0.200431516,0.018562887,0.128736013
GTGCCTGAGACCAAAC-1,0.002402347,-0.130213486,-0.051271468,0.103960562,0.173132234
GTGCGAAATCGAACAC-1,0.022324405,-0.167134011,-0.038180478,0.0495348,0.175007153
GTGCGACAGGGAGTGT-1,0.125502313,-0.179944917,-0.150996056,0.162509017,0.145833987
GTGCGCAGCTTGCTCC-1,-0.049041779,-0.249900532,0.081550398,0.019446908,0.170845184
GTGCGGGACCATCGGC-1,0.058609881,-0.154295592,-0.137649813,0.161111054,0.165960694
GTGCGGGTCTCCAAAT-1,0.041488331,-0.204837235,-0.058638778,0.103805437,0.123379525
GTGCGTGTATATGAGC-1,0.073430246,-0.135135168,-0.121824315,0.092930744,0.218459195
GTGCTCAAGTACTGTC-1,0.042701359,-0.108741875,-0.041968356,0.040573736,0.149087687
GTGCTTACATCAGCGC-1,-0.213307397,-0.42156901,0.27112502,-0.189928273,0.110407848
GTGGAACCTACATGCG-1,-0.137638469,-0.260633737,0.097270286,0.017170165,0.037455183
GTGGACCAACCCGATT-1,-0.171055563,-0.305858469,0.189669612,-0.090983647,0.13006856
GTGGACGCATTTGTCC-1,0.040936848,-0.184865568,-0.044537324,0.071924284,0.182862202
GTGGACGTGCTGAGAC-1,0.10630054,-0.106612631,-0.158415034,0.128198706,0.171327071
GTGGAGCGTTTACCGA-1,0.084617131,-0.179700458,-0.112701297,0.108416895,0.232280733
GTGGCAAACAGCGGCA-1,-0.037422346,-0.273237025,0.031672402,-0.026276075,0.173901161
GTGGCCGGTTTCTCGG-1,0.003139269,-0.119794786,-0.054470064,0.082072624,0.168665497
GTGGCGGGCCGTAGCT-1,0.06451648,-0.166096082,-0.06311509,0.099804576,0.117984923
GTGGCGGTCCCAGCGT-1,-0.059237156,-0.244589602,0.053835353,-0.002060657,0.134536946
GTGGCTGTTTCTGTTC-1,-0.177590988,-0.129978172,0.036012025,0.137849547,0.037817304
GTGGGAACAAACCGGG-1,-0.027645487,-0.129548955,-0.02752224,0.083660443,0.189562038
GTGGGAAGACTGAATC-1,-0.223718758,-0.371804251,0.242207842,-0.136290787,0.076367671
GTGGGCTTAGACACAC-1,-0.326130478,-0.429952083,0.383624583,-0.130901269,0.040579155
GTGGTCAGCGAAGTAT-1,-0.189879304,-0.389504518,0.217597036,-0.03904111,0.111150441
GTGGTTACTTCTTTCG-1,-0.328981009,-0.301583137,0.274848111,-0.06356535,0.018140832
GTGGTTTCCGCCTTTC-1,0.051410194,-0.148043293,-0.058803279,0.080942288,0.179881185
GTGTACCTTGGCTACG-1,-0.049325584,-0.278606742,0.018874937,0.084846366,0.160056796
GTGTATATCAGCGGGC-1,0.005482381,-0.226749292,-0.011064211,0.064102619,0.190377974
GTGTATGACTTTAAAG-1,0.09450943,-0.140373861,-0.14433085,0.141898968,0.175429143
GTGTCAGTGTACGTGG-1,-0.132403115,-0.197029032,0.082203891,0.054167906,0.114834764
GTGTCGTATAGCGTTC-1,0.062895545,-0.143600946,-0.062726634,0.069751471,0.152700352
GTGTCGTATTCACCTT-1,-0.117658327,-0.33463483,0.108932553,0.028706521,0.106584001
GTGTGAATAACTTAGG-1,-0.202788859,-0.373708977,0.223470683,-0.028001324,0.096965348
GTGTTACTATGCGTCC-1,-0.181463994,-0.316986077,0.211423531,-0.018318651,0.121686495
GTTAAAGTAGGACTGG-1,-0.294235738,-0.382638909,0.286011938,-0.185892629,0.033581842
GTTAACATCACTTAAA-1,0.014768009,-0.167488387,-0.020535525,0.050099338,0.167566931
GTTAACTATGTTGTCA-1,0.101111061,-0.15561707,-0.117618073,0.143066177,0.104189964
GTTAAGGGTGCGATGT-1,-0.04609408,-0.237350702,0.062889814,0.044740049,0.172898616
GTTAAGTTAGAGTGGG-1,0.135443456,-0.151102146,-0.166430976,0.154416839,0.089641647
GTTACAATTGGTGACG-1,0.050713893,-0.130484047,-0.048514576,0.055281554,0.169648158
GTTACCTACAACTTGC-1,-0.031508668,-0.278876319,0.007685174,0.05208065,0.152690793
GTTACTTTGGGCCTAG-1,-0.013356496,-0.180801403,0.031580716,0.027148156,0.145072097
GTTAGAGTGTGCCGCT-1,0.105950715,-0.155110916,-0.129019485,0.151020257,0.072834859
GTTAGCCCATGACATC-1,0.068125525,-0.11537388,-0.11404692,0.114319173,0.193858906
GTTAGCCGTAAATCAA-1,-0.442765,-0.296392669,0.365809104,-0.035776655,-0.080113047
GTTAGGCTACCCGTTT-1,-0.212987168,-0.384352319,0.345129776,-0.180333966,0.187584789
GTTATAATACGGTGAA-1,-0.266893477,-0.471309275,0.364333317,-0.152229755,0.109358165
GTTATATCAGGAGCCA-1,-0.162131766,-0.221584562,0.064934541,0.10440209,0.016796911
GTTATATTATCTCCCT-1,0.023064431,-0.242674261,-0.050702147,0.131636842,0.215400357
GTTATCAAGCTATCGA-1,0.08981895,-0.129582202,-0.152252928,0.19420761,0.220064455
GTTATCACCTTCTGAA-1,0.052743167,-0.209804513,-0.086262251,0.120869591,0.170598827
GTTATTAAATACGACC-1,0.059976526,-0.202920351,-0.079176504,0.128976148,0.112080076
GTTATTAACGTGGGAG-1,-0.246714866,-0.425472684,0.295041651,-0.052458467,0.089515931
GTTCAATCTATGTCAA-1,0.08445505,-0.197008488,-0.100155555,0.144357811,0.112485665
GTTCACAGGAGTCTAG-1,0.032090357,-0.17223931,-0.024501005,0.04451824,0.174867603
GTTCAGTCGCCAAATG-1,-0.071858287,-0.229269171,0.06381233,0.018811718,0.173346489
GTTCATCGTTTGGCTG-1,0.132067719,-0.156219337,-0.180503137,0.170863236,0.075567229
GTTCCAAGACAGCGAC-1,0.057539302,-0.17161087,-0.092465612,0.109667866,0.18657935
GTTCCAGTCTGACCAT-1,0.055778783,-0.120956287,-0.066890197,0.026621754,0.121632943
GTTCCCGTAAACATAT-1,0.008001582,-0.279706168,-0.025946716,0.062362961,0.138206156
GTTCCGTCCGCCTGCA-1,-0.100784447,-0.144273347,0.034328453,0.073168424,0.179958108
GTTCGACAATTGTATA-1,0.072995035,-0.085607874,-0.122521711,0.096012443,0.207356036
GTTCGCCATAAGTGCC-1,0.024078937,-0.132333468,-0.01804657,0.051219346,0.131168053
GTTCGCTGAGACGTCT-1,-0.471886948,-0.416544161,0.434777114,-0.182718452,-0.079251222
GTTCGGAGCACTCAAC-1,-0.037465787,-0.143456885,-0.016804143,-0.00400043,0.146161179
GTTCGGATCGGGAACA-1,0.09320051,-0.19417584,-0.115102687,0.154481069,0.047487751
GTTCGGGCGTACCATT-1,0.123419022,-0.151351714,-0.166886579,0.141453913,0.099117577
GTTCGTCTAAAGAACT-1,-0.252397768,-0.32800986,0.209259489,0.013023394,0.04797375
GTTCGTCTGGGTCCCT-1,-0.127818147,-0.268034407,0.074505999,0.077781133,-0.011605883
GTTCTTCCCTCGATGT-1,0.088662074,-0.153249911,-0.123523096,0.118026649,0.175588439
GTTCTTGTAACTCAAT-1,-0.020388312,-0.203476321,-0.012973198,0.07660098,0.187356692
GTTGAACCGGTTCCAT-1,0.012299929,-0.154007995,-0.028807674,0.059777295,0.147927606
GTTGAGTCCCGCCGGT-1,-0.231223333,-0.326728001,0.218701802,-0.022043682,0.101429425
GTTGCACGGAGTTTCG-1,-0.139927901,-0.373098608,0.180399495,-0.071455881,0.117602561
GTTGCGCTAACATTAC-1,-0.178552323,-0.286922158,0.14905792,-0.239453484,0.063119182
GTTGCGGACGGTCAGG-1,-0.23499319,-0.356492335,0.220216715,-0.103213177,0.047834017
GTTGGACCGCATCAGG-1,-0.335494964,-0.265006157,0.212975386,0.04036385,-0.133087866
GTTGGATTCAGTGGCT-1,-0.146847466,-0.273744042,0.154584138,-0.074254548,0.064360973
GTTGGATTGAGAACAC-1,-0.225388334,-0.359355975,0.226201076,-0.021830064,0.044065999
GTTGGATTTGCGTTGG-1,-0.063168222,-0.209650554,0.062369704,0.037318382,0.149250919
GTTGGTCATGCTATCC-1,0.017178608,-0.14632615,-0.005132749,0.043343229,0.158775566
GTTGTAGATTTATGAG-1,-0.11860481,-0.249999458,0.084610183,0.042919685,0.147632236
GTTGTCGTGTTAGTTG-1,0.124158101,-0.099064827,-0.180041443,0.141229826,0.15706252
GTTGTTACATTGCGCT-1,-0.043840307,-0.22073021,0.007331164,0.089170107,0.091780514
GTTTACGTTCCATCTG-1,-0.118657889,-0.289867373,0.087743803,0.032777169,0.092914809
GTTTCAAACGAGTTGT-1,-0.017983787,-0.183201242,-0.03635725,0.074038771,0.149783121
GTTTCATATCGTCGCT-1,-0.000647905,-0.225336996,0.006135852,0.072937133,0.20247157
GTTTCCTGGAGGGTGA-1,0.02485344,-0.254837282,-0.053553894,0.063005769,0.16080151
GTTTCTAGAGGCGCGG-1,0.006321952,-0.126078285,-0.099212435,0.171569659,0.170049263
GTTTCTGCAGTCTCCC-1,0.077459734,-0.137198204,-0.097977689,0.09127131,0.165964552
GTTTGACCAAATCCTA-1,-0.010007642,-0.226387458,-0.003628556,0.076630188,0.167219217
GTTTGGCCCAAGTTAT-1,-0.005702468,-0.178005084,-0.050914153,0.097726728,0.180320491
GTTTGGCCGCTCAGCG-1,0.103993214,-0.056061079,-0.158803197,0.112053556,0.148806032
GTTTGGCGTCAGGCAC-1,0.076833661,-0.241892691,-0.129126176,0.205113456,0.22854221
GTTTGGGCTTGTGAGC-1,-0.00036237,-0.256555264,-0.012640691,0.064272573,0.202417286
GTTTGGGTTTCGCCCG-1,-0.294966984,-0.192028134,0.201275791,0.007715857,-0.028956349
GTTTGGTGATCGGTGC-1,0.02932347,-0.137668249,-0.09131774,0.141641493,0.198056286
TAAACGTCGTCAATGA-1,0.098739888,-0.056024686,-0.141668889,0.097249565,0.142252423
TAAAGACAACCCTTTA-1,-0.143908219,-0.2569737,0.098202434,-0.182816196,0.065974358
TAAAGAGCCCGAAACC-1,0.107841009,-0.121137141,-0.17024099,0.145070935,0.164081405
TAAAGCGGTATTTCCA-1,-0.132769732,-0.248684319,0.12279544,0.01178378,0.155884537
TAAAGCGTTAGGAGAA-1,-0.120528433,-0.373751614,0.143032984,-0.029537136,0.122802051
TAAAGCTGCAATAGGG-1,-0.132565604,-0.320494938,0.160478984,-0.054820905,0.128562463
TAAAGTGCACGTCTCG-1,-0.057904794,-0.122886954,-0.023220457,0.101733145,0.150297899
TAAATCTTTACACCTC-1,-0.053037804,-0.288173115,0.021759384,0.058900778,0.069028431
TAAATGAATCCGTTTC-1,-0.021477162,-0.197916759,0.035352923,0.03222958,0.17518209
TAAATGCCGTCTCATG-1,-0.091273598,-0.260288619,0.042426195,0.029018288,0.098019136
TAAATTGTGGGTAAAG-1,0.044004527,-0.158623792,-0.061062691,0.092312797,0.227122853
TAAATTTAGTAACACC-1,-0.20485691,-0.125310788,0.094901907,0.066395825,0.097853149
TAACAAAGGGAGAAGC-1,-0.377564329,-0.354628083,0.325864833,-0.138536494,-0.037361809
TAACAATATTTGTTGC-1,-0.036044581,-0.247014014,0.054957518,-0.012130584,0.13588645
TAACAGCGTTTGTGCT-1,0.013879331,-0.126464413,-0.0746499,0.107361223,0.18533281
TAACAGGTTCCCTTAG-1,0.03777277,-0.103184084,-0.092866314,0.094488788,0.176964799
TAACATACAATGTGGG-1,0.006120267,-0.171258221,0.003623159,0.04022914,0.159606681
TAACATACACGCGATC-1,0.01467333,-0.213077735,-0.035417279,0.078277887,0.20043354
TAACCGCCCGCAGTGC-1,0.115068292,-0.157280481,-0.191785672,0.189945492,0.190673694
TAACCTACCGTCCGAG-1,-0.113876513,-0.237735881,0.051019591,-0.034082927,0.047730928
TAACCTAGGGAGTCCA-1,-0.028035009,-0.23521771,-0.007365336,0.085939678,0.194874822
TAACGCTTTGAGAGCG-1,-0.067348327,-0.30209307,0.124249064,-0.008289069,0.184728297
TAACTATCGAAGGTCC-1,-0.210315597,-0.371422433,0.286227516,-0.054313786,0.074908442
TAACTATTACGCCAAA-1,-0.142870486,-0.277229288,0.115110407,-0.040114109,0.087003407
TAACTCATCCGCGCGG-1,0.047614404,-0.198287638,-0.05225155,0.072267651,0.179647353
TAACTCCATGGAGGCT-1,0.010118586,-0.22074086,-0.005155205,0.067542268,0.163674875
TAACTGAAATACGCCT-1,0.033743314,-0.136290071,-0.079167195,0.098472532,0.203943508
TAAGAGGGACAGGGAC-1,-0.072966073,-0.212369477,0.040193784,0.046244594,0.146443011
TAAGCAGGCGACACGC-1,-0.170817168,-0.257745345,0.132572095,-0.107676337,0.036781761
TAAGCCCTTACGACCA-1,-0.155792235,-0.320325923,0.209143188,0.030077346,0.151513592
TAAGCGCGAATCAAAT-1,0.048922584,-0.105991122,-0.096882936,0.091609489,0.187953762
TAAGGAACTTGTGGGA-1,0.109248902,-0.088865222,-0.148733551,0.100246412,0.172605298
TAAGGCAACATAAGAT-1,0.058778088,-0.266006271,-0.103397749,0.155115571,0.21754595
TAAGGCCCGTCACCCT-1,0.035222213,-0.23424983,-0.066007062,0.151929965,0.192200637
TAAGGCTGAATCCCTC-1,0.084694633,-0.241854263,-0.112883159,0.126089778,0.106152715
TAAGGGCCTGTCCGAT-1,0.105032877,-0.105158782,-0.152353311,0.122452561,0.220020798
TAAGGGCTGGGAGAGG-1,-0.14856014,-0.310567398,0.160499268,-0.042712345,0.100055853
TAAGTAAATGTGCCGC-1,-0.022053045,-0.186282879,-0.017529138,0.110918378,0.148311065
TAAGTAACATCTTGAC-1,0.036905455,-0.104765927,-0.064342103,0.061179057,0.130690403
TAAGTCGCCGAGTATC-1,0.021648116,-0.205988064,-0.042578313,0.072675492,0.209305257
TAAGTTGCGACGTAGG-1,0.078184044,-0.115272384,-0.130646503,0.116230591,0.198560144
TAATAAACAAGGAGAT-1,-0.06950742,-0.210601894,0.01579648,-0.025834414,0.119112894
TAATACACAGTAGTAT-1,-0.05555528,-0.23853792,0.045372183,0.066727673,0.114886172
TAATACTAGAACAGAC-1,0.087807753,-0.089800841,-0.142559557,0.124073235,0.190322167
TAATAGAACAGAGTTA-1,-0.013688578,-0.246037279,-0.026453295,0.01116878,0.141702561
TAATAGGTCACCAGAA-1,0.04824248,-0.151970181,-0.095298125,0.09457828,0.169122372
TAATAGTGACGACCAG-1,-0.192098356,-0.418800743,0.26189776,-0.0312452,0.146294924
TAATATTGAAATTCGC-1,0.086534386,-0.131274087,-0.12166188,0.114409568,0.117999319
TAATCGATCCGTACGT-1,-0.101429579,-0.38983445,0.163212897,0.005591503,0.171640555
TAATGAAAGACCCTTG-1,-0.01103362,-0.227675123,0.01499404,0.017997777,0.119183336
TAATTACGTCAGTAGA-1,0.064892184,-0.106343938,-0.111932353,0.11628916,0.189752517
TAATTAGATGGATATG-1,0.039869331,-0.163940266,-0.077975141,0.11538685,0.181928423
TAATTAGGACATCCGT-1,0.104079965,-0.200843837,-0.14260517,0.188751528,0.058366218
TAATTGCGCTGATTAC-1,0.009019998,-0.170439235,-0.063812368,0.13651113,0.206857483
TAATTGGAATCGGGAA-1,-0.087032766,-0.295067178,0.087576691,0.030809186,0.146013613
TACAACAGCGCATACA-1,-0.070911577,-0.253060619,0.08661441,0.041985102,0.201831514
TACAACGCACAACTCA-1,0.048845368,-0.102124387,-0.05360206,0.049944649,0.126938739
TACAAGCTGTTCACTG-1,0.09058327,-0.173906938,-0.124289592,0.179561112,0.200305129
TACAAGGGCTTCTTTA-1,0.036082381,-0.09804492,-0.108854181,0.143755609,0.166083049
TACAAGTCTCGTGCAT-1,0.029124994,-0.231964626,-0.02188709,0.044118795,0.176890335
TACACAGCCGTGGTGC-1,-0.023368523,-0.201690061,-0.004106738,0.087936505,0.203521597
TACACCGTCGTTAGTC-1,-0.02487507,-0.316751413,0.034677662,0.051430055,0.182155279
TACACCTCTTCGAATC-1,-0.057549191,-0.211495567,-0.018441953,0.148022895,0.16839323
TACAGAAACGGTGGGC-1,-0.046594025,-0.229444515,0.03949458,-0.199748814,0.160172803
TACATAGGCATACACC-1,0.036354754,-0.127406635,-0.042398531,0.053557282,0.137888925
TACATCCCTATCCCTG-1,-0.096530148,-0.273504096,0.069864082,0.028549431,0.118041073
TACATTTCTAACGTGC-1,0.033859489,-0.169434945,-0.036467588,0.079566461,0.145863612
TACCAAATAGCCCAGA-1,-0.065842008,-0.224820427,0.091270569,0.017759661,0.14698355
TACCAATAAAGTACCA-1,-0.045219899,-0.225192096,0.024418843,0.049379586,0.156396978
TACCAGAAGTAGGTTC-1,-0.15411324,-0.345337859,0.13602713,0.001025549,0.117649577
TACCAGCTAGGTTTAA-1,-0.053560352,-0.272549456,-0.004022687,0.047927658,0.103502969
TACCAGGAATCCCGTC-1,-0.096176147,-0.129989113,0.03266432,0.072859211,0.146586482
TACCGAATAATTGTAA-1,0.006079942,-0.082657952,-0.078681872,0.118965512,0.141263453
TACCGCGGACTTGCAG-1,0.080796477,-0.264975932,-0.131027481,0.056023139,0.15759388
TACCGGCTCACTGCCC-1,0.01953147,-0.2287752,-0.043333851,0.113922446,0.209808552
TACCGGTCGTTTCCAT-1,0.077969791,-0.059393241,-0.102085192,0.064631001,0.129446151
TACCGTAGGTTAACTA-1,-0.000363201,-0.20177774,0.010235572,0.056907004,0.172074741
TACCGTGCCTCGGACC-1,-0.086104757,-0.310234082,0.096757105,-0.04943827,0.164559388
TACCTACTCCCAGTAT-1,0.004972301,-0.202828038,0.006314409,0.071849741,0.156871621
TACCTCACGCTTGTAC-1,0.010180965,-0.174604908,-0.020297031,0.077586031,0.101239622
TACCTCAGTTGTCTGT-1,-0.252470501,-0.337538049,0.257979102,-0.089731284,0.111252124
TACCTCCACACCAATG-1,-0.069819174,-0.109377014,-0.011003884,0.076624178,0.11368014
TACCTGCTGCACTGTG-1,-0.192622856,-0.32130129,0.216860627,-0.04365314,0.090014402
TACCTTAAGATTTCCC-1,-0.045712726,-0.208817181,0.00177681,0.047914596,0.107707735
TACGAACACGACTTCA-1,-0.041314038,-0.295545178,0.03076623,0.006079995,0.145491514
TACGACGCTTGCTGCG-1,-0.052671508,-0.253005735,0.095890157,0.005702044,0.187953168
TACGACTGCCTCTTAG-1,-0.024466178,-0.249186585,0.008684887,0.060811349,0.135048947
TACGAGAACTTCACGT-1,0.040684527,-0.157446193,-0.047718361,0.05263225,0.172722641
TACGATGTTGATCATC-1,-0.074061875,-0.228164746,0.090817496,0.003525934,0.136782843
TACGCAGTTCTTTCCT-1,-0.029519843,-0.203831338,0.057631567,-0.008615926,0.135717359
TACGCCATATTCTAAT-1,0.028312708,-0.176216754,-0.018945877,0.050745541,0.157289193
TACGCCGAGGGTACCC-1,0.011829957,-0.196730026,-0.013589839,0.064742609,0.211403993
TACGCCTCCATTCCGA-1,0.026530225,-0.145160312,-0.050424617,0.074731834,0.144264737
TACGCTATAGAAACCT-1,0.135417201,-0.143006849,-0.179301891,0.168080653,0.067498892
TACGCTCCTAGAACTG-1,-0.088494053,-0.148988945,0.026716859,0.089734198,0.200474736
TACGCTCGGTATTGGA-1,0.076189676,-0.231850829,-0.093807357,0.131211352,0.102513965
TACGCTGCACGGTCGT-1,-0.049425762,-0.183949497,0.02131441,0.046849917,0.181167176
TACGCTGCTGTGTTAA-1,-0.057169354,-0.12022005,-0.01828102,0.095029465,0.141835292
TACGGAAGCCAAACCA-1,0.014592872,-0.121008487,-0.056005453,0.092802766,0.166582689
TACGGCATGGACGCTA-1,-0.044911473,-0.219948224,0.004983191,-0.076562274,0.14194833
TACGGGATGCTAGCAG-1,-0.366185238,-0.464739775,0.44711455,-0.169044918,0.030551009
TACGGGTAATAACATA-1,-0.030327535,-0.154934902,-0.031073813,0.114201193,0.163611332
TACGTAAAGCGGAGTG-1,0.110225261,-0.071959923,-0.160918947,0.128567288,0.208592182
TACGTACTAGTGCTGA-1,-0.000577783,-0.14349976,-0.038492024,0.093049469,0.19249197
TACGTGCACTATGCTG-1,-0.194828107,-0.377326596,0.257867448,-0.313942415,0.117475208
TACGTGGGCCCAGGGC-1,0.018399634,-0.126260487,-0.084029916,0.126143139,0.180058042
TACGTTTACCGGCAAT-1,0.007616143,-0.154076324,0.00287887,0.040817825,0.14525563
TACTACGTGCAATGCG-1,0.066265693,-0.162975031,-0.123102576,0.155785456,0.226642403
TACTCCTCTAGTTGAC-1,-0.052812278,-0.084500751,-0.040232201,0.097226409,0.144315549
TACTCGTTTGAATCAA-1,0.059051184,-0.171717423,-0.109249979,0.173488416,0.237052048
TACTCTCCGAACAAAT-1,-0.30099833,-0.491322227,0.396223114,-0.404631777,0.10972716
TACTCTTACTTTACTG-1,0.098304421,-0.201822261,-0.116788317,0.145813924,0.058103715
TACTGCAATCAATTAC-1,-0.242588821,-0.357901721,0.278402979,-0.226906339,0.088982846
TACTGGACAGCTCGGC-1,0.065129465,-0.084419159,-0.096407194,0.076979248,0.137012088
TACTGTTTCTCTGGTA-1,-0.25705443,-0.475039824,0.3426722,-0.167143401,0.092523844
TACTTAAACATGTACA-1,0.087912099,-0.089800005,-0.121670704,0.112924207,0.210994584
TACTTTACTGAGCCGG-1,-0.044677126,-0.296104861,0.036411302,0.020500855,0.091250419
TACTTTCCGCACGCCA-1,-0.081236448,-0.313427218,0.105171478,-0.079462681,0.143032754
TAGAAACCACTAAGTA-1,0.121896726,-0.208579219,-0.157444913,0.173504859,0.217908428
TAGAAAGGTGGCGCTA-1,-0.290403385,-0.474046351,0.411640264,-0.126659222,0.104071385
TAGAATAGCCGATGAA-1,0.087177866,-0.06729263,-0.147295479,0.12777704,0.181975454
TAGAATTAAGGGCAAC-1,0.100510898,-0.170505405,-0.12269539,0.146956613,0.065785024
TAGACGAAACGCCAAT-1,0.037993234,-0.178240622,-0.086914094,0.140226602,0.193434384
TAGACGCCCGTACCGG-1,-0.032124224,-0.27811764,0.0361493,0.025470087,0.169328238
TAGACTACCTAGCGTT-1,0.098256361,-0.181137363,-0.125047356,0.161312194,0.041529192
TAGACTCAGTTGGCCT-1,-0.088772461,-0.118332354,0.017984331,0.063075115,0.101949689
TAGAGATCATGCAACT-1,-0.350715482,-0.241483002,0.222605559,-0.001755206,-0.087484572
TAGAGCTACGAAGAAC-1,0.07087952,-0.146791642,-0.097584499,0.089899445,0.183755806
TAGAGGGAGTTTATCT-1,-0.071314025,-0.226136467,0.043103527,0.059012758,0.164887314
TAGAGGTTCTACTTGT-1,0.077365255,-0.129243697,-0.118579469,0.121548734,0.206162778
TAGAGTCTAAGCGAAC-1,0.09444722,-0.189760361,-0.130341995,0.108752791,0.182201925
TAGAGTGTTCCGGGTA-1,-0.115364563,-0.193062308,0.02463826,0.077251351,0.125698422
TAGATATGGACTGGAA-1,-0.037413807,-0.307230055,0.013535826,0.052752545,0.168136947
TAGATCCGAAGTCGCA-1,0.08957794,-0.165625815,-0.108031494,0.135547929,0.018876291
TAGATGGTTCCTTACT-1,-0.109577831,-0.270201107,0.112836705,0.022140367,0.165340313
TAGATTCAAAGTGCGG-1,-0.019392036,-0.168719629,-0.024913134,0.087616392,0.189744093
TAGATTCCTGGTTATT-1,0.010327755,-0.182321577,-0.019646229,-0.003062015,0.133268505
TAGATTCTCTAGCAAA-1,0.017565301,-0.188928153,-0.04318035,0.107911279,0.211604409
TAGCAACCTGTCACAA-1,0.035033089,-0.170647401,-0.038122265,0.070202234,0.149654833
TAGCAGATACTTAGGG-1,-0.130960537,-0.216362683,0.044515244,0.109095477,0.094621273
TAGCAGTATGACTAAA-1,0.110084162,-0.057752271,-0.159672382,0.129060345,0.182138048
TAGCCATTTCAAAGTC-1,0.015085036,-0.21407645,-0.03148274,0.070653153,0.20953911
TAGCCGGCGGTCAGCG-1,-0.174697973,-0.389621641,0.232843763,-0.075917142,0.139521432
TAGCGTCCCTCGATTG-1,-0.429245961,-0.197779494,0.218765038,0.085042814,-0.300002443
TAGCGTCCGGTGTGGT-1,-0.072251406,-0.31526477,0.116655935,0.002022727,0.197568273
TAGCGTTGGGTCTTAC-1,0.065499986,-0.073867643,-0.086891783,0.068528612,0.134097943
TAGCTAAGTCCGGGAG-1,0.09673775,-0.164269526,-0.134546293,0.106501733,0.208562047
TAGCTAGTGATGATGG-1,-0.034883981,-0.21181369,0.036291331,0.041523791,0.200488682
TAGCTCAGATCCTAGT-1,-0.055006383,-0.212290218,0.018113441,0.082471387,0.138903487
TAGCTGATGTGAAGCG-1,-0.05291674,-0.254285803,0.047287758,-0.00278906,0.139502654
TAGGAACAGCCTCCAG-1,0.014442249,-0.23179501,-0.031904015,0.092395569,0.114221311
TAGGAGGCTCGAGAAC-1,-0.031166537,-0.154500361,-0.000999886,0.076023442,0.168606662
TAGGCATGTTACGCCA-1,-0.314228471,-0.466829716,0.431206109,-0.158393424,0.119437843
TAGGCCTATATAGTCT-1,0.093427858,-0.077428838,-0.124999309,0.102638903,0.218279962
TAGGCGATGAGGTCTC-1,-0.294309474,-0.43521904,0.443190186,-0.172535595,0.146110951
TAGGCGGCTGCAAAGA-1,0.069658848,-0.088989006,-0.119721271,0.099545785,0.183950484
TAGGCTAAAGTGGCAC-1,0.111655523,-0.058811888,-0.167049713,0.131078343,0.185883557
TAGGGAGCTTGGGATG-1,-0.006449595,-0.254924282,-0.014658589,-0.103864491,0.134529367
TAGGGTGTTTCAAGAG-1,0.000307466,-0.23144912,0.014527669,0.067757131,0.142318383
TAGGTCCAAGTAAGGA-1,-0.095932787,-0.264092624,0.133729684,-0.017791458,0.129664054
TAGGTCGCCGGAACTG-1,-0.057368443,-0.281592218,0.015015063,-0.140865152,0.11339076
TAGGTGACGATAACCT-1,-0.037272487,-0.244370928,0.034594315,0.011576517,0.181008145
TAGGTGAGCCCTACTC-1,-0.160540729,-0.263735549,0.145433486,-0.016629755,0.110294403
TAGGTGCTCGCCTAGC-1,-0.033099602,-0.169357533,-0.01044688,0.069660072,0.173018571
TAGGTGTTCCACAGAT-1,-0.040304106,-0.226737237,0.031868956,0.033748385,0.123457135
TAGGTTCGAGTTCGTC-1,0.068531914,-0.103212872,-0.09471755,0.067995907,0.160897069
TAGGTTCTGCTGAGAA-1,-0.089002234,-0.268342576,0.100580449,0.013512702,0.185890158
TAGTACCACAACTTTC-1,0.01256634,-0.104510398,-0.08190771,0.112342156,0.161404561
TAGTACCTTAGTGGTC-1,0.081100658,-0.147368923,-0.089933872,0.104229275,0.112823999
TAGTAGCTTATACCAG-1,-0.090570096,-0.200691152,0.027490257,0.098883917,0.141462126
TAGTCCCGGAGACCAC-1,-0.083814689,-0.167391077,0.003753937,0.074219802,0.114806792
TAGTCCGCAGAGAATG-1,-0.056369887,-0.279112044,0.11445718,-0.006037048,0.154388165
TAGTCCGTATGCATAA-1,-0.148239388,-0.406866246,0.208725101,-0.02250332,0.158895128
TAGTCCTGCACTAAGC-1,0.061320021,-0.082328623,-0.110975464,0.09134723,0.195372248
TAGTCGATCACGGGTT-1,-0.297838331,-0.339880435,0.292019823,-0.453047347,0.012256109
TAGTCTAACAACGAGA-1,0.014521832,-0.150372323,-0.012041433,0.054057214,0.159804005
TAGTCTGCGGCACATT-1,-0.008388901,-0.168974746,-0.063230655,0.13560885,0.200990387
TAGTCTGTGACGTTGC-1,-0.063016092,-0.248325999,0.06412853,0.028634129,0.129334852
TAGTCTTTCCGAATTG-1,-0.311656532,-0.468408844,0.420762082,-0.158150085,0.102812293
TAGTGCCCTCCAGAGT-1,0.015435796,-0.196369034,-0.033619636,0.094782231,0.17307667
TAGTGGAACTCATACA-1,0.083793843,-0.184057556,-0.103326151,0.129306128,0.142812899
TAGTGTCAGAAACGGC-1,0.013478184,-0.188981488,-0.029836404,0.071647671,0.156367433
TAGTTAAGATAGGATA-1,-0.364709703,-0.372111953,0.320571805,-0.023897667,-0.062742279
TAGTTTATTCTTGCTT-1,0.07524942,-0.151363187,-0.112469572,0.111363799,0.177224721
TATAAATCCACAAGCT-1,0.02907398,-0.187498574,-0.034206471,0.074737149,0.168343532
TATAAGTGAGGATAGC-1,-0.355812201,-0.396903972,0.365402253,-0.069845083,0.018790935
TATACACGCAAAGTAT-1,0.035111811,-0.200988558,-0.040770144,0.0602038,0.196368778
TATACCGAGTGCCACA-1,-0.296836936,-0.535809521,0.434812811,-0.172335999,0.105181869
TATACGCGTCATCACT-1,-0.024194567,-0.227044935,0.007220695,0.030480792,0.169931152
TATACTCATGCGGCAA-1,-0.025855069,-0.204802549,0.04207058,0.038144517,0.166522652
TATAGAGTCGCTTGAA-1,-0.117191543,-0.151590208,0.061927282,0.036502863,0.104710773
TATAGATGGTCGCAGT-1,0.129320421,-0.189727427,-0.16966603,0.190298087,0.086005624
TATAGGGTACTCATGA-1,-0.070969075,-0.264403175,0.050886867,-0.070674422,0.143323954
TATAGTTAGGTGTACT-1,-0.020364879,-0.125601759,-0.036808244,-0.000655922,0.160061027
TATATAGGGCTTTACG-1,-0.026921028,-0.088263375,-0.063594234,0.106909803,0.115240559
TATATATCGAGAAATG-1,0.055805183,-0.102167633,-0.110329522,0.104628588,0.189966882
TATATCAAAGTGATCT-1,-0.16215881,-0.182707488,0.073036724,0.054641287,0.100682857
TATATCCCTGGGAGGA-1,0.063763461,-0.23168927,-0.103447415,0.010516166,0.155673007
TATATTACAAATGTCG-1,-0.188720828,-0.369297233,0.21386135,-0.034746066,0.105908919
TATATTCGCGTCGATA-1,0.09582437,-0.184561224,-0.112423164,0.157718201,0.028145521
TATCACAGCACGGGCA-1,0.112270864,-0.226534091,-0.16736455,0.209639536,0.190494365
TATCACCATGTAAAGT-1,-0.034205468,-0.254448461,0.007598179,0.08778986,0.117957118
TATCACCCAACCGACC-1,-0.085308542,-0.273131836,0.072234496,-0.000476643,0.089497845
TATCACTTCGAGTAAC-1,-0.258593496,-0.366710831,0.315203539,-0.050169523,0.123090553
TATCCAATTGGTTATC-1,-0.033805264,-0.187223473,0.02312448,0.045126049,0.126909706
TATCCATATCATGCGA-1,0.008686268,-0.203255584,-0.011532678,0.004478047,0.135434791
TATCCATCTCGGTTAG-1,0.064503214,-0.165033297,-0.097807967,0.083213867,0.222927959
TATCCGCACCGTCGGG-1,-0.133998234,-0.314481181,0.128118015,-0.05330083,0.127826818
TATCCTATCAACTGGT-1,-0.188853768,-0.334163594,0.190307987,-0.012531838,0.11566706
TATCCTGCATGGGAAT-1,0.043053567,-0.1800535,-0.052901001,0.086288179,0.151932874
TATCGATCTATGCATA-1,-0.370426176,-0.358437565,0.353553446,-0.06153963,-0.002356626
TATCGATGATTAAACG-1,-0.008438777,-0.212149271,-0.008070611,0.060154522,0.158489072
TATCTACAGAGGTAAT-1,-0.019500186,-0.195601736,0.059671256,0.012601431,0.165527363
TATCTACCACAGCGGG-1,0.010629165,-0.180423954,-0.000919192,0.04055204,0.1659496
TATCTGAGCCGATATT-1,-0.145299027,-0.138442801,0.035502306,0.093128767,0.043719329
TATCTTGCAATACAAC-1,-7.64E-05,-0.222543176,-0.013453261,0.07530773,0.212035612
TATGAAGAATTAAGGT-1,0.089814086,-0.054952299,-0.136053463,0.12610482,0.182629597
TATGAAGACAGGTGCG-1,-0.248134152,-0.433863641,0.342992988,-0.099823848,0.119494215
TATGATAAATCTAACG-1,0.079823464,-0.257644747,-0.082604415,0.132316198,0.187002131
TATGATCCGGCACGCC-1,-0.123436276,-0.329316375,0.128267613,-0.007557715,0.101681671
TATGATCTTCTCTTTA-1,0.030716165,-0.123042725,-0.10098331,0.110454824,0.151456322
TATGATTCTGCTTGGT-1,0.043598791,-0.20770648,-0.078625502,0.124549709,0.195120167
TATGCTCCCTACTTAC-1,0.039237609,-0.233485907,-0.072398002,0.108539688,0.192152407
TATGGAGTTTCTCGTT-1,0.013308827,-0.162016981,-0.026059552,0.070758102,0.147783297
TATGGATGTGCTACGC-1,-0.076344342,-0.28852888,0.040324315,0.065995789,0.139754749
TATGGCCCGGCCTCGC-1,0.081512148,-0.075324916,-0.101673395,0.071652667,0.118963801
TATGGGACCGAGCAGG-1,0.047719438,-0.111499621,-0.058055104,0.061931459,0.143569744
TATGGGTACGTATCGT-1,0.077604327,-0.148787906,-0.116991133,0.092617314,0.188652994
TATGGTCTGAGTAACA-1,-0.140357455,-0.308514573,0.156846088,-0.006450772,0.114578329
TATGGTTAGTGGGAGA-1,0.130944949,-0.17857355,-0.174960117,0.188112635,0.094337587
TATGTAAAGTGCTTAA-1,-0.196664599,-0.171440051,0.117284565,0.0225152,0.060002963
TATGTCAAGACCGACT-1,-0.084042582,-0.340932979,0.116990622,-0.026055134,0.162936982
TATGTCTCATTGTGCC-1,-0.278909554,-0.477880313,0.407040943,-0.135224734,0.091590043
TATTAACACCAAAGCA-1,-0.290765816,-0.499031158,0.468202493,-0.247230779,0.145379049
TATTACCATCCTGCTT-1,0.075843082,-0.191213505,-0.108043073,0.053202841,0.199855406
TATTATGTTTGCCTGC-1,0.014817839,-0.213127486,-0.030764703,0.091147121,0.217875796
TATTCAATTCTAATCC-1,0.038772835,-0.187634926,-0.052755116,0.086285249,0.169528305
TATTCCGAGCTGTTAT-1,-0.005968441,-0.230199258,-0.030836811,0.098595757,0.195042463
TATTCCGGCAGTCCTA-1,0.056287981,-0.209951248,-0.085305643,0.113404732,0.16867051
TATTCCTCCGCCCACT-1,-0.033386697,-0.271176253,0.040086742,0.028197346,0.172828387
TATTCGTGCCAGAATA-1,0.122644252,-0.156719097,-0.16552881,0.121812928,0.181407298
TATTGACATTTCTGCC-1,0.142221,-0.153781843,-0.176978751,0.160221903,0.096953752
TATTGCCGGGCTTGTA-1,0.085534897,-0.088891841,-0.123466288,0.113707363,0.22314805
TATTTAGTCTAGATCG-1,0.082974526,-0.168314086,-0.111866985,0.117970576,0.109481088
TATTTATACCGAGTAG-1,-0.109633969,-0.283010318,0.078042048,-0.080022653,0.063145723
TATTTGATTTGCACAG-1,-0.203370024,-0.375257657,0.202434546,-0.070952903,0.06167452
TATTTGTTACCCTTTA-1,-0.229046935,-0.322907099,0.207833142,-0.02046284,0.03218461
TCAAACAACCGCGTCG-1,0.06969067,-0.204358171,-0.114950788,0.132831422,0.181027672
TCAAACTTAGATTGTT-1,0.05363117,-0.165115639,-0.083563111,0.092058116,0.190080247
TCAAAGTCACGGCGTC-1,0.088928543,-0.062494968,-0.139665585,0.106864562,0.211830374
TCAAATTGTTGTGCCG-1,0.1034773,-0.064237828,-0.152409295,0.123744752,0.196125226
TCAAATTTGAGACTCA-1,-0.005499974,-0.231212951,-0.015302064,0.067160813,0.163332152
TCAACAAAGATAATTC-1,-0.165132498,-0.263509759,0.098510021,0.054701176,0.097113644
TCAACACATTGGGTAA-1,0.106068918,-0.123976109,-0.166679794,0.131871929,0.176271033
TCAACATAGCGCCCTA-1,-0.376782013,-0.370077304,0.382962603,-0.027875437,0.045265765
TCAACATCGACCGAGA-1,-0.187440642,-0.31837655,0.154426246,-0.016913482,0.024637971
TCAACCATGTTCGGGC-1,-0.057420593,-0.2983351,0.052643023,0.032456509,0.141258888
TCAACGAGGAGACAAA-1,0.061800025,-0.095532373,-0.083317225,0.074720402,0.133137335
TCAACGCAGGAAATAA-1,-0.033546618,-0.271369996,0.030244501,0.016739341,0.15739274
TCAACGCGACCGGCAG-1,0.065814731,-0.160900857,-0.097140686,0.112133444,0.185239415
TCAACTAACGTATAAC-1,-0.172985498,-0.386117557,0.236802622,-0.088417012,0.142152872
TCAACTGCAGAGTCAG-1,0.085279423,-0.263715373,-0.089431826,0.131203265,0.101394035
TCAAGAAATACTAGCT-1,0.145859065,-0.138513819,-0.192857192,0.169820264,0.099388584
TCAAGCGCGGACGGTA-1,0.060890543,-0.225256091,-0.083851959,0.113256233,0.133825679
TCAAGGTTACTACACC-1,-0.180132131,-0.317934686,0.154771991,-0.163167907,0.046135247
TCAATACGCCGTCATG-1,-0.024613168,-0.23701124,0.063300034,0.035310472,0.170168645
TCAATATACAGGAGGC-1,-0.190264585,-0.203545875,0.104340102,0.069036187,0.065828383
TCAATCCGGGAAGTTT-1,0.046760475,-0.152001947,-0.078062151,0.117772313,0.244959753
TCACAAACCGAGGTAC-1,0.053674728,-0.104548683,-0.095378203,0.098162086,0.193392434
TCACAGATCCTCAAAC-1,-0.137618796,-0.318699535,0.178831136,-0.007575302,0.156392438
TCACAGGTTATTGGGC-1,0.057163628,-0.086412729,-0.068674803,0.058760858,0.123187721
TCACATCTTATCTGAT-1,-0.047447683,-0.259700436,0.067639189,-0.027064447,0.150253599
TCACCCTCTTAAGATT-1,-0.031959587,-0.249145184,0.037452018,0.062478431,0.172944474
TCACCGCTCGGCACTC-1,-0.049446167,-0.273676089,0.073794588,-0.037781275,0.15257583
TCACGATGTCCGTGGA-1,-0.163265906,-0.258948771,0.094752758,-0.04561867,0.029044059
TCACGCATTGTAGATC-1,0.004365028,-0.192758032,0.017666871,0.01490774,0.160366022
TCACGGCCCAAGAGAG-1,0.014745145,-0.15174815,-0.035082399,0.063559586,0.188829557
TCACGGTCATCGCACA-1,-0.169404175,-0.308321591,0.154546602,-0.135187688,0.089910362
TCACGTGCCCGATTCA-1,-0.057681668,-0.245813194,0.08440377,-0.022927988,0.174682093
TCACTACGACCAATGC-1,-0.290674195,-0.40890936,0.316969627,-0.030987295,0.038106331
TCACTATCCCTTCGGT-1,0.097699767,-0.101233518,-0.154217756,0.163091627,0.214259831
TCACTCGTGCAACGGC-1,-0.131730362,-0.310913361,0.129915304,-0.002125989,0.125457823
TCAGAACCTCCACAGG-1,-0.38082793,-0.364313447,0.314978213,-0.05113712,-0.063442768
TCAGAACGGCGGTAAT-1,0.054350777,-0.149317649,-0.105257584,0.131951547,0.222645839
TCAGAGGACGCGTTAG-1,-0.037176609,-0.222316747,0.003630325,0.069366723,0.173926599
TCAGCAAATGCATCTC-1,-0.020412689,-0.225565388,-0.021689168,0.07213639,0.158977053
TCAGCAGTAGGCCCTG-1,-0.059361297,-0.196278154,0.030692496,0.073382733,0.187556475
TCAGCCAATCCGTAAA-1,0.118839605,-0.080699042,-0.170486208,0.138031251,0.205963451
TCAGCGCACGCCGTTT-1,-0.032372399,-0.239553297,-0.012917023,0.113974344,0.182119354
TCAGGGCGCAAACTCG-1,-0.164557166,-0.385516183,0.215119532,-0.02096739,0.148844136
TCAGGGTGCACGAAAC-1,-0.115773848,-0.307056485,0.080528844,0.063521361,0.082418807
TCAGGGTGTAACGTAA-1,0.064283093,-0.210733141,-0.111853134,0.110492235,0.176836216
TCAGGTTCTTTGAGAA-1,-0.160135978,-0.35870444,0.222489895,-0.070450391,0.144216529
TCAGTACTGACCCGCG-1,-0.149002045,-0.385926154,0.196705985,-0.027288178,0.130832225
TCAGTAGGGACTATAA-1,0.073677184,-0.155864066,-0.08971272,0.075636269,0.186971732
TCAGTGTATACGTCAT-1,0.038047167,-0.127832339,-0.083909141,0.095523195,0.206302248
TCAGTTACGGAATGAT-1,0.108322409,-0.186108532,-0.132898902,0.148606709,0.125445821
TCATACTTACAGATCC-1,-0.08294421,-0.319095488,0.114141341,0.020284461,0.15077704
TCATATGAGCTTTGTT-1,-0.033726534,-0.251081944,0.060703956,0.045229159,0.186895095
TCATCACTCGAGCTCG-1,0.060655542,-0.158887293,-0.103662688,0.095965728,0.19220545
TCATCCCAGAGGGTGG-1,0.023694461,-0.21222945,-0.050843261,0.0770413,0.106733115
TCATCCTCAGCTGCTT-1,-0.167470637,-0.218310576,0.122671876,0.046780689,0.101218493
TCATCGATGGTCCCAA-1,0.049546077,-0.155852683,-0.081320303,0.091752119,0.217266107
TCATGCAGGTTCTCAT-1,-0.19101074,-0.326127184,0.180502053,-0.057795915,0.075288135
TCATTCGTATAATTTG-1,0.0164532,-0.247352428,-0.05540479,0.113551325,0.082732674
TCATTTAAGTCTCCGA-1,0.068798106,-0.231120696,-0.118044809,-0.156905479,0.12369058
TCATTTAGAAGTGTGA-1,-0.143246245,-0.330674797,0.139773971,-0.117833726,0.097074655
TCCAACTCAGCTATCT-1,0.064154243,-0.100590491,-0.120737892,0.130012394,0.169448636
TCCAACTTTAAATTCT-1,0.009097005,-0.161443564,0.006676462,0.03931023,0.166207899
TCCAAGCCTAGACACA-1,0.07218237,-0.106369311,-0.102583555,0.10629267,0.208019932
TCCAATAAAGGCTACC-1,-0.214491629,-0.388722075,0.25759895,-0.060797371,0.153126697
TCCACAATGGTTTACG-1,-0.149627345,-0.362816802,0.205261511,-0.160128951,0.142540365
TCCACATCGTATATTG-1,0.013759245,-0.155419702,-0.052481232,0.089943643,0.215135161
TCCACCAAGACATAGG-1,0.121569268,-0.071362673,-0.17924047,0.148848003,0.184450499
TCCACCTCTAGCCTTT-1,-0.234131232,-0.383124874,0.299032879,-0.097769924,0.120384498
TCCACTTTATCTAGGT-1,-0.08765153,-0.284168633,0.067271748,0.03905361,0.14556535
TCCAGAGCACCGGTTC-1,0.011476407,-0.235099712,0.006002768,0.052169185,0.19764396
TCCAGATGTACGCCAA-1,-0.131777879,-0.244902838,0.073776071,0.056266933,0.085908814
TCCAGCGCTATAAGCG-1,-0.339933695,-0.495114276,0.443015745,-0.499933053,0.070280911
TCCAGGCAGGACGATC-1,0.017140852,-0.159853033,-0.053260967,0.092760713,0.194227134
TCCAGGCGAGTACGGT-1,0.044248411,-0.204853574,-0.064402615,0.0875132,0.192909717
TCCAGGGTATATACGA-1,-0.021309123,-0.262273733,0.038284439,0.055126793,0.182547375
TCCATCAATACTAATC-1,-0.000254598,-0.105794701,-0.084756965,0.103159188,0.128420574
TCCATTAGTTGGATAG-1,0.075445061,-0.086904009,-0.130697997,0.112738679,0.156580001
TCCATTGTGACCTCGT-1,0.066358676,-0.162259856,-0.087783012,0.134706133,0.034988689
TCCCAAACAGACAACG-1,-0.227289165,-0.315244304,0.233866557,0.020991052,0.039947467
TCCCAAAGACGAAGGA-1,0.058122766,-0.210115458,-0.094938562,0.120113207,0.208987886
TCCCAAAGCCCTAAAT-1,0.105226137,-0.217752752,-0.143629547,0.163183768,0.057855015
TCCCACTCTCTTCCGG-1,-0.047245307,-0.207550167,0.01751271,0.06513985,0.134405428
TCCCAGCTTTAGTCTG-1,0.020147315,-0.202705748,-0.026687148,0.07998641,0.165034885
TCCCAGGCTTAGCTAA-1,-0.123564139,-0.300835507,0.130410033,-0.013712136,0.138293498
TCCCGCCTATGTGCGT-1,0.104248927,-0.220710733,-0.15403325,0.160379442,0.128073453
TCCCGCGTACTCCTGG-1,0.029487013,-0.205414354,-0.063957451,0.086838073,0.183621231
TCCCGGGTGTGCTGCT-1,-0.005891171,-0.146741139,0.025904881,0.013165551,0.12865917
TCCCGGTCAGGAATTT-1,0.073636263,-0.164227396,-0.129052174,0.131603422,0.195370207
TCCCGTCAGTCCCGCA-1,-0.071709954,-0.26832804,0.024924435,0.018602101,0.124224027
TCCCGTCGCGTCATAG-1,-0.097218388,-0.298982605,0.07962575,-0.078273046,0.098157894
TCCCTAGATCAATAGG-1,-0.215902436,-0.411888432,0.204407411,-0.036772212,-0.003824944
TCCCTCTTCTCAAGGG-1,-0.082266379,-0.209598497,0.045125943,-0.123851349,0.164626778
TCCCTGGCGTATTAAC-1,-0.001321731,-0.181122778,-0.058310724,0.086424345,0.163571798
TCCCTGGCTCGCTGGA-1,0.016807586,-0.134959676,-0.049329047,0.079092514,0.135772527
TCCCTTAGATTACTCG-1,-0.32882675,-0.380711432,0.306202189,-0.047981355,-0.002950779
TCCCTTGTCTGAAACT-1,0.090821759,-0.123097349,-0.125048974,0.118959561,0.234336645
TCCGAACTTGGCTTAC-1,-0.031555247,-0.221059747,0.015142484,-0.06336314,0.132955709
TCCGAAGTAGTCACCA-1,-0.148331662,-0.275817015,0.12185893,0.043791079,0.083324593
TCCGAATGGTCCTGAG-1,-0.04290589,-0.260705695,-0.01300759,0.089883213,0.093752714
TCCGACCGCTAATCAA-1,-0.151444252,-0.138651526,0.042619441,0.082131874,0.093007177
TCCGAGAAGGCTAAGC-1,0.060109063,-0.156515706,-0.10507092,0.132963796,0.184721471
TCCGATAATTGCCATA-1,0.050917783,-0.197141659,-0.080816308,0.130446269,0.077942759
TCCGATGACTGAGCTC-1,-0.054643194,-0.25836413,0.031299203,0.015912709,0.138760566
TCCGATGGTGCGACAT-1,-0.19440268,-0.253485773,0.111842289,0.002246713,0.01831374
TCCGATTACATTGCCG-1,0.01758438,-0.11791292,-0.013115837,0.040741606,0.128558151
TCCGCCTGTCTACAAG-1,-0.069635966,-0.254791695,0.102521462,-0.079561728,0.171658804
TCCGCGGCAGCATCTG-1,-0.387200327,-0.430100129,0.401487139,-0.102939372,-0.023399176
TCCGCGGCCCAATGAA-1,-0.002015491,-0.184905565,-0.01437901,0.077177196,0.197166256
TCCGCTGTCATCCCGG-1,-0.517777337,-0.439032622,0.511662743,-0.199603327,-0.081659989
TCCGGAGGAAGGGCTG-1,-0.161519425,-0.33612507,0.152345126,-0.020249981,0.066152677
TCCGGCCTAGCGTACA-1,-0.077971231,-0.254411666,0.054475,-0.01140925,0.109373513
TCCGGCCTGCATCGAT-1,0.100647216,-0.195782548,-0.122829326,0.155128504,0.135823901
TCCGGGCTTGACGGGA-1,0.003039312,-0.112716314,-0.051071963,0.105290817,0.157043485
TCCGTAACCACAATCC-1,0.060233241,-0.069749266,-0.081438299,0.074039805,0.137298156
TCCGTTAAGCTAATAT-1,-0.094633986,-0.227059882,0.048079528,0.053049689,0.129779999
TCCGTTTAGCCTTGAA-1,-0.076348525,-0.372785016,0.112258974,-0.000954174,0.152120935
TCCTAAAGATTCAGAC-1,0.036159363,-0.141646804,-0.124681985,0.173502083,0.173882334
TCCTAAATTGGGAAGC-1,0.05599654,-0.128307104,-0.068770249,0.091712567,0.134408039
TCCTAACCGTCGGGCA-1,-0.026370576,-0.200275316,0.002447648,0.082738872,0.204486413
TCCTAGCAAAGAAGCT-1,-0.01420848,-0.213325864,0.035811374,0.022110456,0.154273776
TCCTATCATAGGTAAC-1,-0.143547987,-0.352797064,0.155235992,-0.101848924,0.102259687
TCCTCCTAAGACATTC-1,-0.110677936,-0.324635435,0.122769592,-0.165970482,0.142559587
TCCTCGGGCTGGGCTT-1,-0.208856715,-0.321793953,0.223828437,-0.10470748,0.081760925
TCCTCTACGAGATGGC-1,-0.132043411,-0.331415774,0.156194903,-0.021645321,0.125533458
TCCTCTCCAGTTGTCC-1,-0.108764843,-0.31828956,0.165544138,-0.049341948,0.196538763
TCCTCTGGCCCATTAG-1,-0.118841997,-0.284211115,0.104857797,0.032146643,0.108208027
TCCTGCCAACTGGAGA-1,-0.185258513,-0.260323143,0.16882985,-0.001814315,0.070730198
TCCTGCGTTGATACTC-1,0.026886889,-0.128898535,-0.02424014,0.040432618,0.145998519
TCCTGGCGCTGCCTGG-1,-0.13394934,-0.286674219,0.12390659,0.000713286,0.075151037
TCCTTACGACGGTCCG-1,-0.323142797,-0.377540054,0.323276706,-0.102113472,0.030770132
TCCTTCAGTGGTCGAA-1,-0.109246325,-0.310827557,0.11548693,-0.140698071,0.114947566
TCCTTGTCCTTTAATT-1,0.022978118,-0.169212899,-0.051045393,0.091506125,0.192288751
TCCTTTAAATCCGCTT-1,0.010607073,-0.201848254,-0.028910642,0.098166645,0.191757581
TCCTTTCTTACGCTTA-1,0.046830876,-0.180282876,-0.086911344,0.109622452,0.190862566
TCGAAATTTAGGACCA-1,0.048432359,-0.253944106,-0.065435122,0.104531894,0.211296185
TCGAAGAACCGAGCAC-1,0.086533238,-0.183146527,-0.124015675,0.133590762,0.074280839
TCGAATATCCCGCAGG-1,0.034339078,-0.163590419,-0.062165922,0.082426845,0.198026862
TCGACAACTGAACCCG-1,-0.020677724,-0.180049612,-0.03339415,0.087798211,0.161955863
TCGACTGACGATGGCT-1,-0.117790863,-0.207766211,0.084940976,0.023385395,0.1132588
TCGAGACCAACACCGT-1,0.039558088,-0.125184328,-0.036652132,0.052824962,0.137903792
TCGAGCCAGGCAGGCC-1,-0.006651665,-0.236571565,0.012950556,0.054642032,0.219557125
TCGAGGGCAACAGACG-1,-0.053485635,-0.324743547,0.050399241,0.032170917,0.167254572
TCGATAGGCTAGTCGC-1,0.036396816,-0.172242554,-0.065933301,0.095247769,0.171983575
TCGCACCAGGAGGCAG-1,-0.412910241,-0.300276239,0.315333662,-0.219910802,-0.110567807
TCGCATAAAGGGCGCA-1,-0.093933128,-0.157275697,0.016388927,0.046439558,0.091781887
TCGCATCCCTAAGTGT-1,0.105316281,-0.040118786,-0.152387082,0.096418479,0.147696929
TCGCATTCAATGACTT-1,0.117711332,-0.135685998,-0.190311872,0.167697206,0.186763168
TCGCCCAACTGACTCC-1,-0.123737862,-0.296174323,0.15631109,-0.025864838,0.139331565
TCGCCGAAGTTGCGTC-1,0.069177398,-0.138683623,-0.094133717,0.094984328,0.185919148
TCGCCGACATATTCGC-1,-0.022102594,-0.133221169,-0.026481264,0.112961311,0.153377914
TCGCCGGTCGATCCGT-1,0.012002909,-0.154322635,-0.051871273,0.087754925,0.094054676
TCGCCTCCTTCGGCTC-1,-0.005324122,-0.165355278,-0.054593516,0.143355392,0.189867046
TCGCGCGTTTACATGA-1,-0.153199031,-0.138092541,0.064611674,0.083061779,0.098374941
TCGCGTAGCAGTGTCC-1,-0.068340966,-0.184253125,0.029488606,0.043503065,0.04247371
TCGCGTCCAGAAGGTC-1,0.100459655,-0.140637028,-0.122247773,0.079906664,0.160506978
TCGCTAAACCGCTATC-1,-0.378202218,-0.48474836,0.42004149,-0.258796986,0.005952092
TCGCTACTGGCTTTGA-1,-0.044645986,-0.212748925,0.02166087,0.075249343,0.184102099
TCGCTCGATATATTCC-1,-0.174036402,-0.23631339,0.065426184,0.077780379,-0.007481113
TCGCTCGGCACCAGCG-1,-0.144692567,-0.366520141,0.166787953,0.028162985,0.107999333
TCGCTGCCAATGCTGT-1,-0.050551894,-0.134295656,0.010545548,0.081660443,0.152176483
TCGCTGGGCGGATTGT-1,0.06880077,-0.178021598,-0.117205781,0.106180203,0.192484065
TCGCTGTGCGTAAATC-1,0.093391643,-0.098596002,-0.127252382,0.095758539,0.16621738
TCGCTTAATTACGAAG-1,-0.238857977,-0.346887137,0.199129559,0.039479777,0.026707453
TCGCTTTAAACGTTTG-1,-0.32658478,-0.478069388,0.417912589,-0.10371184,0.085854897
TCGGAATGACCATCAA-1,0.12312495,-0.160740029,-0.144422272,0.148864957,0.071990148
TCGGAATGCGCTCTGA-1,0.048707055,-0.136341978,-0.043986897,0.052078407,0.148480053
TCGGACGCCCAGCCCA-1,0.026711147,-0.171557499,-0.033940796,0.070744564,0.168122733
TCGGAGAGTATCGGGA-1,-0.015801861,-0.307270012,-0.002458332,0.090484829,0.193107938
TCGGAGTACATGAGTA-1,-0.259505707,-0.308746805,0.189262491,-0.135990944,0.014642104
TCGGCGAACCCAAACC-1,-0.329431975,-0.42892112,0.410312974,-0.154344873,0.055269429
TCGGCGTACTGCACAA-1,-0.082439888,-0.309014272,0.100525112,-0.041279245,0.172207742
TCGGCTAACTTCCCTT-1,0.108841999,-0.19708003,-0.129618432,0.158146699,0.125971006
TCGGCTTGTATCGACG-1,0.033928606,-0.169776922,-0.056534375,0.053530291,0.198268601
TCGGGAACGTGCCTAG-1,0.064340011,-0.135552928,-0.11232112,0.122957473,0.130075971
TCGGGAGACAGCGTAC-1,0.025660009,-0.241023056,-0.027737065,0.092672867,0.171324812
TCGGGATTCAAACATA-1,-0.155848278,-0.308422489,0.132518201,-0.018643282,0.069309529
TCGGGCCGTCGTGGTA-1,0.011653159,-0.223434733,-0.047395068,0.055913433,0.206768546
TCGGGTGAAACTGCTA-1,0.059241838,-0.189886193,-0.105442681,0.138895105,0.18087558
TCGGTCCCGACAATAG-1,0.036189131,-0.182072609,-0.067150525,0.089009077,0.212448176
TCGGTCCCTGACTCCA-1,-0.107817267,-0.307949657,0.083656389,0.051733486,0.105030605
TCGGTGACCGCTCCGG-1,-0.170725477,-0.303150075,0.159727466,0.038180014,0.081253541
TCGGTTAGCCATGTAG-1,0.03458161,-0.215898707,-0.060667851,0.106700669,0.143126598
TCGTAAGACGACATTG-1,0.064437091,-0.215693085,-0.106567141,0.119243298,0.216945388
TCGTAAGCTCCGAGGA-1,-0.261945463,-0.405417731,0.313039116,-0.012772193,0.095421227
TCGTACCGACGTCAAG-1,-0.076466994,-0.189833206,0.037168798,0.012190761,0.140193972
TCGTATAGTGCAATTA-1,0.094144585,-0.126951611,-0.130185065,0.119736598,0.154913572
TCGTATTACCCATTGC-1,0.06063665,-0.11908425,-0.095141992,0.100684997,0.160831853
TCGTATTTCGTCCGGA-1,0.113490578,-0.15522303,-0.145617,0.148517353,0.130363123
TCGTCAAGTACGCGCA-1,-0.018049963,-0.288365036,0.025751417,0.079592633,0.222821639
TCGTCACACTGTTAGC-1,-0.070378849,-0.269096499,0.091404403,-0.035954369,0.133700956
TCGTCCGCTGGCGTCT-1,-0.244014325,-0.402566851,0.304404093,-0.143326022,0.087287629
TCGTCCGGGTACACTC-1,-0.037076265,-0.255237187,0.066967383,0.102185824,0.187587845
TCGTCTTAGGCGTTAA-1,0.006732449,-0.260790758,-0.003607743,0.085609163,0.214592317
TCGTGTATTGGTCACG-1,-0.296227404,-0.381176216,0.387279259,-0.141164504,0.04895093
TCGTGTCACGCTGACA-1,0.000551437,-0.220620759,-0.038547926,0.076255103,0.170083672
TCGTGTTCGACCACAA-1,0.030574509,-0.269306541,-0.046603108,-0.012453375,0.113692308
TCGTTCGTTATTATGT-1,0.063247674,-0.210057919,-0.080590117,0.097450062,0.142654742
TCGTTGGCTCGTCAAT-1,0.044070149,-0.200916902,-0.074737194,0.111776195,0.214556671
TCGTTTACGCGACCCT-1,0.074990591,-0.108337414,-0.138409608,0.145328967,0.212116258
TCTAAAGAACAGTCTC-1,-0.253163707,-0.391352135,0.284946576,-0.058129633,0.061043863
TCTAACCTAGCCTGCG-1,0.061563593,-0.08640408,-0.113311917,0.128588804,0.182201126
TCTAATACTGCCTCAG-1,-0.041184637,-0.167242615,0.002941663,0.057793323,0.173625031
TCTACACGTTCATGCA-1,0.035043169,-0.267184255,-0.074537135,0.114809154,0.1630063
TCTACCCAATAGAGAG-1,0.115836417,-0.195688667,-0.139751329,0.133129672,0.11042662
TCTACCCGCATCATTT-1,0.027584012,-0.120137148,-0.078026908,0.112618064,0.185037795
TCTACCGTCCACAAGC-1,0.09765607,-0.202260422,-0.143826206,0.122449386,0.230938811
TCTACGGGCTCAGTTG-1,-0.086093156,-0.21245072,0.052623667,0.105822362,0.087215528
TCTAGCAATCTCCGCC-1,0.079212149,-0.112935479,-0.106731732,0.085860027,0.166929832
TCTAGCATCTTCGATG-1,-0.235011427,-0.382150997,0.28844527,-0.126033829,0.07507985
TCTAGCATGCCCAGAA-1,-0.236277461,-0.238883859,0.133155369,0.04707154,-0.015186531
TCTAGGTGGCGACGCT-1,0.010678608,-0.254600401,-0.066788703,-0.001454132,0.108876992
TCTAGTGATATCGTGG-1,-0.038791494,-0.313251541,0.033795366,0.111807523,0.104629762
TCTAGTTATCAGAAGA-1,-0.019175953,-0.184945462,0.042217951,0.022471882,0.149316424
TCTATAGGTGGGTAAT-1,0.029551607,-0.133473863,-0.0496916,0.082855817,0.212007212
TCTATCATGCAGTTAC-1,0.064681914,-0.129763739,-0.094155993,0.091348266,0.175177786
TCTATCCGATTGCACA-1,-0.023624143,-0.189177972,-0.013036025,0.090693637,0.204249934
TCTATCGGTCGCAACA-1,0.027741826,-0.221226236,-0.052345991,0.095485046,0.146710959
TCTATGCTATAACGAC-1,-0.040905758,-0.156017025,-0.01559553,0.084393583,0.146086758
TCTATTACGCTGGCGA-1,0.108173329,-0.056022472,-0.160554886,0.118341952,0.151391715
TCTATTACTAGAGGAT-1,-0.080712159,-0.250275203,0.05884365,0.02104909,0.093381963
TCTCAAATCAATCGGG-1,-0.089305756,-0.184605206,0.001764788,0.139958865,0.137756043
TCTCAGGCTACTCGCT-1,-0.004940218,-0.149702072,-0.036469222,0.090532509,0.171013207
TCTCATGAGATAGGGT-1,-0.195772043,-0.360436826,0.187251568,-0.159953162,0.083150976
TCTCCAACGTAGGTTA-1,-0.179962242,-0.349651857,0.17690819,-0.26654898,0.075842478
TCTCCACAAGTTGAAT-1,-0.004356743,-0.107437759,-0.061941294,0.112115377,0.147301333
TCTCCCTGGGCAGCGT-1,-0.032029265,-0.292945591,0.062341513,-0.032980624,0.135772328
TCTCGAACGAGGTCAC-1,-0.331186176,-0.377816072,0.362834049,-0.023519551,0.02711571
TCTCGACGTATCGCCG-1,-0.141089715,-0.335883806,0.168061565,0.007932004,0.059449366
TCTCGAGGAGGTTCGC-1,-0.273022714,-0.408625265,0.299493848,-0.200257757,0.047254926
TCTCGGCTCCAGGACT-1,0.075202109,-0.149092885,-0.116166044,0.115076943,0.169388106
TCTCTAATAGCTGGTA-1,0.087756783,-0.097230709,-0.133283486,0.107857068,0.163140466
TCTCTCGCCGCACATA-1,-0.436628807,-0.336723726,0.346258149,-0.151203948,-0.135331882
TCTCTTACCGCGAACC-1,-0.251775456,-0.214129774,0.172101679,0.026897834,0.025640177
TCTGAACCGGTCGGCT-1,-0.26874145,-0.400412252,0.340302837,-0.26175681,0.122158414
TCTGAACTCGTACCCG-1,-0.253945512,-0.309350078,0.231727605,-0.299135943,0.023118274
TCTGAAGCACGTGGTC-1,-0.035022087,-0.193958506,0.005943616,-0.034232959,0.152882068
TCTGAATTCCGTACAA-1,-0.103240097,-0.351537765,0.126575289,-0.052089107,0.155907361
TCTGACGGGCTAACCC-1,-0.165470896,-0.334702789,0.20357593,-0.164458903,0.124481735
TCTGACTGTAATGGTT-1,0.050502168,-0.238707216,-0.079478893,0.117644729,0.219372726
TCTGAGCAATTGACTG-1,-0.235572549,-0.315867823,0.21177407,-0.131335758,0.05430685
TCTGATCGGGTGCTAG-1,0.127684765,-0.160902101,-0.152403717,0.149934775,0.097099282
TCTGATGTATTCTGTC-1,-0.101558711,-0.335859408,0.109106366,0.024070269,0.177225775
TCTGCATACCTTGCTT-1,0.102255856,-0.085950311,-0.155514456,0.11802465,0.203706135
TCTGCCAGAAACTGCA-1,-0.030958591,-0.24831774,-0.025323415,-0.033755763,0.150077762
TCTGCGAATCGTTCGC-1,-0.111221482,-0.228375894,0.044142605,0.067262675,0.055784823
TCTGCGTCCGGTTTCT-1,0.079949416,-0.172453264,-0.11554264,0.108796674,0.193937244
TCTGGGAACCTTTGAA-1,0.126129717,-0.190162128,-0.174985321,0.177334263,0.112395427
TCTGGGTAGCGCTCAT-1,0.043590746,-0.100485951,-0.059352288,0.068750778,0.145080639
TCTGTCATACAAGAGC-1,0.090680911,-0.126612486,-0.152383627,0.147222895,0.173325497
TCTGTGATGGAGGTTG-1,0.03795069,-0.313239201,-0.069942209,0.152483923,0.114636165
TCTGTGCCATCATAGT-1,-0.258383399,-0.442712152,0.347373274,-0.112671545,0.101094488
TCTGTTACCCAGCATA-1,-0.248148258,-0.335775258,0.177150881,-0.015205118,-0.01825003
TCTTACAGAGGTACCG-1,0.073846792,-0.112883074,-0.115987618,0.101285287,0.151487143
TCTTACCGGAACTCGT-1,-0.052910011,-0.253101283,0.015789231,-0.060181077,0.089737845
TCTTACGGCATCCGAC-1,-0.146978364,-0.355410429,0.168749691,0.007954856,0.140572189
TCTTACTTATGCCTCT-1,-0.260053967,-0.409261056,0.300464046,-0.070554151,0.080445392
TCTTAGAGCTCCAATT-1,0.122154955,-0.212890773,-0.165606535,0.199763428,0.126111921
TCTTAGAGTGAACTCT-1,0.089528619,-0.1970535,-0.124446642,0.165514259,0.130279406
TCTTATGGGTAGTACC-1,0.086115677,-0.206544542,-0.131887194,0.178896742,0.202708524
TCTTCCCATGGGCACA-1,-0.007399216,-0.219965438,-0.0074927,-0.008207995,0.173779888
TCTTCGAATAGACGTT-1,0.0418512,-0.155997447,-0.045945452,0.065391012,0.170599284
TCTTCGATACCAATAA-1,0.100804979,-0.106937155,-0.138967209,0.109424789,0.178715374
TCTTCGCGGTGAGAGG-1,0.103325669,-0.152390095,-0.138096659,0.141090105,0.152763207
TCTTCTATAACCCGCC-1,-0.370878508,-0.153208948,0.167285618,0.10557019,-0.263879732
TCTTGATGCGTAGCGA-1,0.014823772,-0.225659848,-0.013229155,-0.014561521,0.185619258
TCTTGCTCCCGATACT-1,-0.186391232,-0.331021429,0.201137401,0.019008787,0.116259874
TCTTGGTAACACCAAA-1,0.00012209,-0.263696699,-0.025577261,0.112980548,0.158644676
TCTTTAAGACTATGAA-1,0.005411983,-0.233011902,-0.032817197,-0.049095842,0.157947143
TCTTTAGAGTCTAACA-1,-0.403132254,-0.44510272,0.432136223,-0.486914005,-0.010939018
TCTTTAGCAGGCGAAC-1,0.12006209,-0.154012905,-0.146682998,0.153528926,0.051269536
TCTTTCTCTTAAGGAG-1,0.11136743,-0.174755921,-0.131408089,0.151139105,0.079668259
TGAAACTTATGCAAGC-1,0.105360573,-0.178964817,-0.125212152,0.147978478,0.067689581
TGAAAGGACCTGACTC-1,-0.172479765,-0.398559416,0.250347855,-0.076272835,0.150203886
TGAACAAGCAGGGACT-1,-0.170191332,-0.119524907,0.031427379,0.104530869,0.038397659
TGAATACCGACGCGTA-1,0.019213293,-0.190239652,-0.063138095,0.141092245,0.220322866
TGAATATGCTATAAAC-1,-0.245961097,-0.309566152,0.191155431,0.031081304,-0.028661072
TGAATGAGTGTTTCCC-1,-0.046487385,-0.140878721,-0.001011826,0.019363954,0.113085376
TGAATGTCAGCCGGCC-1,0.016481031,-0.217324105,-0.030850405,0.05237352,0.08724996
TGACACTTCTCTTTGC-1,-0.170828544,-0.299605941,0.157342787,-0.198984827,0.059494095
TGACATCGAGCGGACC-1,0.121395273,-0.166471445,-0.150413428,0.160544843,0.085149458
TGACATGTAACGTGAC-1,-0.254576404,-0.346716925,0.262609231,-0.203676991,0.120096089
TGACCAAATCTTAAAC-1,-0.007409024,-0.209470601,0.005441745,0.064241023,0.16179738
TGACCAGCTTCAAAGT-1,-0.015600453,-0.285470654,0.022476099,0.065962655,0.183454949
TGACCCACGTTAGACA-1,0.039124452,-0.169548533,-0.045512798,0.062297077,0.150438232
TGACGAATATTTCCCT-1,0.005380511,-0.238889637,-0.006731062,0.066240801,0.21134993
TGACGATGCACTAGAA-1,-0.052035666,-0.324128276,0.041308195,-0.041739003,0.134022199
TGACTATAATCCTTTC-1,-0.105135926,-0.295911071,0.09195056,0.078935458,0.130487637
TGACTCCGAATCATAC-1,-0.229753082,-0.157861984,0.103245083,0.081190681,0.030393272
TGAGAATGCTTTACCG-1,0.082732459,-0.166904048,-0.107381975,0.110094242,0.099105966
TGAGAGATTTACCACG-1,-0.083244242,-0.24994006,0.029714484,0.033794084,0.126500235
TGAGATCAAATACTCA-1,0.101048512,-0.197016492,-0.127433321,0.180481525,0.059973499
TGAGATTAGGCCCTAA-1,-0.130031286,-0.251621999,0.080864311,0.028937223,0.042059473
TGAGCAGTCGTGAAGT-1,0.089223809,-0.141624534,-0.136579621,0.135618545,0.160363294
TGAGCCATACAGTCTC-1,0.023936439,-0.17983984,-0.02861409,0.068210979,0.165983253
TGAGCGGAAAGTGTTC-1,0.061137907,-0.151132126,-0.08302022,0.103629828,0.106537596
TGAGCTTTAATGACGC-1,-0.298070126,-0.453071594,0.349265106,-0.12907323,0.079234502
TGAGGAGTGCCAGCTT-1,-0.003208541,-0.194045995,0.041719786,0.0400435,0.156877605
TGAGGTGTGTGGCGGA-1,0.005546637,-0.159550084,-0.048086474,0.037159366,0.166996103
TGAGTAAATTAGCGTA-1,0.012620728,-0.248148642,-0.028343852,0.095849562,0.209209733
TGAGTGCCTCTTAAAT-1,-0.003405874,-0.167352981,-0.000768799,0.038449422,0.144958167
TGAGTGGTCCGTGACG-1,-0.24336074,-0.402234596,0.322486778,-0.092842139,0.057688912
TGAGTGTAACAACGGG-1,0.054924292,-0.142103446,-0.071220164,0.102559022,0.188711331
TGAGTTAAAGACATTC-1,-0.225963689,-0.392007731,0.260473919,-0.092065963,0.063849443
TGATAGCGGGATTCTA-1,-0.090822857,-0.28302419,0.049932483,0.020364365,0.045193841
TGATCACCACACTGAC-1,0.001639794,-0.136854653,-0.058889412,0.089310186,0.158828223
TGATCAGGGAACTGCT-1,-0.16051186,-0.244893558,0.138806707,-0.079990263,0.106052847
TGATCCCAGCATTAGT-1,0.01977937,-0.245817696,-0.027385123,0.037954547,0.178337203
TGATCGGTTTGACCCT-1,0.107210555,-0.164095721,-0.14248578,0.109660987,0.216034555
TGATCTACGCTGATCT-1,-0.238318508,-0.433580117,0.281608184,-0.054010201,0.121514876
TGATCTATCACACTCT-1,0.024835137,-0.148531227,-0.089269607,0.149978189,0.205484761
TGATCTCCGGCGCCAG-1,0.073722082,-0.168320805,-0.102723653,0.098834315,0.180912911
TGATGGCTGTTTCTGA-1,-0.160846662,-0.325871402,0.119818801,-0.075540617,0.063128971
TGATGTCAATTAAGTG-1,-0.314905733,-0.310906877,0.29272798,-0.13899435,0.048579324
TGATTATGGCACGCAG-1,-0.115435173,-0.213866412,0.063025816,0.04269463,0.046677109
TGATTCCCGGTTACCT-1,-0.132635771,-0.206449512,0.091450894,0.058952052,0.132521151
TGATTCGTCTATCACT-1,-0.012588198,-0.183917259,0.011097139,0.048312471,0.143833057
TGATTCTGTCGCCGGT-1,-0.082519682,-0.281758109,0.079881983,-0.05842214,0.129669681
TGATTTATTAGCTGTG-1,0.034977713,-0.184932084,-0.017762912,0.038385348,0.190428503
TGATTTCCTCCTGACG-1,0.085102723,-0.099601636,-0.127796077,0.109215812,0.149153537
TGCAAAGTTCGTCTGT-1,0.011622982,-0.226599039,-0.053855255,0.135907918,0.227218181
TGCAACCCATCTGCGG-1,-0.040279373,-0.225906655,0.046638239,0.035557937,0.169024429
TGCAACTACTGGTTGA-1,-0.076636911,-0.168377017,0.018128893,0.079458588,0.148637109
TGCAAGAATGACGTAA-1,0.081399984,-0.169031238,-0.128249822,0.11872353,0.18898479
TGCAATCTAACACGGT-1,-0.149554295,-0.122269719,0.04817025,0.082940774,0.068853137
TGCAATTTGGGCACGG-1,-0.32940178,-0.474823498,0.437776711,-0.186143878,0.092654734
TGCACAGTGAAGTTAT-1,-0.167520208,-0.342356737,0.208547351,-0.052555342,0.096274737
TGCACGAGTCGGCAGC-1,0.073557637,-0.242291079,-0.102389016,0.159053135,0.16405961
TGCAGAACTATATCGT-1,-0.074409726,-0.226568403,0.054939767,-0.023556744,0.109145465
TGCAGAGTACCGAGCA-1,0.002829167,-0.189958867,0.015309834,0.024076838,0.167688283
TGCAGATCGTCCTAGG-1,-0.147093249,-0.334955234,0.162879714,-0.043999016,0.088329353
TGCAGCTACGTACTTC-1,-0.112441819,-0.222404144,0.055351472,-0.000757517,0.044472637
TGCAGGATCGGCAAAG-1,-0.050062396,-0.273312286,0.045345173,0.013800755,0.186842738
TGCAGTGAGGCTCGGG-1,-0.128106853,-0.260410176,0.098755436,0.081912146,0.058872997
TGCAGTGGTAGGGAAC-1,0.035858119,-0.129403925,-0.071021489,0.080245423,0.177243717
TGCAGTTTCCTCCCAT-1,0.050137934,-0.182738502,-0.091413122,0.080952653,0.205104049
TGCATATGTCTGTCAC-1,-0.35728244,-0.309659581,0.302141165,-0.422946964,-0.083515641
TGCATGGATCGGATCT-1,-0.034160375,-0.261306851,0.001807072,0.061920725,0.134163846
TGCATGTGACCCATAG-1,-0.124513604,-0.156021714,0.053370787,0.051300608,0.090567466
TGCATGTGGTAATCTA-1,-0.17388415,-0.365914399,0.238886207,-0.064801041,0.142784128
TGCCAAAGTCAGACTT-1,-0.107455735,-0.290163627,0.114796358,-0.013325174,0.12731134
TGCCACCTGGCGAAAC-1,-0.250562461,-0.341616593,0.248408144,-0.239003672,0.048496434
TGCCAGTACGTGGAGA-1,-0.125977171,-0.351263908,0.150778669,-0.029693867,0.158445669
TGCCATTACTAAAGAA-1,-0.446000817,-0.424915533,0.446835176,-0.229156548,-0.052902198
TGCCCGATAGTTAGAA-1,0.028614319,-0.147767499,-0.070218973,0.095430374,0.215196572
TGCCGAAAGCGTATTC-1,0.11791033,-0.165599003,-0.157090436,0.154035354,0.120271016
TGCCGGATGTACGAGC-1,-0.114413888,-0.109240576,-0.007989432,0.095388965,0.062571173
TGCCGTGGATCGTCCT-1,-0.021240462,-0.250529457,0.050885863,0.038197388,0.189414014
TGCCGTGGGACCCAAT-1,-0.133203734,-0.240551262,0.081312054,-0.06091459,0.097055037
TGCCTAATTGAAGATT-1,0.075391214,-0.192107285,-0.113006961,0.129305896,0.075664466
TGCCTGACATCGGTCA-1,-0.296892072,-0.421714181,0.343719548,-0.159459971,0.051371022
TGCCTGATCAAACGAT-1,-0.121849093,-0.311656532,0.122997895,-0.033706961,0.127467974
TGCCTTGGCCAGGCAA-1,-0.30100286,-0.325515891,0.219543345,0.041974027,0.015661966
TGCGAATATGGGATTT-1,-0.115095436,-0.326745664,0.117166911,-0.070689423,0.108501749
TGCGACACCCTAGTGC-1,0.023254654,-0.207957974,-0.032056562,0.068432901,0.180247163
TGCGACGGCCGAACGT-1,0.077028009,-0.13547123,-0.131750048,0.138782305,0.227648515
TGCGAGAATATTACCC-1,-0.059395506,-0.272648037,0.04840654,0.010378087,0.15237423
TGCGAGATGGCGGCCA-1,-0.090181712,-0.314258417,0.130450053,-0.000133519,0.172289961
TGCGAGCCCTTCCGCG-1,-0.101482141,-0.244901774,0.10052104,0.046506649,0.118184489
TGCGCAAAGCATTTGG-1,0.076797418,-0.17123193,-0.121350136,0.116926759,0.173360271
TGCGCGATTAACGGAG-1,0.082896194,-0.219512583,-0.101078764,0.085318428,0.214801681
TGCGGACTTGACTCCG-1,0.10362403,-0.061256137,-0.156295413,0.130533208,0.184823944
TGCGGAGTAAAGGTGC-1,-0.047105306,-0.288653388,0.007936782,0.02997291,0.117791358
TGCGGCATAGTTCAAC-1,0.016002262,-0.187986884,-0.027451693,0.07175968,0.167661278
TGCGGGTATTGGGATC-1,0.116532062,-0.17961969,-0.145104953,0.143415631,0.14220117
TGCGGTGAAATTTCAT-1,-0.016198047,-0.253932733,0.003661007,0.079816441,0.131612837
TGCGTAAGAACCTGAT-1,-0.154423749,-0.28332472,0.156222873,-0.043517687,0.107826655
TGCGTACGGCTAATTG-1,0.107777396,-0.052344871,-0.153222003,0.130352865,0.182014289
TGCGTCATGACTGAGC-1,-0.081307206,-0.271582807,0.06276575,-0.054959109,0.115266163
TGCGTGATTGGGTGTC-1,0.089914029,-0.045522781,-0.1276736,0.08712863,0.121758558
TGCGTTTGTTGACACT-1,-0.055156952,-0.274333204,0.019415374,0.068837548,0.138693382
TGCTAAGTGTCTATTT-1,0.011565406,-0.162959538,-0.056338091,0.100807393,0.2078163
TGCTATACAAACGGAC-1,0.053173162,-0.208796825,-0.088007664,0.125480336,0.178988053
TGCTATGGCAAAGGGA-1,-0.021171713,-0.090545326,-0.065022043,0.091926823,0.160480497
TGCTCCACAGTTCTTA-1,-0.157171793,-0.320915645,0.139777508,-0.111734026,0.087439361
TGCTCGGCGAAACCCA-1,0.041179462,-0.144548946,-0.048502847,0.058624627,0.184273611
TGCTCGGTGGGTCACC-1,-0.073570893,-0.133834411,-0.01511895,0.095908924,0.099715877
TGCTCTTGAGAGTTTG-1,-0.00219338,-0.219726396,-0.045776171,0.133915954,0.209814329
TGCTGGTTGGACAATT-1,-0.018473177,-0.268912292,0.055776676,0.058624046,0.112368427
TGCTGTTGAAGAACTC-1,0.022973927,-0.145714809,-0.029056512,0.030600823,0.159619004
TGCTTAGAGAGAATGC-1,-0.007701021,-0.163934279,-0.030611817,0.073809966,0.164886543
TGCTTCCCAAGCAGTA-1,0.004158047,-0.227537349,-0.008001813,0.103062786,0.189039509
TGCTTGAAACCATGCA-1,0.108162951,-0.104646424,-0.153491883,0.105729095,0.173074188
TGGAAACGGAGTGAAC-1,0.018699631,-0.235817638,-0.037285666,0.082731177,0.196510072
TGGAACCACTGACACA-1,-0.194798972,-0.281918901,0.160371349,0.021756545,0.055411736
TGGAAGAAGGGAACGT-1,0.019455453,-0.15676015,-0.006263217,0.041067952,0.146519036
TGGAAGACGAACACCA-1,0.047550298,-0.169250784,-0.087106295,-0.014192376,0.164705136
TGGAAGGATAAAGATG-1,-0.052550269,-0.289544506,0.033996934,-0.088334269,0.150722328
TGGAATATCCTTGACC-1,-0.086631278,-0.325294389,0.108082091,-0.000999289,0.110968134
TGGAATTAGACGCTTT-1,-0.021917815,-0.23589148,0.040416077,-0.022515135,0.141118375
TGGACCAATCTAAGAT-1,-0.097196808,-0.285036334,0.111855291,-0.106886726,0.16307895
TGGACCACGGCGTTGA-1,-6.05E-05,-0.236947638,-0.017621739,0.083902891,0.206681768
TGGACGCAATCCAGCC-1,0.029985059,-0.174672368,-0.070096055,0.079444324,0.167854972
TGGACTGTTCGCTCAA-1,-0.05009053,-0.235220192,0.073532879,0.026223157,0.144663235
TGGAGAATAATCGTCC-1,-0.038557847,-0.109242305,-0.024449238,0.085340074,0.191405885
TGGAGCTAAAGTTCCC-1,0.086333308,-0.213524283,-0.09688484,0.162639932,0.055637755
TGGAGGGAAACACCTC-1,-0.291090989,-0.344322892,0.278300672,0.024165517,0.016793221
TGGAGTGATGCGATGA-1,0.02621313,-0.251722739,-0.032855994,0.082602229,0.201207154
TGGATAGAGTAACAGA-1,-0.10209319,-0.316640466,0.111228696,0.024792239,0.144143084
TGGCAAACTAAATTAC-1,-0.349691114,-0.273626907,0.239928598,-0.202335456,-0.08080528
TGGCAACTCGCGCGCC-1,-0.368797526,-0.512581932,0.505341778,-0.192109624,0.073565995
TGGCAAGCACAAGTCG-1,-0.237984116,-0.299668992,0.248564853,-0.03785831,0.103677064
TGGCAATGGGACGGCG-1,-0.092329763,-0.287629623,0.046795601,-0.040649641,0.078538437
TGGCACGAGCTCGAGT-1,0.040311716,-0.295212871,-0.076583399,0.167516527,0.190233273
TGGCAGATTACGATCA-1,-0.01416955,-0.212796059,0.016894812,0.04796919,0.154667159
TGGCAGCAGTAATAGT-1,-0.006874083,-0.237731141,0.016724476,0.034156463,0.164234725
TGGCATGAAGTTTGGG-1,-0.293249071,-0.305754508,0.265900027,-0.155980166,0.057077216
TGGCCAAACTGAAGTA-1,-0.11133913,-0.301856514,0.077208968,0.068397002,0.131170643
TGGCCAATTTGGTACT-1,-0.052654494,-0.316219125,0.060446748,-0.048975244,0.10561288
TGGCCGTATATTGACC-1,0.059527372,-0.222527712,-0.068741656,0.064401964,0.211207021
TGGCGGTGTGCGATTG-1,0.110939935,-0.093566666,-0.175313526,0.163833032,0.174843274
TGGCTACACTCTACCT-1,0.11521241,-0.07621676,-0.163780881,0.126174239,0.215960918
TGGCTATGTGACATAC-1,-0.086853034,-0.295365811,0.108150717,-0.014317893,0.126505962
TGGCTCTTGTCGCGTA-1,-0.108814597,-0.270810481,0.064594419,0.059224087,0.092214656
TGGCTTGTACAAGCTT-1,-0.197505645,-0.238747753,0.120065958,-0.05592537,0.021873442
TGGCTTTGGGTAGACA-1,0.021618169,-0.191905842,-0.034426696,0.045825682,0.140162396
TGGGAAATGCCTTTCC-1,-0.008495317,-0.154329886,0.024974154,0.0294763,0.155356152
TGGGATGCACTCATTC-1,-0.276098851,-0.447022169,0.356006676,-0.21174684,0.114581488
TGGGCAATAGTTGGGT-1,-0.221414224,-0.259200949,0.137157895,0.006714247,-0.072102795
TGGGCACAAACAGAAC-1,0.11693033,-0.119210642,-0.17131597,0.125265211,0.18121077
TGGGCACGTTCTATGG-1,-0.043010725,-0.295858239,0.026117589,-0.028261317,0.068580812
TGGGCAGGCCACCGCA-1,-0.21859752,-0.39172161,0.240266411,-0.159298598,0.092333814
TGGGCCACAAGAGCGC-1,-0.210783357,-0.349862772,0.221380542,-0.232251025,0.086123129
TGGGCCCATACTAATT-1,-0.269212359,-0.365620528,0.278408021,-0.10316547,0.080336548
TGGGCGATACAATAAG-1,-0.229350971,-0.354462699,0.253581667,-0.135818176,0.098001616
TGGGTAAGGTTCCCGC-1,-0.281949135,-0.298992134,0.198755594,0.053449983,-0.067051373
TGGGTGCACAAGCCAT-1,-0.011245756,-0.196940583,-0.041322635,0.137429214,0.196056509
TGGGTGGGATGTCATT-1,-0.085119445,-0.218161303,0.061212025,-0.016786915,0.10090522
TGGGTGTAATAGATTT-1,0.117580586,-0.049382112,-0.16729233,0.144104372,0.182114633
TGGGTGTTAAGTAGAA-1,-0.217441822,-0.304476942,0.208800632,-0.029410747,0.093093975
TGGGTTTCGGGCGTAC-1,-0.002517533,-0.081516185,-0.077025608,0.100495765,0.172988822
TGGTAAGCAGGATTGA-1,-0.032376635,-0.238064709,0.020154763,0.020262603,0.158551649
TGGTAGAATATATGGG-1,-0.25337373,-0.435225364,0.333922399,-0.259810442,0.102649084
TGGTATCGCATCCCAA-1,0.093184842,-0.153875114,-0.109428798,0.143148064,0.018396779
TGGTATCGGTCTGTAT-1,0.059505707,-0.234297277,-0.107524557,0.167730678,0.198813272
TGGTCCCACGCTACGG-1,-0.274087917,-0.445896264,0.345043056,-0.126404698,0.101454772
TGGTCTGTTGGGCGTA-1,0.047624484,-0.103629758,-0.073817767,0.075659555,0.137944782
TGGTGATCGTATTTGT-1,-0.016327054,-0.250057267,0.026896863,-0.010284886,0.129519785
TGGTGCCCTGCCTTAC-1,-0.171597748,-0.143835515,0.070081617,0.061401925,0.063251772
TGGTTAAGGGCGCTGG-1,-0.037030518,-0.256486594,0.013131087,0.039033961,0.11740541
TGGTTCAACGGGTAAT-1,-0.089230805,-0.319293282,0.094845106,0.002481381,0.185427514
TGGTTCGTAGCAAAGG-1,0.043326575,-0.211819891,-0.056589786,0.099649997,0.1422011
TGGTTGGAGGATCCTG-1,-0.122853179,-0.273158474,0.117165336,-0.004519187,0.140881151
TGGTTTAAACGTGGGT-1,-0.063878089,-0.273999435,0.027614451,0.047681763,0.13667446
TGTACCCGACCCTAAT-1,0.005431946,-0.10832257,-0.054895179,0.070468779,0.187390122
TGTACCTACACGAGGG-1,0.046175566,-0.142774996,-0.077852059,0.092930424,0.2053131
TGTACGAACAAATCCG-1,-0.073440175,-0.278319255,0.137728791,-0.008541056,0.188027612
TGTACTACTCTCACGG-1,-0.313221884,-0.185212797,0.171104807,0.025797682,-0.133404517
TGTACTTCCGGGCATG-1,0.118512869,-0.028097378,-0.169472099,0.126231165,0.187050476
TGTAGCCAATTCCGTT-1,0.062889048,-0.126640074,-0.101094441,0.114659247,0.200472104
TGTAGCCATCCCATTC-1,-0.031670709,-0.212904017,-0.010020137,0.053544503,0.128294244
TGTAGGAGAAATTTCC-1,-0.094732879,-0.29992495,0.117762637,-0.107345656,0.184654629
TGTAGTGATCTATAAT-1,0.082390307,-0.119086413,-0.103936678,0.084146093,0.163806901
TGTATAACAGATCCTG-1,0.003982508,-0.222920279,-0.039708742,0.080735295,0.186172437
TGTATCAGACTGAAGC-1,-0.102530459,-0.2729672,0.09933909,-0.021457913,0.070512214
TGTATCCTTATTCCAT-1,-0.173309269,-0.192133237,0.038326576,-0.014428878,0.025040102
TGTATGGCGCAGACAG-1,-0.100788439,-0.323592795,0.103423139,-0.070333469,0.132709033
TGTATTTACCTAATGC-1,-0.075448712,-0.258932413,0.055022635,0.054671056,0.101081604
TGTCATTTGTTGGGAA-1,-0.062788799,-0.242728081,0.038728618,0.060948539,0.122849205
TGTCCACGGCTCAACT-1,0.115193476,-0.042215745,-0.173370419,0.136428418,0.172349294
TGTCCCGACATAGCAC-1,0.109506741,-0.149899937,-0.17672962,0.144604909,0.17025263
TGTCCGCAAACAATTC-1,-0.009433651,-0.151870226,-0.040400401,0.080553718,0.182839942
TGTCCGTGGCGCCTTT-1,-0.018615688,-0.231161474,0.024140013,-0.071130877,0.141875483
TGTCCTAAGTCACCGC-1,0.023427647,-0.144528691,-0.036869427,0.058743078,0.151159658
TGTCGGCATGGTGGAA-1,-0.136414071,-0.298858067,0.170529916,-0.001337153,0.163948326
TGTCGTGGGTATAGGC-1,0.063312486,-0.116964892,-0.102006486,0.121294983,0.205953555
TGTCGTTATCACATAT-1,-0.015210423,-0.183983472,-0.030443367,0.085675031,0.164250475
TGTCTACAGTTTCTGT-1,0.07214225,-0.077768916,-0.103937321,0.084061189,0.136758621
TGTGACTACGCCAGTC-1,-0.053511397,-0.300412855,0.016488619,0.022806042,0.113507621
TGTGACTAGAGTTTGC-1,0.120229166,-0.049354861,-0.17771112,0.13263021,0.181366398
TGTGAGACTAGCCCAA-1,-0.106183777,-0.263679632,0.13187917,0.001783081,0.148485822
TGTGCCGGTGCCGGAA-1,0.085808576,-0.109685869,-0.126446097,0.11490884,0.215934093
TGTGCTTTACGTAAGA-1,-0.13702704,-0.288068032,0.098958877,-0.089691477,0.060583032
TGTGGAGGAAGCTTAA-1,0.06813545,-0.260046573,-0.101042756,0.203672184,0.213645679
TGTGGCAAAGCGTATG-1,-0.075448487,-0.336248812,0.103187564,0.041678625,0.137582648
TGTGGCGGGCTTCTGG-1,-0.060756724,-0.293893577,0.092909395,0.018911881,0.157410215
TGTGGCTCCCACCAAC-1,-0.250315677,-0.322944157,0.205202858,-0.24158329,-0.006105285
TGTGGTTGCTAAAGCT-1,-0.044672608,-0.141356715,-0.005737922,0.045283285,0.142948381
TGTGTAGTAGCACGTG-1,0.09743346,-0.28758529,-0.102529736,0.111846657,0.150272669
TGTGTCGCGAGTTGCA-1,-0.252876163,-0.415464826,0.346032021,-0.072347514,0.079436745
TGTGTTCGTATCCAAG-1,-0.012609592,-0.19629409,0.027336195,0.034184397,0.151102063
TGTTATTGTATGTGGC-1,-0.099389895,-0.292711092,0.079119023,0.047949826,0.165689654
TGTTCCGCTTCCATGA-1,0.018718347,-0.131817301,-0.005272096,0.046773563,0.140219124
TGTTCCGGCCTGAGCT-1,-0.042218185,-0.212867383,0.010043053,0.032235183,0.157239413
TGTTCTCTACTCCCTA-1,-0.14013146,-0.270603288,0.147548436,0.003900392,0.10952276
TGTTCTTCCATTGACT-1,-0.014841019,-0.195295279,0.0450173,0.015916249,0.147214912
TGTTGTCAAGAAGTCT-1,-0.168941702,-0.355734269,0.220061622,-0.064689046,0.121618654
TGTTTAATACTTCATC-1,0.103998847,-0.148528493,-0.122820632,0.143070465,0.03753744
TGTTTCGGTACTTCTC-1,0.090794816,-0.166005488,-0.11585026,0.123062678,0.108697847
TGTTTGAGATCGTCAG-1,-0.404929433,-0.487723179,0.501111939,-0.20150331,0.043159456
TTAAACAGAGTCCCGC-1,0.063651015,-0.170477837,-0.112938884,0.123820937,0.186787483
TTAAACCGGTAGCGAC-1,0.109149158,-0.149537187,-0.169268044,0.160586859,0.192502031
TTAAACCTGGTTCCTT-1,-0.06632142,-0.244437278,0.053444936,0.011817382,0.094088494
TTAAACTCGAATTCAT-1,-0.028158966,-0.245678521,0.017355277,0.024961197,0.163295168
TTAAAGGCGATGCTCG-1,-0.041192364,-0.169193025,-0.004216709,0.087369474,0.197458954
TTAAAGTAAGTCGCCA-1,0.119878998,-0.067702704,-0.178017673,0.158006231,0.181592519
TTAACACCTCGAACAT-1,-0.186151079,-0.380375321,0.206170657,-0.032942241,0.061144435
TTAACCAACCCTCCCT-1,0.060907035,-0.192650937,-0.074823499,0.109184283,0.144792046
TTAACGAACAAGCAGT-1,-0.34369112,-0.300866383,0.223096793,0.028150625,-0.135172435
TTAACGTCGCAAGACC-1,0.103830174,-0.1756575,-0.169673569,0.184662044,0.208104507
TTAACTCACGCGTGGA-1,-0.030934666,-0.250449224,0.043269542,0.006168952,0.138720736
TTAACTTCAGGTAGGA-1,-0.155867493,-0.346676286,0.207021729,-0.084383567,0.143903896
TTAAGACGAACGAACC-1,0.017702608,-0.227750524,-0.051410751,0.133842764,0.141120383
TTAAGATAGGATTGAC-1,0.124973637,-0.144306606,-0.155445292,0.154818247,0.07735888
TTAAGCCGACAACTTC-1,-0.072536396,-0.269331135,0.032278427,0.08675502,0.023355936
TTAAGCGCCTGACCCA-1,0.00321817,-0.216230032,0.014267446,0.052495682,0.166053736
TTAAGGATACGGAGGT-1,0.077058088,-0.152976069,-0.114091843,0.13592669,0.196479385
TTAAGGCCCGTACTTT-1,0.025629058,-0.172176399,-0.067151438,0.088196632,0.193878759
TTAAGTATTGTTATCC-1,0.055940796,-0.107159622,-0.102077784,0.133962168,0.187718627
TTAATCAGTACGTCAG-1,-0.236000444,-0.370741924,0.244734083,-0.202830409,0.036850747
TTAATGCGAGGTAACT-1,0.12847798,-0.13941233,-0.164433882,0.15630638,0.194837359
TTAATGTAGACCAGGT-1,-0.00224364,-0.21447151,-0.037011449,0.087948426,0.177318857
TTAATTGCTTTGGGTG-1,0.036666473,-0.189573442,-0.07109152,0.098462694,0.21002777
TTAATTTCAGACGCGG-1,-0.028124147,-0.262525526,-0.017148286,0.116143376,0.084731358
TTACAACTACGCATCC-1,-0.002942947,-0.234801856,-0.024567347,0.038837616,0.162590542
TTACACGATCTGCGAC-1,-0.041404843,-0.182404098,0.003540833,0.030063291,0.162571523
TTACAGACCTAAATGA-1,-0.061393316,-0.264129083,0.04202668,0.004768054,0.100979076
TTACATCGTGGCCTGG-1,-0.028966874,-0.281841064,0.029007248,0.065741495,0.139901159
TTACATGCCACAACTA-1,0.126919224,-0.189897631,-0.171381308,0.18131438,0.113335172
TTACCATTGATTACCC-1,-0.054393381,-0.233581078,0.08375173,0.016059803,0.164176858
TTACCCATTGCCGGGT-1,-0.516221652,-0.282478827,0.384932906,-0.060172696,-0.194803682
TTACCCTAACAGTCCT-1,-0.342206336,-0.392605602,0.340735484,-0.037023085,0.000693849
TTACCCTAGGGATTGG-1,-0.044430753,-0.278800827,0.071302675,0.022472028,0.174441553
TTACCGCCTTAGGGAA-1,0.00947731,-0.236586897,-0.019059211,0.074364124,0.204955909
TTACGGATGGTTCGAG-1,-0.043713204,-0.27765729,0.050289166,-0.024395437,0.176948885
TTACGGTGTCACCGAG-1,0.094319041,-0.145485166,-0.136436411,0.151921155,0.199247522
TTACGTATCTATGACA-1,-0.023273176,-0.217181638,-0.032189768,-0.047812375,0.144887411
TTACTAAAGGACTTTA-1,-0.140721765,-0.289102274,0.089577295,0.00233052,0.102643801
TTACTCCGGCCGGGAA-1,0.07321747,-0.113997681,-0.101931432,0.092613992,0.153002785
TTACTCTGGTACGTAC-1,-0.06676134,-0.28567688,0.118511135,0.001895849,0.201483414
TTACTGGGATATTTCA-1,0.019207406,-0.180104881,-0.012052544,0.039133359,0.156894336
TTACTGTCTAGAGCTC-1,-0.387898661,-0.245610424,0.272067237,0.035330922,-0.118611254
TTACTGTTTCTCTACG-1,0.093235993,-0.124478497,-0.104072574,0.10269695,0.134284853
TTAGAAGAACATGACT-1,-0.052083873,-0.269131279,0.034261587,0.037432381,0.151395466
TTAGAATAAGGGTCGG-1,0.014823723,-0.199893656,-0.029574253,0.098602356,0.221806301
TTAGACACGATCGTTG-1,-0.299228458,-0.319627465,0.260437159,-0.041171132,0.010679668
TTAGACGAGTCACCTC-1,-0.096641858,-0.38976255,0.076248506,0.0336457,0.147664287
TTAGAGTTTAGAAGGA-1,-0.142258633,-0.363815553,0.130931527,0.024880883,0.134216976
TTAGATAGGTCGATAC-1,-0.047042344,-0.222900926,0.036763298,0.068863751,0.165048863
TTAGCAACATGGATGT-1,-0.065517255,-0.269382919,0.08396698,0.01823184,0.175255157
TTAGCTAATACGATCT-1,-0.194287402,-0.266806411,0.119218147,-0.001798405,0.022536422
TTAGCTGATTTGCCGT-1,-0.076194817,-0.31397013,0.070229235,0.013188383,0.138072626
TTAGGTCATAACCGAC-1,-0.051329435,-0.240996967,0.050770066,0.077922669,0.215298388
TTAGTAAACCTGCTCT-1,-0.001697996,-0.152603285,-0.036329787,0.089501941,0.166736074
TTAGTAGGGCGGCGGG-1,0.06905866,-0.109067717,-0.090411836,0.06814145,0.158469002
TTAGTTATTCGTGGCA-1,-0.30094626,-0.439945717,0.364560398,-0.06245652,0.088098721
TTAGTTCAAGTGTTCG-1,-0.177707882,-0.21082361,0.081717652,0.053580502,-0.01269988
TTATAGATGCACATTA-1,0.055087759,-0.221108817,-0.081862787,0.12626208,0.194822013
TTATAGGTAATTGTCT-1,-0.045021161,-0.225455806,0.057240758,0.038557154,0.174929908
TTATAGTCCAAGGTGC-1,0.070588396,-0.176691784,-0.093684749,0.090220278,0.13672064
TTATATACGCTGTCAC-1,0.049020868,-0.132332971,-0.056950047,0.068916193,0.14908214
TTATATTTGGCAATCC-1,0.020374475,-0.242309594,-0.031403105,0.077098726,0.199846651
TTATCCAATCGAACTC-1,0.110941903,-0.050533502,-0.164021871,0.110465855,0.132275392
TTATCCGGGATCTATA-1,-0.329717668,-0.305368574,0.262821238,-0.044743123,-0.024883149
TTATCCTCAAGGAATA-1,-0.187261645,-0.377992954,0.272711445,-0.082429844,0.153033161
TTATCGCCTGCGAAGC-1,-0.021310058,-0.216895763,0.024979807,-0.006914014,0.125703916
TTATCTGTATCATAAC-1,0.067044231,-0.149977224,-0.095724317,0.122049409,0.141095659
TTATGAATGAAAGGGA-1,0.034562967,-0.203821272,-0.035727711,0.065316259,0.181282298
TTATGACAAACTGGAT-1,-0.16796873,-0.319578055,0.184698807,-0.045390193,0.088351402
TTATGATCTTAACGAA-1,-0.074880199,-0.287692776,0.049576961,-0.016636532,0.125806181
TTATGCGTCCCGGTCC-1,0.115003566,-0.13666658,-0.187505794,0.171398294,0.187156051
TTATGTTTGCGATAGA-1,-0.141214308,-0.355746467,0.184369876,-0.104319379,0.12609819
TTATTAGGGAAGCATC-1,0.019054329,-0.164599743,-0.007143472,0.056412014,0.133626255
TTCAAAGTCTCTAGCC-1,-0.040943962,-0.166043077,0.025536562,0.044866409,0.117307992
TTCAACGACCCGACCG-1,0.021302554,-0.194547633,-0.04339276,0.041701563,0.134211762
TTCAAGCCGAGCTGAG-1,0.016991682,-0.240637978,-0.040590473,0.098202421,0.090017115
TTCAATTAGCCATAAT-1,0.104428138,-0.174683512,-0.116370342,0.141889709,0.072124486
TTCACGAAAGGATCAC-1,0.040287715,-0.109932411,-0.033166024,0.043376724,0.130894251
TTCACTCGAGCACCTA-1,0.022941919,-0.158818852,-0.034569699,0.073610857,0.142708977
TTCACTTCCTAGAACG-1,-0.002850326,-0.140711116,-0.049008525,0.079163425,0.176176438
TTCAGAGTAACCTGAC-1,0.064726629,-0.185263609,-0.112244123,0.13269264,0.198533315
TTCAGCCCTGGTCCAC-1,-0.245137385,-0.333245775,0.219269931,-0.067018864,0.070770827
TTCAGCTGGCGTGCCC-1,-0.022018927,-0.123731012,-0.051263721,0.089950424,0.13467812
TTCAGGCGTCAAAGCC-1,-0.342568084,-0.287986028,0.253527048,-0.216962107,-0.067486909
TTCAGTTCAAGAGGAG-1,-0.014560309,-0.141542413,-0.042710815,0.105934603,0.197628936
TTCATAGCCTTGTAAC-1,-0.04419743,-0.306222937,0.027629828,0.078892681,0.180255166
TTCATGGCGCAACAGG-1,-0.196012806,-0.376914936,0.22037878,-0.28960605,0.07913752
TTCCAATCAGAGCTAG-1,-0.074998097,-0.316665305,0.050739388,0.059931632,0.127558421
TTCCAATCTGGCTATC-1,-0.146407501,-0.323029052,0.150425227,0.002414127,0.111509222
TTCCAGACGAGATTTA-1,0.117785515,-0.207438068,-0.155638959,0.198262292,0.126859025
TTCCATCATGCGGTGA-1,-0.184669148,-0.363422802,0.235335173,-0.007287114,0.103585418
TTCCATCGACAGCGTG-1,-0.06629904,-0.206609193,0.030709852,0.080730374,0.146052067
TTCCCGGCGCCAATAG-1,-0.283014997,-0.49150711,0.429673742,-0.140452928,0.136979702
TTCCGCAGAGAAATAT-1,-0.270777247,-0.377272516,0.284492301,-0.115502118,0.068322817
TTCCGCGTGAGGCGAT-1,-0.000840165,-0.239817951,-0.009450486,0.063122597,0.205277156
TTCCGGCTCGACTTCT-1,-0.164609251,-0.293406248,0.160422349,0.051791314,0.084516495
TTCCGGTATCTGTGTC-1,0.07425225,-0.194783487,-0.097688533,0.145503828,0.011703846
TTCCGGTTACCCACTT-1,-0.056117168,-0.288023634,0.045977819,-0.004947103,0.187797866
TTCCTCGAGGGTGTCT-1,0.061225957,-0.114877572,-0.097372361,0.045086907,0.162632424
TTCCTCGGACTAACCA-1,-0.242178047,-0.317429223,0.223061587,-0.092157253,0.058120058
TTCCTTTCTGTGTTGC-1,0.07319862,-0.131904758,-0.113125199,0.104633148,0.176126212
TTCGACAGAGCCCGTG-1,-0.235092006,-0.377823883,0.251073783,-0.018605409,0.088523541
TTCGACGGGAAGGGCG-1,-0.1846296,-0.406476691,0.227204988,-0.055229216,0.116268144
TTCGAGCCGGCGCTAC-1,-0.03664699,-0.328045451,0.058569884,0.066392774,0.217194039
TTCGCACTCGCGTGCT-1,-0.052478859,-0.268533541,0.011157681,0.055355689,0.121903748
TTCGCACTGTACGACA-1,-0.032448281,-0.241624939,0.039607438,0.049119094,0.155269996
TTCGCATCCGGAAGCA-1,0.02485119,-0.144023797,-0.026097591,0.054717755,0.167204692
TTCGCGCGCCATACGA-1,-0.094388254,-0.317226111,0.092871023,0.074333144,0.19842241
TTCGCTAGGAAGTTGT-1,-0.264689664,-0.217080795,0.148248365,-0.155914736,-0.077365406
TTCGCTATCTGACGTG-1,-0.246890859,-0.384057417,0.23339898,-0.02422664,0.02121179
TTCGGACTGATGCCTT-1,0.021490204,-0.258511981,-0.033169027,0.103333566,0.162420713
TTCGGCAACCCGCTGA-1,-0.081001096,-0.223784054,0.057769525,-0.037727778,0.113277197
TTCGGCTAGAGATGGT-1,-0.009151468,-0.198335435,-0.010267393,0.061575102,0.150904817
TTCGGGACTAATCGCG-1,0.079243059,-0.116216347,-0.100885348,0.088294786,0.142622241
TTCGGGTTGCCACGGG-1,0.045642255,-0.265996013,-0.108961333,0.196538538,0.148507898
TTCGGTACTGTAGAGG-1,-0.190354325,-0.291449186,0.198715385,-0.021821032,0.096727267
TTCGTAATCCCAGCGG-1,-0.116699383,-0.303456946,0.07884152,0.00682288,0.069798435
TTCGTACTCCAGAACG-1,0.037377407,-0.132513808,-0.026088535,0.049926716,0.13824427
TTCGTTCAACGAAGTT-1,-0.064511239,-0.321644975,0.091908106,0.047745835,0.207650412
TTCTAACCGAAGCTTA-1,-0.052618269,-0.309763624,0.048612614,-0.034925864,0.132847893
TTCTACCTCAATCGGT-1,-0.0065695,-0.113484597,-0.040246217,0.071831616,0.165143629
TTCTACCTTTATGTTG-1,0.060054204,-0.23499929,-0.074545497,0.125476488,0.114767449
TTCTACTTGCGAGGGC-1,0.002049544,-0.140324383,0.008373125,0.021982404,0.158171198
TTCTAGAAAGTCTTAT-1,-0.065833474,-0.265137585,0.073431774,0.041574337,0.189432549
TTCTAGGCCAATTGTG-1,0.053931267,-0.189545158,-0.079225618,0.072788699,0.15032504
TTCTATGCCTTTCGCA-1,-0.086992225,-0.335391254,0.114195521,-0.068173727,0.14410824
TTCTATTAAACGCAGC-1,0.01212188,-0.143116632,-0.03765161,0.04267974,0.180398076
TTCTCAATTGCTACAA-1,-0.055722717,-0.157780007,0.012268531,0.062015264,0.15600717
TTCTGACCGGGCTCAA-1,0.00788008,-0.207193834,-0.043743372,0.09968838,0.195131429
TTCTGCCGCGCCTAGA-1,-0.057521048,-0.289622547,0.052059531,0.053617757,0.17752864
TTCTGCGGGTTAGCGG-1,-0.194824582,-0.288390264,0.138108704,-0.036774854,0.06738596
TTCTGCTAGACTCCAA-1,-0.03968421,-0.253800341,0.007699418,-0.00204958,0.131224363
TTCTTAGTGAACGGTG-1,-0.032112727,-0.263741134,0.025201603,-0.017537257,0.1622337
TTCTTAGTGGCTCAGA-1,0.073026542,-0.139260687,-0.085263801,0.102894925,0.087608963
TTCTTATCCGCTGGGT-1,-0.378689231,-0.468302725,0.423991291,-0.342244327,-0.017435957
TTCTTCCCTTTGATAT-1,0.112401104,-0.151739997,-0.147686762,0.144589593,0.149255741
TTCTTGAGCCGCGCTA-1,0.012579741,-0.212867228,-0.010822332,0.001559404,0.156243317
TTCTTGCTAGCATCTC-1,0.109895984,-0.225003198,-0.147935408,0.188602425,0.1362594
TTCTTGGACGATCTGC-1,-0.144901257,-0.293952244,0.103994135,-0.008844859,0.087126796
TTCTTGGAGTAATGAG-1,-0.184028365,-0.365551852,0.21239226,-0.181447779,0.118075698
TTCTTGTAACCTAATG-1,-0.176448071,-0.365025893,0.258795764,-0.092800881,0.090878557
TTCTTTGGTCGCGACG-1,-0.11479572,-0.293482859,0.144647378,0.017800652,0.142296708
TTGAAAGGTGTAAAGG-1,-0.224932251,-0.330558244,0.208220609,-0.036849594,0.049047089
TTGAACGAATCCTTTG-1,0.01249952,-0.164357059,0.004798213,0.031566252,0.169344
TTGAACGACGTGCTGA-1,-0.091742991,-0.210423314,0.049312162,0.065731792,0.137533467
TTGAAGAATTCCCAGG-1,0.018671343,-0.150665099,-0.021557784,0.029572702,0.152377307
TTGAAGGATGGGCGCC-1,0.00678829,-0.129339336,-0.056168011,0.097277718,0.182153202
TTGAATATGGACTTTC-1,0.056599007,-0.15110156,-0.078419255,0.09438705,0.162016388
TTGAATCGTTGTATAA-1,-0.190255355,-0.441506029,0.249740293,-0.128816588,0.103603241
TTGAATTCACGTGAGG-1,0.135026263,-0.191995479,-0.16355056,0.155284638,0.238890998
TTGACAGGAGCTCCCG-1,-0.010489018,-0.300697364,-0.03366735,-0.048115035,0.094803778
TTGACATGAACGTGGA-1,0.061951839,-0.090457699,-0.073103576,0.071545902,0.145120595
TTGACCAGGAACAACT-1,-0.084191049,-0.237854805,0.057649427,0.009918368,0.171380521
TTGACCATGTTCTCCG-1,-0.044366065,-0.306301724,0.048754767,-0.018458022,0.162244477
TTGACCGTGTTAATGA-1,-0.158101511,-0.219060603,0.072469527,0.051268262,0.012064987
TTGACGATTCAGCACG-1,-0.012628412,-0.158490817,-0.059912244,0.136017376,0.126302899
TTGACGCTCCATGAGC-1,0.109806129,-0.161044473,-0.12859639,0.150890383,0.042660141
TTGACTACCATATGGT-1,-0.064312732,-0.197376831,0.046402971,0.042365588,0.128846867
TTGACTATTGTCCGGC-1,-0.475749701,-0.244413054,0.28144701,0.054960265,-0.279430194
TTGAGAAGTTTAGCAT-1,0.039771893,-0.223413217,-0.070665179,0.106027118,0.224114148
TTGAGAGTACTGCTAA-1,0.075667113,-0.143923275,-0.101661877,0.113469105,0.21678874
TTGAGCAGCCCACGGT-1,-0.357628239,-0.38481721,0.359577609,-0.223599975,-0.00928499
TTGAGCGCCACGTGAT-1,0.112347224,-0.187010388,-0.133775649,0.157391693,0.050216941
TTGAGGCATTTAACTC-1,-0.238973191,-0.305139348,0.2128578,0.023293539,0.018476045
TTGAGTCCCGCTGCTG-1,-0.032731944,-0.245857774,-0.038124337,-0.144692217,0.056875174
TTGATAGTCAATACAT-1,-0.061295949,-0.264424639,0.015733651,0.022872575,0.085387412
TTGATCTAACTTTGTC-1,0.053329041,-0.207542805,-0.083190643,0.10964032,0.184508724
TTGATGCCGCTCGTCG-1,-0.077623032,-0.12040749,-0.014043934,0.111090327,0.136405925
TTGATGTGTAGTCCCG-1,-0.21173903,-0.396023746,0.220984688,0.007312566,0.065867486
TTGATTAGCTGTTTCT-1,-0.00062301,-0.223249312,-0.013384169,0.067979125,0.203554037
TTGATTATGCAGATGA-1,-0.110467675,-0.311871471,0.129669712,-0.038312205,0.148950092
TTGCAAGAAGACTCCT-1,0.025864333,-0.176402227,-0.056864239,0.101771912,0.238441851
TTGCACAATTCAGAAA-1,0.054986214,-0.12987432,-0.066078821,0.070578373,0.171813362
TTGCACGGAGCAGCAC-1,0.071721976,-0.143867709,-0.085346287,0.097157339,0.105436999
TTGCATGCTGATCACG-1,-0.015719228,-0.211668812,0.036512896,-0.116532939,0.175706467
TTGCCAAGCAGAACCC-1,-0.337121945,-0.343865693,0.279814595,-0.206562225,-0.069789655
TTGCCATAGCCCGCTC-1,-0.074933401,-0.241893525,0.037417773,0.0576741,0.178385743
TTGCCCTGATCACGGG-1,-0.026138151,-0.22303097,0.060538807,0.000118701,0.166751066
TTGCCGCAGACCTACA-1,-8.76E-05,-0.186613945,-0.046653029,0.064690583,0.146878623
TTGCCGCTTTCTAGTA-1,-0.014964686,-0.200280392,0.012896883,0.012644696,0.183995736
TTGCCGGTGATCCCTC-1,-0.069746311,-0.247532427,0.08308833,0.064367002,0.147185547
TTGCCTAATCCAAAGT-1,0.012671779,-0.096273175,-0.073880798,0.077659135,0.146839086
TTGCCTTCTCGCCGGG-1,0.115277198,-0.063609486,-0.16376831,0.135702584,0.188894191
TTGCGCACAACCACGT-1,-0.330708487,-0.346866422,0.332691599,-0.125626201,0.053898655
TTGCGCTTGATCAATA-1,0.114740837,-0.044576613,-0.169171845,0.139072523,0.163982714
TTGCGGCGACTCATGC-1,0.100569555,-0.20731511,-0.123973852,0.159460842,0.195240434
TTGCGTAGTTTGAGGA-1,-0.004999445,-0.19365939,0.016065459,-0.023582882,0.153365569
TTGCGTGAACGCTTAG-1,-0.170965882,-0.312369894,0.185095165,0.004168768,0.141367766
TTGCGTGTGTAGGCAT-1,0.027861071,-0.14238119,-0.066456649,0.092504724,0.196149753
TTGCTCATAGTACGTG-1,0.120760394,-0.057154635,-0.169495911,0.123348232,0.18867469
TTGCTCCCATACCGGA-1,-0.040591635,-0.257913379,0.008215275,0.045560944,0.122134044
TTGCTGAAGGAACCAC-1,0.052498378,-0.192878862,-0.081226996,0.109402642,0.153093721
TTGCTGATCATGTTCG-1,-0.021303258,-0.209775108,0.008218615,-0.054011072,0.175535767
TTGCTGCACCTATCCA-1,-0.181061663,-0.27299145,0.150908835,0.020868313,0.058280332
TTGCTGGCCGGGCTTC-1,0.098805377,-0.17574243,-0.108393488,0.145939555,0.055232215
TTGGAAGAATACAGTC-1,-0.04058401,-0.254719747,0.023617314,0.0212008,0.139259699
TTGGACATGTGGCTTA-1,-0.018567492,-0.220522641,0.052214864,0.028093997,0.192131439
TTGGACCATCTGGCAA-1,-0.414789817,-0.322803619,0.333694454,-0.102908809,-0.105268953
TTGGACCTATAACAGT-1,0.032604287,-0.152311405,-0.078709612,0.091739812,0.172971904
TTGGAGTCTCCCTTCT-1,0.109454567,-0.053426091,-0.158402135,0.107864801,0.143003289
TTGGATATCGTCTACG-1,-0.009005766,-0.274793778,0.014963633,0.065584137,0.206685834
TTGGATCGACTTCTGG-1,0.062191008,-0.194658741,-0.098958694,0.123721331,0.163902099
TTGGATTGGGTACCAC-1,0.079845671,-0.157590805,-0.086776148,0.095801701,0.116477772
TTGGCCAAATTGTATC-1,-0.030107578,-0.186001863,-0.002698935,0.042072387,0.173304432
TTGGCCATCTTGCGCT-1,-0.006603655,-0.184995636,-0.002742618,0.031672126,0.163583459
TTGGCCTAGAATTTCG-1,-0.452880964,-0.311504118,0.331422546,-0.029214321,-0.134012917
TTGGCGATCCGAATAT-1,0.122812181,-0.148200089,-0.155360656,0.163963183,0.051194377
TTGGCTCAATATGTGT-1,-0.138521,-0.20025007,0.091370079,0.03709047,0.112418298
TTGGCTCGCATGAGAC-1,-0.266131555,-0.353683588,0.286583537,-0.062543477,0.012158318
TTGGGAAGACGAGCCG-1,-0.299408998,-0.377116474,0.334665196,-0.082146179,0.091931759
TTGGGACACTGCCCGC-1,0.076039929,-0.190813097,-0.139083726,0.134784139,0.181414906
TTGGGACGTAAGAGTT-1,-0.336254302,-0.467689799,0.399541296,-0.149097262,0.026719815
TTGGGCGGCGGTTGCC-1,0.089710808,-0.184144451,-0.132400615,0.112684643,0.205759347
TTGGTATGGCTTGTGT-1,0.121708968,-0.173655643,-0.157400755,0.144715888,0.11181378
TTGGTCACACTCGTAA-1,-0.218601707,-0.345030451,0.23033003,-0.087968129,0.078548371
TTGGTTGCGGTGCGCG-1,-0.01863687,-0.238289879,-0.015353049,0.019092293,0.159191968
TTGTAAGGACCTAAGT-1,0.059136366,-0.102954838,-0.072781927,0.073417444,0.146546808
TTGTAAGGCCAGTTGG-1,-0.134424665,-0.357735527,0.175067238,-0.006725929,0.142877729
TTGTAATCCGTACTCG-1,-0.05695902,-0.25047647,0.095661957,-0.00418881,0.154343724
TTGTATCACACAGAAT-1,0.018358216,-0.216052478,-0.069307784,0.134292623,0.097383222
TTGTCGTTCAGTTACC-1,0.085464654,-0.143349246,-0.126219966,0.127546612,0.121036078
TTGTGAACCTAATCCG-1,0.022660849,-0.156263144,-0.069974929,0.095593868,0.175796047
TTGTGAGGCATGACGC-1,-0.1228381,-0.33851299,0.132514469,0.033959592,0.108889552
TTGTGATCTGTTCAGT-1,0.123465103,-0.043361549,-0.177274687,0.135373146,0.192303701
TTGTGCAGCCACGTCA-1,-0.056005285,-0.243813746,0.066230728,0.015878549,0.122060379
TTGTGGCCCTGACAGT-1,0.014104228,-0.159568865,-0.046224468,0.093598192,0.084634134
TTGTGGTAGGAGGGAT-1,-0.031073254,-0.253232803,0.013567267,-0.037466783,0.123303446
TTGTGGTGGTACTAAG-1,-0.076394997,-0.162951562,0.03440953,0.083540723,0.138139627
TTGTGTATGCCACCAA-1,-0.028150775,-0.238129902,0.039056071,0.06469482,0.152992007
TTGTTAGCAAATTCGA-1,-0.102563931,-0.3027895,0.126616993,0.028233673,0.106026713
TTGTTCAGTGTGCTAC-1,0.050028712,-0.249536789,-0.085330801,0.142838263,0.188811502
TTGTTGTGTGTCAAGA-1,0.000893112,-0.252540005,-0.030406502,0.099699697,0.180296926
TTGTTTCACATCCAGG-1,-0.154022075,-0.351512402,0.195421506,0.014992545,0.180004418
TTGTTTCATTAGTCTA-1,0.034458384,-0.110507856,-0.082909202,0.08950707,0.177881344
TTGTTTCCATACAACT-1,-0.441261387,-0.243715132,0.325833516,-0.013742184,-0.102177061
TTGTTTGTGTAAATTC-1,0.112103833,-0.214510657,-0.168700186,0.199328388,0.182259342