,TP,Hazard,Immune,RCB,Proliferative
AAACAACGAATAGTTC-1,0.022775723,-0.203128478,-0.038647514,0.098033461,0.076789955
AAACAAGTATCTCCCA-1,-0.050165446,-0.208760638,0.049250652,-0.002860689,0.093171838
AAACAATCTACTAGCA-1,0.057911925,-0.069528981,-0.10404362,0.079266439,0.109339052
AAACACCAATAACTGC-1,0.037221618,-0.135164507,-0.05915468,0.047816686,0.186632761
AAACAGAGCGACTCCT-1,-0.24459978,-0.446112236,0.270108994,0.010607731,0.053485568
AAACAGCTTTCAGAAG-1,-0.02343232,-0.219717126,0.015350129,0.057289035,0.198766863
AAACAGGGTCTATATT-1,0.007596575,-0.207995972,-0.063364207,0.136770151,0.165943411
AAACAGTGTTCCTGGG-1,-0.083122647,-0.139323352,0.035719703,0.041263189,0.082088018
AAACATGGTGAGAGGA-1,-0.108516751,-0.105769765,0.044573496,0.058021862,0.155019973
AAACATTTCCCGGATT-1,-0.0774093,-0.188657732,0.073024945,0.016431938,0.161503435
AAACCACTACACAGAT-1,-0.118794231,-0.299978625,0.093205148,0.011207025,0.019730945
AAACCCGAACGAAATC-1,-0.008757652,-0.189130501,0.02812027,-0.018000229,0.196763708
AAACCGGAAATGTTAA-1,0.113638058,-0.164554186,-0.130806035,0.142138098,0.058765316
AAACCGGGTAGGTACC-1,-0.011618806,-0.185264614,-0.008719754,0.077264308,0.177735689
AAACCGTTCGTCCAGG-1,-0.017989237,-0.164359007,0.000780669,0.071959491,0.201477739
AAACCTAAGCAGCCGG-1,-0.165658172,-0.083428567,0.059376712,0.043150122,0.028904112
AAACCTCATGAAGTTG-1,-0.111982623,-0.340385276,0.1434585,0.063259919,0.135576186
AAACGAAGAACATACC-1,-0.27850253,-0.362360328,0.326213278,-0.131049193,0.051747656
AAACGAAGATGGAGTA-1,-0.097443955,-0.130926954,0.041434445,0.043033506,0.116896364
AAACGAGACGGTTGAT-1,0.04213456,-0.170673882,-0.047810148,0.026095942,0.191450989
AAACGCCCGAGATCGG-1,-0.10574093,-0.304705744,0.145615873,-0.064475034,0.089694742
AAACGCTGGGCACGAC-1,-0.124753898,-0.285146414,0.143366452,-0.03950707,0.156566951
AAACGGGCGTACGGGT-1,-0.053737193,-0.128361624,0.017973596,0.052702427,0.157470033
AAACGGGTTGGTATCC-1,0.081818686,-0.128420534,-0.106829164,0.122070779,0.066098028
AAACGGTTGCGAACTG-1,-0.30419652,-0.1497795,0.207864517,0.02372473,-0.006397311
AAACGTGTTCGCCCTA-1,0.115751413,-0.109554743,-0.153276583,0.148150009,0.045537307
AAACTAACGTGGCGAC-1,-0.150813495,-0.322856002,0.202565161,-0.112148733,0.081279301
AAACTCGGTTCGCAAT-1,0.025781496,-0.08755238,-0.043019089,0.055046395,0.196888417
AAACTCGTGATATAAG-1,0.057633666,-0.137549536,-0.081104608,0.059071911,0.062330779
AAACTGCTGGCTCCAA-1,-0.29313744,-0.454181149,0.349028099,-0.059455539,0.082827064
AAACTTAATTGCACGC-1,-0.095267729,-0.176921487,0.087564366,-0.064841111,0.134661742
AAACTTGCAAACGTAT-1,0.063861282,-0.138620379,-0.092066362,0.09035858,0.214135645
AAAGAATGACCTTAGA-1,-0.039788618,-0.067725097,-0.030798089,0.056140278,0.135846995
AAAGAATGTGGACTAA-1,-0.004256463,-0.104676206,-0.05975839,0.079346493,0.130540435
AAAGACATGAAGTTTA-1,0.00152854,-0.241761777,-0.049711687,0.089653282,0.102075901
AAAGACCCAAGTCGCG-1,-0.328516246,-0.454073878,0.43642835,-0.098970998,0.068602018
AAAGACTGGGCGCTTT-1,-0.0304473,-0.245774407,0.029697864,0.050326356,0.126618749
AAAGCTTGCCTACATA-1,-0.013702133,-0.303806235,0.033563683,0.034459588,0.138217372
AAAGGCCCTATAATAC-1,0.005863956,-0.076689347,-0.063081093,0.109691923,0.188935842
AAAGGCTACGGACCAT-1,-0.149200425,-0.13548615,0.066167528,0.052306829,0.075435238
AAAGGCTCTCGCGCCG-1,-0.093427151,-0.162254481,0.055940743,0.023097308,0.142685892
AAAGGGATGTAGCAAG-1,-0.274841016,-0.255198402,0.096915738,0.124781197,-0.085913623
AAAGGGCAGCTTGAAT-1,0.078990244,-0.204387905,-0.122879761,0.138975453,0.170363934
AAAGGTAAGCTGTACC-1,-0.194926647,-0.36907217,0.289015056,-0.095964031,0.133350914
AAAGTAGCATTGCTCA-1,-0.117897387,-0.156796855,0.052928484,0.062932147,0.114551539
AAAGTCACTGATGTAA-1,-0.139464791,-0.378271698,0.213315792,-0.013764927,0.191420604
AAAGTCGACCCTCAGT-1,-0.103334984,-0.331623273,0.16079678,0.04621552,0.199582841
AAAGTGCCATCAATTA-1,0.155983642,-0.223052306,-0.198023189,0.173314591,0.101252299
AAAGTGTGATTTATCT-1,0.037006889,-0.148235508,-0.031354667,0.071089828,0.207381117
AAAGTTGACTCCCGTA-1,0.071413058,-0.121974972,-0.066878751,0.053681192,0.19653396
AAATAACCATACGGGA-1,-0.321938704,-0.448244938,0.429051336,-0.115240627,0.06225786
AAATAAGGTAGTGCCC-1,0.000203962,-0.228783916,0.005113917,0.060386902,0.14809726
AAATACCTATAAGCAT-1,-0.334032028,-0.366014815,0.393996044,-0.079677323,0.036463551
AAATAGCTTAGACTTT-1,-0.071464818,-0.24252722,0.111443725,-0.075039756,0.16214363
AAATAGGGTGCTATTG-1,-0.286259216,-0.370146165,0.345258878,-0.056560773,0.082888158
AAATCCGATACACGCC-1,-0.019024373,-0.106758228,-0.019493509,0.048891347,0.152508247
AAATCGCGGAAGGAGT-1,-0.00152982,-0.070078602,-0.048778786,0.078555119,0.142690826
AAATCGTGTACCACAA-1,-0.524812134,-0.418386646,0.492294015,-0.123497327,-0.162524034
AAATCTAGCCCTGCTA-1,-0.287991903,-0.329658947,0.308450019,-0.059903587,0.082908212
AAATGACTGATCAAAC-1,-0.199420743,-0.129359933,0.113505471,0.050397462,0.099234194
AAATGATTCGATCAGC-1,0.067671946,-0.206520682,-0.07130547,0.127688424,0.110083335
AAATGCTCGTTACGTT-1,0.064517094,-0.246495594,-0.083389481,0.118739136,0.211524833
AAATGGCATGTCTTGT-1,-0.048147816,-0.292557565,0.048868285,0.043899399,0.136709975
AAATGGCCCGTGCCCT-1,0.041169355,-0.166336424,-0.078284563,0.113677754,0.203452775
AAATGGTCAATGTGCC-1,-0.177194722,-0.252961823,0.168857757,-0.057567938,0.025770607
AAATGTATCTTATCCC-1,0.052982621,-0.228427651,-0.076850262,0.085564596,0.16839413
AAATGTGGGTGCTCCT-1,-0.044892812,-0.213046305,0.047851155,-0.004438842,0.151574831
AAATTAACGGGTAGCT-1,-0.217655709,-0.429667823,0.336146298,-0.128549747,0.149713848
AAATTAATAAGCGCGA-1,0.108518351,-0.140318357,-0.132247881,0.155006498,-0.000644813
AAATTACACGACTCTG-1,-0.256398321,-0.354343591,0.330926604,-0.065797338,0.097299444
AAATTACCTATCGATG-1,-0.131248173,-0.323029232,0.11098227,-0.052005819,0.059573895
AAATTCCAGGTCCAAA-1,-0.057227188,-0.22754277,0.087469273,-0.040800469,0.11984302
AAATTGATAGTCCTTT-1,-0.081519528,-0.128159311,0.060501332,0.035628362,0.168834156
AAATTGCGGCGGTTCT-1,-0.132905876,-0.32392321,0.177501628,-0.026998163,0.089506143
AAATTGGTGAGAAGCA-1,0.099627883,-0.167300598,-0.12225085,0.148887487,0.027175363
AAATTTACCGAAATCC-1,-0.053778848,-0.269220841,0.028951594,0.02993358,0.083540111
AAATTTGCGGGTGTGG-1,-0.098186041,-0.264704355,0.122849382,0.064628355,0.185754857
AACAACTGGTAGTTGC-1,0.079488542,-0.237146156,-0.122194875,0.21124069,0.234735063
AACAATACATTGTCGA-1,0.02367819,-0.085509922,-0.073771386,0.070322028,0.157942165
AACAATTACTCTACGC-1,-0.003941208,-0.260207639,0.01255086,0.108652892,0.194325909
AACACACGCTCGCCGC-1,0.06119903,-0.108737104,-0.07344424,0.090602594,0.2046745
AACACGACTGTACTGA-1,-0.277021472,-0.422774227,0.350018496,-0.106068909,0.036291544
AACACGAGACGCGGCC-1,0.04120207,-0.122546536,-0.0718058,0.078024758,0.197241028
AACACGCGGCCGCGAA-1,0.116824206,-0.10507478,-0.153517187,0.105779987,0.120203579
AACAGCTGTGTGGCAA-1,-0.116057349,-0.114821323,0.057351741,0.049085513,0.123625386
AACAGGAAATCGAATA-1,-0.009092798,-0.329137969,0.011276792,0.018574583,0.171923284
AACAGGATGGGCCGCG-1,0.109752235,-0.22380837,-0.152383221,0.20064001,0.130957394
AACAGGTAGTATGGAT-1,-0.08273689,-0.279178071,0.127747563,0.007929249,0.149767575
AACATAGCGTGTATCG-1,0.034128256,-0.07331737,-0.092870097,0.077112955,0.177515639
AACATATCAACTGGTG-1,0.03863642,-0.209862323,-0.063236881,0.047347773,0.113143281
AACATCGATACGTCTA-1,-0.101820623,-0.238345145,0.088735238,0.085110817,0.019062681
AACATTGAAGTTGATC-1,0.015396873,-0.09859694,-0.066396158,0.078161568,0.157043503
AACATTGGTCAGCCGT-1,-0.05933966,-0.264320004,0.058361771,0.037192601,0.063130443
AACATTGTGACTCGAG-1,-0.252422337,-0.126735116,0.12993989,0.035247679,-0.004704454
AACCAAGACTTCTCTG-1,-0.052063338,-0.246814359,0.10177787,0.014284613,0.229951867
AACCAGTATCACTCTT-1,-0.041773264,-0.255389179,0.025670574,-0.111882494,0.102009315
AACCATAGGGTTGAAC-1,-0.099851922,-0.199723916,0.078579833,-0.063079053,0.151959138
AACCATGGGATCGCTA-1,0.118046123,-0.144501604,-0.165513573,0.14429244,0.189033351
AACCCAGAGACGGAGA-1,0.135398506,-0.070924087,-0.186148409,0.113684193,0.170824859
AACCCATCCCATGATC-1,-0.071903777,-0.13744272,0.033906469,0.051922978,0.134287806
AACCCGACAACCCGTG-1,-0.10139164,-0.090868663,0.019221373,0.069323133,0.128193136
AACCCGAGCAGAATCG-1,-0.234586458,-0.420115499,0.297787548,-0.071348954,0.056866787
AACCCGATAGGGCTTC-1,-0.059208161,-0.309540143,0.044241852,0.057335884,0.092537242
AACCCGCTGTATTCCA-1,-0.030426115,-0.139268346,0.037163213,0.046588925,0.238776292
AACCCTACTGTCAATA-1,0.072908684,-0.071922544,-0.068399781,0.053268974,0.194498276
AACCCTGGTGGAACCA-1,-0.292888777,-0.419125316,0.385557893,-0.134339998,0.053900323
AACCGAGCTTGGTCAT-1,0.095917215,-0.206214799,-0.151920904,0.149416105,0.157602565
AACCGCTAAGGGATGC-1,0.091492504,-0.089013193,-0.109692859,0.071592018,0.196847487
AACCGTTGTGTTTGCT-1,-0.020536404,-0.22897642,-0.040596364,0.045892176,0.125313926
AACCTAAAGCCGTCCG-1,0.035364959,-0.219672236,-0.056994642,0.074653141,0.064272813
AACCTCGCTTTAGCCC-1,0.023848156,-0.119490071,-0.058474299,0.076721325,0.181389036
AACCTGTCACGGAATT-1,-0.00706993,-0.21124396,0.035338548,-0.008437736,0.187131567
AACCTTTAAATACGGT-1,-0.197736334,-0.220546725,0.189928286,-0.008772741,0.097186574
AACCTTTACGACGTCT-1,-0.190457837,-0.308064676,0.137983422,0.012273969,-0.014168411
AACGAAAGTCGTCCCA-1,0.038678059,-0.103950173,-0.072437802,0.077662054,0.189105245
AACGACCTCCTAGCCG-1,0.015705764,-0.129159203,-0.039643716,0.078860951,0.181078995
AACGATAATGCCGTAG-1,-0.342501283,-0.418822709,0.442815548,-0.20020334,0.039007184
AACGATAGAAGGGCCG-1,0.141035072,-0.117615021,-0.191762191,0.13294477,0.177094044
AACGATATGTCAACTG-1,-0.018431809,-0.284775667,0.019258848,-0.038654237,0.160488329
AACGCATGATCTGGGT-1,-0.000921711,-0.183546544,-0.016696228,0.068137978,0.129557893
AACGCGAACGGCAACA-1,-0.219652195,-0.415280468,0.333793295,-0.139796628,0.112210352
AACGCGACCTTGGGCG-1,-0.077919365,-0.166017813,0.032031232,0.053751523,0.131136978
AACGCGGTCTCCAGCC-1,0.051582833,-0.231296061,-0.100246204,0.104657847,0.159114825
AACGCTGTTGCTGAAA-1,-0.514857901,-0.37100331,0.501735625,-0.231680756,-0.093482037
AACGGACGTACGTATA-1,-0.049555708,-0.135783784,0.022460149,0.064908014,0.140314335
AACGGCCATCTCCGGT-1,-0.081248826,-0.24846118,0.077186352,0.098226787,0.214404343
AACGTACTGTGGGTAC-1,-0.06178783,-0.207895367,0.021494895,0.083853378,0.157871302
AACGTAGTCTACCCAT-1,0.077676315,-0.15121224,-0.117449758,0.121173824,0.109027791
AACGTCAGACTAGTGG-1,-0.011122176,-0.221607664,-0.08013321,0.139232683,0.155700199
AACGTCATCCGGCTTG-1,-0.13514456,-0.111321784,0.0954372,0.02157427,0.161647166
AACGTCGCTGCACTTC-1,-0.143193017,-0.208998079,0.128570376,0.010683936,0.093326673
AACGTGATGAAGGACA-1,0.086025887,-0.192872498,-0.091731167,0.131642622,0.041687185
AACGTGCGAAAGTCTC-1,-0.222072092,-0.407807691,0.297192407,-0.094967206,0.119666366
AACGTTATCAGCACCT-1,0.040741243,-0.224367672,-0.078457237,0.094711755,0.160788349
AACGTTCTACCATTGT-1,0.005556909,-0.020138692,-0.064066186,0.086200041,0.061209199
AACTACCCGTTTGTCA-1,0.064539603,-0.167687619,-0.070735776,0.070624051,0.211047359
AACTAGCGTATCGCAC-1,0.081568285,-0.034182106,-0.111225666,0.074494237,0.103516026
AACTAGGCTTGGGTGT-1,-0.206683933,-0.251267182,0.22133414,-0.025050666,0.110687504
AACTCAAGTTAATTGC-1,-0.226911391,-0.379557902,0.312517625,-0.133463698,0.081276084
AACTCCAGAGCGTGTT-1,-0.012360235,-0.128487769,0.003056741,0.034031008,0.18079614
AACTCCTAATCCCATG-1,-0.507308685,-0.409989212,0.519744473,-0.132352887,-0.124116742
AACTCGATAAACACGT-1,0.099258546,-0.17279782,-0.146483319,0.172154784,0.094916551
AACTCGATGGCGCAGT-1,-0.018148876,-0.139372834,-0.051779812,0.025318275,0.04175666
AACTCTCAATAGAGCG-1,-0.004587004,-0.144741879,0.025182471,-0.037983244,0.156946526
AACTCTCAGTGTGCTC-1,-0.026478667,-0.127316839,-0.035372278,0.090595801,0.155238385
AACTGAGGTCAGCGTC-1,-0.124782724,-0.305258803,0.185736102,-0.122925701,0.155187095
AACTGAGTTATACTGA-1,-0.107817132,-0.294492112,0.120105666,-0.021769291,0.05997101
AACTGATATTAGGCCT-1,-0.147573703,-0.29797826,0.12599344,-0.110783559,0.046077095
AACTGGGTCCCGACGT-1,0.053520509,-0.212575988,-0.095944524,0.072813293,0.156441173
AACTGGGTTCGAGCCG-1,-0.115840413,-0.310933445,0.140443613,-0.025863822,0.118922557
AACTGGTGTGGGCCTT-1,0.098594053,-0.175922139,-0.140730173,0.164774583,0.156102754
AACTTCTGCGTCTATC-1,0.127204342,-0.168265658,-0.191747478,0.169843344,0.198965466
AACTTGCCCGTATGCA-1,0.092739958,-0.202544699,-0.104810004,0.123475895,0.064168934
AACTTGCGTTCTCGCG-1,0.072012343,-0.14169009,-0.075340833,0.071489058,0.170357086
AACTTTACGGGAGCTT-1,0.087079202,-0.169697303,-0.111546316,0.146151249,0.069506952
AACTTTAGCTGCTGAG-1,0.09015382,-0.026193333,-0.119444907,0.073824626,0.113075069
AACTTTCTCGATCATG-1,-0.001688404,-0.268675571,0.029770153,0.098553759,0.065634137
AAGAAATCACCAGATT-1,0.073931661,-0.18337976,-0.084096292,0.146520555,0.032898613
AAGAAGGATCAGTTAG-1,0.015349833,-0.200366159,-0.048224439,0.081728904,0.168452987
AAGACATACGTGGTTT-1,0.02107507,-0.125795064,-0.048947296,0.082708816,0.183547511
AAGACCAAATAACTCA-1,-0.184786853,-0.142896587,0.091219473,0.009578947,0.079895527
AAGACCCAACTGAACA-1,-0.165978713,-0.128139021,0.10576444,0.026001015,0.103627813
AAGACTAACCCGTTGT-1,-0.021786003,-0.181185437,0.005127441,0.046949667,0.150359898
AAGACTCACGCCCACT-1,-0.101891433,-0.329095994,0.122372959,0.047814866,0.112427777
AAGACTGCAAGCTACT-1,-0.182496554,-0.36488168,0.225842949,-0.094100314,0.104721196
AAGAGATGAATCGGTA-1,0.064031787,-0.211882539,-0.134514268,0.181767512,0.143252072
AAGAGCTCTTTATCGG-1,0.011451238,-0.22259623,-0.001777984,-0.027746115,0.166695415
AAGAGGATGTACGCGA-1,-0.230758511,-0.359948068,0.294551277,-0.057479216,0.102477606
AAGAGGCATGGATCGC-1,0.030886291,-0.212904751,-0.033440095,0.070417132,0.191290723
AAGAGGCCCTTTGGAA-1,-0.412399879,-0.480083446,0.503814574,-0.16139565,-0.014953694
AAGATGGCACCGGACC-1,-0.113585412,-0.177033177,0.068350799,0.011766763,0.119114941
AAGATTGGCGGAACGT-1,-0.101448436,-0.263897925,0.06754885,-0.026379683,0.097526104
AAGCACCCTGCGTATC-1,-0.075482166,-0.168054367,0.057997795,0.042499145,0.132609625
AAGCATACTCTCCTGA-1,-0.393501107,-0.400959944,0.429620743,-0.121458878,0.045301316
AAGCCACTTGCAGGTA-1,0.008859905,-0.098886709,-0.059496522,0.076970964,0.16725525
AAGCCGAAGCGGTTTA-1,0.086935496,-0.175753927,-0.095629004,0.131596793,0.011351611
AAGCCGCCGTGAAATC-1,-0.090098938,-0.122295162,0.034124016,0.063677968,0.108649552
AAGCCGCTTTACCTTG-1,0.10000861,-0.159350007,-0.132137879,0.160826509,0.030384277
AAGCCGGAGAGCAGGA-1,0.112655182,-0.164653726,-0.1360634,0.150040195,0.026930773
AAGCGCAGGGCTTTGA-1,-0.028832262,-0.126396146,0.004698864,0.057245137,0.206568388
AAGCGGAGTGCGCGCA-1,0.051827987,-0.154275497,-0.093471765,0.137688006,0.071852906
AAGCGGCGTCATGGGT-1,-0.109925954,-0.262688183,0.14566221,-0.034439899,0.112952088
AAGCGTCCCTCATCGA-1,-0.091971419,-0.132783972,0.034229846,0.05187222,0.102753967
AAGCTAGATCGAGTAA-1,-0.399048509,-0.424754996,0.468270106,-0.120625863,-0.001363327
AAGCTCGTGCCAAGTC-1,-0.17163052,-0.340538008,0.247389878,-0.111893645,0.139192608
AAGCTCTTTCATGGTG-1,0.021965706,-0.113579469,-0.069156794,0.072718608,0.173310386
AAGGAGAACTTATAAG-1,-0.189355054,-0.362985103,0.216455197,-0.069339046,0.118052816
AAGGAGCGGTTGGTGC-1,0.133381506,-0.047002795,-0.184735497,0.117283466,0.169365109
AAGGATCGATCGCTTG-1,0.086370713,-0.083580496,-0.073969613,0.05733272,0.209772033
AAGGATGAGGGACCTC-1,-0.060233607,-0.31262019,0.078711443,-0.005641557,0.152628758
AAGGCAGGCTGTCTCC-1,0.047735969,-0.108568828,-0.044786847,0.014144751,0.169997133
AAGGCGCGTAAAGCTT-1,0.109342456,-0.179659354,-0.167405324,0.167211416,0.217542154
AAGGCTGTGCTCATCG-1,0.070756851,-0.185972587,-0.105080903,0.113949157,0.205479444
AAGGGAACGACTGGCT-1,-0.118148666,-0.090126973,0.031934671,0.0447785,0.110572873
AAGGGACAGATTCTGT-1,-0.110057329,-0.27506311,0.062911777,-0.028496365,0.078627357
AAGGGACTATGCATTC-1,-0.045047899,-0.088090116,-0.010933221,0.069694605,0.203112031
AAGGGTTAGCCATGCG-1,-0.084855273,-0.259545471,0.098011137,0.033568447,0.094503727
AAGGGTTTGATTTCAG-1,0.009622043,-0.050447106,-0.072499603,0.081222666,0.166697271
AAGGTATCCTAATATA-1,-0.192636284,-0.306472127,0.203504948,-0.064884159,0.074610803
AAGGTGATAAACCAGC-1,0.080168554,-0.159456983,-0.083526399,0.102345037,0.126337347
AAGTAAGCTTCCAAAC-1,0.027598303,-0.091065635,-0.052306572,0.070361536,0.103024244
AAGTAGAAGACCGGGT-1,0.07265439,-0.16306204,-0.10385269,0.087784828,0.162158496
AAGTAGTGACGCGAGG-1,-0.110722021,-0.279583781,0.112063145,-0.040162097,0.119717443
AAGTCAATTGTCGTCA-1,-0.003323284,-0.185879816,0.030039876,-0.001701478,0.182884022
AAGTCTAGTAGCTGCC-1,0.027042366,-0.233157838,-0.020175322,0.118557999,0.009424782
AAGTCTTCTGTGGCCT-1,0.022495286,-0.243095141,-0.019799357,0.061973662,0.029545102
AAGTGACGACCGAATT-1,-0.152485686,-0.31922725,0.190819128,0.049276077,0.158867779
AAGTGAGTCGGGTTTA-1,-0.053491412,-0.090714686,-0.002781753,0.056321031,0.177137847
AAGTGCAAAGGTAGAC-1,0.114809329,-0.139615883,-0.140109758,0.12618997,0.041693083
AAGTGCCTTGACTGTA-1,0.067270539,-0.121277274,-0.069010186,0.063010748,0.153919816
AAGTGCGTTAGAATCT-1,-0.006349806,-0.179035649,-0.002674406,0.069350072,0.212341413
AAGTGCTTCTCTATTG-1,-0.002223415,-0.112734528,-0.049600277,0.075408996,0.216333613
AAGTGTTTGGAGACGG-1,-0.193058371,-0.305731906,0.179681266,0.024341553,0.117425685
AAGTTCACTCCAAGCT-1,0.010877458,-0.138355006,-0.026861686,0.06147358,0.196327075
AAGTTCAGTCTGCGTA-1,0.014825817,-0.182260607,-0.019046949,0.042426419,0.126851929
AAGTTCGGCCAACAGG-1,-0.030333517,-0.222740723,0.051986898,0.052344731,0.232366485
AAGTTGTGATGTTATA-1,0.069025215,-0.099136727,-0.105937558,0.095981379,0.214355047
AAGTTTACTAATGGCA-1,-0.159887323,-0.300863855,0.174441869,-0.075783268,0.058586433
AAGTTTATGGGCCCAA-1,-0.088923416,-0.114973412,0.031142208,0.056289134,0.138810411
AATAACAACGCTCGGC-1,-0.056028266,-0.211726671,0.019616396,0.058061903,0.102932291
AATAACACTAGAACAA-1,-0.036931262,-0.188116706,0.024891421,-0.009287572,0.166256601
AATAACGTCGCGCCCA-1,-0.042000352,-0.197612514,0.035616836,0.074525765,0.165368238
AATAAGTCCTCGAGAC-1,-0.256134835,-0.39818837,0.285266036,-0.181376408,0.041649853
AATAATCTTCGTATCG-1,0.033406418,-0.218686657,-0.049809498,-0.155579101,0.103280715
AATACAATGTTTCAGG-1,0.064035316,-0.221677372,-0.125776744,0.156453158,0.154848024
AATACCGGAGGGCTGT-1,-0.027001472,-0.062474074,-0.048070941,0.081757906,0.125811195
AATACCTGATGTGAAC-1,0.020308606,-0.106834447,-0.069021118,0.117183837,0.168016721
AATAGAACAGAGTGGC-1,-0.198923911,-0.350599018,0.280412435,-0.071570153,0.161957494
AATAGAATCTGTTTCA-1,0.065878906,-0.101278352,-0.089495233,0.093190208,0.184474079
AATAGCAAGCCTCCTG-1,-0.25375754,-0.377205694,0.357906067,-0.120268285,0.095664905
AATAGCTACCGCGTGC-1,0.021915753,-0.219779975,-0.034368383,0.127627794,0.078651858
AATAGGCACGACCCTT-1,-0.01106973,-0.138140683,-0.027062331,0.05368888,0.124086991
AATAGTCCGTCCCGAC-1,-0.26095949,-0.252055428,0.243079479,-0.086567632,0.057835156
AATAGTCGCGAGTCGG-1,0.09592346,-0.15050032,-0.114411899,0.118035752,0.077984312
AATATCAAGGTCGGAT-1,0.086351916,-0.186984876,-0.130649572,0.154535439,0.160198233
AATATCCTAGCAAACT-1,-0.00517608,-0.184364552,-0.038200582,0.101240333,0.165148056
AATATCGAATCAATGC-1,0.066570703,-0.206630027,-0.063844249,0.105659158,0.053075101
AATATCGAGGGTTCTC-1,0.005190404,-0.278209398,-0.001631019,0.03890562,0.189534006
AATATTGGAGTATTGA-1,-0.076315413,-0.312378891,0.106715426,0.05882619,0.17808602
AATCAGACTGCAGGAC-1,0.036918115,-0.132139767,-0.05564753,0.085339992,0.055475307
AATCAGGTTTCATTTA-1,0.011292451,-0.1025461,-0.061035315,0.103015936,0.197590368
AATCATGTAAAGACTC-1,-0.40038109,-0.30243352,0.349130953,-0.0443226,-0.064465711
AATCCAAGGGCCTGAG-1,0.10469442,-0.146900575,-0.15340682,0.108133499,0.175663981
AATCCATGCAAGGGTG-1,-0.20455244,-0.360987699,0.303462645,-0.15882784,0.087136075
AATCCCGCTCAGAGCC-1,-0.092869674,-0.08900947,0.04246096,0.047646548,0.144792819
AATCGAGGTCTCAAGG-1,-0.150413517,-0.157898978,0.103405236,0.055952094,0.145486132
AATCGCCTCAGCGCCA-1,-0.048070969,-0.242019695,0.075406441,-0.010736034,0.141482988
AATCGCGCAGAGGACT-1,0.036119313,-0.111380251,-0.052566411,0.055658761,0.182093051
AATCGGGACACTACGA-1,-0.15346973,-0.312552669,0.139685229,0.046056327,0.090772733
AATCGGTATAGCCCTC-1,-0.072030539,-0.127942656,0.004445325,0.068098842,0.127247045
AATCGTGAGCCGAGCA-1,-0.000328988,-0.075652442,-0.048925105,0.077891067,0.16653314
AATCTAGGTTTACTTG-1,0.02595706,-0.098577331,-0.062505001,0.073134863,0.191456253
AATCTATGCCGGAGCC-1,0.080867686,-0.199689127,-0.112916716,0.144466322,0.132206127
AATCTCTACTGTGGTT-1,-0.177223517,-0.36354509,0.2567153,-0.068145872,0.107769037
AATCTGCGTTGGGACG-1,0.022000349,-0.194588398,-0.020528775,0.035216085,0.135695696
AATCTGGCTTTCTAGT-1,0.03102065,-0.15434027,-0.103227707,0.144466901,0.199777663
AATCTGGGTAGACCCT-1,-0.033249667,-0.227053268,0.034414337,-0.009250523,0.126372532
AATGACAGCAATGTCT-1,-0.082139151,-0.199870391,0.03665213,0.107106868,0.165287637
AATGACGTAGGATGTC-1,0.047208128,-0.140509426,-0.057648926,0.076328358,0.230071503
AATGACTGTCAGCCGG-1,0.113673977,-0.125823349,-0.159092888,0.130962726,0.15942533
AATGAGTTCGCATATG-1,0.017827629,-0.205573222,-0.003267642,0.050575641,0.170163963
AATGATGATACGCTAT-1,0.039746226,-0.247784331,-0.063878098,0.117843133,0.124900904
AATGATGCGACTCCTG-1,-0.050446213,-0.274921395,0.009522466,0.097201306,0.063921977
AATGCAACCGGGTACC-1,-0.179283307,-0.268622935,0.154298607,-0.003529858,0.077110078
AATGCACCAAGCAATG-1,-0.242178162,-0.350423954,0.356641903,-0.120219738,0.128539846
AATGGTCCACCGTTCA-1,0.081974617,-0.161692656,-0.128626484,0.136579793,0.181769074
AATGGTTCTCACAAGC-1,0.13684233,-0.070585554,-0.182599614,0.125048903,0.169773374
AATGTATGGCACTGTA-1,-0.192072952,-0.161439056,0.131663441,-0.091420349,0.041219742
AATGTGCCCGAGGTGT-1,-0.001126129,-0.159168302,-0.018903949,0.059265741,0.135978514
AATGTGCTAATCTGAG-1,-0.067900309,-0.103277972,-0.011261574,0.075440996,0.114007251
AATGTTAAGACCCTGA-1,-0.011804125,-0.070163732,-0.075172294,0.100550248,0.153440437
AATGTTGTCGTGAGAC-1,0.066869256,-0.083030487,-0.112904985,0.09222606,0.177924113
AATTAAAGGTCGGCGT-1,-0.157111052,-0.351488732,0.223363369,-0.067261588,0.139318738
AATTAACGGATTTCCA-1,-0.036584214,-0.105726903,-0.031127494,0.096731776,0.143134131
AATTACGAGACCCATC-1,-0.098393342,-0.157886116,0.069824326,0.041226601,0.107897543
AATTACTCGTACGCTC-1,0.036410361,-0.142657989,-0.033230584,0.009075789,0.118169131
AATTAGCGCTGCAGCG-1,-0.256691227,-0.381598855,0.394890773,-0.144359049,0.151201489
AATTATACCCAGCAAG-1,-0.045516413,-0.090546468,0.017151453,0.040290421,0.181231624
AATTCATAAGGGATCT-1,0.026271329,-0.253976514,-0.05158173,0.085137456,0.148102842
AATTCATTGTCATGCA-1,-0.304928584,-0.139333211,0.166986255,-0.082119533,-0.106093966
AATTCCAACTTGGTGA-1,0.033459537,-0.210754254,-0.05906911,0.067577503,0.106537858
AATTCCAAGCATGTAC-1,-0.050422016,-0.128758124,0.027762916,0.054952126,0.174802675
AATTCGATTCGAGGAT-1,-0.270503959,-0.16243017,0.169196199,0.027974625,-0.021289537
AATTCTAGAGTTAGGC-1,-0.341729317,-0.384995733,0.451397633,-0.147194795,0.082889977
AATTGAACGCTCTGGT-1,0.085959281,-0.107556292,-0.122623371,0.104680139,0.173665086
AATTGCAGCAATCGAC-1,0.039974809,-0.108249273,-0.065657247,0.08321815,0.206929565
AATTGCGTGGATTACA-1,-0.041740174,-0.11312028,-0.019039978,0.044203136,0.159293865
AATTGTGGTTGCCAAA-1,-0.041394791,-0.223793977,0.045498237,0.043896472,0.190444591
AATTTGGGACATAGTA-1,-0.380357532,-0.467056856,0.485901239,-0.171622823,0.02522079
AATTTGGTTCCAAAGA-1,-0.235650917,-0.35675298,0.26656433,-0.076202876,0.078245407
ACAAACCATGCGTCCT-1,0.02663445,-0.087059466,-0.070034923,0.078499911,0.184796527
ACAAACCGACAAGGCG-1,0.03906967,-0.232294847,-0.063616821,0.100167089,0.070953673
ACAAACTCCATCAGAG-1,0.019433023,-0.093116198,-0.037395766,0.045271967,0.136172118
ACAAAGAAGGTAGGCC-1,-0.03769174,-0.229004289,0.01876386,0.095642908,0.163644997
ACAAAGCATGACCTAG-1,-0.083601012,-0.21144097,0.093508314,0.035082039,0.145510524
ACAAATCGCACCGAAT-1,-0.013131098,-0.154816651,-0.027877419,0.08160324,0.175961944
ACAAATGGTAGTGTTT-1,0.115272686,-0.127783145,-0.138559239,0.116950205,0.128471938
ACAAATTCAGATCTGA-1,-0.031665069,-0.241158899,0.044144294,-0.018697911,0.125940009
ACAACAGCATGAGCTA-1,0.011790489,-0.207624406,-0.014532354,-0.082150094,0.148562537
ACAACGGTCCCTGCGA-1,0.11154509,-0.185415904,-0.164774125,0.172880212,0.204939303
ACAAGCAGTGCCTAGC-1,0.00206613,-0.267139396,-0.004236484,0.107172562,0.123466745
ACAAGCTATATGGAAG-1,0.100062774,-0.168390661,-0.101134912,0.128983699,0.072140319
ACAAGGAAATCCGCCC-1,-0.146089033,-0.306071448,0.222904571,-0.038378067,0.199723226
ACAAGGACAAGAGGTT-1,-0.016851548,-0.248778157,0.020284933,0.085099068,0.195764043
ACAAGGATGCTTTAGG-1,0.029107596,-0.104946961,-0.062814055,0.071275767,0.18034229
ACAAGGCCTACCAGCC-1,-0.057874093,-0.252544764,0.076835276,-0.048070248,0.142369878
ACAAGGGCAGGCTCTG-1,0.074924165,-0.074301428,-0.103582193,0.096749432,0.21362951
ACAATAGTCGTACGTT-1,-0.000412212,-0.211674683,0.013034656,0.062583165,0.236851577
ACAATCCATTTAAACC-1,-0.061800898,-0.243816553,0.045836562,0.049878649,0.14123958
ACAATCGATCTTTATA-1,-0.136825831,-0.28652165,0.135267526,-0.072754345,0.07788362
ACAATGAATACGGAGA-1,-0.112310969,-0.129077656,0.052211798,0.048962215,0.137393931
ACAATGATTCTTCTAC-1,-0.165198567,-0.351330762,0.202694635,-0.125848822,0.078900907
ACAATTGTGTCTCTTT-1,0.012156534,-0.168761959,-0.002478845,0.041786684,0.21530603
ACAATTTAGGAGGCTC-1,0.095168321,-0.163083152,-0.112507465,0.136132124,0.025348876
ACAATTTGAGCAGTGG-1,0.024712689,-0.255950433,-0.038917915,0.055095304,0.180226252
ACAATTTGGCCATATT-1,0.007652713,-0.159767953,-0.006207794,0.046686994,0.166044762
ACACAAAGACGGGTGG-1,0.114628902,-0.119057534,-0.150835155,0.11455366,0.19644862
ACACAAATATTCCTAG-1,0.112909843,-0.13994177,-0.137703775,0.161540323,0.032077391
ACACACCAGGACCAGT-1,0.099593675,-0.175847716,-0.105419765,0.101675923,0.155818471
ACACACTTTCTACACG-1,-0.326781325,-0.353484441,0.290186885,-0.097128998,-0.060375949
ACACATGATCAAATCT-1,-0.004296343,-0.115401137,-0.007182559,0.030512996,0.199561167
ACACATTGACGCAACA-1,0.085983311,-0.175565844,-0.134745457,0.111223553,0.094160864
ACACATTTCCGTAGAC-1,-0.098366139,-0.136092935,0.031367841,0.06321126,0.120059115
ACACCACATAATTAGC-1,-0.072156582,-0.327667183,0.098993223,0.020611722,0.107736733
ACACCCAGCATGCAGC-1,0.072468875,-0.151506435,-0.119402336,0.116402526,0.165086293
ACACCCGAGAAATCCG-1,0.12362441,-0.112814266,-0.185604044,0.140731232,0.176261021
ACACCGAGCGCTCTTT-1,0.03670566,-0.189077717,-0.064990547,0.032365768,0.141303744
ACACCGGTCTGACCGC-1,-0.112399049,-0.107952768,0.063989517,0.054988064,0.15474104
ACACCTTAAGTAGGGC-1,0.141487066,-0.148860037,-0.207560048,0.174624848,0.193044887
ACACCTTACTACTTGC-1,0.119343474,-0.073188776,-0.138502068,0.076340135,0.219392669
ACACGAGACTCCTTCT-1,0.077576057,-0.205049043,-0.100582156,0.094695177,0.058477149
ACACGGCACTATGCAT-1,-0.280551697,-0.3800933,0.316910496,-0.091338206,0.025240508
ACACGGGAACTTAGGG-1,0.056304828,-0.235813672,-0.083257123,0.096073155,0.146426976
ACACGTAGGCCACAAG-1,-0.294686098,-0.454731965,0.412069261,-0.116039874,0.064809649
ACACTCCAATGTCACT-1,0.103134445,-0.24035433,-0.165519844,0.196733112,0.225857435
ACACTGATCAAGGTGT-1,-0.136599115,-0.247008909,0.156207912,-0.001672779,0.152003661
ACACTGGGACAGTCGT-1,-0.114312218,-0.362786944,0.141343943,0.022477759,0.131823463
ACAGAACTGAGAACAA-1,-0.041537515,-0.194051012,-0.004900567,0.091316542,0.162779728
ACAGATTAGGTTAGTG-1,0.010969725,-0.264945699,-0.036908669,0.094252479,0.146297977
ACAGCATAGAGCCAGT-1,-0.239704322,-0.334867248,0.194524573,-0.016301329,-0.027549266
ACAGCGACATTCTCAT-1,-0.430514061,-0.404721143,0.493922359,-0.304484094,-0.016834796
ACAGCGCACCCGCAGC-1,0.087086515,-0.169700743,-0.100742875,0.137093246,0.0890308
ACAGGAGGCGCAGCCG-1,0.105772236,-0.14714143,-0.142086739,0.159829962,0.04880558
ACAGGCACGGATCCTT-1,-0.028937596,-0.140231457,0.006863411,0.04520139,0.156466583
ACAGGCTTGCCCGACT-1,-0.395069726,-0.374141306,0.435728026,-0.147875709,0.009346783
ACAGGTGGAGGTGAGG-1,-0.084399998,-0.223897271,0.09682551,0.014027814,0.161964529
ACAGGTGTGTTGTTGC-1,0.097328799,-0.163766306,-0.110439411,0.133010434,0.011169592
ACAGTAATACAACTTG-1,0.014023831,-0.183342284,-0.040037385,0.134951861,0.234308681
ACAGTATACCGTGGGA-1,0.027502144,-0.187052196,-0.04702767,0.119027789,-0.000605173
ACATAAGTCGTGGTGA-1,-0.038058116,-0.151196272,-0.00420041,0.06526233,0.159005217
ACATAATAAGGCGGTG-1,-0.0889056,-0.278117382,0.093619889,0.062139261,0.171449753
ACATACAATCAAGCGG-1,-0.074832913,-0.13403975,0.024983826,0.072792369,0.162341681
ACATCAGCTGGGACGC-1,0.073144909,-0.203728396,-0.106668934,0.133501221,0.033017232
ACATCCCGGCCATACG-1,-0.114112617,-0.146793465,0.050559056,0.054270303,0.099519877
ACATCCTGGTAACTGT-1,0.072274412,-0.122703736,-0.051554623,0.042046401,0.204854786
ACATCGATCGTTTACC-1,-0.107124892,-0.291712074,0.122508475,-0.206956781,0.138411736
ACATCGCAATATTCGG-1,0.030174442,-0.08872223,-0.088690719,0.090709214,0.211634861
ACATCGGTCAGCCGCG-1,-0.03543413,-0.170554935,0.003806721,0.031084497,0.145539383
ACATCGTATGCAATGG-1,0.009340354,-0.164604374,-0.011071325,0.084677408,0.207006093
ACATCGTTAACCTAGT-1,-0.007726992,-0.243246658,0.005383969,0.115812977,0.038979767
ACATCTCAACGCGTAA-1,-0.054015649,-0.29686059,0.061866924,-0.014483897,0.068662555
ACATGGCGCCAAAGTA-1,0.091665725,-0.079217583,-0.092307875,0.053911466,0.19194957
ACATGGCTCAATTTAG-1,0.093469587,-0.091076521,-0.103048864,0.008843221,0.152011456
ACATTAGTTTATATCC-1,-0.292581907,-0.371291203,0.407219836,-0.124874986,0.142746343
ACATTCGCGCGGAATA-1,0.014927461,-0.118900612,-0.056692561,0.092744555,0.182967917
ACATTTGAAACCTAAC-1,0.032148762,-0.157378021,-0.029668936,0.120014264,0.270939988
ACCAAACACCCAGCGA-1,-0.190542946,-0.281076349,0.170709332,0.05023087,-0.038327149
ACCAAACTAGAAATCC-1,-0.121255764,-0.351263327,0.150399447,-0.080168919,0.13060588
ACCAACACCACACACT-1,0.021710378,-0.206397082,-0.025778068,0.087016169,0.07310772
ACCAACCGCACTCCAC-1,0.0244577,-0.125488461,-0.047793423,0.084393999,0.214043747
ACCAACGCTTATTTAT-1,-0.023406298,-0.164251564,0.002567373,0.063416183,0.17658452
ACCAAGAACGCGTGTC-1,0.105374494,-0.098768906,-0.175208962,0.12098401,0.154754056
ACCAAGTCATCGGCAG-1,0.026036733,-0.116333849,-0.078150876,0.098315522,0.181833779
ACCAATATGCAAGTTA-1,-0.200473426,-0.300620391,0.236261644,-0.032442956,0.122430134
ACCACAACTCAGAACA-1,0.127954424,-0.127921238,-0.154151527,0.145994945,0.070737219
ACCACAAGTTTCTATC-1,0.060813554,-0.251320343,-0.093242888,0.167573088,0.214664005
ACCACACGGTTGATGG-1,-0.042176457,-0.12367066,-0.031265783,0.113113063,0.185141018
ACCACCAATGTAACAA-1,0.09387325,-0.104998246,-0.090768638,0.073111788,0.219186292
ACCACCCTCTCTTCTA-1,0.01595757,-0.17662476,-0.01048833,0.069643931,0.105734631
ACCACGTGCAGCTATA-1,0.010313697,-0.160627075,-0.017404004,0.046645684,0.219877095
ACCACTGTTCAAGAAG-1,0.022984984,-0.214120894,-0.02838515,0.001456,0.086282166
ACCAGACCATAACAAC-1,0.098537144,-0.156867068,-0.117430665,0.138901609,-0.00084034
ACCAGCCCGGTCTTTG-1,-0.121870693,-0.274809276,0.120246163,-0.085645403,0.061304646
ACCAGGAGTGTGATCT-1,-0.044716768,-0.232758331,0.028911131,0.008595589,0.144463421
ACCAGTGCCCGGTCAA-1,-0.077348335,-0.248866219,0.076901637,-0.036436435,0.06679865
ACCAGTGCGGGAGACG-1,0.089962134,-0.133086931,-0.101360378,0.104869389,0.128109205
ACCATATCCGCAATAA-1,-0.264285436,-0.330029713,0.252819844,-0.092834399,-0.039363062
ACCATCCGCCAACTAG-1,-0.028574637,-0.223108982,-0.033228722,0.107049674,0.159365268
ACCATCGTATATGGTA-1,-0.084054217,-0.242393001,0.089003643,0.009852798,0.148435774
ACCATTAAGGGTGTCA-1,0.043912418,-0.116692971,-0.036759814,-0.005714248,0.158704936
ACCCAACGCCCGTGGC-1,0.019139277,-0.21022816,-0.026173456,0.047944106,0.160483884
ACCCACCTACATGCTC-1,0.009686002,-0.237912398,-0.03693812,0.116346174,0.168144209
ACCCATCTTGAGGGTA-1,-0.306666339,-0.379037357,0.376866421,-0.092591729,0.037768683
ACCCATTTGTCCCTCT-1,-0.216258732,-0.318255929,0.270481647,-0.16655393,0.099464571
ACCCGAGCGAAATTAC-1,-0.180566518,-0.176540462,0.13726888,0.027285594,0.086400281
ACCCGATTGGTTCCGA-1,0.042403158,-0.126036916,-0.08340044,0.111251666,0.214226437
ACCCGGAAACTCCCAG-1,-0.263218597,-0.213087498,0.222032253,0.004469879,0.031529355
ACCCGGAGCACCACAA-1,0.100558429,-0.165082816,-0.12038504,0.133729875,0.095521829
ACCCGGATGACGCATC-1,0.086708727,-0.06242603,-0.089539608,0.05829451,0.193573888
ACCCGGTTACACTTCC-1,-0.078268285,-0.207180581,0.065228407,0.03287281,0.18342635
ACCCGTAGTCTAGTTG-1,-0.02480363,-0.184527595,0.016912552,0.058591615,0.191087651
ACCCGTGTCATCAGTA-1,-0.168286699,-0.139683142,0.073627327,0.057072978,0.054737767
ACCCTATAGGACTGAG-1,0.034910097,-0.200304603,-0.054879455,0.075593156,0.168855644
ACCCTATGCCATATCG-1,-0.050422789,-0.109344123,0.012588762,0.051937874,0.178075542
ACCCTCCCGTCAGGGC-1,-0.026896751,-0.096805349,-0.028852298,0.065715816,0.135983972
ACCCTCCCTTGCTATT-1,-0.015597922,-0.209985474,0.018110556,0.069403662,0.17745838
ACCCTGGTAACGCCCT-1,0.056581287,-0.202080192,-0.078020064,0.126131752,0.091228853
ACCCTTCATCTGCGAA-1,0.001286208,-0.237653099,-0.045747305,0.048554098,0.141896034
ACCCTTGCCTGGGTCG-1,0.098451465,-0.161586753,-0.114788479,0.15223112,0.019875725
ACCCTTTAGTTCTCCA-1,0.135886625,-0.119201782,-0.178712662,0.161712756,0.055156469
ACCGAAAGGGCCCTGC-1,-0.244718574,-0.409736212,0.307548908,-0.045044962,0.118329294
ACCGAAGAGTCTGGTT-1,-0.205382849,-0.109102028,0.107177813,0.012026962,0.029037986
ACCGACACATCTCCCA-1,-0.027863853,-0.075610148,-0.016356343,0.060509946,0.17775508
ACCGACTGAGTCCCAC-1,0.04224113,-0.189719994,-0.116764122,0.120694283,0.125598013
ACCGAGTCTCCTTATT-1,-0.043489596,-0.146197005,0.029773762,0.058948104,0.188898161
ACCGATAGGCATAACC-1,0.109368061,-0.128166671,-0.136320198,0.111360648,0.17524034
ACCGATATTTAATCAT-1,0.071555401,-0.221054569,-0.098388497,0.125075846,0.083566356
ACCGATGGTAGCATCG-1,0.014373433,-0.123109985,0.003153897,-0.011529482,0.198320399
ACCGCAATAACTGCCT-1,-0.26918531,-0.35913043,0.307443434,-0.073608898,0.084324883
ACCGCGGTGGAAGTCG-1,0.057876854,-0.131510254,-0.037537168,0.030637174,0.183639718
ACCGCTAGTCATTGGT-1,0.003460224,-0.100757918,-0.043400409,0.069454703,0.184433461
ACCGGGCCTTTGTTGA-1,0.086236163,-0.076368109,-0.086633801,0.068811229,0.206785424
ACCGGTCAGGTACACC-1,-0.088171023,-0.158998933,0.07803798,0.029212927,0.157186976
ACCGGTCTGAGTACGG-1,-0.055460631,-0.26999841,0.042040414,-0.007186078,0.109753039
ACCGTCCACTGGGCCC-1,-0.140238674,-0.149701231,0.092181317,0.039003644,0.135781749
ACCGTGACCACGTGGG-1,0.010965523,-0.101353001,-0.04545489,0.06031911,0.191883291
ACCGTTCCCGCTCTGA-1,-0.238456223,-0.345133133,0.322273858,-0.092633447,0.107707442
ACCTAAGTACCTTTCA-1,0.007259537,-0.177678003,-0.016999275,0.066823697,0.191451672
ACCTAATCGACTTCCT-1,0.114900405,-0.181381455,-0.149085898,0.165660205,0.112201691
ACCTACAGTATGTGGT-1,0.094712087,-0.10389272,-0.10077281,0.065288017,0.209424823
ACCTACTATAAATCTA-1,-0.318023377,-0.181106767,0.218003665,0.002731255,-0.037542485
ACCTCAGCGAGGCGCA-1,0.025490212,-0.109254103,-0.047327528,0.098650771,0.209019289
ACCTCCGCCCTCGCTG-1,-0.200286632,-0.390907141,0.269595968,-0.058207372,0.128079985
ACCTCCGTTATTCACC-1,-0.099723463,-0.314185512,0.151479702,-0.028811466,0.145732873
ACCTCGAACTTATGCT-1,-0.012941481,-0.123982285,-0.024168415,0.058231794,0.141996077
ACCTGCGTGTCATGTT-1,0.071924352,-0.118680029,-0.121037711,0.101126503,0.198713129
ACCTTTCCTTTAGAAG-1,-0.099922139,-0.341718675,0.101387513,-0.021960565,0.091916729
ACGAAATGGGCGGCAC-1,0.107217551,-0.218988841,-0.174454882,0.202748132,0.162033342
ACGACCCATGAGTTGC-1,0.063978091,-0.188867813,-0.10339865,0.147142148,0.069796752
ACGACTCTAGGGCCGA-1,-0.01060662,-0.083111099,-0.025294586,0.066581267,0.20398228
ACGACTGGTCATACTC-1,0.019366269,-0.130533616,-0.048950541,0.100524588,0.245860073
ACGAGAACCCATCACG-1,0.013608655,-0.19042312,-0.028913677,-0.056340065,0.138325529
ACGAGATATTTGCTTA-1,0.006677167,-0.219842672,-0.003555566,0.096692981,0.088724851
ACGAGGATACCACTCT-1,0.048775383,-0.135870315,-0.099171186,0.127102101,0.208003446
ACGAGGTTTACAACGT-1,0.004323325,-0.096216983,-0.038698771,0.050995181,0.184064416
ACGAGTACGGATGCCC-1,-0.017332935,-0.221370708,-0.004681952,0.06829634,0.12929916
ACGAGTCGCCGGCGTT-1,0.129580928,-0.118137097,-0.16990376,0.158387597,0.046351663
ACGATACATAGAACTA-1,-0.085860744,-0.208714574,0.039011992,-0.038840254,0.083135063
ACGATACCTATCCTGA-1,0.109644041,-0.112681978,-0.129976674,0.149739124,0.019540421
ACGATCATACATAGAG-1,0.081594017,-0.253416561,-0.136931174,0.160931127,0.169118688
ACGATCATCTTGTAAA-1,0.022618314,-0.144083103,-0.008883052,0.016788271,0.157858302
ACGATGCATATGTTAT-1,-0.278630405,-0.328655303,0.257366002,-0.030826243,-0.043381674
ACGATGGATCCGATGC-1,-0.346664091,-0.469728995,0.453369859,-0.128275296,0.040007895
ACGCAAACTAATAGAT-1,-0.05119055,-0.115377782,-0.021352111,0.101409004,0.181070794
ACGCAATCACTACAGC-1,-0.001534018,-0.186314747,-0.016111854,0.099547571,0.140383275
ACGCATAAATGACATG-1,-0.090153687,-0.323969259,0.15523883,-0.037689669,0.093177836
ACGCATACGTTTACTA-1,-0.247082366,-0.359580942,0.282564618,-0.045569947,0.084655266
ACGCATTCGTGAGTAC-1,-0.006058865,-0.219645697,-0.020758852,-0.057301015,0.157902586
ACGCCACTCGAAACAG-1,0.008345146,-0.132851557,-0.053759759,0.111423383,0.204805778
ACGCCAGATGATTTCT-1,-0.066356002,-0.295165072,0.054731914,0.024709896,0.09683657
ACGCCAGTGCGTTTGC-1,0.06985064,-0.116627599,-0.075361148,0.071746391,0.242993336
ACGCCCAGCTGTCGAT-1,0.018204254,-0.172306469,-0.018207964,-0.005234699,0.144096047
ACGCCGCTAGACGACC-1,-0.273579912,-0.389537117,0.360476468,-0.070798721,0.103287563
ACGCCTGACACGCGCT-1,0.051856006,-0.218646702,-0.063308913,0.084827308,0.117725709
ACGCGAAGTCAGACGA-1,-0.152639432,-0.238594127,0.161372715,0.001577244,0.158836469
ACGCGCTACACAGGGT-1,0.004075612,-0.224347107,-0.00140138,0.079327858,0.22697856
ACGCGGGCCAAGGACA-1,-0.164837909,-0.333292584,0.213608422,-0.099669907,0.141825603
ACGCGTTTCTTAAGAG-1,0.08484848,-0.179349271,-0.106128211,0.145101577,0.043937839
ACGCTACTGAATGGGC-1,0.00343528,-0.167804281,-0.022653503,0.07313438,0.147111978
ACGCTAGTGATACACT-1,-0.004047872,-0.227734185,0.009435617,0.016424919,0.159051632
ACGCTGTGAGGCGTAG-1,-0.258351558,-0.339738762,0.317034344,-0.101186101,-0.002559752
ACGCTTAGTGTCTCTC-1,-0.087957512,-0.25164087,0.100581909,-0.064730353,0.079812726
ACGGAACACGAGTGCC-1,-0.031184041,-0.136922229,-0.005103767,0.094661073,0.167914597
ACGGAATTTAGCAAAT-1,0.128210529,-0.138233557,-0.159295632,0.11046171,0.212765747
ACGGACTCTCAAAGCG-1,-0.147660157,-0.102213652,0.070150286,0.053024227,0.063727537
ACGGAGCGCAAATTAC-1,0.071694328,-0.136594046,-0.078144557,0.079865733,0.107173052
ACGGATGGTGCGGATA-1,-0.060063774,-0.168171206,0.030726945,0.052920693,0.133400435
ACGGCACTTGCTTGGG-1,-0.162100109,-0.266508693,0.19448533,-0.028042408,0.149112085
ACGGCCAACATGGACT-1,-0.013011934,-0.123677543,-0.016972081,0.061528604,0.173205993
ACGGCGACGATGGGAA-1,-0.179226668,-0.232696623,0.167542349,0.003686357,0.09483383
ACGGCGGGTTGCCCTG-1,-0.039617484,-0.23333384,0.050547995,0.050789803,0.100196455
ACGGCTGGATGTAGAA-1,0.023740093,-0.100063571,-0.04676968,0.056793432,0.198598624
ACGGGAGTGTCGGCCC-1,0.029338614,-0.1293014,-0.049093178,0.064330021,0.165418758
ACGGGCGTATGCGACA-1,0.079341239,-0.150829434,-0.0772197,0.082923845,0.11107742
ACGGGTCATGTGACTT-1,0.073157772,-0.148506667,-0.091047409,0.082175382,0.156393601
ACGGTACAGTTCAATG-1,0.06518353,-0.109252458,-0.093290315,0.069932616,0.189972835
ACGGTCACCGAGAACA-1,-0.028490102,-0.125046567,-0.050948948,0.121257326,0.176455628
ACGTACAGATTTCTCT-1,-0.282727741,-0.490127204,0.40211327,-0.260695899,0.099859967
ACGTACTTTGGCACGG-1,0.027463336,-0.08099377,-0.079525747,0.089899169,0.1968418
ACGTAGATTGCTGATG-1,-0.164709301,-0.31860881,0.205432857,-0.246151958,0.085649463
ACGTAGGAGAGTCGCT-1,-0.09160418,-0.166506351,0.048070237,0.035724979,0.088239412
ACGTATTACTCCGATC-1,0.088283001,-0.080194766,-0.089769905,0.070275926,0.196819273
ACGTCCTAAACGAGAT-1,-0.137059849,-0.335031698,0.152419932,0.006453762,0.158504938
ACGTCGGGCAACTCGG-1,-0.097533904,-0.10951608,0.003008642,0.07666374,0.132708159
ACGTCTCGTTCCGGGA-1,-0.011889913,-0.218758461,0.01525003,0.081363393,0.201820357
ACGTGACAAAGTAAGT-1,-0.065866877,-0.128303997,-0.01624799,0.107583825,0.139705108
ACGTGCGCCTCGTGCA-1,-0.228118561,-0.219887575,0.198940269,-0.157015225,0.061577563
ACGTGGTCGAATGTGC-1,-0.061380752,-0.320025034,0.069084697,-0.010353517,0.120776032
ACGTTAATGTCGAAGA-1,-0.211495068,-0.404650307,0.301137813,-0.112534714,0.125701452
ACGTTAGATTTGCCCG-1,-0.281303288,-0.407405473,0.365722948,-0.117893489,0.049204301
ACGTTATTGGTCACTC-1,0.100221845,-0.188476827,-0.139857472,0.127914934,0.187541896
ACGTTCACTATGCCGC-1,0.032281358,-0.116865666,-0.076712896,0.088756295,0.112498746
ACGTTCCGCGCTCCGT-1,-0.191661189,-0.363420165,0.256604859,-0.033418576,0.111921152
ACGTTCGCAATCAATT-1,-0.059733155,-0.259092961,0.080373612,-0.026361719,0.109566446
ACGTTCGTTCAGGAAA-1,-0.1690859,-0.127323661,0.108369314,0.051307229,0.14140252
ACGTTCTGTACAAGTC-1,-0.239571403,-0.163982446,0.137836195,0.058364219,0.000667301
ACGTTGTCGTTGAAAG-1,0.019781626,-0.094539744,-0.074703293,0.07580311,0.150525292
ACGTTTAGTTGTGATC-1,-0.061102088,-0.279981838,0.033048558,-0.008980212,0.118096975
ACGTTTCGGTGCACTT-1,-0.03574671,-0.198555861,0.051796919,0.091154573,0.152227692
ACTAAGGACGCACACC-1,0.125508706,-0.152344728,-0.151634366,0.152635781,0.086159467
ACTAATACGTCAGGCG-1,-0.055651593,-0.275864012,0.02924451,0.035119859,0.071184449
ACTACAAAGAGAGGTG-1,-0.220411193,-0.123098071,0.121331201,0.03487706,0.04239735
ACTACATCCCGACAAG-1,0.045740444,-0.072795072,-0.094368248,0.09013677,0.19526452
ACTACCAGCTCTCTGG-1,0.022628701,-0.276283679,-0.061255925,0.160322169,0.199817074
ACTACCATCCGAGGGC-1,0.074683197,-0.085983663,-0.105647059,0.100956426,0.224854194
ACTACGCGTTAGAATT-1,-0.233073944,-0.179350234,0.167508838,-0.055516926,0.031775598
ACTAGTTGCGATCGTC-1,0.076754564,-0.198964889,-0.0823649,0.102523697,0.139864599
ACTATATGCTGTGTTC-1,0.060631383,-0.111906796,-0.095186679,0.083632215,0.100038168
ACTATCCAGGGCATGG-1,0.087922195,-0.086621463,-0.090829804,0.052662428,0.228023621
ACTATCGCCGGCTAAA-1,0.081761817,-0.050825161,-0.103061637,0.052830714,0.114080024
ACTATCTGCCCGCGTA-1,-0.002392359,-0.216921806,-0.000233671,0.038349727,0.105707048
ACTATGTCCAGCTGCC-1,0.032050177,-0.083194041,-0.069549792,0.069178517,0.194104725
ACTATTCGTCCGTGGT-1,-0.25919641,-0.415588056,0.262048042,-0.026442927,0.029478647
ACTATTTCCGGGCCCA-1,0.046991827,-0.067181724,-0.081269142,0.069586817,0.214485678
ACTCAACGAATGTATT-1,0.071452335,-0.127180765,-0.103527615,0.112343936,0.090911849
ACTCAAGTGCAAGGCT-1,-0.048887088,-0.186576552,0.045589546,0.057398813,0.167407842
ACTCAATAAAGGCACG-1,0.07697348,-0.250865728,-0.123183909,0.177424499,0.149963259
ACTCAGACCTGCTTCT-1,-0.016598265,-0.241777535,0.013572353,0.105156034,0.175563193
ACTCATGGCAGCCTTC-1,-0.046481947,-0.090447569,0.007299693,0.076195057,0.165075859
ACTCCAATATCATCAT-1,-0.057311487,-0.14099762,-0.000279046,0.046503881,0.079223265
ACTCCCATTCCTAAAG-1,0.057419046,-0.165907954,-0.077981857,0.111686488,0.236061865
ACTCCCGAATTCGTTT-1,-0.04566163,-0.24757994,0.064292989,-0.002774018,0.147090397
ACTCCCGTAGACTAGG-1,0.061441905,-0.187495876,-0.076334809,0.132390123,0.045588934
ACTCCCTAATGCTAAA-1,-0.156125829,-0.191930905,0.141852514,0.013210514,0.105376365
ACTCCCTAGAATAGTA-1,-0.344219153,-0.446540184,0.459334167,-0.138315829,0.050117658
ACTCCGGCCGACCACT-1,-0.10441457,-0.156286049,0.050809221,0.058549867,0.132211666
ACTCGATGTATTTCAT-1,0.079688293,-0.152975989,-0.093124887,0.088343717,0.164590373
ACTCGCCGTTCGATAA-1,0.048899923,-0.093979661,-0.089109085,0.105964256,0.198335634
ACTCGCGATCTGACGC-1,-0.180573244,-0.29692694,0.245191323,-0.082055072,0.157380258
ACTCGTAACCCGTCCT-1,0.025681466,-0.142195053,-0.047670573,0.093556236,0.213381644
ACTCGTCAGTAATCCC-1,-0.024534608,-0.266088015,0.049621009,0.023608847,0.194002826
ACTCTAAACCTGGGAT-1,-0.061338415,-0.208389019,-0.002548938,0.097346433,0.117485671
ACTCTCTGACTTAGGT-1,-0.111074736,-0.203656773,0.083070426,0.056706564,0.13350956
ACTCTCTTATACACGA-1,0.079115054,-0.204048119,-0.094334201,0.143880058,0.051092858
ACTCTGACCTAATAGA-1,0.020017069,-0.100546627,-0.062904972,0.066173481,0.158713156
ACTCTTCAGCTCCCGC-1,-0.057058336,-0.257860174,0.047402817,0.028012544,0.146184343
ACTCTTGTATAGTAAC-1,-0.216466227,-0.377828403,0.304668483,-0.11380703,0.084752343
ACTGAAACGCCGTTAG-1,-0.234617656,-0.310517528,0.241965188,-0.057729009,0.110256523
ACTGAATGGCGAAAGT-1,-0.127706615,-0.306968741,0.183212117,-0.034135461,0.167201956
ACTGATTTAGTGATTC-1,-0.069512508,-0.224236748,0.043929605,0.045734268,0.067452768
ACTGCCCGCCATTCTC-1,0.07435833,-0.087494569,-0.108480864,0.083462994,0.23087629
ACTGCCGTCGTAACTC-1,-0.030723953,-0.241345782,0.016980106,0.088796811,0.163807535
ACTGCGGACACACCGT-1,-0.002260857,-0.192159131,0.002181385,0.011587498,0.161309964
ACTGCTCGGAAGGATG-1,0.071293368,-0.134241242,-0.122027154,0.152076068,0.245330235
ACTGGCGAACCTGCGT-1,0.129253785,-0.161794849,-0.142024918,0.140224995,0.150128565
ACTGGGATGCCAGTGC-1,-0.070652014,-0.161802413,0.030883063,0.027181302,0.105160633
ACTGTACGATACACAT-1,0.037503827,-0.19137294,-0.06639677,0.057945558,0.122029517
ACTGTAGCACTTTGGA-1,-0.109769322,-0.276743173,0.121477642,0.057663923,0.142108359
ACTGTATACGCGAGCA-1,0.089287687,-0.13615671,-0.108109613,0.05586901,0.178849837
ACTGTCCAGGATTATA-1,0.010598404,-0.200281129,-0.051394645,-0.019591289,0.136338099
ACTGTCTTCTTTAGAA-1,-0.332769298,-0.382525027,0.339990968,-0.175508594,0.014803936
ACTGTGCTAGTAGATC-1,0.094420212,-0.168430778,-0.114909114,0.116584177,0.190532213
ACTGTTTAGTGTAGGC-1,-0.218567781,-0.384910759,0.264877877,-0.106458205,0.065196158
ACTTACCGGGCGCGCA-1,-0.26695862,-0.415472815,0.337980855,-0.131430844,0.067488555
ACTTACGCATCCACGC-1,-0.031744233,-0.141375852,0.004305752,0.064413798,0.154907084
ACTTAGTACGACAAGA-1,0.093424014,-0.132899511,-0.126584749,0.103848793,0.168095274
ACTTATACTTACCCGG-1,-0.046024321,-0.149335603,0.046216915,-0.060744948,0.138740114
ACTTATCTGATCTATA-1,-0.092241966,-0.265180254,0.119789541,-0.003798213,0.110211662
ACTTATTAGGATCGGT-1,-0.220284263,-0.34681455,0.320730281,-0.165877566,0.052831292
ACTTATTTATGTGCCA-1,0.115717581,-0.073669336,-0.149014364,0.094103493,0.205032061
ACTTCAGGCTGATCCC-1,-0.080056076,-0.24383137,0.074438301,0.070328441,0.192419837
ACTTCCAGTGGAAGCT-1,0.003765482,-0.103387516,-0.040785292,0.059904928,0.148169711
ACTTCCATGCGGGACA-1,-0.03913425,-0.187251012,0.043379344,0.03463157,0.172073806
ACTTCGCCATACGCAC-1,-0.226980015,-0.34548728,0.282700726,-0.061134482,0.123119984
ACTTCGCTAGCGAGTG-1,-0.355110877,-0.416129423,0.406829721,-0.072429555,0.009948678
ACTTGACTCCCTCTTT-1,-0.171531085,-0.353169994,0.218151337,-0.024662809,0.128226054
ACTTGCCATATTGTAC-1,-0.207103291,-0.374831923,0.264396398,-0.072957548,0.097109232
ACTTGCTCTATCTACC-1,-0.118077291,-0.125335763,0.026341354,0.082765154,0.113419249
ACTTGGGACCCGGTGG-1,0.132729619,-0.123382934,-0.175856126,0.127247018,0.189810904
ACTTGGGCTTTCGCCA-1,-0.083114169,-0.116735865,0.025008188,0.051796803,0.124116673
ACTTGTAGTCCCTTCA-1,-0.057765007,-0.249217762,0.028568418,0.102850859,0.201907321
ACTTGTGGATGGAACG-1,-0.146876166,-0.350791599,0.22161223,-0.102323854,0.1287383
ACTTGTTACCGGATCA-1,-0.094527483,-0.147076078,0.083474346,0.020877765,0.190528116
ACTTTACCCTCATGAA-1,-0.02225709,-0.264775965,0.046744215,0.014834423,0.175950874
ACTTTCCTATAGCTTC-1,0.102118686,-0.15656248,-0.171360943,0.137863088,0.170658444
ACTTTGACTGCATCCT-1,-0.26727261,-0.38459768,0.342324663,-0.076391155,0.035412831
ACTTTGGTCGTGCTCC-1,-0.021929611,-0.155111841,0.013790663,0.054315243,0.211065744
ACTTTGTCGACGCACT-1,0.098772357,-0.171334194,-0.112362177,0.103016174,0.152093678
AGAAATTATGACTCGC-1,0.003444738,-0.208532187,-0.00947738,0.032545403,0.093529221
AGAACCCAGCGTGACA-1,-0.029894144,-0.197172533,0.045080875,-0.078265487,0.167801293
AGAACCCTCAATTGGG-1,-0.202619149,-0.078905684,0.099348171,0.044739017,0.073449478
AGAACGTGGTACATTC-1,0.002618043,-0.301052009,-0.024440256,0.009229337,0.206857591
AGAACTGTACTTTGTA-1,0.019419134,-0.06583914,-0.055024269,0.064416529,0.168954589
AGAAGAGCGCCGTTCC-1,0.008250017,-0.16501687,0.013790723,-0.026238807,0.106824306
AGAAGGTACACTTCAC-1,0.015222865,-0.089903889,-0.066289504,0.120165846,0.184052525
AGAAGGTTGCCGAATT-1,-0.049435767,-0.21776154,0.050310504,0.016061263,0.174484179
AGAAGGTTGTAGGTCG-1,-0.136097817,-0.124601733,0.067618363,0.040184602,0.077926862
AGAAGTGATTCGTGAT-1,-0.018632173,-0.227501934,-0.003860289,0.116051851,0.211987155
AGAATAAATCTTCAGG-1,-0.072699708,-0.313317329,0.08454842,0.071345375,0.094305504
AGAATACAGGCTATCC-1,-0.10979996,-0.134402429,0.086977294,0.071613111,0.107137959
AGAATGCGGGTTCGGA-1,0.084479642,-0.1132114,-0.098311295,0.074114477,0.095542241
AGAATTATGGATTCGA-1,-0.02869859,-0.218023387,0.049843539,0.001113834,0.145673069
AGAATTGTTTGACATA-1,0.116597858,-0.171334201,-0.17709781,0.182703617,0.212972149
AGACAGCTCAGAATCC-1,0.084828578,-0.156316424,-0.137591185,0.128346744,0.16094034
AGACAGGCATCTCAGC-1,0.10264629,-0.17074826,-0.127918594,0.141356376,0.091314775
AGACATAGATCCTTCC-1,0.091462504,-0.128644501,-0.125917568,0.127436121,0.132646693
AGACCAAACCACACCT-1,0.064249131,-0.138763232,-0.122625826,0.170580919,0.238030399
AGACCATGGGATACAA-1,0.074450083,-0.224212468,-0.134229126,0.15546686,0.177697276
AGACCCACCGCTGATC-1,-0.320535444,-0.482642232,0.482688691,-0.167066803,0.095010397
AGACCCGCCCTCCTCG-1,0.013252023,-0.225051587,-0.050100932,0.108077286,0.188997434
AGACCGCTCCGCGGTT-1,-0.001661853,-0.246249322,0.03414706,0.04460163,0.119356508
AGACCGGGAAACCCTG-1,-0.497760558,-0.400987803,0.495806913,-0.095705985,-0.111467649
AGACGAAGTGCCGGTC-1,-0.159901958,-0.261097993,0.1541519,-0.033939679,0.096099611
AGACGACGATGCCGCT-1,0.06008242,-0.107495451,-0.083177673,0.086469426,0.235058255
AGACGCCCACTTCGCC-1,0.108214611,-0.167526826,-0.118979348,0.115247759,0.117190697
AGACGGGATTGGTATA-1,0.020350187,-0.270098859,-0.06112573,0.111455508,0.112656299
AGACGGGCCGATTTAA-1,-0.118279582,-0.292832127,0.170283732,-0.086843386,0.126409356
AGACTAGCCTTCCAGA-1,0.143385213,-0.053451452,-0.196385011,0.122856996,0.15750841
AGACTGTTACCGGGTC-1,-0.076235134,-0.109179806,0.006140576,0.082363037,0.133305797
AGAGAAACACCAGAAA-1,-0.157488298,-0.092871771,0.059406066,0.063366705,0.083689706
AGAGAACCGTCTAGGA-1,-0.092962676,-0.287355779,0.084028987,-0.068167995,0.086580986
AGAGAAGGAGTACAAT-1,-0.009874392,-0.135693076,-0.009284062,0.063211563,0.208203163
AGAGATCTCTAAAGCG-1,-0.252482037,-0.364081862,0.345946167,-0.110407745,0.077932501
AGAGCAGTTATGAGAC-1,0.059456409,-0.21022031,-0.087470398,0.109124817,0.198071317
AGAGCCGCCGAGATTT-1,-0.187652843,-0.381123499,0.248051141,-0.077813631,0.090317096
AGAGCGCTTGTAACGG-1,0.100458694,-0.164364587,-0.1206097,0.14460023,0.010226545
AGAGCGGGCTAATCAT-1,-0.213740973,-0.299321887,0.223436408,-0.109126799,0.075239002
AGAGCGTACAAGCTCG-1,0.100279876,-0.179347521,-0.12091179,0.136931628,0.126457951
AGAGCTACGAAAGCAT-1,0.070816926,-0.083612949,-0.09448032,0.045444452,0.133069103
AGAGGCTTCGGAAACC-1,-0.029807718,-0.269905048,0.068001953,-0.042987008,0.164026838
AGAGGGACAATTGTCC-1,0.033429013,-0.2310371,-0.054244922,0.121169909,0.097127947
AGAGGTATCTCGGTCC-1,0.07147056,-0.039145477,-0.092559318,0.058201653,0.113288318
AGAGTAAACTTCACTA-1,0.098015291,-0.172682364,-0.105266174,0.132686062,0.075135277
AGAGTATAGTGTTACG-1,-0.263835095,-0.421361961,0.343473251,-0.127414209,0.054060913
AGAGTCTTAATGAAAG-1,0.014541763,-0.16098103,-0.013894249,0.082815683,0.140111926
AGAGTTAGAGACCGAT-1,-0.036743055,-0.266596902,0.00838372,0.016755809,0.101365853
AGAGTTGCAGGCCTCC-1,0.115549984,-0.151902405,-0.13394391,0.152502233,0.068774586
AGATAACTTCAGGGCC-1,0.060656124,-0.203102677,-0.088689348,0.091275668,0.081096661
AGATACCAATAGAACC-1,-0.014092454,-0.173467103,0.010065844,0.054933428,0.194216745
AGATACCAGCACTTCA-1,-0.057004578,-0.181933594,0.01916746,0.103780472,0.022419433
AGATACCGGTGTTCAC-1,-0.284335049,-0.306453481,0.278889899,-0.132837629,0.021069345
AGATACGACTTCATAT-1,0.034036364,-0.165756281,-0.037763559,0.070783483,0.173128413
AGATACTCAAGATCGA-1,0.058062708,-0.145127076,-0.05841296,0.090545747,0.241282462
AGATATAATACGACTA-1,-0.16175818,-0.130576082,0.086058212,0.022521633,0.039829258
AGATCGTGCATAAGAT-1,-0.053144034,-0.30987357,0.042983568,0.088550095,0.130108371
AGATCTCAGGTGTGAT-1,-0.118087009,-0.301126852,0.102943019,-0.086187218,0.090882665
AGATGACTCGCCCACG-1,0.133161276,-0.143358409,-0.172210214,0.110909417,0.189502928
AGATGAGGGTTGCGAT-1,-0.07888579,-0.204658105,0.067003892,-0.031169789,0.055325964
AGATGATGGAGTCTGG-1,-0.266510559,-0.438620009,0.426648388,-0.172430641,0.136606273
AGATGCAAGACGTGCA-1,-0.010747677,-0.124486668,-0.033744817,0.056058974,0.124990769
AGATGCATCCTGTGTC-1,-0.022994805,-0.114277954,-0.049018771,0.117782486,0.138592335
AGATGCTATAACGAGC-1,0.062267595,-0.10617635,-0.069674044,0.015555345,0.134637693
AGATTATAGGACGTTT-1,-0.260370638,-0.369613402,0.302291038,-0.170595252,0.050905501
AGATTCAAGCGGGTCG-1,-0.193736031,-0.354919954,0.233957001,-0.069857601,0.070076406
AGATTCACAACCGATA-1,-0.226983982,-0.146331042,0.116913536,0.074737583,0.070812972
AGCAAAGGCCGCTAGT-1,-0.054717146,-0.089007107,0.007344479,0.047578249,0.141466357
AGCAACATATCTTATT-1,0.071361443,-0.067064726,-0.065709497,0.055095113,0.18930285
AGCAACCGAAAGTAAT-1,0.024751179,-0.121727236,-0.072619983,0.080116957,0.169449233
AGCACACGTTTAGACT-1,-0.091600101,-0.141958084,0.011816973,0.084910984,0.125241998
AGCACCAGTACTCACG-1,0.084773411,-0.168845306,-0.139605213,0.137614043,0.12186402
AGCACTACCGGCCTGT-1,-0.062082401,-0.283326222,0.073999032,-0.002526961,0.186041653
AGCACTACCTCACCAG-1,-0.210160423,-0.351239247,0.254220247,-0.007556613,0.137488083
AGCACTTAAGGACGCC-1,0.031144007,-0.230697677,-0.053771457,0.111255743,0.168897372
AGCAGAAGGAGAAAGA-1,-0.290526471,-0.122500251,0.166399928,0.011354904,-0.111151276
AGCAGCCAGATGAATA-1,-0.174530661,-0.200151723,0.128147933,1.51E-05,0.0652464
AGCAGTCGAAGCATGC-1,0.030613609,-0.085464669,-0.070210319,0.081073031,0.197916123
AGCATATCAATATGCT-1,-0.002963132,-0.17000361,-0.010610102,0.067753621,0.205718272
AGCATCATTTCGAAAG-1,0.033472282,-0.090515327,-0.067154627,0.070523215,0.16840792
AGCATCGTCGATAATT-1,0.072979915,-0.133899235,-0.111963599,0.106485774,0.189113555
AGCATTACGAGGCAAG-1,0.04796416,-0.106586017,-0.086362543,0.083731679,0.180893814
AGCCAAGCTTTGTGTC-1,-0.042526691,-0.134525193,0.013568794,0.052193674,0.13709507
AGCCACAGGTTACCCG-1,0.022325633,-0.128486881,-0.033929884,0.065498393,0.21283417
AGCCACTCCCGTGCTT-1,-0.101595477,-0.197487911,0.07120603,-0.024734753,0.056473711
AGCCATATAGTATGTG-1,-0.195540806,-0.128105913,0.131313958,0.04112685,0.125560259
AGCCCATACATGTAAG-1,-0.049437304,-0.188027366,0.034163221,0.053105072,0.15986853
AGCCCGCAACAAGCAG-1,-0.125133848,-0.146633611,0.085397288,0.03023569,0.125601692
AGCCCGCACTACAATG-1,-0.02714198,-0.180413477,-0.011521046,0.047819484,0.056878199
AGCCCGGCATTAGAGG-1,-0.040959765,-0.132809077,-0.013147391,0.067238958,0.1582855
AGCCCGGTAGCCTGTA-1,-0.048146491,-0.155688443,0.003217416,0.065412621,0.153660039
AGCCCTAAGCGAAGTT-1,-0.217089192,-0.374062582,0.244735973,-0.484660309,0.099818215
AGCCCTCCCTGGTGGC-1,0.014973531,-0.071161908,-0.066975489,0.084399545,0.230664419
AGCCCTGTCGCACCGT-1,0.043958488,-0.117261687,-0.047798781,0.029019733,0.155951086
AGCCCTTCTAATCCGA-1,0.007478645,-0.198524246,-0.025753927,0.053679128,0.086274678
AGCCCTTGGACATCCC-1,-0.000334711,-0.229054129,-0.000800389,0.084162977,0.116959735
AGCCGCAAATTCAAAT-1,0.114499585,-0.133656719,-0.121351488,0.121257229,0.133694422
AGCCGCTTGATTAGCG-1,0.054327803,-0.136817785,-0.067777962,0.037429083,0.103582952
AGCCGTGGCTAAATGT-1,0.019309036,-0.160284982,-0.038470531,0.036747573,0.175413054
AGCCTAATACCCACGT-1,0.022296422,-0.176407376,-0.065291968,0.104026346,0.181545247
AGCCTTAAAGCGGAAG-1,0.026340103,-0.281406804,-0.049987706,0.13795599,0.202349826
AGCGACAGGAACGGTC-1,-0.13727793,-0.221565971,0.135613497,0.015091627,0.120921466
AGCGACATCCCATTCA-1,0.132910753,-0.160952602,-0.176434932,0.132042697,0.176463035
AGCGACCAACGATATT-1,0.118547607,-0.105543721,-0.159545582,0.098983313,0.187130559
AGCGACTTTGAAGACA-1,-0.135101848,-0.140886736,0.071646925,0.05913993,0.125670655
AGCGAGACGTGAAGGC-1,0.050143622,-0.109432841,-0.076372871,0.072404451,0.205014713
AGCGATGCGCCTAATA-1,-0.054852877,-0.187178355,0.061316344,0.0363193,0.162427299
AGCGCATAATGAATCG-1,-0.08981487,-0.155069878,0.023222991,0.061739304,0.107155356
AGCGCGGGTGCCAATG-1,0.053134662,-0.244428046,-0.08004408,0.055118978,0.169254024
AGCGCTAGAGCGATGT-1,0.023623814,-0.143351587,-0.024804503,0.006317575,0.143101714
AGCGCTTATGGGCAAG-1,-0.058639502,-0.25710506,0.075947526,-0.023118096,0.128853437
AGCGGACACTTCGTAG-1,-0.051475548,-0.105514466,0.011289299,0.046463907,0.156627307
AGCGGCGGTTAGCGGT-1,0.043546512,-0.162709715,-0.082912818,0.102790029,0.2034819
AGCGGGAAGGGTCCAT-1,0.043177953,-0.182933586,-0.066527315,0.077154696,0.164428707
AGCGGGTCTGACACTC-1,-0.137702812,-0.18916935,0.12380083,0.01758984,0.110813863
AGCGGTTGAGATGTAC-1,-0.034707902,-0.276623401,0.025429197,0.094201301,0.12369762
AGCGGTTGCCGCTCTG-1,0.060241838,-0.157306852,-0.077170289,0.115990513,0.072263917
AGCGTACGAGAGCTAG-1,-0.250050401,-0.372989303,0.343125225,-0.102731312,0.089134868
AGCGTAGCGCTAGACC-1,0.092175643,-0.140847226,-0.113701297,0.132943109,0.026995873
AGCGTCTGAACCCGCA-1,0.132105732,-0.115025618,-0.16899731,0.130993491,0.080125007
AGCGTGGTATTCTACT-1,-0.288468322,-0.413974658,0.381146866,-0.107373072,0.088919491
AGCGTTCCGATTTAAA-1,-0.121106142,-0.306389172,0.167868679,-0.054609036,0.116269811
AGCTAACAAGCAATGT-1,0.06545101,-0.067761032,-0.110152652,0.092610103,0.210726423
AGCTAAGCTCCGTCCG-1,0.020842758,-0.076089091,-0.076289413,0.082160482,0.128226909
AGCTAAGTACGCAGGC-1,-0.056929721,-0.11815637,0.035430701,0.039538416,0.153319696
AGCTACGAATGGTGGT-1,-0.049131347,-0.085654992,0.021618576,0.006600402,0.1282533
AGCTAGAAGCAGAAGT-1,-0.017458766,-0.297869417,0.029878386,0.100610444,0.177727728
AGCTATTTAATCCAAC-1,-0.088300687,-0.296473417,0.116811628,0.024548834,0.138154205
AGCTCCATATATGTTC-1,-0.237721336,-0.41220146,0.349646524,-0.110198428,0.117269206
AGCTCCTTCGCACATC-1,-0.261207837,-0.30954818,0.289285314,-0.02898772,0.096257062
AGCTCGTTGATGGAAA-1,0.090192107,-0.171889859,-0.108155955,0.146589904,0.0105365
AGCTCTAGACGTTCCA-1,-0.030386487,-0.266400856,0.038299621,0.05265546,0.153854884
AGCTCTTCCCAGTGCA-1,-0.089687802,-0.253994493,0.030042155,0.072526603,0.059356128
AGCTCTTCGTAACCTT-1,0.086820757,-0.10239284,-0.077497132,0.055339625,0.224327597
AGCTCTTTACTCAGTT-1,-0.23209641,-0.209889338,0.159328131,-0.011801744,0.00578935
AGCTGAAGTAAACCAA-1,-0.188417476,-0.191780843,0.201814657,-0.060516776,0.05537404
AGCTGCATTTGAGGTG-1,-0.101524862,-0.319491562,0.095558627,0.024335151,0.094212968
AGCTGTAACCTCAATC-1,-0.009260436,-0.163382736,-0.024790002,0.10456668,0.219997623
AGCTTATAGAGACCTG-1,0.138350524,-0.096557836,-0.173653754,0.132104533,0.11396311
AGCTTCAATACTTTGA-1,0.019152476,-0.22857362,-0.045873486,0.060918599,0.118944678
AGCTTCTTCTCGAGCA-1,-0.004467154,-0.102232494,-0.042231575,0.075604479,0.15188884
AGCTTGATCTTAACTT-1,-0.125488273,-0.334754792,0.164363522,0.060730055,0.179710513
AGGAAAGCCTCTGATG-1,0.08484457,-0.171780119,-0.127812507,0.123820248,0.114863845
AGGAACGAACGACTTC-1,-0.277848846,-0.311123226,0.231126842,-0.03091957,-0.015957248
AGGAAGCTGTCCGCCG-1,-0.169768307,-0.1283568,0.102585971,0.043277728,0.08245923
AGGACAGTCGAATCCC-1,0.052645272,-0.159805664,-0.041957265,0.069505017,0.155064061
AGGACATCGCACGTCG-1,0.121929706,-0.1217861,-0.153602856,0.096090883,0.184511345
AGGACATCGGCACACT-1,-0.154459925,-0.253843099,0.157978204,0.01182562,0.147560081
AGGACGACCCATTAGA-1,-0.043833522,-0.251068587,0.085362616,0.000466395,0.197073345
AGGACGCTCGATGTTG-1,-0.241357172,-0.370937083,0.367434377,-0.135677259,0.131856976
AGGACTTATAGGAGAA-1,0.029249628,-0.164893476,-0.015372044,0.007056609,0.118737674
AGGAGACATCCACAGT-1,0.030154777,-0.153480079,-0.038113887,0.045478079,0.096767064
AGGAGAGTCTGGCTAC-1,-0.109764899,-0.313354133,0.151078651,-0.044570757,0.111836544
AGGAGCGTTTATTATC-1,0.056688846,-0.147504606,-0.101871168,0.076637916,0.173950748
AGGAGGCCTTCGCGCG-1,-0.050188379,-0.232799967,0.076599894,0.029130111,0.209851586
AGGATAAAGTCGGGAT-1,-0.243188465,-0.340394212,0.314254233,-0.150079833,0.08347943
AGGATATAGGGATTTA-1,0.063074843,-0.140516579,-0.05977404,0.096590019,0.140311245
AGGATATCCGACTGCA-1,0.089288729,-0.054916536,-0.12866435,0.09951358,0.195270466
AGGATCACGCGATCTG-1,0.033462886,-0.172821481,-0.081643624,0.122692826,0.197418618
AGGATTGCTTACGACA-1,-0.257579334,-0.415028938,0.321096027,-0.09749331,0.05826366
AGGCAAAGAGGAATCA-1,-0.051368658,-0.176035234,0.019646375,0.054600482,0.095706026
AGGCAATACGGAGGAC-1,0.122862105,-0.143581494,-0.157842051,0.15717595,0.038302853
AGGCACGTGACTGTCC-1,-0.149884276,-0.335251278,0.209752733,-0.057652059,0.175901497
AGGCAGATGCGTAAAC-1,-0.077939171,-0.32667596,0.086170918,-0.056547038,0.083252138
AGGCAGGGAGCGTACT-1,0.050419,-0.097299398,-0.093173987,0.08911346,0.23319317
AGGCATTGTCGTAGGG-1,0.031779407,-0.153915495,-0.035419395,0.064574882,0.158137954
AGGCCACATTGGTTAC-1,-0.003441353,-0.137723206,-0.008654611,0.007099697,0.107700183
AGGCCACCCGTTATGA-1,-0.011603354,-0.197066184,0.011434823,0.086292815,0.201240266
AGGCCCAGTGACTGGT-1,0.07015507,-0.088021872,-0.080516621,0.033210293,0.1399461
AGGCCCATTGTACAGG-1,0.128646483,-0.052083017,-0.182753155,0.11927268,0.134494408
AGGCCCTAGAACGCCA-1,0.000906778,-0.215855039,-0.012302162,0.091182595,0.213964571
AGGCCTATCATACCAA-1,-0.032659867,-0.133482571,0.00717581,0.033015009,0.161846592
AGGCCTGAGAATCTCG-1,-0.003977407,-0.092508566,-0.031524131,0.061782746,0.153755127
AGGCGATAACTGGCGT-1,0.097986214,-0.155342237,-0.114259918,0.135602075,0.053877294
AGGCGGTTTGTCCCGC-1,-0.134652564,-0.176855887,0.106307173,0.050369085,0.143754912
AGGCGTCTATGGACGG-1,0.05261504,-0.16173445,-0.088255708,0.111909282,0.092253678
AGGCTATGGTTAGCTT-1,0.112374512,-0.166735397,-0.181287694,0.152547376,0.187935311
AGGCTTAAGTTGCACA-1,0.015840168,-0.123681951,-0.030623317,0.052966364,0.205059425
AGGCTTCCCGAAGAAG-1,-0.029388169,-0.13685865,0.004567728,0.029658249,0.163036621
AGGCTTGCTAGACACC-1,0.063848809,-0.217128469,-0.104337559,0.152381423,0.154995514
AGGGAAACGAGGTACT-1,-0.312032835,-0.445610041,0.394055266,-0.146094614,0.044544373
AGGGACAGCACGGCGG-1,0.127210611,-0.079401756,-0.165435226,0.108091351,0.125798463
AGGGACCGGCTGCGTT-1,-0.384781965,-0.203706839,0.279012486,-0.040407994,-0.049187841
AGGGACTCTACGCGAC-1,0.044485805,-0.097227944,-0.09617949,0.073783331,0.17571462
AGGGAGACATACTTCG-1,0.046074668,-0.253173168,-0.084249979,0.117841446,0.123751862
AGGGCAGCGGCGTGGT-1,-0.078851859,-0.146995338,0.023560903,0.094348399,0.049694608
AGGGCCCTAATGTTCT-1,0.03936358,-0.285601356,-0.075056093,0.136620563,0.115798296
AGGGCGAGCAGCTGAT-1,-0.088782923,-0.15721956,0.044657506,0.062362645,0.15265209
AGGGCGTGATCGGCTA-1,0.106408119,-0.158460591,-0.156474514,0.127698119,0.195338301
AGGGCTGCAGTTACAG-1,-0.078102078,-0.236526531,0.088899053,-0.136629847,0.122484201
AGGGTCAGAGCACTCG-1,-0.027764979,-0.121829604,-0.012050613,0.064459733,0.172631643
AGGGTCAGTAACCCTA-1,0.095416114,-0.150396382,-0.116072196,0.125672997,0.100900213
AGGGTCGATGCGAACT-1,0.018897646,-0.112792975,-0.008536005,0.019079776,0.163663963
AGGGTCTGGACGCAGT-1,0.011250105,-0.175198212,-0.021579502,0.076712585,0.220526135
AGGGTGCCGTTCTTTA-1,-0.059405476,-0.141657425,-0.003353307,0.080879066,0.177708558
AGGGTGCTCTCGAGGG-1,-0.022403847,-0.19076141,0.043622722,-0.032533457,0.148843025
AGGGTGGATAGTGCAT-1,0.059359526,-0.166614368,-0.093026465,0.104227596,0.091403922
AGGGTTCAGACGGTCC-1,-0.047154619,-0.117588105,0.002520619,0.067094554,0.16004417
AGGGTTCCCTTTGGTT-1,-0.002659866,-0.237670922,0.028827936,0.046563006,0.178826086
AGGGTTTAGTTCGGGA-1,-0.012485096,-0.210474117,-0.007989409,-0.092998659,0.109601923
AGGTAACCTCCTATTC-1,0.09753599,-0.133118452,-0.126891179,0.113112799,0.201455682
AGGTACGATATTGCCA-1,-0.200858021,-0.371257516,0.242035548,-0.040709019,0.075595084
AGGTAGATCGAGATAT-1,0.0468394,-0.079536467,-0.088928174,0.085619878,0.183765082
AGGTAGGTACAAAGCT-1,0.049531895,-0.263259864,-0.072537983,0.109658698,0.179891598
AGGTATAATTGATAGT-1,-0.258203595,-0.432979444,0.430643557,-0.270939685,0.151308615
AGGTATGCGGACATTA-1,0.019851315,-0.171174453,-0.024359789,0.041510041,0.15704371
AGGTCAGGTGAGAGTG-1,0.064288679,-0.142902133,-0.08374564,0.076194858,0.214137498
AGGTCGCCACTTCGGT-1,-0.042681621,-0.261529544,0.059791898,0.07141628,0.058275525
AGGTCGCCTCCCAACA-1,0.1369198,-0.169830844,-0.161311998,0.162016599,0.067957638
AGGTCGCGGAGTTACT-1,0.037061142,-0.247432971,-0.035962928,0.116960652,0.174152301
AGGTGCACGTCCACAT-1,0.069654826,-0.098551094,-0.107325562,0.106785724,0.206162844
AGGTGGTGACCTTCGC-1,-0.130190929,-0.174590712,0.110236338,0.030744442,0.128807951
AGGTGTATCGCCATGA-1,-0.097403811,-0.342999357,0.099158651,0.049022875,0.14170805
AGGTGTTGCCGACCAC-1,-0.100257817,-0.345844624,0.111899902,0.057350984,0.153330335
AGGTTACACCATGCCG-1,0.072209594,-0.105373022,-0.070725295,0.066918831,0.223901101
AGGTTCTCCTTTCCGG-1,-0.096032862,-0.184968435,0.053954396,0.033631628,0.102174837
AGGTTGAGGCACGCTT-1,-0.028743712,-0.243298009,0.040330356,-0.034954185,0.180969948
AGGTTTCACACACCTT-1,-0.156402189,-0.303301759,0.16892259,-0.152926076,0.079503041
AGTAACGTTCATCCTG-1,-0.116944549,-0.227033015,0.069196286,-0.09450871,0.043049901
AGTAACTATAGCAGCC-1,-0.022509896,-0.125601191,-0.024586698,0.06483018,0.134233399
AGTAAGGGACAGAATC-1,-0.015260159,-0.096607778,-0.00031821,0.086997769,0.154555451
AGTAATCTAAGGGTGG-1,-0.010717061,-0.145314577,-0.028787883,0.044126901,0.144547353
AGTAATGTCTTGCCGC-1,0.146233017,-0.138400438,-0.193214841,0.117716606,0.193999365
AGTAATTTGCAAGCGT-1,0.006949281,-0.096328843,-0.051777531,0.083372325,0.216035949
AGTACAGAAGCTTATA-1,-0.278732647,-0.211336259,0.211026633,0.025797027,-0.003301095
AGTACATCATTTATCA-1,-0.009446478,-0.287483667,0.007517876,0.058297101,0.131663356
AGTACCTTCGAGTGCT-1,-0.177479176,-0.372301193,0.253897963,-0.118109132,0.110100285
AGTACGGCCCGTATCG-1,0.09495514,-0.162222702,-0.115988673,0.145598202,-0.012089395
AGTACGGGCACCTGGC-1,-0.049185608,-0.33425516,0.055115036,-0.06436206,0.132567086
AGTACGTGGCCTGTCT-1,0.098533392,-0.188656494,-0.122550735,0.129095965,0.074137002
AGTACTCTTATGCCCA-1,-0.127348664,-0.253320445,0.147433176,0.023631308,0.208669125
AGTAGAAGGCGCCTCA-1,-0.168482344,-0.15198052,0.114010058,0.030156336,0.09900342
AGTAGCGTGAACGAAC-1,0.090145173,-0.107951956,-0.126519123,0.044574112,0.115588715
AGTAGCTAGACGCCGA-1,-0.068000966,-0.208792109,0.025864475,0.022209634,0.050744754
AGTAGGAAGGAAGTTG-1,-0.23557592,-0.339366819,0.270461303,-0.119231477,0.01995265
AGTAGGTAACATACAT-1,0.102596819,-0.198220497,-0.142282325,0.091420295,0.202464504
AGTATAATACTAGGCA-1,0.003015625,-0.213691587,-0.023570437,0.098617475,0.185149004
AGTATACACAGCGACA-1,-0.021216539,-0.11569484,-0.036233155,0.102900228,0.205045613
AGTATCCATAATAACG-1,0.07976208,-0.09883539,-0.110639631,0.1161805,0.066495964
AGTATGCTGGAGACCA-1,-0.022202598,-0.080252663,-0.032387589,0.066109036,0.175186384
AGTATTTGGCACGACC-1,-0.144704004,-0.090380344,0.05821751,0.03596348,0.10444785
AGTCAAATGATGTGAT-1,0.004738094,-0.128575657,-0.015661221,0.038466316,0.195513066
AGTCAACACCACCATC-1,-0.193894897,-0.207632749,0.136724979,0.029086965,0.053415718
AGTCAAGATGACACTT-1,0.082219537,-0.141169399,-0.103335118,0.13880297,0.0948981
AGTCACTAGCTCTCGA-1,-0.197033249,-0.337182191,0.234679791,-0.045332985,0.105480818
AGTCACTCCGCCTCAT-1,-0.096014969,-0.278842429,0.119722906,0.031589407,0.076033765
AGTCAGCCACCGCCTG-1,0.093475466,-0.206504196,-0.137487554,0.153512557,0.202096936
AGTCCAGCGGGTACGT-1,0.051701782,-0.148327493,-0.085185801,0.115521922,0.043290435
AGTCCATTGGCTGATG-1,0.069243636,-0.084185874,-0.058137611,0.04818629,0.202626591
AGTCCCGCCTTTAATT-1,-0.204841796,-0.30239389,0.178488925,-0.005150515,-0.01690456
AGTCCCTCGCAGAAAG-1,0.030053723,-0.234075133,-0.040775437,0.035371029,0.092429962
AGTCGAAACGATTCAG-1,-0.22991509,-0.122841685,0.094608666,0.071688429,0.044547783
AGTCGAATTAGCGTAA-1,-0.012536129,-0.063222339,-0.007330812,0.07503228,0.095849869
AGTCGACGGTCTCAAG-1,0.039324254,-0.128070055,-0.025872227,0.044380512,0.201273472
AGTCGGCCCAAACGAC-1,0.055289257,-0.229131571,-0.105725186,0.178122931,0.201215601
AGTCGGCTCAACTTTA-1,0.057595091,-0.123997719,-0.078070098,0.096302429,0.201451151
AGTCGGTTGCGTGAGA-1,0.095837677,-0.123566726,-0.111170931,0.071578914,0.196609462
AGTCGTATAAAGCAGA-1,-0.019264682,-0.088267147,-0.030435274,0.071173941,0.17201281
AGTCGTCGACCACCAA-1,-0.203168702,-0.261509459,0.18106571,0.066829655,0.13498564
AGTCGTGGGCATTACG-1,0.000391049,-0.146610559,-0.032019122,0.071535231,0.15738755
AGTCTAAAGTATACTC-1,-0.042406432,-0.267800382,0.038372904,-0.017931623,0.125927549
AGTCTCACAAGACTAC-1,-0.002146086,-0.176883088,-0.026116444,0.113305607,0.253713388
AGTCTGGACATCCTTG-1,0.056266406,-0.252502258,-0.081050039,0.172190759,0.218182567
AGTCTTCTCCTCAAAT-1,0.09618565,-0.202812645,-0.145089368,0.135269868,0.183965199
AGTCTTTAAAGTGTCC-1,-0.488765224,-0.186809686,0.33174378,0.002716111,-0.198684928
AGTGAACAAACTTCTC-1,-0.023212591,-0.18518817,0.063165698,-0.04544057,0.214016892
AGTGAAGATGGTGTCC-1,-0.016414288,-0.229564097,-0.003016192,0.116294506,0.012216654
AGTGACCTACTTTACG-1,-0.286523011,-0.411883595,0.376785408,-0.108004753,0.099086511
AGTGACTGTGACACAA-1,0.037429762,-0.081609189,-0.079465036,0.086651443,0.175295738
AGTGAGACTTCCAGTA-1,-0.074845007,-0.250269561,0.111919928,-0.080612946,0.155982356
AGTGAGCCTCGCCGCC-1,-0.00561737,-0.229681065,0.022378561,-0.091100722,0.159769572
AGTGAGGGTTTCTGAC-1,0.083777393,-0.215645582,-0.104381852,0.113297559,0.115752447
AGTGAGTCGAATTAAC-1,-0.004134503,-0.118189024,-0.039979818,0.076939315,0.151928295
AGTGATAACCTGCGCG-1,0.042446516,-0.10191184,-0.080940928,0.084324819,0.196408813
AGTGATATGAGTAGTT-1,-0.105667576,-0.298808439,0.135088838,0.014136091,0.133665143
AGTGATTCAAGCAGGA-1,-0.030859477,-0.24987354,0.061605035,-0.001141534,0.190885218
AGTGCACGCTTAAGAA-1,-0.150496623,-0.274681251,0.184327225,0.028309558,0.15260375
AGTGCGTAGCTCGTAA-1,-0.215789659,-0.250808448,0.16460369,-0.026574466,0.031330266
AGTGCTAAACACAGCA-1,-0.018680475,-0.100023223,-0.01949568,0.069999759,0.146711421
AGTGCTTGCACGAATA-1,0.110711902,-0.142392895,-0.127292861,0.139157123,0.066371583
AGTGGCCCGCAAATGG-1,-0.05776203,-0.124780387,0.0728083,0.048873556,0.187898313
AGTGGCGGCAATTTGA-1,0.049513643,-0.172348459,-0.072606849,0.068030924,0.134631489
AGTGGCGTCTGAAGGT-1,0.033039854,-0.128113516,-0.054268389,0.069314775,0.17818301
AGTGGCTCCGTCGGCC-1,-0.229428817,-0.377593703,0.337052122,-0.10933599,0.073752767
AGTGGGAGTATACACG-1,0.133187151,-0.102948717,-0.17115403,0.137958585,0.101345942
AGTGGTGTTACCCGTG-1,-0.007900781,-0.218357187,-0.054506183,0.142897913,0.195029997
AGTGGTTGCGTATAGG-1,0.108122893,-0.144376771,-0.127520468,0.132706581,0.028596135
AGTGTATTGCGCATTG-1,-0.15718296,-0.320902686,0.192468473,-0.066382946,0.062900533
AGTGTGCTAAGATCGC-1,0.071299483,-0.156395671,-0.089494319,0.053808814,0.154591328
AGTGTGGTCTATTGTG-1,0.113347256,-0.255236083,-0.195214322,0.227258072,0.217427509
AGTTAAACACTTGCGA-1,-0.074690103,-0.266758947,0.081366444,0.017024929,0.16882664
AGTTAAGCGGTCCCGG-1,-0.03871718,-0.262860971,0.008254536,0.064250541,0.111902122
AGTTAAGTCAACCGCT-1,-0.033810017,-0.195140205,0.026102275,0.051891817,0.164823189
AGTTACCCTTAAGACT-1,0.038698102,-0.216146433,-0.091240767,0.119608618,0.123092648
AGTTACCGCACATGGT-1,0.102586372,-0.193339493,-0.149291434,0.168558994,0.195506759
AGTTACTCTATCGTGG-1,-0.247236629,-0.433686869,0.333104289,-0.09259838,0.095033039
AGTTATTCAGACTGTG-1,0.0409847,-0.056030827,-0.065501116,0.10875988,0.204276706
AGTTATTGAAAGGTAA-1,0.089156687,-0.158656838,-0.132411891,0.03424409,0.164358619
AGTTCACCGGTTGGAC-1,0.022627752,-0.227914637,-0.011765042,0.061954383,0.196958082
AGTTCCTACAGAATTA-1,0.143057709,-0.133341371,-0.189578154,0.117675012,0.178651108
AGTTCCTATTTATGTT-1,-0.160899448,-0.273618511,0.217179327,-0.0356452,0.057626124
AGTTCTGCGTTGTATC-1,0.099213907,-0.179267083,-0.111933732,0.087433527,0.19269068
AGTTGACATCGGCTGG-1,-0.057047413,-0.220844223,0.023538971,-0.062882967,0.02992278
AGTTGACGGTCCTTGC-1,-0.100148559,-0.102215561,0.041555083,0.030406256,0.086033669
AGTTGCGGTCCTCAAC-1,-0.072068429,-0.131498784,0.003821695,0.114938679,0.173301468
AGTTGCTGACTGATAT-1,0.121049669,-0.211887842,-0.181695155,0.195588482,0.219322243
AGTTGGCAAGGCTAGA-1,0.06366874,-0.072985155,-0.114757273,0.098811732,0.178629441
AGTTTATGTAAAGACA-1,0.085062373,-0.16113227,-0.093845567,0.087439844,0.064264213
AGTTTCGCAGGTCGGA-1,-0.154138303,-0.302402464,0.165439507,-0.012844224,0.064789072
AGTTTGCACCTGCCTC-1,-0.056050322,-0.195598347,0.054115705,0.028856263,0.160690501
AGTTTGGCACGGGTTG-1,0.086723428,-0.104000828,-0.106239982,0.095633505,0.108935776
AGTTTGGCCAGACCTA-1,0.010219365,-0.1706302,-0.047480997,0.124826937,0.205015424
ATAAACCATTGGACGG-1,0.130565968,-0.105032947,-0.172102994,0.123738347,0.124916187
ATAAACGGACCCGTAA-1,-0.346567845,-0.396509177,0.432616701,-0.134364547,0.036722993
ATAAACGTTGCACCAC-1,-0.327749901,-0.497184632,0.50688169,-0.170357991,0.114189573
ATAAAGGCTCGGTCGT-1,-0.251720924,-0.326467806,0.227919524,-0.118710809,-0.018268285
ATAAAGGTCAAGTACG-1,0.085191786,-0.104969542,-0.09645045,0.093842828,0.11605161
ATAAATATTAGCAGCT-1,0.015356136,-0.245830466,-0.046648832,0.072448574,0.121369958
ATAACGCCGGAGGGTC-1,0.00610515,-0.190551657,0.006071269,-0.001094727,0.155921321
ATAACGGAGTCCAACG-1,-0.225293693,-0.429760599,0.274884091,-0.071951475,0.095567669
ATAACGTTACCTCCAC-1,0.096552242,-0.146937865,-0.112117244,0.107664874,0.050811529
ATAAGCAAACACCGAG-1,0.120142402,-0.107421977,-0.137886618,0.107566908,0.126076991
ATAAGGTGGAGAACAT-1,-0.420761657,-0.422109587,0.479330724,-0.232636053,-0.018973169
ATAAGTACCCGATTGT-1,0.00067447,-0.226276937,0.011327112,0.009861528,0.134977047
ATAAGTAGGATTCAGA-1,0.022604716,-0.204461346,-0.02912893,0.036266082,0.125383823
ATAAGTAGGGCGACTC-1,-0.242587073,-0.36796836,0.352573298,-0.156605972,0.119693268
ATAAGTTACCGCGACG-1,-0.165629197,-0.326829269,0.1906764,0.008865989,0.10335717
ATAATACCGTTAGCCG-1,0.06426827,-0.215462198,-0.097661887,0.120393513,0.196070281
ATAATAGCTGTTGAAT-1,-0.334920573,-0.457098785,0.461550602,-0.156723568,0.051210138
ATAATAGTGTAGGGAC-1,0.087548965,-0.201230927,-0.122646339,0.126737992,0.222574463
ATAATCTTGGAGAACC-1,-0.191873509,-0.128596832,0.092291106,0.066321955,0.035228879
ATAATTAGCTAAGTAG-1,-0.099191177,-0.127670408,0.044345453,0.040965765,0.084219674
ATACAGGCCCTCCAAT-1,-0.352096927,-0.2681138,0.329316619,-0.069731365,-0.018494694
ATACCACGGGCAACTT-1,-0.026005392,-0.246210215,0.001422907,0.103122274,0.133913602
ATACCAGCAAATTGCT-1,-0.179291434,-0.310835397,0.131032869,-0.030140852,0.058827702
ATACCAGGCTAATAGA-1,-0.139368923,-0.368335296,0.181870002,-0.03973136,0.116985442
ATACCAGGTGAGCGAT-1,0.003666674,-0.147361355,-0.002266432,0.025731159,0.144563666
ATACCCTGGCTCAAAT-1,-0.00497088,-0.22513454,-0.007305582,0.073073291,0.098565732
ATACCGTCATCCATAA-1,0.02307322,-0.203058456,-0.052432189,0.045435102,0.047909124
ATACCTAACCAAGAAA-1,-0.179003354,-0.117657555,0.087746464,0.039598485,0.044460499
ATACGAAGGCTTTCCA-1,0.011778114,-0.181001286,0.007384883,-0.016067001,0.192591442
ATACGAGGTTTGTAAG-1,0.03966917,-0.094420845,-0.065861329,0.044963278,0.179108613
ATACGCCGATCTACCG-1,-0.113760609,-0.308896575,0.133152785,-0.040628721,0.083792499
ATACGCCGGCGAAACC-1,-0.15586061,-0.283520418,0.176073558,-0.005906778,0.094161123
ATACGGAACGTCGTTT-1,0.03604951,-0.103232269,-0.080760041,0.072504181,0.177373123
ATACGGGTTTCGATTG-1,-0.15196038,-0.295860561,0.069654437,0.023511481,0.020510042
ATACGGTGAAGATGCA-1,0.098755953,-0.145743209,-0.114468236,0.143516931,0.005880837
ATACGTACTTAGCCAC-1,-0.342303978,-0.275594961,0.300104031,-0.101565626,-0.003999686
ATACGTCCACTCCTGT-1,0.090268943,-0.19091531,-0.095855851,0.106718116,0.123989367
ATACGTTATGCACGGA-1,-0.198196946,-0.086007486,0.089743676,0.059986713,0.020914242
ATACTACCCGTACCAC-1,-0.431833142,-0.478962724,0.535681493,-0.163732241,0.022422679
ATACTAGCATGACCCT-1,0.112589408,-0.141656418,-0.169591889,0.138755921,0.200470231
ATACTCTCGCCACTCT-1,-0.317497654,-0.269846541,0.284804782,-0.154798364,-0.03711947
ATACTGCCTTACACCG-1,0.030742746,-0.161435218,-0.030529561,0.059554695,0.213925863
ATACTTGTTCTCGAGC-1,0.09405762,-0.125049043,-0.133045694,0.126517041,0.103058444
ATAGACAACGGGACCT-1,-0.129825024,-0.284265272,0.163936925,-0.069717368,0.118498824
ATAGACGAAGAGAAAG-1,0.066956966,-0.139800401,-0.105304963,0.093637006,0.102565708
ATAGAGTACTGGGACA-1,0.111136402,-0.112211082,-0.148140466,0.09929872,0.172746733
ATAGAGTTATCAACTT-1,-0.076245163,-0.284370149,0.050000072,-0.030858033,0.141139869
ATAGATTTGCAGTCGG-1,-0.082453575,-0.307049089,0.061516738,-0.072116868,0.081501973
ATAGCAACTAGGGAAG-1,-0.208741197,-0.241192251,0.194899842,-0.026265051,0.067388292
ATAGCCATAACAGTCA-1,0.025095499,-0.090609582,-0.056797939,0.069470755,0.191281894
ATAGCCTCAGTACCCA-1,0.086848297,-0.249979997,-0.130860653,0.158454298,0.196212824
ATAGCTGCTCTTGTTA-1,0.131315479,-0.135339436,-0.16986292,0.107763431,0.182007511
ATAGGAATCTAAGCTT-1,-0.074027548,-0.309053449,0.091893865,-0.043788337,0.096293993
ATAGGCGGCTATAGAA-1,0.038205563,-0.193730524,-0.084985664,0.14488434,0.213818395
ATAGGCTAGCTTCGCA-1,0.032722315,-0.250748525,-0.053209086,0.043385077,0.127912502
ATAGGGATATCCTTGA-1,0.077146399,-0.209455186,-0.124690017,0.125826806,0.150599305
ATAGGTTGGGCAGATG-1,0.053032913,-0.155000047,-0.087099099,0.10583324,0.133390787
ATAGTCTTTGACGTGC-1,-0.189502393,-0.321040227,0.2470699,-0.302142466,0.102741101
ATAGTGAAGCGTTCTC-1,-0.089472002,-0.333096293,0.105060763,-0.104590952,0.055575355
ATAGTTCCACCCACTC-1,0.067942044,-0.08335326,-0.062810502,0.049337415,0.19948568
ATATAAAGCGCTCGTG-1,-0.07654005,-0.106955539,0.031378669,0.036750567,0.125100263
ATATAAATGTAGCTGC-1,-0.308643777,-0.434676961,0.43019485,-0.197492003,0.084255678
ATATAACACGGGCGCA-1,0.041652144,-0.096798892,-0.083033104,0.106756725,0.204476006
ATATACATGTATGGTA-1,-0.038220947,-0.145806133,-0.019939365,0.128605156,0.124751074
ATATACGCTCGTGACG-1,-0.28961045,-0.325991284,0.307693751,-0.175290658,0.033007512
ATATAGAGTATTGGTC-1,-0.096953104,-0.109992797,0.031937687,0.035155444,0.117265357
ATATCAACCTACAGAG-1,0.063838265,-0.107849258,-0.048228744,0.044476901,0.220464697
ATATCAATTCCAGCCT-1,0.009905734,-0.11138914,-0.037600718,0.074000115,0.163924158
ATATCGGTAGGGAGAT-1,-0.073109194,-0.218406681,0.125627745,-0.017142791,0.174137077
ATATCGTGCCAGACCC-1,-0.157845579,-0.335407203,0.19068364,-0.053463288,0.105120441
ATATCGTTCCTCGAAC-1,-0.112648528,-0.257571821,0.112352227,0.041173975,0.169361051
ATATCTCCCTCGTTAA-1,-0.062584785,-0.245963048,-0.001208803,0.071916676,0.134249866
ATATCTTAGGGCCTTC-1,-0.082504461,-0.274058128,0.101867583,-0.082843763,0.134681722
ATATGGGATAGCAACT-1,-0.101314459,-0.084633013,0.018610884,0.083051212,0.122496979
ATATGTCTAGAGCGTG-1,0.009229376,-0.133766637,-0.035607677,0.07624412,0.190027681
ATATGTCTCCCTAGCC-1,0.016496423,-0.196894835,0.008744478,0.026095981,0.149227951
ATATGTGCACAAACCA-1,0.109600323,-0.179189593,-0.144908317,0.150567527,0.084378061
ATATTATCCCGTATTT-1,0.114412959,-0.163817363,-0.145645358,0.148790146,0.036682453
ATATTCAGTTAAACCT-1,-0.030309238,-0.206713556,0.032260195,0.022631841,0.176786148
ATATTCCACATAGTGA-1,-0.278051181,-0.319450332,0.281158448,-0.019916678,0.08684083
ATATTCCCACAGGTCA-1,-0.24533592,-0.382718281,0.310872743,-0.057243237,0.11258692
ATATTGCTGTCAAAGT-1,0.124293368,-0.10829397,-0.1798687,0.1391349,0.189280445
ATATTGGAGAGGCCTT-1,0.078336445,-0.145116676,-0.08269774,0.070206366,0.154328232
ATATTTAACCCTCAAG-1,0.031104249,-0.213369697,-0.083445039,0.124396252,0.179305421
ATCAAACACTGTTCCA-1,0.057412653,-0.136785804,-0.033422513,0.051259883,0.225888096
ATCAAACGAAGGTTTG-1,-0.022966288,-0.177987939,0.023800712,0.00154147,0.17001593
ATCAAAGAGCCGTGGT-1,-0.014417635,-0.08967462,-0.009142427,0.051296258,0.213470868
ATCAAGATCCCAGGAC-1,0.049933451,-0.073184538,-0.090781251,0.086356439,0.207425057
ATCAATCTGGGCTGCA-1,-0.025913883,-0.209543437,0.015246115,-0.133930222,0.114219945
ATCAATGCCGTGGCTG-1,-0.078097159,-0.164541981,0.065548755,-0.219224049,0.150756995
ATCACATTAGAATATC-1,-0.106703818,-0.311213855,0.101986414,-0.001573951,0.028039469
ATCACGTGCTAATTAA-1,-0.060507809,-0.137105707,0.031573382,0.066465786,0.17151928
ATCACTTCATCCTCGC-1,-0.009157914,-0.246494004,-0.052265909,0.126005167,0.131074673
ATCAGACGGCACGCCG-1,-0.117374791,-0.270449144,0.145056213,-0.066143637,0.135327892
ATCAGCCTCATGCTGC-1,0.023459057,-0.118985768,-0.053927699,0.068155167,0.2010258
ATCAGCTCGTCCACTA-1,0.042957697,-0.162613184,-0.093300809,0.120171928,0.227454109
ATCAGGTAGCTGACAG-1,-0.361971005,-0.455692078,0.42397558,-0.082702456,0.013992057
ATCAGGTCGCCATTGC-1,-0.035297518,-0.241113247,0.033518,-0.039857467,0.092956677
ATCAGTAGGCAGGGAT-1,0.04944222,-0.196423688,-0.099792037,0.030866833,0.128794801
ATCATAGATCGACGAG-1,-0.05542953,-0.143626645,-8.44E-06,0.050872567,0.125170225
ATCATAGCCCTATGTA-1,-0.258556265,-0.346946351,0.301805457,-0.149455473,0.076542873
ATCATCCAATATTTGT-1,0.032721307,-0.134865762,-0.014323203,0.044927514,0.111345201
ATCATCTGCCCAGTGT-1,-0.322227252,-0.479294416,0.400331866,-0.177032775,0.023339666
ATCATGGACTACCGAC-1,-0.161546718,-0.350285131,0.269538468,-0.14517477,0.172110195
ATCATTGTACCGCATT-1,-0.149707761,-0.095809256,0.076355978,0.029724685,0.088756072
ATCCAACGCAGTCATA-1,0.103257693,-0.245324741,-0.151655409,0.158434216,0.22355325
ATCCAATGGAGGGTCC-1,0.013702179,-0.190804857,-0.028563623,0.105054412,0.208459879
ATCCAATGGTACCGAA-1,0.10386925,-0.143234291,-0.123780398,0.139352529,0.08915436
ATCCACATCGACAGAA-1,-0.217524994,-0.115014566,0.100974067,0.036671237,-0.035302486
ATCCACGCTAAATGTT-1,0.108701827,-0.113982959,-0.129220211,0.110678416,0.101399662
ATCCACTTTCAGACTA-1,-0.070211886,-0.31390005,0.103891804,-0.060493276,0.121280542
ATCCAGAGCAACAACC-1,-0.167124793,-0.189787984,0.145308155,0.004994365,0.104094708
ATCCAGGATTCGTGAA-1,-0.104309692,-0.261104572,0.113155083,0.000595633,0.131886649
ATCCCATCCACAGCGC-1,-0.033685759,-0.154963637,0.005274988,0.05199597,0.179287895
ATCCCATTTCCGTGGG-1,-0.280916391,-0.085544753,0.140628063,0.055154842,-0.013256048
ATCCGGACCAGCCTGA-1,-0.33054584,-0.420446206,0.486562831,-0.166211437,0.124375176
ATCCTACCTAAGCTCT-1,-0.0626698,-0.257169249,0.082126889,0.030546117,0.178742686
ATCCTGAATCGCTGCG-1,-0.303038784,-0.444575086,0.379837381,-0.099307419,0.073297498
ATCCTGCGTGGAATGG-1,-0.037484802,-0.218752733,0.055682537,0.035574747,0.179186487
ATCCTGCTGCAGATAG-1,0.047416051,-0.12546441,-0.069669587,0.079828226,0.120737817
ATCCTTCTGAAAGAAC-1,-0.012188512,-0.1871184,-0.000211836,0.00943948,0.103391978
ATCGACCCAATACAGA-1,-0.07693214,-0.291232048,0.103220945,-0.073447466,0.148484587
ATCGACTCTTTCCGTT-1,0.026112289,-0.218849598,-0.069446181,0.106027163,0.16796886
ATCGCACGATTGTTCA-1,-0.203758559,-0.374932922,0.284710696,-0.184057548,0.117014331
ATCGCACGCCGGGAGA-1,-0.047612668,-0.255044675,0.056803371,0.036966273,0.162666795
ATCGCCAGTCAACATT-1,0.091795271,-0.122401223,-0.105199065,0.088145334,0.151100049
ATCGCCGTGGTTCATG-1,-0.017523833,-0.172881641,0.028212002,0.070349836,0.141260507
ATCGCTGCGTGCAGCA-1,0.100978997,-0.128422402,-0.121778384,0.112021414,0.062238744
ATCGCTTTACGTCTCA-1,-0.146823198,-0.292766892,0.156849681,0.008554451,0.096842244
ATCGGAGACAGACGGC-1,-0.454046247,-0.422481959,0.477266014,-0.139771241,-0.069101719
ATCGGCAAGCAGTCCA-1,-0.464224237,-0.445074668,0.518482893,-0.08223348,-0.062295668
ATCGGTTACCTAGTAA-1,0.106487054,-0.160104601,-0.118081226,0.133478778,0.073728459
ATCGTATTCCGAGAAC-1,0.10733128,-0.145819956,-0.12708579,0.149973623,0.029175716
ATCGTCCAATCGAGTC-1,0.083786742,-0.149000036,-0.097919318,-0.021190754,0.161949355
ATCGTGGAAAGTCTGG-1,-0.071005131,-0.099653142,-0.002173824,0.063357839,0.123745579
ATCGTTAGCTAGCGGA-1,-0.383058224,-0.430487993,0.457739701,-0.160733507,-0.012618701
ATCGTTCACTTTCGCC-1,-0.12996986,-0.346840176,0.156853773,-0.081916726,0.09548975
ATCTAACGTCCCTATG-1,0.106023515,-0.16534978,-0.140316213,0.140440875,0.043842654
ATCTAATATCCTACGG-1,-0.195872411,-0.217167476,0.166829534,0.008412764,0.092510004
ATCTACCATCTGCTCC-1,0.00894953,-0.094532286,-0.061116787,0.090642033,0.179164273
ATCTAGCTTGTGAGGG-1,-0.075185684,-0.174032555,0.05537249,0.055448156,0.167325574
ATCTATCGATGATCAA-1,0.119321657,-0.143956779,-0.150484812,0.154191445,0.045821594
ATCTCATAAACCTACC-1,-0.032113045,-0.25330731,-0.007188414,0.076225955,0.084096225
ATCTCCCACGGAATAT-1,-0.404945324,-0.429200102,0.462104036,-0.138354174,-0.014492026
ATCTCCCTGCAATCTA-1,-0.088525238,-0.250186154,0.07782081,0.07594621,0.088801147
ATCTCGTGAGCGAAAC-1,-0.042436921,-0.189468545,0.06190839,-0.05572539,0.132068832
ATCTGACATGGAAGGA-1,-0.118571411,-0.102993682,0.047477978,0.054563387,0.092204
ATCTGATAGTGTCTTA-1,0.097995523,-0.14078879,-0.136222985,0.126216284,0.187707304
ATCTGCACCTCTGCGA-1,-0.021759339,-0.246812769,0.036107044,-0.055709772,0.16416145
ATCTGCTGTTATCGCC-1,-0.098693858,-0.16043666,0.083593309,0.028889051,0.144583917
ATCTGGGCTGTTCTTG-1,-0.061414921,-0.131792208,0.0171303,0.059376475,0.1278491
ATCTGGTTAAGACTGT-1,-0.223354745,-0.38459909,0.25707625,-0.093701682,0.088966792
ATCTGTAATTGTACCC-1,0.163797098,-0.126424606,-0.225571547,0.145476374,0.20133023
ATCTTAGGGCATTAAT-1,-0.130568786,-0.118573463,0.069860249,0.04185137,0.137975923
ATCTTATCGCACACCC-1,-0.150461066,-0.240506424,0.151738608,-0.007473498,0.115284249
ATCTTGACCTGCAACG-1,0.148153319,-0.087718598,-0.207967989,0.139988973,0.179089919
ATCTTGACTTGTCCAA-1,-0.022936508,-0.215880748,0.043321822,0.02007113,0.157114682
ATCTTTCGTATAACCA-1,0.087024381,-0.130761505,-0.096983179,0.087289963,0.076436561
ATGAAGCCAAGGAGCC-1,0.116224325,-0.138426144,-0.180099393,0.141500415,0.166300293
ATGAAGTGGACCCAGC-1,0.078196828,-0.197521456,-0.080011163,0.083512695,0.133467086
ATGACGCCGGCTCTAA-1,0.080872788,-0.177547286,-0.101524133,0.093476462,0.20401913
ATGACGCGTTCTATCC-1,-0.021767928,-0.224888593,-0.014992279,0.141708208,0.215708596
ATGACTATCAGCTGTG-1,-0.055675106,-0.106964555,-0.001040893,0.103873752,0.194878533
ATGACTATGCGACATT-1,0.035953078,-0.15272466,-0.055680772,0.092760717,0.190122857
ATGAGGAGTGTTAATC-1,0.083768272,-0.182253829,-0.146041272,0.178914465,0.22081655
ATGAGGGCAGCGGCTA-1,0.033949805,-0.086156638,-0.041216072,0.010025833,0.144650589
ATGATCGGGAATAGAC-1,0.141512614,-0.085714029,-0.195761569,0.120631328,0.163717914
ATGATGCAATGGTACA-1,-0.101931884,-0.313964091,0.166646991,-0.010570713,0.184416068
ATGCACCTTCCTTAAT-1,0.096118399,-0.175642735,-0.132850917,0.110623763,0.166566303
ATGCACGCGCTGTTCA-1,-0.085708602,-0.119885746,0.02497861,0.055913501,0.104340748
ATGCACTACCGCATTG-1,0.132329412,-0.081991082,-0.177382726,0.112473175,0.163808359
ATGCATGATCCAGGAT-1,0.041776502,-0.229317371,-0.072268532,0.132475351,0.166177765
ATGCATTCCGTGATGG-1,0.054749723,-0.109007238,-0.087977868,0.099662921,0.126374781
ATGCCAATCGCTCTGC-1,-0.026536611,-0.209936557,0.052409209,-0.083266335,0.128703875
ATGCCATTTGCGACCA-1,0.110251004,-0.157882361,-0.127551728,0.131684892,0.053223812
ATGCCGGTCTTGCATA-1,0.02852149,-0.23743197,-0.043631668,0.029783767,0.159509755
ATGCCGGTTGATGGGA-1,-0.090042682,-0.30761914,0.093272922,-0.040588467,0.092886727
ATGCGACAATTGGTCC-1,0.053411781,-0.140813573,-0.069733947,0.062451764,0.10947251
ATGCGACAGTCCCATT-1,-0.271906568,-0.438346013,0.380458194,-0.143425728,0.100654024
ATGCGAGTCCCACCAC-1,0.087503808,-0.168654411,-0.087291276,0.106277655,0.146847279
ATGCTCAGTGTTGCAT-1,0.104856601,-0.223369896,-0.160316297,0.150595572,0.22243276
ATGCTCTGGCGCGGTA-1,-0.113969177,-0.132744254,0.076603044,0.034099826,0.135001507
ATGCTTAGGAGTTGAT-1,-0.299742686,-0.431377651,0.391625173,-0.092520583,0.071197689
ATGGAAATTTAAGGAG-1,0.072839891,-0.116291521,-0.143457028,0.168122267,0.21050987
ATGGAACCTTTGCACA-1,0.010653269,-0.170379512,-0.000229456,0.007705521,0.167592546
ATGGACTGCTTAGTTG-1,0.007945816,-0.201693468,-0.03604763,0.084531751,0.103863538
ATGGAGCAGGCCGTGA-1,-0.178138525,-0.228517911,0.143732132,-0.121794905,0.04442867
ATGGATCCGGCGTCCG-1,-0.190816185,-0.374114614,0.246635825,-0.031087817,0.135147627
ATGGATTGACCAAACG-1,0.10997737,-0.174146263,-0.163890034,0.147459492,0.189423925
ATGGCAGCATTACGAT-1,0.015593905,-0.073329219,-0.048047833,0.060613107,0.208736128
ATGGCAGCCGAGAAAC-1,0.089135922,-0.170808799,-0.092350415,0.123887368,0.112258733
ATGGCCCGAAAGGTTA-1,-0.031676912,-0.181574906,-0.013289052,0.100772549,0.06144083
ATGGCGGAATAGTCGC-1,-0.13963394,-0.292447308,0.153901266,0.016120635,0.110854025
ATGGCTGGAAATGGCC-1,-0.128311612,-0.30670764,0.153780787,-0.059355838,0.102755182
ATGGGAACGGAAGCGG-1,-0.074020656,-0.260091337,0.094565655,-0.085297439,0.090385732
ATGGGACCTGCTGAAC-1,0.014293235,-0.12640875,-0.05485114,0.122000156,0.243273237
ATGGGCCTCGGCCTCT-1,0.083494094,-0.133204084,-0.093984727,0.095434918,0.207582113
ATGGGTGTATACCTCC-1,-0.055804162,-0.119341841,-0.003756805,0.056495449,0.103388079
ATGGTATTGGGAACCG-1,-0.039424551,-0.146295556,0.003058677,0.074248688,0.177637486
ATGGTATTTACTGATT-1,-0.113917595,-0.083846667,0.013478192,0.058549204,0.079821986
ATGGTCGCGTGGTTTC-1,0.117355857,-0.136847234,-0.134104956,0.116279472,0.13058413
ATGGTGCTCAAAGCCA-1,-0.169527864,-0.321243648,0.171457516,-0.080185018,0.103197731
ATGGTTACGAAACATG-1,-0.185445653,-0.349946588,0.189681236,-0.053637032,0.065125638
ATGTAAGGCTGCTCTT-1,-0.013933273,-0.201006692,0.025959594,0.023260925,0.148933128
ATGTACATGCGGTGAG-1,-0.016847988,-0.194260142,0.028496628,0.039317903,0.215950136
ATGTACGATGACGTCG-1,-0.069794525,-0.158492078,0.037740088,0.049402599,0.116397159
ATGTAGCGCGCGTAGG-1,0.028088858,-0.102703859,-0.061278292,0.082535519,0.216711897
ATGTCATAATAAACGA-1,-0.191414408,-0.068384539,0.074379415,0.056870958,0.056176031
ATGTCATTTCCCATTG-1,0.099644222,-0.18757983,-0.131433256,0.098749611,0.199202138
ATGTCTTGTTTGACTC-1,0.018150674,-0.128688765,-0.077827989,0.121962955,0.190498536
ATGTGAAAGCCTAATG-1,0.049272197,-0.166706354,-0.070051501,0.066423024,0.188142343
ATGTGCATCCGACGCA-1,0.139025246,-0.081930268,-0.183373529,0.114011367,0.179830847
ATGTGGACATCTTGAT-1,-0.310270723,-0.391624971,0.404356482,-0.114438851,0.121069327
ATGTGTAGTTTAGTCA-1,-0.045804604,-0.204892001,-0.003685186,0.031126511,0.100373469
ATGTTACGAGCAATAC-1,0.084877732,-0.185539864,-0.138786851,0.147833213,0.180643118
ATGTTCCTGCCCACCT-1,0.06401473,-0.152526889,-0.10271893,0.093952686,0.15518602
ATGTTCGTCGACCCAC-1,-0.071153611,-0.315439625,0.064368791,0.043659978,0.066738575
ATGTTGATTAGAGACT-1,-0.039642858,-0.116629164,0.009644524,0.05325173,0.166079818
ATGTTGTAGTCTGTTT-1,-0.069693564,-0.137625374,0.001857643,0.125902466,0.204769354
ATGTTTCGGCCCGGAG-1,-0.472547121,-0.450794297,0.528993748,-0.117780793,-0.093771353
ATGTTTGTAAGATCAT-1,-0.030324657,-0.241668848,0.039418933,-0.011274531,0.14046211
ATTAAACATGCGGACC-1,-0.186811473,-0.312810183,0.235926603,-0.069171108,0.069879034
ATTAAAGCGGACGAGC-1,-0.002171988,-0.250951254,0.037138504,0.029007846,0.163793941
ATTAACACCTGAGATA-1,-0.260755055,-0.226433527,0.195226268,-0.078143537,-0.048877197
ATTAATACTACGCGGG-1,0.057178978,-0.245208339,-0.110446083,0.123911508,0.15139668
ATTAATGAACCAGTCG-1,-0.048078055,-0.224117704,0.03692136,-0.02900148,0.166567231
ATTAATTCGGTCACTC-1,-0.046488728,-0.307705055,0.072810022,0.017685611,0.16176615
ATTACAACTACCGGCC-1,0.117942291,-0.161241072,-0.139014857,0.124755557,0.076468995
ATTACATGTCAGTCTT-1,0.084812018,-0.179167185,-0.086261137,0.128267397,0.044751016
ATTACCACACTGCCTG-1,-0.035543332,-0.222512209,0.057958336,-0.003568552,0.131770925
ATTACGACTCCACAGT-1,0.033914324,-0.207325837,-0.048217037,0.053878392,-0.008778147
ATTACGCGCTGGCAGG-1,-0.199140856,-0.241079436,0.188854326,0.010194874,0.092835536
ATTACGGGCTACGGTT-1,-0.017348259,-0.084991398,-0.053717706,0.082660927,0.160157665
ATTACTAGCCTCTTGC-1,0.069525206,-0.189495564,-0.127687166,0.134950207,0.17772661
ATTACTTACTGGGCAT-1,0.024465301,-0.227643262,-0.064046238,0.14534532,0.125225883
ATTAGATTCCTCAGCA-1,0.063825025,-0.238772423,-0.098426279,0.137820805,0.141761975
ATTAGATTGATAGCGG-1,0.093852418,-0.149735608,-0.15634677,0.106544802,0.147424126
ATTAGGCGATGCTTTC-1,-0.210485595,-0.356518949,0.277433916,-0.230305696,0.102971312
ATTATACTTTGCTCGT-1,-0.120982136,-0.330508475,0.126085811,-0.001014773,0.069485921
ATTATAGCTACTTTAC-1,-0.048781455,-0.288689302,0.069701503,-0.01968018,0.128438579
ATTATCGGAATGTACG-1,-0.111126748,-0.159985409,0.071499862,0.056732,0.136837782
ATTATCTCGACAGATC-1,-0.101246867,-0.325121957,0.102722226,-0.042270436,0.11537155
ATTATGAGACCCAATT-1,-0.121142852,-0.101830423,0.039500775,0.006670593,0.112739755
ATTATGCCATAGGGAG-1,0.117504347,-0.164740775,-0.161073125,0.120071245,0.180111782
ATTATTATGTCCGTCA-1,-0.036489089,-0.097675521,-0.028997836,0.056852501,0.16784879
ATTATTCAGAGTCACT-1,0.019513108,-0.061993539,-0.09429998,0.10036281,0.127835568
ATTCAAAGTACCTGTT-1,0.124738357,-0.171049133,-0.169106044,0.144514165,0.090121072
ATTCAACCATTTAAGG-1,-0.368376731,-0.352028528,0.389872097,-0.152419248,-0.02988626
ATTCACTGATGTTGGA-1,-0.200253004,-0.217753697,0.181910774,-0.029131584,0.090902276
ATTCAGGACCTATTTC-1,-0.280867432,-0.359266974,0.373740185,-0.129273187,0.074689689
ATTCAGGATCGCCTCT-1,-0.144023887,-0.294879362,0.129337365,-0.004194745,0.117499944
ATTCAGTAGCAGGGTC-1,0.059066983,-0.239183855,-0.110592458,0.155328055,0.180565754
ATTCATATACTGTCCA-1,-0.465767685,-0.415268395,0.468859711,-0.120528617,-0.134792441
ATTCATCGTTGAGGCA-1,0.058232984,-0.120691031,-0.094877838,0.105466034,0.200427262
ATTCCCACATAAACAA-1,0.098181031,-0.222416944,-0.148441861,0.148441824,0.193299125
ATTCCCGAAGGTACAG-1,0.043135804,-0.097370217,-0.080958977,0.086996851,0.198898258
ATTCCTAAGACGTGGA-1,0.005528719,-0.196224296,-0.021569889,0.019766422,0.108515876
ATTCCTCCGCCAGTGC-1,0.062061562,-0.225884072,-0.099825493,0.130796575,0.209294634
ATTCCTTCCAGGCGGT-1,-0.173917208,-0.22325265,0.076114798,0.003344845,-0.044637309
ATTCGACGCCGGGCCT-1,-0.07798436,-0.252434283,0.101047388,0.029829597,0.159952445
ATTCGCAGAGGACACT-1,0.104421393,-0.150001429,-0.127375394,0.153743743,0.010113363
ATTCGCGCCTTGAGAG-1,0.045392003,-0.132521173,-0.05982986,0.073177049,0.216213939
ATTCGTCCCGAGGTTA-1,-0.140766264,-0.292981088,0.152501508,0.01525354,0.008793809
ATTCGTGCTATCTCTT-1,0.050698632,-0.119982697,-0.052386717,0.07108302,0.200477676
ATTCGTGTACCCATTC-1,0.077703421,0.02505355,-0.116572045,0.052559052,0.131121628
ATTCGTTTATCGTATT-1,-0.025201031,-0.174675822,0.041653288,0.074270895,0.205721874
ATTCTCGTCTCTTTAG-1,-0.180383092,-0.407306375,0.23708937,0.009416646,0.16616442
ATTCTGAGTATGAACT-1,-0.091522167,-0.204975943,0.090026799,0.032281945,0.122203078
ATTCTTCGTACTTATG-1,0.074816222,-0.267841504,-0.066642958,0.102083713,0.073807107
ATTGAAGATCTTAGTG-1,0.130920032,-0.150472979,-0.172771396,0.114440408,0.174945356
ATTGAATTCCCTGTAG-1,0.000157161,-0.14891848,0.022223273,0.086627827,0.174946342
ATTGACCGGCGATGAC-1,0.039666662,-0.222834156,-0.047215906,0.124128649,0.075337163
ATTGACGTAACTCGGT-1,-0.453030778,-0.392371257,0.505563057,-0.123025922,-0.056507352
ATTGATAGCAACGAGA-1,0.024814455,-0.190569387,-0.038848987,0.077241996,0.179641715
ATTGATCACCACATTT-1,0.058403007,-0.177128723,-0.132171417,0.15725134,0.215872105
ATTGATGAGTCCTAAC-1,-0.098705966,-0.224786312,0.137365675,-0.060153105,0.123676873
ATTGCCTATTAGACCG-1,0.051912699,-0.115865632,-0.095288534,0.102101672,0.155786232
ATTGCCTTTATGTTTG-1,-0.04057788,-0.123352956,0.021082653,0.03511594,0.158817051
ATTGCGATCAGTAACT-1,-0.253797399,-0.3582288,0.349928452,-0.098042043,0.114667803
ATTGCTGCTCCTCCAT-1,-0.161740523,-0.321662698,0.181192755,-0.027816525,0.107753023
ATTGGATTACAGCGTA-1,-0.186259901,-0.325311244,0.224136165,-0.03796443,0.103149423
ATTGGGAATATCTTGG-1,-0.148502979,-0.276094291,0.165998482,-0.030838032,0.114090214
ATTGGGAGTTCTGTAA-1,-0.126751115,-0.366158588,0.18185771,-0.044742009,0.10765915
ATTGGTAGGATCCGCT-1,0.09995915,-0.198913945,-0.117119564,0.102193869,0.172398006
ATTGGTTGTGCATTAC-1,-0.114462811,-0.191339599,0.112443154,0.042975625,0.164885574
ATTGTACAACTCGGCT-1,0.039811972,-0.214594094,-0.026803897,0.063355208,0.114581419
ATTGTCGCAATACCTT-1,-0.39612778,-0.451599527,0.475632585,-0.106040744,0.016429066
ATTGTCTGTTTCATGT-1,-0.160077712,-0.069236861,0.060878855,0.059740126,0.111876735
ATTGTGACTTCGCTGC-1,0.002873257,-0.187658288,0.011402514,0.044698709,0.135705547
ATTGTTCAACGATCCG-1,0.096319739,-0.208835915,-0.122684633,0.126324809,0.10394148
ATTTAACTCGTATTAC-1,0.135977663,-0.12177457,-0.183058052,0.131738349,0.190606497
ATTTACAGTTTACTGG-1,-0.039518252,-0.324036942,0.012455341,0.133532578,0.183949763
ATTTACTAAGTCCATT-1,-0.012895924,-0.261607782,0.012670028,0.010895854,0.127097037
ATTTATACTGGTAAAG-1,-0.041695186,-0.133796178,0.004687433,0.058029702,0.197332051
ATTTCATTATTTCGCG-1,-0.205143211,-0.414211044,0.25944466,-0.018040545,0.094112253
ATTTCCGGGTTCTGCG-1,0.02233718,-0.139509177,-0.028294118,0.061287177,0.220974046
ATTTGCCTAGTTACGA-1,-0.19577833,-0.375076769,0.196976013,-0.021687355,0.080904709
ATTTGCGCGAGTAGCT-1,0.02335295,-0.159644897,-0.084697725,0.134261725,0.196509793
ATTTGGAGATTGCGGT-1,-0.009678855,-0.139716688,-0.040793615,0.105676054,0.1897295
ATTTGTCTTGGGAGCT-1,0.059018793,-0.115529159,-0.058816752,0.057701241,0.16876298
ATTTGTTCCAGGGCTC-1,0.085837457,-0.146756511,-0.145326224,0.102074244,0.104409851
CAAACCAGGTCTGCAT-1,0.101742746,-0.15006049,-0.118984201,0.140972972,0.020403191
CAAACCATAAGCGTAT-1,-0.044357778,-0.112716094,0.000327715,0.049487882,0.111791131
CAAACCCTCCGGCGGG-1,-0.06139461,-0.115380803,0.002237256,0.067247873,0.112621687
CAAACGAGTATCGCAG-1,-0.020336405,-0.235091326,0.030944597,0.041436446,0.191696726
CAAACGGTCGCACTTT-1,-0.02127211,-0.164181399,0.01505263,0.061487196,0.185547281
CAAACGTGGTCTTGCG-1,-0.162826056,-0.242632963,0.158058882,0.03040181,0.057818512
CAAACTACGATAGAGA-1,0.054461066,-0.209011021,-0.064999572,0.109336822,0.12478897
CAAACTATTGAGCTTC-1,-0.205015916,-0.388950713,0.261476868,-0.095249653,0.081976651
CAAACTCGCGACGCCG-1,0.046358325,-0.179509564,-0.037265036,0.04480672,0.204847031
CAAAGATTATTGGGCC-1,-0.028912693,-0.136911828,0.015939859,0.050603081,0.193607662
CAAAGGTCATCTGAAA-1,-0.072356307,-0.201292678,0.076883836,0.006275249,0.109081414
CAAAGGTTAAATTCAG-1,-0.303902945,-0.384161095,0.336374866,-0.167236812,0.003802788
CAAAGTCAGGTTAGCT-1,0.104399051,-0.140753996,-0.136219186,0.105128747,0.069175807
CAAATCTCTCACAAGG-1,0.014628353,-0.196368726,-0.015113479,0.076556674,0.20013885
CAAATGCGGAGTGTTC-1,-0.19839449,-0.332402597,0.250044109,-0.045528486,0.145275178
CAAATGTCCTTCCGTG-1,-0.438555973,-0.388709174,0.443577159,-0.072730505,-0.030699587
CAAATTGGATTATGCC-1,0.071436852,-0.207511228,-0.089946688,0.128691204,0.117679679
CAAATTGTCAGCAAGC-1,-0.029082146,-0.27911592,0.006372356,0.026928913,0.115015236
CAACACATCTCCTGCC-1,-0.22102707,-0.345822101,0.32082597,-0.076250359,0.140791287
CAACAGAATAACGCTA-1,-0.101723402,-0.287620968,0.151396287,0.005841136,0.164451463
CAACAGTGCCAAACGG-1,-0.064310927,-0.359214848,0.073311894,-0.014195559,0.168074795
CAACATGGCCTGATAA-1,0.051958666,-0.210308606,-0.089690897,0.1427946,0.12096779
CAACCAGTGGCCTACC-1,-0.11751879,-0.316275597,0.131770054,-0.012870819,0.075633054
CAACCGCACCTAGACA-1,0.026738994,-0.15117442,-0.034684556,2.82E-05,0.106085632
CAACCTACCGAGCAGT-1,-0.181870183,-0.31413213,0.216100936,-0.099213933,0.133302361
CAACCTGAACCTGCCA-1,0.008284522,-0.209001507,-0.002908981,0.046019869,0.115814196
CAACGACCCGTTTACA-1,0.163366229,-0.154548717,-0.215716157,0.142062435,0.188265085
CAACGATCGATCCAAT-1,-0.08427296,-0.097883758,0.061753202,0.048485327,0.094385885
CAACGCGATGAGCCAA-1,0.032773817,-0.142290431,-0.071914485,0.110451979,0.215503138
CAACGGTTCTTGATAC-1,0.118711262,-0.122983246,-0.156353427,0.112237153,0.207218023
CAACGTGGTGGAGTCT-1,-0.297083664,-0.395873709,0.341953702,-0.072759294,0.020853368
CAACTATATCGAATGC-1,-0.01784483,-0.246414624,0.019333153,-0.000308694,0.161866524
CAACTCCAACGTTTAG-1,-0.309574209,-0.448115082,0.42521398,-0.17434244,0.098655246
CAACTCCGTAACTTGC-1,0.127178885,-0.141449636,-0.159102383,0.149188228,0.056224572
CAACTCCTTGATCCCG-1,0.112757834,-0.129526268,-0.169537553,0.100112255,0.166681696
CAACTGAGGGTATGAC-1,0.127591301,-0.125490972,-0.160069141,0.154467146,0.064405667
CAACTGCTCATCCGAT-1,-0.312530022,-0.168147166,0.206643122,0.007677065,-0.023736492
CAACTTGTAGTGGGCA-1,-0.040577819,-0.26961097,0.052887417,-0.017745831,0.171385816
CAAGAAACCCTAAACT-1,0.070061278,-0.19498023,-0.114423754,0.139556748,0.106848225
CAAGACTCAGAAGCGC-1,-0.262722309,-0.429949404,0.336707015,-0.056025899,0.053159169
CAAGAGGGCGGAGTAC-1,-0.152479777,-0.248365578,0.15611267,0.005970373,0.106806757
CAAGATATTATAACGT-1,0.106266727,-0.085857901,-0.127501238,0.088737523,0.180864018
CAAGCAACGTCGGAGT-1,0.096350229,-0.226248349,-0.14702827,0.161521105,0.149407268
CAAGCACCAAATGCCT-1,-0.155155452,-0.392803317,0.182294127,-0.004406317,0.101909703
CAAGCGGCACATAATT-1,-0.284669709,-0.369438455,0.362093129,-0.263221931,0.088210919
CAAGGATCGCATGTTC-1,-0.230227267,-0.379334785,0.27495978,-0.247602449,0.084456056
CAAGGCCAGTGGTGCA-1,0.102936457,-0.058108794,-0.162736399,0.125601024,0.193244393
CAAGGGAGTGTATTTG-1,-0.005074681,-0.227955292,-0.001915796,0.086714097,0.063691247
CAAGGTCCTATAGGCT-1,-0.283025716,-0.452177694,0.444304869,-0.138090676,0.128899308
CAAGTAAGTGATAGAC-1,-0.145136913,-0.187772058,0.071375308,0.034464506,0.061163254
CAAGTCGTTGAAATCT-1,-0.160985837,-0.115677759,0.076588089,0.046903215,0.077327529
CAAGTGAACTTTGGTT-1,-0.062255528,-0.301036951,0.067226541,0.023779309,0.148010999
CAAGTGTGGTTGCAAA-1,0.059764227,-0.108106506,-0.041222244,0.040809839,0.195993229
CAATAAACCTTGGCCC-1,-0.052843695,-0.305805273,0.024510206,0.005838344,0.148402284
CAATACGAGAGTCTGA-1,-0.011927824,-0.141455421,-0.012085411,0.037407846,0.191119429
CAATACGCTCTGAGGC-1,-0.250183809,-0.388513422,0.361247355,-0.125764471,0.079326487
CAATATGTAGATTTAC-1,-0.098574087,-0.160600055,0.083180654,-0.032500266,0.0562069
CAATATTCTTGACCTA-1,-0.063784114,-0.131431687,0.026211079,0.060957254,0.188398149
CAATATTGGACTAGTG-1,0.083725342,-0.19648593,-0.098778257,0.054119896,0.094183544
CAATCCATTATCCGTT-1,-0.108751714,-0.321303045,0.053490547,-0.000337201,0.011490056
CAATCCCTATACCAGC-1,0.116201437,-0.118841815,-0.141517693,0.099973226,0.146666469
CAATCCTGCCGTGGAG-1,0.100710503,-0.135388367,-0.132427121,0.09815906,0.209285326
CAATGACCCTTAATTT-1,0.021609888,-0.111659517,-0.037536103,0.068492751,0.229956641
CAATGAGGTTCGACTA-1,-0.259275493,-0.395380064,0.320061681,-0.058339348,0.094062275
CAATGCGAGAAGTATC-1,-0.421167245,-0.351671916,0.431659281,-0.144705228,-0.04313759
CAATGGAATCTACATA-1,0.05594946,-0.225655053,-0.040884489,0.027033628,0.237876173
CAATGGATCTCTACCA-1,0.011148931,-0.261792998,-0.019946959,0.012240831,0.183421334
CAATGGTCGGCCTGGG-1,0.065331244,-0.227616317,-0.115381587,0.141028614,0.156142727
CAATGTGCCAACCCTT-1,0.001379216,-0.156529103,0.004130838,0.013677008,0.188422278
CAATTAAGGGTGATGA-1,-0.112501773,-0.262098839,0.082234596,-0.046284896,0.106482131
CAATTGGGCCGCACTC-1,-0.086229534,-0.052133794,0.009886738,0.081034776,0.107143663
CAATTTCGTATAAGGG-1,0.076341495,-0.138151679,-0.091094188,0.089884943,0.137621627
CAATTTGACCGGGAAG-1,0.05018143,-0.175831834,-0.08112279,0.063104461,0.143634474
CACAAACCGCAGAACT-1,-0.007328137,-0.159590697,-0.01139546,0.064893876,0.17348805
CACAAGAAAGATATTA-1,0.044356321,-0.109352783,-0.05899894,0.066367268,0.091024089
CACAAGCTAAGAAAGG-1,-0.236037002,-0.098898241,0.12104906,0.038689475,0.007677972
CACAATGAGCTGCTAT-1,-0.210189412,-0.317433782,0.20323255,-0.021629998,0.094632437
CACACACGCTAACGAG-1,-0.150890996,-0.315542854,0.163980943,0.018136246,0.127116891
CACACAGCTTGCGCTC-1,-0.095118436,-0.259246679,0.141175333,-0.074214951,0.172569015
CACACAGGGATAGATT-1,-0.05088474,-0.22568067,0.013455509,0.105154355,0.128675805
CACACGCGCTGTCTTA-1,0.010207631,-0.213437851,-0.003760072,0.031603798,0.171626376
CACACGTTTCAATGGG-1,0.015615398,-0.219535706,-0.048352019,0.030848071,0.15202252
CACACTTGTATTGCGA-1,0.099013798,-0.113804103,-0.123068475,0.128871607,0.069558084
CACAGAGACGAGGACG-1,0.026162015,-0.090964735,-0.083306449,0.090018112,0.178206505
CACAGCACCCACGGCA-1,0.077356549,-0.19794245,-0.136324723,0.115839459,0.16366942
CACAGCTAGGGAGTGA-1,0.037115153,-0.226160966,-0.046858583,0.079486967,0.192823254
CACAGGGCCATATAGT-1,-0.461095933,-0.39210176,0.439106074,-0.098509761,-0.09606153
CACAGGGCCGTTGTCA-1,0.007365106,-0.112680813,-0.029818825,0.066315336,0.178380692
CACAGTCCCGCTTCGC-1,-0.335414832,-0.449657412,0.390141439,-0.120902197,0.009073813
CACAGTTCGCTTCCCA-1,-0.076400654,-0.265796444,0.103977579,0.033196024,0.129083326
CACATAAGGCGACCGT-1,-0.085721343,-0.255660572,0.114153219,-0.065965984,0.111436641
CACATATTAGCAGGAT-1,-0.18374328,-0.298237284,0.207828074,0.025239125,0.142646997
CACATCGTGCACGCGC-1,0.027262041,-0.128253379,-0.046370945,0.043752669,0.174347296
CACATCTCACCGACGA-1,-0.103069122,-0.172961438,0.081500372,0.015756199,0.135943076
CACATGATTCAGCAAC-1,0.119521161,-0.131903948,-0.14625032,0.120444222,0.070569488
CACATGTTTGGACATG-1,0.042618777,-0.157087755,-0.081920176,-0.00865861,0.131251954
CACATTCTTTCGATGG-1,-0.060882708,-0.197449756,-0.000468868,0.068296025,0.107568191
CACATTTCTTGTCAGA-1,0.096352809,-0.121442969,-0.098751029,0.028378575,0.22772908
CACCAATCATCCGTCT-1,0.016715993,-0.087548311,-0.070210339,0.06537122,0.088461733
CACCACGCCACACAGA-1,-0.25841128,-0.379694008,0.368061071,-0.148194525,0.07125044
CACCAGTCAGCATGCA-1,0.038975927,-0.136100686,-0.060114992,0.09749505,0.216084502
CACCATCGGAGGAGAC-1,-0.077038734,-0.238831955,0.060745604,0.009291894,0.116344535
CACCATGATCGCAAAG-1,0.087079645,-0.161561146,-0.110370157,0.142194186,0.027856046
CACCCAAATCTTATGT-1,-0.211997767,-0.372865905,0.299241003,-0.075882637,0.113183123
CACCCACACGTCACCC-1,0.10783307,-0.120602999,-0.154687751,0.13097119,0.181942807
CACCCACGAGGCAATT-1,-0.056156048,-0.241337274,0.008315753,0.022407666,0.076809924
CACCCGCGTTTGACAC-1,-0.095304449,-0.100262347,0.048084045,0.06194716,0.099554622
CACCCGGTTTGTGACT-1,-0.062243659,-0.169541577,0.026127429,0.061899004,0.174835501
CACCCTAACAAGATCT-1,-0.107630861,-0.217697364,0.114183306,0.008401003,0.14283975
CACCCTTGGTGAGACC-1,0.016193448,-0.165056467,-0.034892581,0.079639509,0.208996407
CACCCTTTCCTCGCTC-1,0.02463529,-0.210289089,-0.048013027,0.120048688,0.164974678
CACCGATACACCGAGC-1,-0.041332558,-0.244504429,0.043736838,0.078825168,0.098608362
CACCGATGATGGGTAC-1,0.022543548,-0.133686945,-0.03312157,0.076566614,0.2090617
CACCGCCAGAAGGTTT-1,0.078212601,-0.199488579,-0.145727715,0.154320475,0.1752669
CACCGCCGACCAGCGA-1,-0.266550724,-0.416149093,0.362548556,-0.168915129,0.064827098
CACCGCGTCCACTCTA-1,0.048941588,-0.164760234,-0.041520233,0.029673905,0.127171324
CACCGGAGATATCTCC-1,-0.132815815,-0.339838222,0.166504514,-0.029472695,0.116898536
CACCGGGCATCACAAG-1,-0.021625562,-0.102607042,0.008010329,0.042829286,0.211453643
CACCGGTAGAGACATT-1,-0.197627886,-0.091184074,0.09272955,0.049490284,0.050521011
CACCGTATCCCATCCG-1,-0.16869421,-0.335175065,0.244950434,-0.097491783,0.128880553
CACCGTTAGGGATCAC-1,-0.032511034,-0.149327445,0.010877125,0.043110768,0.155326967
CACCGTTGCGCGATAT-1,-0.027193661,-0.206145934,0.020810349,0.078801693,0.225047275
CACCTAATAGAGTCGT-1,0.116175202,-0.235976627,-0.168489617,0.177212624,0.223697084
CACCTAATCAGTTTAC-1,0.050113689,-0.233026987,-0.090234181,0.06628243,0.134632405
CACCTCGATGGTGGAC-1,-0.06475566,-0.253618551,0.003861512,0.058085985,0.064850602
CACCTTGCGAAACTCG-1,-0.018770242,-0.283131247,0.00119988,-0.004832436,0.112351063
CACCTTGGCGCCTTTG-1,-0.041898619,-0.216933541,0.089536534,-0.01284908,0.17096582
CACGAAAGTTAGTCCC-1,0.107451187,-0.18470892,-0.153465472,0.160762175,0.184713631
CACGACCACAGACTTT-1,-0.023666271,-0.201797399,0.002034953,0.048327193,0.093287127
CACGACGTAATAGTAA-1,-0.089809881,-0.25649754,0.100799806,-0.085035991,0.089997105
CACGACTAAAGTTCTG-1,0.067984288,-0.035035325,-0.101826067,0.067536399,0.098388831
CACGAGCAAACCAGAC-1,0.027226199,-0.122576706,-0.065092574,0.121511355,0.238643686
CACGATTGGTCGTTAA-1,0.057961955,-0.0955222,-0.104104186,0.092046673,0.145524769
CACGCACAGCGCAGCT-1,-0.013516982,-0.210291185,-0.066795294,0.072458062,0.089124067
CACGCAGCGAGGCTTT-1,-0.212596931,-0.282201235,0.223283349,-0.174398412,0.076041516
CACGCGGAACTGTTGC-1,0.06523422,-0.069614376,-0.059280461,-0.001625691,0.186285748
CACGGACGTGGATGGC-1,0.085844631,-0.135548948,-0.10429894,0.116632253,0.073584097
CACGGCGCGCCAAAGG-1,0.074799232,-0.16226708,-0.076218162,0.034182284,0.120170184
CACGGGATTGAGGGTT-1,0.084155966,-0.174462481,-0.110313305,0.138591975,0.026815303
CACGTCAATCAATGGA-1,-0.209056324,-0.314471265,0.20610697,-0.065906041,0.027653279
CACGTCGGCAACCTCT-1,-0.073605763,-0.244880699,0.068418641,0.104187563,0.213680059
CACGTCGGGTTCTAGA-1,-0.098910584,-0.22376995,0.080682034,-0.060697854,0.071348246
CACGTCTATGATGTGG-1,-0.089257243,-0.273510434,0.088953699,-0.022212304,0.067230562
CACGTTCGTGCTCTAG-1,-0.100333571,-0.266914539,0.135727384,-0.016944258,0.12267331
CACGTTTCGTACACAC-1,-0.249647568,-0.359650665,0.300939956,-0.033997852,0.127832337
CACTAAAGTTGCCTAT-1,-0.258140152,-0.44329279,0.373368656,-0.159159959,0.079427308
CACTACGGGAGCTGCC-1,-0.347859816,-0.488687546,0.500255553,-0.130135584,0.073779064
CACTACTCAGTTCTGT-1,0.13240096,-0.141946009,-0.175068307,0.16171541,0.024892779
CACTCAAGAGCTATGG-1,0.08457458,-0.196857279,-0.096041852,0.093116929,0.002275452
CACTCAGCTCTTGAGG-1,-0.29334129,-0.450318032,0.361287159,-0.14228639,0.038330717
CACTCCTATGTAAGAT-1,0.046141321,-0.125058543,-0.080214106,0.084424256,0.202464327
CACTCCTCTCGGTCGG-1,-0.216932068,-0.392381241,0.311545695,-0.087975593,0.118123964
CACTCGAGCTGAACAA-1,-0.177106265,-0.206397035,0.149138814,0.021117445,0.114936468
CACTCGGTTAGGAGGA-1,-0.093138036,-0.389210233,0.13403337,0.059601719,0.123147972
CACTCTCAAGCATCGA-1,0.001897136,-0.105036216,-0.038294465,0.081599534,0.211051682
CACTCTTCTGCTAGCC-1,-0.432966167,-0.364703981,0.426211769,-0.181578688,-0.040757841
CACTGACGATTGTGGA-1,-0.316701126,-0.149065987,0.16560023,0.045306188,-0.069639528
CACTGTCCAAGTGAGA-1,0.109663271,-0.181508705,-0.158903129,0.144064031,0.168823246
CACTTAATCAGACGGA-1,-0.10168679,-0.369094441,0.124880864,-0.009172189,0.098877177
CACTTCGCCACAGGCT-1,0.100941929,-0.123539392,-0.157928877,0.127131019,0.164449697
CACTTCGTCTTATCTC-1,0.098079399,-0.185451009,-0.130625014,0.091032481,0.190889495
CAGAACTTAGCCCTCT-1,-0.442954776,-0.335614409,0.459731919,-0.126796787,-0.049176369
CAGAATAACACACGGA-1,-0.201001184,-0.364582656,0.276467698,-0.113570474,0.096666956
CAGAATATTCGTTATC-1,0.007740153,-0.208475898,-0.026367199,0.070660923,0.14495388
CAGACACCGATCGCTG-1,-0.161518977,-0.129497143,0.086763377,0.041373444,0.061222621
CAGACCTGTAAGTGTT-1,-0.004685584,-0.192523849,0.015813301,-0.022901336,0.135022025
CAGACGAACCTGATAC-1,-0.183617316,-0.209304176,0.147412168,0.003727429,0.081596145
CAGAGACGGTCACCCA-1,-0.10372546,-0.223275268,0.105473289,0.043168136,0.162453736
CAGAGCATGAGCTTGC-1,0.095138644,-0.209538961,-0.160621354,0.162045827,0.14588257
CAGAGCGATGGATGCT-1,-0.052372709,-0.198686438,0.074300828,0.034940815,0.21885488
CAGAGGCGATGCATGA-1,-0.015450321,-0.154784241,-0.005771458,0.058222751,0.192173211
CAGAGTGATTTAACGT-1,-0.272945514,-0.414996005,0.368114478,-0.141216577,0.045266723
CAGATAATGGGCGGGT-1,-0.009914898,-0.153896326,-0.006615293,0.070288149,0.168380768
CAGATACTAACATAGT-1,0.108609428,-0.086530697,-0.153810178,0.115826716,0.153942039
CAGATATGAAGATGAC-1,0.028358673,-0.082694184,-0.068977156,0.067315959,0.166739617
CAGATCATTTAAAGTC-1,0.06199505,-0.186197029,-0.05971612,0.019847345,0.095376546
CAGATCCTGGTTTGAA-1,0.014436403,-0.09649761,-0.072800003,0.083070708,0.161559481
CAGATGTTTGTCCCAA-1,0.019511397,-0.133920488,-0.060499894,0.107323527,0.23587404
CAGCAGCCCGTTCCTT-1,-0.048083316,-0.227728397,0.072241092,-0.093458048,0.129601051
CAGCAGTCCAGACTAT-1,-0.142691618,-0.234690644,0.142800206,-0.028667077,0.082262733
CAGCAGTCTGTGCTGC-1,-0.210784013,-0.192637632,0.173614315,0.023708184,0.079506468
CAGCCCTCACAGGCAG-1,-0.109326672,-0.327300294,0.114984353,-0.070150865,0.14906976
CAGCCGGGCCCTCTAT-1,0.055232062,-0.246162043,-0.058217765,0.10721932,0.108510304
CAGCCTCCTGCAGAGG-1,-0.024664556,-0.223177333,0.036972392,-0.056582381,0.183567491
CAGCCTCGATAGCGGT-1,0.123714921,-0.215206221,-0.156865069,0.155778681,0.056057299
CAGCCTCTCCTCAAGA-1,-0.163939223,-0.315208073,0.157569792,0.038036872,0.042893291
CAGCGATTCCCTTCAA-1,0.026415447,-0.14632314,-0.044606249,0.073696721,0.212083206
CAGCGCCAACACGATA-1,0.127431481,-0.147563586,-0.147952091,0.142095138,0.082703677
CAGCTCACTGAGACAT-1,0.025875421,-0.211233513,-0.068188225,-0.083534432,0.121018211
CAGCTCGACAAGTTAA-1,-0.024043567,-0.223259963,0.011591149,-0.035089417,0.118563318
CAGCTCGTGCTTGTGT-1,0.133104901,-0.067781612,-0.178121134,0.108263313,0.165692223
CAGCTCTGGGCTCACT-1,0.019220441,-0.17048257,-0.059841905,0.105041444,0.212844553
CAGCTGGCGTAACCGT-1,0.08320521,-0.103595799,-0.118450211,0.101932038,0.182952966
CAGCTTAGTAGGTAGC-1,0.110151996,-0.224373021,-0.141267257,0.159369583,0.124024111
CAGGAAGACTTTATAT-1,-0.014890243,-0.281559955,0.020680354,0.08069011,0.170700529
CAGGACAGCTGCCCTT-1,-0.114694225,-0.323133044,0.135772131,0.023488856,0.150550098
CAGGATATATCGTTGT-1,-0.152083555,-0.316844133,0.178421503,-0.02042557,0.17205598
CAGGATCCGCCCGACC-1,0.01291448,-0.133510254,-0.045217028,0.050323829,0.10992115
CAGGCAGTCTTACCAG-1,-0.07308683,-0.149910866,0.073558066,0.008689442,0.167963906
CAGGCCAGTACCACCT-1,-0.063566187,-0.114210817,-0.007620063,0.111891819,0.116710182
CAGGCCGTTTGGGTGT-1,-0.068370929,-0.328356574,0.08672983,-0.018631708,0.173659031
CAGGCGCACGGTGGTC-1,-0.009738621,-0.151928362,-0.009300674,0.046585642,0.173593893
CAGGCGCCATGCTAGG-1,-0.193606304,-0.333541265,0.234256278,-0.048837412,0.095945698
CAGGGAGATAGGCCAG-1,-0.025051769,-0.148761455,-0.031763535,0.142375091,0.212079157
CAGGGCTAACGAAACC-1,-0.030420179,-0.253023049,0.010260421,0.096795863,0.061513783
CAGGTTTAGTACTACA-1,0.111149524,-0.156794575,-0.130115279,0.151794445,0.057688883
CAGTAACTATTTATTG-1,0.099055305,-0.113073196,-0.127539576,0.105819136,0.114527348
CAGTAAGGGACGTCTC-1,-0.065828422,-0.146271629,0.032545121,0.042084853,0.144390942
CAGTAATCCCTCCCAG-1,0.109116854,-0.240027894,-0.173919846,0.184900961,0.231047518
CAGTACATTCTCTAAA-1,0.020200283,-0.247409772,-0.039317164,0.126361605,0.160098234
CAGTACCAGTTTACGT-1,0.045928903,-0.157386108,-0.103804457,0.12908881,0.176931712
CAGTAGATGATGTCCG-1,-0.162301088,-0.280724277,0.183897858,-0.075544489,0.044496956
CAGTAGCCCACGCGGT-1,-0.028690718,-0.254937571,-0.000587666,-0.004063342,0.138503969
CAGTAGCGAGGTAGTA-1,-0.004820319,-0.182948826,0.002676604,0.078780331,0.098525088
CAGTCCAACGCCTTCT-1,0.113748104,-0.18401997,-0.150494105,0.168823882,0.119916773
CAGTCGAGGATGCAAT-1,-0.143724627,-0.367875372,0.167855607,0.010041603,0.103044706
CAGTCGGCCTAGATAT-1,-0.023024229,-0.253824264,-0.016045818,0.18109485,0.182676676
CAGTCTCTCGGCTAAT-1,-0.199351389,-0.321912246,0.266934676,-0.077408781,0.069607647
CAGTCTGTATACTGGG-1,-0.17900224,-0.364103857,0.234450108,-0.130909928,0.079252327
CAGTGAATAAATGACT-1,-0.185842975,-0.353049266,0.180492883,-0.042234193,0.068307113
CAGTGGTTGCACATGA-1,0.042961161,-0.192023575,-0.033190202,0.067603481,0.215118672
CAGTGTCCGCAGAATG-1,0.117089123,-0.082361635,-0.156173689,0.117021892,0.166910314
CAGTGTCGGCTGGCCC-1,0.011420967,-0.142095316,-0.009126913,0.031637501,0.217950071
CAGTGTTAATCTCTCA-1,-0.105223561,-0.139460982,0.016164396,0.076347236,0.10280455
CAGTTCAAATTGACAC-1,0.149503861,-0.140677514,-0.197078633,0.13093522,0.191645207
CAGTTCCGCGGGTCGA-1,0.063221712,-0.179273727,-0.102984195,0.13193286,0.193387681
CAGTTCGAGGACCCGA-1,-0.451434118,-0.095646188,0.244212009,0.047828594,-0.174886664
CATAACGGACAGTCGT-1,0.039508132,-0.106355995,-0.027158117,0.025824638,0.180179165
CATAAGAAGCTTGGCT-1,-0.022887709,-0.095664182,-0.00361532,0.06767812,0.189155147
CATAAGCTCTCCGTCT-1,-0.177284942,-0.363770906,0.212049961,-0.039717984,0.035058349
CATAATGAGCGGGCGA-1,0.117122388,-0.089451336,-0.146310051,0.11076392,0.117624603
CATACAAAGCCGAACC-1,-0.039989154,-0.177816417,-0.011997135,0.073100412,0.109307011
CATACACAAAGTCAGC-1,-0.071959682,-0.080486647,0.001424019,0.072225486,0.157286223
CATACACGGTTCCCAC-1,-0.224269194,-0.134340116,0.131178166,0.048324541,0.023518143
CATACCCGTACCCAGT-1,-0.009606016,-0.192196125,0.023772493,0.029882322,0.169510165
CATACGAACTAGCTGG-1,0.018710615,-0.113592862,-0.069474721,0.064895146,0.129059631
CATACGGCGTCTGGGC-1,0.095015805,-0.136184635,-0.110456083,0.087751034,0.092649963
CATACGGGTGCATGAT-1,-0.150010763,-0.317553874,0.164770357,-0.036375306,0.093778034
CATACTATGTAATTGT-1,-0.213234208,-0.452105455,0.315992044,-0.105468996,0.142286606
CATACTTAGGCAATAC-1,-0.244481466,-0.318649959,0.29674231,-0.117344599,0.096608301
CATACTTCTTTCTCCG-1,-0.333412814,-0.216067083,0.241183319,0.033086113,-0.003665828
CATAGAGGAGATACTA-1,0.011418114,-0.102464934,-0.067667024,0.094601095,0.185949757
CATAGCCGCCCGGGAT-1,0.120504709,-0.206454055,-0.175246316,0.149539706,0.212663836
CATAGCGTTGCCCACC-1,0.006474566,-0.124085662,-0.042507667,0.064611446,0.214151321
CATAGGGACACTTGTG-1,-0.008219408,-0.095719081,-0.080041802,0.117556956,0.152532254
CATAGTACATTGAGAG-1,0.000544132,-0.259154413,-0.010157066,0.086367497,0.133536288
CATAGTAGCATAGTAG-1,0.130441797,-0.13066262,-0.169506687,0.109118993,0.189672477
CATAGTCAAATACATA-1,-0.042224624,-0.148469285,0.004091389,0.071628394,0.160204717
CATAGTCCACAAGAAC-1,0.013199185,-0.1391961,-0.052092865,0.106687092,0.200819165
CATAGTGGGCACGCCT-1,-0.009194002,-0.120092413,-0.009812648,0.083635034,0.118182889
CATATACTACTGATAA-1,0.024986172,-0.171915995,-0.023918149,0.046657002,0.127862621
CATATAGGTACAGTCA-1,-0.248505414,-0.430897211,0.307753523,-0.074271506,0.102222274
CATATGTCAGGCTACG-1,0.026099916,-0.14402545,-0.040767172,0.049713953,0.194175322
CATATTATTTGCCCTA-1,0.09636978,-0.123535766,-0.113334053,0.113893833,0.110426119
CATCAAACTGGCGCCC-1,0.068541475,-0.218515387,-0.111046461,0.158564296,0.07377417
CATCAACACCTACTAA-1,0.074056538,-0.145072829,-0.1016944,0.061912206,0.159338592
CATCATCTACCCGGAC-1,-0.254850342,-0.434709495,0.360946365,-0.166483389,0.089051936
CATCATTACCCTGAGG-1,-0.057495108,-0.219770711,0.080341737,0.026353401,0.184664618
CATCCAATATAGTTTG-1,-0.132816666,-0.11372452,0.05893377,0.060713262,0.113538258
CATCCCGAGATTCATA-1,0.054909724,-0.112991629,-0.094268056,0.114738341,0.216439802
CATCCGCAGGCCCGAA-1,0.077772391,-0.223025121,-0.121299047,0.129396648,0.201717163
CATCCTCTCAAAGATC-1,-0.230534541,-0.334876227,0.282095037,-0.074621883,0.101537877
CATCGAATGGATCTCT-1,0.012605395,-0.198357367,-0.020040754,0.086636824,0.066119489
CATCGCCCGCGGCCAA-1,0.152700101,-0.070750475,-0.206352182,0.13814789,0.177077084
CATCGGACGGGTTAAT-1,-0.240802124,-0.418506139,0.314043171,-0.106458965,0.091790417
CATCGTCCGGTTACTA-1,0.058663156,-0.219510256,-0.135799568,0.124589768,0.119578413
CATCTACCCGAGAACG-1,-0.158707492,-0.297632323,0.221004945,-0.045254424,0.089522376
CATCTAGTGAAGGGAA-1,0.043997711,-0.097014975,-0.077982847,0.044332611,0.168663956
CATCTATCCCGTGTCT-1,-0.057847948,-0.253806594,0.09327655,0.0041466,0.149764272
CATCTGCAGGATCATT-1,0.065551111,-0.170987052,-0.08948508,0.067687775,0.085291667
CATCTTACACCACCTC-1,0.067572013,-0.110398425,-0.065893662,0.038497116,0.191294276
CATGAACCGACATTTG-1,-0.01348029,-0.211775571,-0.026185193,0.070597669,0.148827363
CATGAACCTCTTATCA-1,-0.233434136,-0.368898142,0.354239124,-0.140369306,0.129756012
CATGACTTCGCTGAAT-1,0.060724922,-0.097914113,-0.051284803,0.04839116,0.191655789
CATGAGATGCACTCTC-1,-0.09402256,-0.136897468,0.026430418,0.062216585,0.089679699
CATGAGTCCATCACGG-1,0.019565143,-0.098104202,-0.066300716,0.09240608,0.17363182
CATGATACGGTGAAAC-1,-0.06097321,-0.123095476,-0.01450962,0.076227228,0.109188329
CATGATCGCTTTGAGA-1,-0.069585073,-0.19341387,0.050241332,0.03425882,0.160095852
CATGATGCACAATTCT-1,0.031163985,-0.231231994,-0.054141119,0.117985416,0.188063373
CATGATGGAAGTTAGC-1,0.098226572,-0.139970676,-0.109889207,0.088016463,0.202932911
CATGCACATGAGAGGC-1,0.010087427,-0.116121769,-0.044032276,0.072667611,0.201015495
CATGCACGTGTTACTG-1,-0.078040435,-0.262403527,0.06518425,0.011641478,0.086000886
CATGCATGGAGACCCT-1,-0.294533492,-0.368967955,0.31896627,-0.133321857,-0.003917777
CATGCCAACTCGCAAA-1,-0.031313234,-0.22563434,0.055772396,0.033199519,0.19588943
CATGCGACCAGTTTAA-1,-0.010766963,-0.253041414,-0.009045222,0.049828104,0.138577835
CATGCGTTAGACAGAA-1,-0.10937037,-0.228773559,0.082882371,0.00475437,0.114734978
CATGCGTTGAGAGGAG-1,-0.044920736,-0.130571967,0.001787958,0.072437655,0.171998963
CATGCTGGCTCCAATT-1,-0.168010198,-0.228735282,0.101607334,0.057563186,0.049003519
CATGGAAATGGGACCA-1,-0.063991159,-0.316883686,0.064174073,-0.003239215,0.078914628
CATGGATTGTCTTCCG-1,-0.149834594,-0.312126862,0.175537419,0.002303067,0.14078541
CATGGCAGGAAGATCG-1,0.051239514,-0.194136262,-0.084303017,0.09050925,0.178191016
CATGGCTCCCTATGTC-1,0.039372557,-0.18138098,-0.061789752,0.077190965,0.13913614
CATGGGTATGCCTTAT-1,-0.260134346,-0.294729839,0.269956886,-0.02232296,0.086398202
CATGGGTCGGGTGTGG-1,0.01180519,-0.274591057,-0.005689625,0.000858121,0.139953372
CATGGTAAGTAGCGTT-1,-0.103973942,-0.234741214,0.114827122,0.025408357,0.147990631
CATGGTATTAGTTTGT-1,0.005662627,-0.116948043,-0.043723892,0.064346956,0.169346222
CATGGTCTAGATACCG-1,0.099140488,-0.161511082,-0.143430113,0.126349463,0.147347277
CATGGTTTATTAATCA-1,0.013976665,-0.135831075,-0.036650572,0.059211527,0.172294833
CATGTAAGAGACATTT-1,-0.264272668,-0.329710385,0.290863603,-0.041900701,0.07318964
CATGTAGGAGCGCCAA-1,0.082841379,-0.142159999,-0.091087982,0.09165325,0.085849662
CATGTCTCATTTATGG-1,0.081278185,-0.145926798,-0.096434615,0.097970083,0.210208897
CATGTGGGCTCATCAC-1,-0.031381436,-0.123863589,0.021919152,0.04862471,0.190393839
CATTACATAGATTGTG-1,0.040321133,-0.210282147,-0.075140633,0.1122772,0.106141004
CATTACGCAGGAAGGG-1,-0.075584133,-0.147689152,0.024340575,0.089120192,0.122025922
CATTACGTCGGCCCGT-1,-0.009330536,-0.29945331,0.006993646,0.094874823,0.189163702
CATTATAACAGGGTCC-1,-0.063149752,-0.29674075,0.060547874,-0.022039436,0.128277379
CATTATCCCATTAACG-1,0.042286798,-0.069380362,-0.080472431,0.072866077,0.191165705
CATTATGCTTGTTGTG-1,0.144349127,-0.10322211,-0.190028908,0.127929627,0.197085946
CATTCACTGACAGCTA-1,-0.27580832,-0.421251621,0.406429173,-0.112765653,0.096393245
CATTCAGGTCAGTGCG-1,0.039296256,-0.183377907,-0.056552453,0.085462027,0.043583739
CATTCCCATTCCGTCG-1,-0.090611443,-0.285209686,0.121785176,-0.036975202,0.131533594
CATTCCCTAAGTACAA-1,0.074834028,-0.142164802,-0.106552096,0.072492408,0.176901867
CATTCGTCGTAGCGGT-1,0.154624612,-0.172459262,-0.193221851,0.170311869,0.079803455
CATTGATGAACACGCC-1,0.00561383,-0.185569856,-0.01788467,0.03026122,0.070853689
CATTGCAAAGCATAAT-1,-0.071952228,-0.309889395,0.089509761,-0.017190368,0.13469367
CATTGCGAAATGGGCG-1,-0.038312697,-0.288287629,0.033876446,0.122265969,0.052923975
CATTGCGGGTCAATTC-1,0.090290188,-0.107534013,-0.120013236,0.106039779,0.087540331
CATTGTGTGCTAGATC-1,0.099153917,-0.118352874,-0.151183393,0.086101309,0.164234467
CATTTAGCGGACCATG-1,-0.244422518,-0.313614384,0.190360315,-0.020447856,-0.037806466
CATTTATCGTTCAAGA-1,0.13305584,-0.122044614,-0.173686275,0.157925096,0.031376117
CATTTCTAGCAGACTA-1,0.070914083,-0.233477558,-0.101495885,0.161654858,0.234849229
CATTTGAGTGGTACGT-1,-0.189460583,-0.165979693,0.120405704,0.042861674,0.078467775
CCAAACAGAACCCTCG-1,0.141949663,-0.11905518,-0.191630043,0.128740124,0.180903941
CCAAAGCAGTTGGTTG-1,0.096246209,-0.120257632,-0.111052345,0.085192202,0.070918129
CCAAAGTCCCGCTAAC-1,0.085176392,-0.09132972,-0.111045199,0.075994098,0.118646169
CCAAATAACAAGATTC-1,-0.040643175,-0.202245403,0.066470352,-0.003195484,0.123077482
CCAAATCAAAGGGCAA-1,-0.033306472,-0.14376285,-0.008356547,0.058456271,0.153777965
CCAACCTTATGTAACT-1,-0.072114195,-0.078554076,0.004237853,0.090060814,0.191024704
CCAACGATGCACTGAT-1,0.121080723,-0.194773583,-0.191602807,0.184305325,0.192990641
CCAACGCTTGCCAGGG-1,-0.052263,-0.215039757,0.056955226,-0.005616302,0.138548231
CCAACTTGATAGATCC-1,0.002445825,-0.157241123,-0.009785802,0.011749011,0.118749588
CCAAGAAAGTGGGCGA-1,-0.120648684,-0.16628326,0.081918992,0.042649363,0.141408017
CCAAGACTTCTGCGAA-1,0.094989505,-0.203576046,-0.143070778,0.123549335,0.21844298
CCAAGCGTAACTCGTA-1,-0.061348579,-0.275113267,0.07943263,-0.102334129,0.116295477
CCAAGCTTGATCTCCT-1,0.027038595,-0.208377014,-0.03358738,0.111676337,0.090633236
CCAAGGAACAGAGAGG-1,0.044442732,-0.19941273,-0.082229009,0.099863842,0.158187811
CCAAGGTTGCCCTTTC-1,0.023702631,-0.116194732,-0.060062754,0.092956172,0.180628815
CCAAGTTTCTACAGAT-1,-0.160521718,-0.306275957,0.178193855,-0.038143357,0.079410914
CCAATAGATTTCATCT-1,0.050633844,-0.217319705,-0.080932496,0.124332733,0.105469444
CCAATAGTGCCGTCGA-1,0.031685961,-0.182980436,-0.057043951,0.05095747,0.14565882
CCAATCGGTAGATCGA-1,-0.28133692,-0.43692192,0.401326874,-0.158886618,0.095984909
CCAATGTCACAGCAAG-1,-0.234348347,-0.395676448,0.347510979,-0.178110558,0.069634177
CCAATTACGGGTCGAG-1,-0.102509369,-0.280689565,0.06763627,0.02404088,0.046424449
CCAATTGAATGTTAAT-1,0.142241299,-0.14820871,-0.187089719,0.122757365,0.197119007
CCACAATGTACGTCTT-1,0.047319557,-0.240916344,-0.086321926,0.113554653,0.164715725
CCACACTGAGATATTA-1,-0.340610152,-0.375382997,0.394954717,-0.163610009,0.009621729
CCACAGCTGAAATCAT-1,-0.185542413,-0.307904055,0.250295081,-0.133796626,0.126966953
CCACAGTACCCATCCT-1,0.101841124,-0.170097883,-0.122481443,0.152261003,0.082487023
CCACATACTGCACCCA-1,0.041868816,-0.205796862,-0.033844765,0.084091632,0.105027017
CCACATGGCTCTTTAT-1,-0.003092921,-0.115286208,-0.051526832,0.092777848,0.098914677
CCACCAACTTTACTGT-1,-0.018842721,-0.168084904,0.000695653,0.064899074,0.192574926
CCACCCAAGGAAAGTG-1,-0.087906724,-0.287535433,0.115503669,-0.193685467,0.166709084
CCACCTGTATGGAATA-1,0.124948421,-0.161474428,-0.15217874,0.160001058,0.046191899
CCACGAATTTAACCTC-1,0.069376679,-0.119905904,-0.062480184,0.042343667,0.209339223
CCACGAGAAGAGAATC-1,-0.095929076,-0.268768728,0.144812648,-0.04375394,0.133913926
CCACGGAGCCATAAGA-1,-0.026680681,-0.212382352,0.023226986,0.065887687,0.199679649
CCACGGCAGGTGTAGG-1,0.051280681,-0.105235705,-0.075966438,0.08350757,0.192171862
CCACGGTGCCCGGTAG-1,-0.271751811,-0.402588449,0.405664317,-0.152047208,0.119922751
CCACGTAAATTAGACT-1,-0.038892423,-0.187084541,0.011690214,0.020948421,0.119581514
CCACTAAACTGAATCG-1,-0.108951958,-0.282276955,0.121257823,0.041228043,0.057509115
CCACTATCCGGGTCAC-1,-0.027345542,-0.31984179,0.044693678,0.088100448,0.162716972
CCACTCAGATCCGCAA-1,-0.063395331,-0.079739422,-0.01328645,0.067234085,0.12171138
CCACTGGTGGCTGGTT-1,-0.338663265,-0.455306729,0.401212269,-0.081028473,0.036811841
CCACTGTTTGGATTAA-1,-0.346564758,-0.469784142,0.485697848,-0.148868221,0.073304104
CCACTTTCCTTCTAGG-1,-0.017085346,-0.194384162,0.035178121,0.088138511,0.217334875
CCAGAAACTGATGCGA-1,0.033355109,-0.132175784,-0.05898023,0.076353297,0.201565034
CCAGAAAGCAACTCAT-1,-0.096211796,-0.231334211,0.112264558,0.00796812,0.1539337
CCAGAGACAAAGCCGG-1,0.059492107,-0.204398432,-0.100755907,0.141568497,0.183012825
CCAGATAGTTGAGTGA-1,0.021736418,-0.272982724,-0.033622352,0.088584269,0.177510285
CCAGATGTAAATGGGT-1,-0.117989358,-0.281851569,0.132697793,0.058543653,0.059700139
CCAGCCTGGACCAATA-1,0.086068359,-0.157095787,-0.107569352,0.048227351,0.196199747
CCAGCGGGATCACCAG-1,-0.249617472,-0.358726373,0.301942157,-0.114592292,0.022786812
CCAGCTACGCCTCATA-1,0.038020551,-0.160059027,-0.023505024,0.050327365,0.173967593
CCAGCTCGAACGCATT-1,-0.07367316,-0.106556973,0.025232966,0.061618825,0.134499584
CCAGCTGATGGTACTT-1,-0.157176271,-0.370385478,0.213707381,0.005455167,0.137338385
CCAGCTTCCGCCCGCA-1,0.0482675,-0.219115364,-0.088197638,0.118292856,0.1708792
CCAGGCTGGCGTCTGA-1,0.096932692,-0.168863331,-0.114163,0.132598683,0.027172095
CCAGGGACGTGGCCTC-1,0.132665129,-0.086530975,-0.182004252,0.106745087,0.175431125
CCAGTAGTCTGATCCA-1,-0.060670277,-0.268998466,0.046137321,-0.031753527,0.100813666
CCAGTCAAATCTCTTA-1,0.015851297,-0.156389702,-0.028529123,0.045980996,0.16985353
CCAGTCCATTATTCGA-1,-0.097525221,-0.268631261,0.097971585,-0.04450708,0.09060759
CCAGTCTAGACGGCGC-1,-0.043340707,-0.27091899,-0.016206584,-0.030846904,0.069946287
CCAGTCTTGTCATAGA-1,-0.369615894,-0.185253769,0.27626895,-0.043477253,-0.070794998
CCAGTGAGCTCCTTGT-1,-0.014832704,-0.240992416,-0.000436975,0.055115117,0.074348459
CCAGTGTACAGACCGA-1,-0.007162549,-0.13274188,-0.014393484,0.078224327,0.179313034
CCAGTTCGGTAACTCA-1,0.01184169,-0.14489902,-0.041512509,0.070771665,0.168446897
CCATAAACAACCCGAC-1,-0.141623158,-0.388814206,0.205697272,0.005952774,0.148208044
CCATAACCTGTGCAGT-1,-0.143886515,-0.183070857,0.031411277,0.126123963,0.102719759
CCATACCTTTACTTGT-1,-0.003846206,-0.231942115,0.034368549,0.015605616,0.186277822
CCATACTCGCCTCTCC-1,0.104932433,-0.143790507,-0.112131567,0.121894283,0.112671973
CCATAGAGGCTGCCAG-1,0.005333431,-0.106793371,-0.03834972,0.075109022,0.183473184
CCATAGGTTGGCGTGG-1,-0.245016818,-0.356152565,0.268645359,-0.03371469,0.079357448
CCATAGTCAGTAACCC-1,0.117269661,-0.147692705,-0.137537343,0.105205115,0.178129956
CCATATGGAAACTATA-1,-0.206627194,-0.326227869,0.222311911,-0.068111537,0.065335409
CCATATTGGATCATGA-1,0.027638026,-0.060752966,-0.055053707,-0.010440646,0.076678773
CCATCATAAGAACAGG-1,-0.132697575,-0.344637069,0.165527029,-0.044789708,0.098573803
CCATCCATACCAAGTC-1,0.111868367,-0.09966307,-0.15683605,0.11149784,0.170196812
CCATCGCAGTTAAACT-1,-0.292579546,-0.440409111,0.446783138,-0.166531023,0.150694097
CCATCTCACCAGTGAA-1,0.076777575,-0.072238537,-0.080220532,0.054427005,0.190770303
CCATCTTGTTCACAAT-1,0.101589672,-0.108869536,-0.125594374,0.098706766,0.144129885
CCATGCCCTAGATTTC-1,-0.122484695,-0.272855024,0.121500712,0.041512734,0.095962659
CCATGCCTGTTTAGTA-1,-0.226040466,-0.433695955,0.305502606,-0.230312923,0.106652604
CCATGCTCTGCAGGAA-1,0.079474884,-0.17409437,-0.121954137,0.105347026,0.197231416
CCATGGCAAACGCTCA-1,0.026656989,-0.132006185,-0.062843441,0.09553816,0.183104922
CCATGGCCCTTGTACC-1,0.075332897,-0.212409655,-0.140544271,0.176103003,0.1398435
CCATGTTCATCTATAT-1,0.038880548,-0.079104796,-0.089110135,0.106129671,0.229808763
CCATTAGCGATAATCC-1,-0.040651029,-0.184663835,0.035339456,0.049895123,0.120339931
CCATTCCCTGCCCACA-1,0.083111508,-0.1593505,-0.105903641,0.097873784,0.137522134
CCATTGTTTCCTCCAT-1,-0.31218257,-0.400918824,0.359857777,-0.093997196,-0.016394813
CCATTTCTACCTATTA-1,-0.330939842,-0.371912878,0.378382828,-0.127163722,0.006853523
CCCAAACATGCTGCTC-1,-0.054651472,-0.244592879,0.073164323,-0.039160742,0.156540164
CCCAACATACGTCGCG-1,0.022902732,-0.166393499,-0.076913041,0.154720797,0.21017883
CCCAACCACACTAACA-1,-0.28492938,-0.305445424,0.304213788,-0.068507353,0.033474932
CCCAAGAATGCACGGT-1,-0.141038953,-0.273694501,0.134742587,0.004194843,0.117250299
CCCAAGACAGAGTATG-1,0.082331033,-0.032123729,-0.107273063,0.073032381,0.120093394
CCCAAGTCATTACACT-1,0.051902526,-0.094986241,-0.09084943,0.088653531,0.181256676
CCCAATGAGATTTGCA-1,0.049703249,-0.100737504,-0.08648376,0.085783514,0.223473004
CCCAATTTCACAACTT-1,-0.339043923,-0.294632707,0.309318141,-0.007942879,-0.02949942
CCCACTCCACGGTATC-1,0.02842961,-0.185048898,-0.094819965,0.187327757,0.250785496
CCCAGAGGAGGGCGTA-1,0.099734339,-0.08337827,-0.116799046,0.088494946,0.095248147
CCCAGATTCCCGTGAC-1,0.010721836,-0.202046243,-0.046234395,0.073693958,0.157524445
CCCAGGAAGAATTCGA-1,-0.152094454,-0.073120719,0.080250833,0.068078745,0.172081566
CCCAGGTCTGAAGGCT-1,-0.060236753,-0.257970643,0.074785735,0.030357782,0.09651917
CCCAGTAAACTTGGGA-1,0.030222341,-0.153908241,-0.089661967,0.160239361,0.216548802
CCCAGTTAAGGCGCCG-1,0.128483346,-0.13107394,-0.160273406,0.16281188,0.085666587
CCCATATAGGTCGATT-1,-0.044103355,-0.170212377,0.03454435,0.038862448,0.178105632
CCCATTATTGTATCCT-1,-0.029226413,-0.159745406,0.023190679,0.07335558,0.184772395
CCCGAAGTTTCGCGAA-1,0.001149073,-0.230304136,-0.042813616,0.1703276,0.209602982
CCCGACCATAGTCCGC-1,0.039920038,-0.289188134,-0.086529199,0.073004721,0.131949846
CCCGAGTTTCTCCGTA-1,0.108970296,-0.168299144,-0.121476618,0.142479741,0.102827578
CCCGATAGCCTCGCCT-1,-0.09689498,-0.210315788,0.071858164,0.010943072,0.056676379
CCCGCAAATAATCATC-1,-0.062918669,-0.096926953,0.007062878,0.06920606,0.145641394
CCCGCAGCGCGAACTA-1,-0.165587195,-0.344219756,0.237330129,-0.032108584,0.151521772
CCCGCAGGGCCCAAAG-1,0.098447277,-0.176018222,-0.118101544,0.138335019,0.058871397
CCCGCCATGCTCCCGT-1,0.131002695,-0.146612566,-0.179508531,0.128596959,0.182462955
CCCGCGCAATGCACCC-1,0.009212463,-0.273779488,-0.035459952,0.143549259,0.196560204
CCCGCTAGAGGGTTAA-1,0.043848956,-0.199964711,-0.068991817,0.056242594,0.076201641
CCCGCTTGCCCTCGTC-1,0.109330616,-0.101629895,-0.15797061,0.113473134,0.15689978
CCCGGCACGTGTCAGG-1,-0.027868658,-0.146079873,0.011432705,0.007815192,0.168794587
CCCGGCTAGGTGAGAA-1,0.088721832,-0.200917738,-0.109349141,0.118953764,0.043780252
CCCGGGTCGTTCAGGG-1,-0.055088676,-0.157078506,0.041598164,0.054977553,0.149375285
CCCGGTGGAAGAACCT-1,0.102264103,-0.243326812,-0.14490093,0.16842177,0.200301639
CCCGGTGTATCGGAAT-1,-0.049541836,-0.161990041,0.031828543,0.051761567,0.146515873
CCCGTAAGTCTAGGCC-1,-0.201215729,-0.358710647,0.269097783,-0.038831497,0.1043096
CCCGTAGCTGGGAAGA-1,-0.005935094,-0.132833811,-0.016430169,0.05964554,0.217252084
CCCGTCAGCGTCTGAC-1,0.098747611,-0.147998686,-0.128367526,0.088713027,0.189933476
CCCGTGACAGTGCCTT-1,-0.055568133,-0.0538863,0.011622004,0.037680197,0.163997553
CCCGTGAGGGCGGTGA-1,-0.033651707,-0.191710728,-0.034877676,0.133975672,0.130694569
CCCGTGGGTTAATTGA-1,0.020849801,-0.173601986,-0.080455972,0.128665695,0.038778502
CCCGTTTCGCAGATGT-1,-0.300505434,-0.496019498,0.462930317,-0.139918681,0.112196631
CCCTACCCACACCCAG-1,0.002823897,-0.152016693,0.016277522,0.070421148,0.240931161
CCCTACTTGAACAATG-1,0.088930903,-0.116693963,-0.111065468,0.095781277,0.231810548
CCCTAGCTCTAAGGTC-1,-0.179117404,-0.100564154,0.097233386,0.049660098,0.060309227
CCCTAGGCAACAAGAG-1,0.070716287,-0.193316775,-0.099250149,0.134862166,0.248206675
CCCTAGTGTCAGGTGT-1,-0.031835343,-0.205996406,0.012915553,-0.019001026,0.106319129
CCCTATGTAGAGCAGA-1,0.008155264,-0.154293333,-0.050288427,0.127859325,0.221362797
CCCTCAAGCTCTTAGT-1,0.044226478,-0.193824197,-0.053673773,0.078435929,0.19047443
CCCTCAGATCGAGAAC-1,0.046249419,-0.12036937,-0.082966051,0.085618814,0.192070313
CCCTCATCACAGAGTA-1,-0.114192437,-0.089044212,0.023172596,0.074195041,0.140437391
CCCTCATTCTGGAATT-1,0.145368668,-0.086357634,-0.190001041,0.123496628,0.183971665
CCCTCCTCGCTCGTAT-1,0.085995579,-0.190906047,-0.090620191,0.130780027,0.074986347
CCCTCGATAATACACA-1,0.050475171,-0.116593545,-0.082218002,0.088980317,0.203384796
CCCTCGGGAGCCTTGT-1,-0.23734589,-0.425895933,0.298720891,-0.081354764,0.105389769
CCCTGAAATGAGTTGA-1,-0.106296929,-0.289231931,0.107910849,0.053280227,0.137798418
CCCTGACTAACAAATT-1,-0.120502233,-0.35240224,0.148996973,0.025043289,0.068897858
CCCTGATGTAACTCGT-1,0.095466739,-0.167477024,-0.101411059,0.058603844,0.195642916
CCCTGCCCAATCCGCT-1,-0.286103404,-0.333953895,0.340056668,-0.1179599,0.021080368
CCCTGCGCTACGCATA-1,-0.033334572,-0.246509079,0.008347541,0.081578125,0.129103326
CCCTGGCTGTTCCTTC-1,0.051789969,-0.12647362,-0.100439484,0.137537775,0.235563714
CCCTGGGAGGGATCCT-1,-0.026931854,-0.122943364,-0.035847255,0.097477617,0.165652163
CCCTGGTATGGGCGGC-1,-0.106166055,-0.334995649,0.139507055,0.05049107,0.059613853
CCCTGTTGGCAAAGAC-1,-0.01558429,-0.141041699,0.005152853,-0.052019844,0.073926856
CCCTTCTCGTACGCGA-1,0.029628987,-0.124148467,-0.063977119,0.061549463,0.110920625
CCCTTTAATGGAGTTC-1,-0.11001132,-0.223706799,0.103465616,0.033068419,0.139237926
CCCTTTGACAGGTCTT-1,-0.103076499,-0.207668015,0.097136419,0.012367592,0.142373158
CCGAAAGTGGTGAGCA-1,0.123340286,-0.153888424,-0.18404419,0.182986358,0.195784478
CCGAACACTGGGCCTC-1,-0.055274178,-0.126776394,-0.006809603,0.089435224,0.155654615
CCGAACCTTCCCGGCC-1,-0.297893881,-0.376705393,0.371271736,-0.095363439,0.059723506
CCGAAGCATTGACCAA-1,-0.06313179,-0.134301722,0.024310065,0.048369012,0.194004519
CCGAAGGGCGTACCGC-1,-0.276457054,-0.401278591,0.362048258,-0.108879206,0.043752157
CCGAAGTATATTGTTC-1,-0.064311992,-0.217733494,-0.013117007,0.114115192,0.14036782
CCGACAAACACATGAG-1,0.102861462,-0.199443629,-0.152143588,0.112258143,0.203807848
CCGACAAAGGGAGTGC-1,0.058001298,-0.254379534,-0.098755773,0.16970031,0.143161702
CCGACAATAGGCCGCC-1,-0.317096093,-0.369820393,0.339843069,-0.038626066,-0.031642434
CCGACGGGCATGAGGT-1,0.009303909,-0.169302956,-0.024756816,0.06667224,0.182757297
CCGACGTAAACACAAC-1,-0.033540638,-0.228842192,0.043453723,-0.021399201,0.117374464
CCGACTCGCATAGTCT-1,0.005390493,-0.162719825,-0.049347173,0.048713038,0.049439947
CCGAGAAGTCGCATAA-1,0.121700227,-0.125510918,-0.152053513,0.089133726,0.198263436
CCGAGCTGTGCTTGTC-1,-0.063144482,-0.256992653,0.048675166,0.079983372,0.0375671
CCGAGGGATGTTAGGC-1,-0.196017931,-0.334306937,0.232623181,-0.089669252,0.085977887
CCGATATGACGTAAGG-1,0.124768066,-0.133637974,-0.159335484,0.155441959,0.096066737
CCGATCTCAACCTTAT-1,0.103479902,-0.086433481,-0.103070417,0.056912177,0.212534848
CCGATCTTAAGAGGCT-1,0.129374849,-0.100853698,-0.159182803,0.13064301,0.072636014
CCGATTCGAGGGACCC-1,-0.138981774,-0.361802706,0.17120038,0.007474079,0.135821279
CCGATTGGTCAATGAA-1,-0.122089971,-0.204814643,0.095531262,0.002770743,0.066846801
CCGCACAAAGACCAAC-1,-0.000276783,-0.234088867,-0.008646348,0.014691266,0.173068087
CCGCACACGAACGTGT-1,-0.013550301,-0.16367804,0.018714028,0.001708651,0.145453338
CCGCACGTGACCTCGG-1,0.043501757,-0.217952191,-0.073751554,0.13203605,0.168258886
CCGCACTTGCAATGAC-1,0.05639029,-0.100960289,-0.083857803,0.082057146,0.186389974
CCGCATGTGGTACGAT-1,-0.219620131,-0.208775055,0.205362731,0.021313346,0.066080729
CCGCCACCACAATCCA-1,-0.249048718,-0.421989257,0.32861649,-0.081952636,0.104094551
CCGCCGGAACTTCTCG-1,0.002704791,-0.117111759,-0.049619553,0.083783948,0.15570843
CCGCCGGTCAACACAC-1,0.134472266,-0.070881673,-0.181031231,0.114285913,0.144058905
CCGCCGTTGAGGATAA-1,-0.01184055,-0.170184504,0.015289462,-0.029263216,0.154422423
CCGCCTGCGAATTGGT-1,-0.235391964,-0.322784349,0.264191979,-0.075743649,0.037705183
CCGCCTTGCGATGTCG-1,-0.0105873,-0.141090857,-0.029272824,0.080639509,0.169468822
CCGCGATTTGGTAGGT-1,-0.338150724,-0.409977053,0.410811305,-0.097919984,0.010592369
CCGCGCAAGATACCCA-1,-0.117060373,-0.132705712,0.060558784,0.040457973,0.120498744
CCGCGGAATGCGTCAC-1,-0.097010838,-0.235486942,0.091848768,0.03492003,0.128666378
CCGCGGGTACGAAGAA-1,0.078454942,-0.176012298,-0.137217602,0.184671423,0.171669809
CCGCGTAGGTAAGGGC-1,0.00278976,-0.28194571,-0.023927311,0.135497072,0.187636435
CCGCTATCAGCACCAG-1,-0.292882466,-0.353085805,0.346708163,-0.077471232,0.045301235
CCGCTCCAGGGCGATC-1,-0.067415294,-0.155037376,0.026111145,0.0297706,0.099875023
CCGCTCTTCCGAACTA-1,-0.139400303,-0.212994036,0.135811346,0.011954019,0.124001803
CCGCTGGTGCCATTCA-1,0.11378429,-0.190641289,-0.132640301,0.153785802,0.016955965
CCGCTTACCTCACTCT-1,-0.071169586,-0.256270011,0.090229341,0.016371372,0.180103821
CCGCTTCGCGGTTAAC-1,0.084906427,-0.174590801,-0.117958093,0.078923848,0.215971618
CCGCTTGCTGACATGG-1,0.067010923,-0.246158748,-0.109892655,0.141620555,0.128674612
CCGGAAGTGCAATATG-1,-0.03690677,-0.13861421,0.006596346,0.024581074,0.111550762
CCGGAAGTTATCAGTC-1,0.002686346,-0.191895071,-0.024101488,0.043503553,0.103550492
CCGGAATGGTTTCAGT-1,0.036756755,-0.244897901,-0.077198083,0.124031081,0.186438258
CCGGAGCGTACTTTCT-1,-0.197697656,-0.201366579,0.172542163,-0.020662182,0.068986051
CCGGAGGTCTTATGGT-1,-0.389129396,-0.216553811,0.24050176,0.015959053,-0.229145977
CCGGCACGACCGTTTC-1,-0.368645885,-0.357947621,0.404288898,-0.13021451,0.012918992
CCGGCCGCGAGCATAT-1,-0.108610781,-0.106267245,0.039505553,0.057555525,0.098994945
CCGGCGCATATTGGAT-1,0.141041891,-0.141771325,-0.208852929,0.149751683,0.192186706
CCGGCGTGAGACTCTG-1,0.008230807,-0.192612385,-0.05970603,0.15773218,0.188542766
CCGGGACCCGCAGAGA-1,0.033098149,-0.169966183,-0.066617127,0.101123609,0.147263777
CCGGGCGGTCTCGTCA-1,0.037489521,-0.227921022,-0.040716303,-0.035899589,0.181238246
CCGGGCTAAGAATTTC-1,-0.121303263,-0.159824119,0.086084433,0.043771351,0.114790761
CCGGGCTGCTCCATAC-1,-0.263658693,-0.317499178,0.314767963,-0.098144276,0.053811924
CCGGGTTCGAGGTTAC-1,-0.361618408,-0.370671181,0.413792095,-0.127385774,-0.010552392
CCGGTAATGGCTAGTC-1,-0.011929893,-0.180005887,0.022336007,-0.125777873,0.164198094
CCGGTATCTGGCGACT-1,-0.167045308,-0.148214914,0.100405441,0.044302151,0.066294988
CCGGTGCGAGTGATAG-1,0.11111715,-0.163919782,-0.152413645,0.146932271,0.104857708
CCGGTTTGTAATTGTG-1,0.069773014,-0.082443948,-0.108231014,0.091081523,0.221517761
CCGTAAGTTGGTCCCA-1,0.025962379,-0.237319598,-0.028538371,0.001407617,0.196830246
CCGTACCCAAGCGCCA-1,0.048219308,-0.182961565,-0.071964731,0.094015661,0.20863314
CCGTAGGAAATCCCTG-1,-0.239760501,-0.32724596,0.281713359,-0.060193229,0.096411236
CCGTAGGGTTGTTTAC-1,-0.386235154,-0.407859869,0.457802965,-0.181004582,0.03280967
CCGTATCTCGTCGTAG-1,0.017247287,-0.137507157,-0.068206135,0.132956857,0.186052022
CCGTATTAGCGCAGTT-1,0.038354046,-0.216265891,-0.047789815,0.098843012,0.100898873
CCGTCAACCTCTGGCG-1,-0.162712884,-0.120440495,0.0602022,0.043210056,0.026639875
CCGTGAGGCATTCATG-1,-0.043346057,-0.19414786,0.059620941,-0.032733197,0.163537769
CCGTGCCCATGACGGC-1,-0.054048777,-0.282249202,0.051227271,0.050478462,0.165232824
CCGTGGAACGATCCAA-1,0.04821633,-0.210935317,-0.071626872,0.120627157,0.138918247
CCGTGTTAAATTCCAT-1,0.013260133,-0.170551558,-0.041802073,0.10367151,0.212050108
CCGTTACGTTAGAACA-1,-0.034999431,-0.237396028,0.019979529,0.047842273,0.120607718
CCGTTCCGAATCTCGG-1,-0.251421198,-0.347580382,0.33789766,-0.130985146,0.049982098
CCGTTTCCTTTCCGTG-1,-0.04027875,-0.146743122,0.031639097,0.031437606,0.18159122
CCTAAACAGGGTCCGT-1,-0.208146631,-0.317240058,0.188844546,-0.032431438,0.053413091
CCTAAAGGCTGACGCT-1,-0.038534475,-0.318725051,0.045495934,-0.084078867,0.096714375
CCTAAATTAACGGTTC-1,-0.191842449,-0.394985561,0.258774084,-0.097785433,0.117900138
CCTAAATTGTATCCTA-1,0.027803031,-0.172993298,-0.026911455,0.048777789,0.105773956
CCTAACCCAAACAAGT-1,0.083612181,-0.181574543,-0.092009651,0.146726934,0.064091051
CCTAACTAAGGCTCTA-1,0.028867522,-0.227781529,-0.048123941,0.122992373,0.133883708
CCTAAGTGTCTAACCG-1,0.092726062,-0.119820038,-0.11709653,0.113349824,0.064021763
CCTACAAGTCCGGAAT-1,-0.183061324,-0.387283758,0.272540179,-0.081337573,0.117129816
CCTACAGTTGAGGGAG-1,-0.105389632,-0.13245182,0.054890257,0.042970314,0.114131631
CCTACATTCACAGACG-1,-0.06638907,-0.172151446,0.024442567,0.085962739,0.167954944
CCTACGCGACCTTACA-1,-0.058771626,-0.261822635,0.072465517,0.015071255,0.117579429
CCTACGGCTCAGTCGA-1,0.119408267,-0.182962467,-0.175588942,0.170554356,0.211753202
CCTACTCAACACGATT-1,-0.019903691,-0.291807159,0.019526015,0.054400802,0.106780165
CCTACTGCGGCGGCCA-1,-0.001761734,-0.240427715,0.003262703,0.104697126,0.054244731
CCTACTGCTTACACTT-1,0.080299847,-0.137779261,-0.108441257,0.121769063,0.20317023
CCTAGGCGTAGCGATC-1,-0.121415064,-0.287554432,0.179679351,-0.098150478,0.155624666
CCTAGGTAAAGGTAGC-1,0.031763896,-0.130566153,-0.08506443,0.160782685,0.220690266
CCTAGTTAGTCGCATG-1,-0.141182543,-0.33307198,0.154882324,-0.057208368,0.076670072
CCTATAATGAGTGCCC-1,-0.270924617,-0.388137411,0.369290187,-0.117842748,0.090249506
CCTATACCGTCCTGTC-1,-0.076713088,-0.117349354,0.026092564,0.067476196,0.164473143
CCTATATCGTGTCACG-1,-0.010958691,-0.143056132,-0.006624861,0.041056379,0.193674499
CCTATATTTGTCCTGG-1,-0.040398682,-0.101576273,-0.057451664,0.113777674,0.145134796
CCTATCTATATCGGAA-1,-0.28103659,-0.413920226,0.255857201,-0.008094944,-0.060473078
CCTATGAAGTGGTGCC-1,-0.261135181,-0.35406419,0.324065195,-0.112619477,0.08244914
CCTATGGCTCCTAGTG-1,-0.005541155,-0.104499162,-0.055269794,0.103870514,0.188485267
CCTATGGGTTACCGTC-1,-0.069750313,-0.195560226,0.047712275,-0.040752025,0.07888554
CCTATGGTCAAAGCTG-1,-0.066141438,-0.156708309,0.020322733,0.11170903,0.192367174
CCTATGTCCACTCCAC-1,-0.043229436,-0.189731255,0.019131411,0.078074983,0.163812714
CCTATTATTCCGGCCG-1,0.015797615,-0.075472071,-0.063243087,0.061920553,0.177496552
CCTCAACGATCGCTGT-1,0.028582277,-0.153188316,-0.100429702,0.188569563,0.224749729
CCTCACCAATCTTGAC-1,0.115258884,-0.09042945,-0.152611505,0.104874348,0.158766175
CCTCACCTGAGGGAGC-1,0.007410251,-0.235016923,0.004443725,-0.038514912,0.162846402
CCTCACCTTAGCATCG-1,0.031058158,-0.189449142,-0.062478025,0.074569928,0.142851755
CCTCACGTCAGCTAAT-1,0.097660525,-0.169938903,-0.108680767,0.13697046,0.068108803
CCTCATGCAGCTACGA-1,-0.105779888,-0.287296058,0.13001815,-0.042636759,0.137987534
CCTCCCGACAATCCCT-1,-0.180565356,-0.31977854,0.227018389,-0.012183637,0.141168006
CCTCCGACAATTCAAG-1,0.104213022,-0.184646968,-0.134013805,0.067975023,0.109807162
CCTCCTAGCTAGAGTC-1,-0.321975376,-0.08812363,0.204328617,0.002638806,0.023029721
CCTCCTGAGCCCACAT-1,-0.080678074,-0.330818765,0.110009567,-0.068755228,0.055142774
CCTCCTGTTGTGTCGT-1,-0.079658409,-0.211456197,0.087720849,0.029325113,0.156479383
CCTCGAAGTGGACGGG-1,-0.199200796,-0.205109439,0.19930603,-0.073624265,0.077109287
CCTCGACCCACTGCCT-1,0.054000847,-0.121748167,-0.095096005,0.013194998,0.120801685
CCTCGCCAGCAAATTA-1,-0.056870507,-0.295733275,0.031821891,0.060415855,0.100781471
CCTCGCGCGATATAGG-1,0.05316325,-0.22131657,-0.076741042,0.115635107,0.128471623
CCTCGCGCTGTGCGAT-1,-0.284008219,-0.202987662,0.208050213,-0.052702515,-0.023733947
CCTCGGACCGGGATAG-1,0.055492213,-0.216178143,-0.041701888,0.093424827,0.119517514
CCTCGGATGCTACCTG-1,0.111464818,-0.141149418,-0.131051585,0.14183203,0.028568325
CCTCGGTTTCCTTGCC-1,0.056965995,-0.151346605,-0.088194002,0.092209459,0.220110932
CCTCGTTACGCCTGTT-1,-0.143823911,-0.341169432,0.192418267,-0.107579945,0.093104326
CCTCTAATCTGCCAAG-1,0.003275719,-0.275810698,-0.035345712,0.029370656,0.148292654
CCTCTACAAGGATTGG-1,-0.052493311,-0.109879245,-0.011699352,0.06754357,0.130721671
CCTCTATCGATTAGCA-1,-0.005424133,-0.131117773,-0.027856538,0.092068065,0.179909183
CCTCTCTCCCATCTAG-1,0.050489699,-0.163875704,-0.087810303,0.071710321,0.142565933
CCTCTGGCCTAGACGG-1,-0.01766832,-0.256667442,0.00141341,0.045734228,0.114896404
CCTCTGTACTATTCTA-1,-0.336094759,-0.348623641,0.372970289,-0.152368547,0.020620496
CCTGAACGATATATTC-1,-0.189598628,-0.300377194,0.253558232,-0.052267958,0.112810379
CCTGAATATTTACATA-1,0.033355611,-0.303642872,-0.070241528,0.149693696,0.131252292
CCTGACAAACTCGCGC-1,-0.050426883,-0.184231996,-0.022618559,0.05243603,0.077278723
CCTGACCACCGATGGT-1,-0.25328596,-0.388224461,0.321524594,-0.053853022,0.106028468
CCTGACGCAACCTTTA-1,-0.246159541,-0.333554792,0.303006235,-0.119403353,0.093229304
CCTGAGAATAAATGCA-1,0.041250688,-0.087814986,-0.086588153,0.105592484,0.203579097
CCTGATTCGCGAAGAA-1,-0.118320927,-0.174297349,0.132794215,-0.001843238,0.189672731
CCTGCCCGTTGTCTAG-1,0.108764182,-0.13969726,-0.127378875,0.147946422,0.028491466
CCTGCGATAGAACTGT-1,0.109652761,-0.141060937,-0.137451979,0.085854243,0.071413119
CCTGCGTTCTACGCTT-1,0.042567329,-0.213916427,-0.072430169,0.140166603,0.141320808
CCTGCTACAACCATAC-1,-0.046382087,-0.14772149,0.010933771,0.026958469,0.181092797
CCTGCTATTTGAGAAG-1,0.04062319,-0.187305299,-0.040288854,0.07380564,0.204958547
CCTGGAAACGTTCTGC-1,0.076689614,-0.143422828,-0.085453748,0.048326359,0.199813537
CCTGGCTAGACCCGCC-1,0.11243309,-0.179724487,-0.171635056,0.149353526,0.210473614
CCTGGTCGAATGTGGG-1,-0.069821718,-0.107631567,-0.018019828,0.077776336,0.088735539
CCTGTAAGACATGATA-1,-0.236976468,-0.345100241,0.307578902,-0.093040402,0.041974963
CCTGTACTCACGCCCA-1,-0.314456465,-0.409790493,0.417193236,-0.113404385,0.084020644
CCTGTCACCCGGGCTC-1,0.067228233,-0.231255459,-0.11247969,0.063088488,0.166833087
CCTGTCCCTCACGTTA-1,-0.038479322,-0.17459335,0.05614674,-0.041191788,0.144402915
CCTGTCGCCCGTAAAT-1,-0.379540963,-0.382605486,0.457289404,-0.133642613,0.042357166
CCTGTCGTGTATGAAG-1,-0.02209437,-0.080038889,-0.015397942,0.074299435,0.183462522
CCTGTGAAACCGTAAC-1,0.102989148,-0.136500769,-0.132895814,0.149324684,0.016832073
CCTGTGCATAGGAGAC-1,-0.099656319,-0.320078801,0.128371786,-0.030987369,0.109706168
CCTGTGCGGATTGTAA-1,-0.059093553,-0.297139012,0.059801348,0.020609102,0.081208423
CCTGTTCAACCTCGGG-1,-0.015017376,-0.100971974,-0.033788465,0.042644047,0.172905195
CCTGTTTGAAGACACG-1,-0.133599768,-0.317174589,0.199950073,-0.019256257,0.171353071
CCTTAAGTACGCAATT-1,-0.02540893,-0.082059519,-0.016621841,0.056063763,0.144389786
CCTTCAGTTAAAGTGA-1,-0.006589663,-0.124691322,-0.042517839,0.092118042,0.177964878
CCTTCCGCAACGCTGC-1,-0.112222241,-0.14440502,0.029425009,0.123840832,0.139729545
CCTTCGTATAGAATCC-1,-0.145473674,-0.188433109,0.123040884,0.030797248,0.134262693
CCTTCTCAGCGTTCCT-1,-0.011098634,-0.197245648,0.008199702,0.043257463,0.211347879
CCTTCTTGATCCAGTG-1,-0.035613308,-0.264592767,-0.00142787,0.074116281,0.096827366
CCTTGACCACTTTATT-1,-0.375273716,-0.413633574,0.412661844,-0.103522823,-0.038308385
CCTTGTGAACGTGGTT-1,-0.06436253,-0.112951275,0.022158906,0.065460536,0.189409631
CCTTTAAGGGAGCACT-1,-0.009046414,-0.106365956,-0.064012044,0.089706365,0.183377183
CCTTTCAATGAAGAAA-1,0.015858814,-0.255383861,-0.072750896,0.076865461,0.079943416
CCTTTGAATTATGGCT-1,0.008078186,-0.090656937,-0.052582858,0.080945882,0.160610405
CGAAACATAGATGGCA-1,0.032055662,-0.283619637,-0.031403466,0.096160132,0.106298092
CGAAACGCAATTCATG-1,0.01334012,-0.192134483,-0.011236541,0.065127848,0.205763483
CGAACAGTATGGGCGT-1,0.002135612,-0.167168048,-0.008866771,0.050550397,0.202596465
CGAACATAGTCAGAAA-1,0.076924239,-0.171340065,-0.086983378,0.083457913,0.052600641
CGAACCCGCATGCGTC-1,-0.064904767,-0.176013841,0.035174928,0.043876301,0.132465996
CGAACCTCTTTCCTAG-1,-0.042141723,-0.173786068,0.057502921,0.063547127,0.221492649
CGAACGCCCAGTGCCG-1,-0.218050677,-0.32406176,0.242097779,-0.040813416,0.041376169
CGAACGGCCGGACAAC-1,0.027870183,-0.155647929,-0.069135091,0.102742541,0.172884132
CGAAGACGGTGAGTGC-1,0.108011701,-0.145407183,-0.129846354,0.149760266,0.009565412
CGAAGACTGCCCGGGA-1,0.061521392,-0.084430654,-0.099067049,0.082407331,0.130832785
CGAAGATCAGTTTCAT-1,-0.039957696,-0.166258914,0.005106061,0.076855499,0.190175356
CGAAGCTATAAATTCA-1,0.050909905,-0.148681719,-0.041043654,0.05636644,0.115844773
CGAAGGGTTTCAGATT-1,-0.102516014,-0.070291086,0.02717197,0.065638851,0.137791918
CGAAGTTGCTCTGTGT-1,0.120809248,-0.14128437,-0.16034096,0.107104111,0.117423791
CGAATCTGCTCGACGC-1,-0.141519443,-0.10895716,0.059875469,0.035923756,0.084802407
CGAATGAAGTCATTGC-1,-0.25295375,-0.092245879,0.140081485,0.011366237,-0.000470122
CGAATGACGCATAATG-1,-0.312502411,-0.144221648,0.197198778,0.011432544,-0.031959654
CGAATGGTAGGTCGTC-1,0.069981723,-0.088772561,-0.124021947,0.094591188,0.135299042
CGAATTACATGGTGTT-1,-0.103588446,-0.251365863,0.11077194,0.0045278,0.132149711
CGAATTCCCGGTTCAA-1,-0.301275536,-0.419339461,0.433857489,-0.118495731,0.119945381
CGACAATTTGATCTAA-1,0.041675131,-0.115280828,-0.045485742,0.037248699,0.182596979
CGACACCGCTTAAGGA-1,0.081430812,-0.1684733,-0.118984073,0.140609162,0.063485605
CGACACGCTCCGACAG-1,0.001169384,-0.166253238,0.00165465,-0.048308454,0.147200258
CGACACGGATGCCCAC-1,0.069674726,-0.197070099,-0.117774463,0.139305007,0.146453295
CGACAGTTCGCGTTAT-1,-0.236527838,-0.32269611,0.186150655,-0.058379938,-0.030268333
CGACATGCGATCTTCT-1,-0.218869823,-0.335914702,0.238290378,-0.023119139,0.097165382
CGACCCTTAACGCCGG-1,0.005521165,-0.208238749,-0.034497123,0.122939808,0.199877422
CGACCGTTGGTATTCG-1,-0.123658929,-0.11390143,0.028254564,0.073665827,0.103358804
CGACCTACTAGACAAT-1,0.058433183,-0.203960522,-0.12784055,0.189997326,0.214064209
CGACGCATCCGTACCT-1,0.051749431,-0.163315414,-0.107383791,0.151221145,0.214200732
CGACTCAGGATGTTAT-1,0.017758082,-0.238146138,-0.051061594,0.106709449,0.115776208
CGACTCGGTACACGGT-1,0.11990255,-0.152676572,-0.141523688,0.145645259,0.051059872
CGACTTTGTATAGCCT-1,-0.086027909,-0.302754831,0.146180869,-0.033379915,0.179306865
CGAGACCCTAGAGTGT-1,-0.134187752,-0.281528268,0.104730203,-0.000902703,0.102604441
CGAGACTACTGCTGCT-1,0.017809366,-0.100984955,-0.065645445,0.076951645,0.154026062
CGAGAGATGTGAACCT-1,-0.049333953,-0.277195427,0.050175653,-0.038037128,0.141897756
CGAGAGCGCGTAGATA-1,-0.013373086,-0.243070739,-0.022661896,0.153399256,0.20532173
CGAGAGCTTTCACTAC-1,0.026746516,-0.072999371,-0.074793657,0.081575851,0.185338908
CGAGAGGGTAGCCGCG-1,-0.278744582,-0.443329768,0.370232019,-0.098978288,0.075973137
CGAGATGTTGCCTATA-1,0.097976058,-0.089079997,-0.127369392,0.109708962,0.116050683
CGAGATTTCGCTCGGG-1,0.075363336,-0.110094207,-0.070488184,0.049777876,0.197559726
CGAGCACTTCAAGTTT-1,-0.023408934,-0.305113009,0.014034876,-0.01629069,0.215707233
CGAGCCGAGCACTCGA-1,0.05104802,-0.143248275,-0.055755819,-0.041380605,0.109892517
CGAGCGTTGATCAGCC-1,0.092883626,-0.186686134,-0.126412239,0.106386738,0.179588415
CGAGCTGGGCTTTAGG-1,-0.132526482,-0.35055897,0.162502448,-0.026992125,0.159393277
CGAGGAGCTTCCATAT-1,0.042827939,-0.188991089,-0.047025992,0.099192116,0.057991123
CGAGGATCGGGAACGA-1,-0.309123284,-0.314285406,0.208987196,0.010160651,-0.125878295
CGAGGCCAGGCATTGG-1,-0.03259508,-0.196916963,-0.045773806,0.111156476,0.129429946
CGAGGCTAAATATGGC-1,-0.004623214,-0.267981257,0.003139219,0.031563941,0.175167992
CGAGGGACTGCGGTCG-1,-0.024686004,-0.209467319,0.02420045,0.030124992,0.142802333
CGAGGGTATCCAGGTG-1,-0.237369326,-0.133040371,0.14405785,0.031090606,0.004450828
CGAGTACTAAAGAGGA-1,0.023589534,-0.212375741,-0.035656162,0.090729459,0.223863418
CGAGTGAAGGTACCAG-1,-0.055499295,-0.159485517,0.04155375,0.046767865,0.170087693
CGAGTGCTATAGTTCG-1,-0.053078128,-0.254273254,0.042344858,0.032461713,0.176110979
CGAGTTCTGTCCCACC-1,0.042870421,-0.214960939,-0.078969789,0.083538535,0.128502808
CGAGTTTATCGGACTG-1,0.061309466,-0.069066307,-0.057199977,0.037793536,0.173029731
CGATAACCAATTTGAG-1,0.001285709,-0.285900203,-0.028222403,0.138326218,0.122730473
CGATAATACTCAGGTT-1,0.082537531,-0.105870328,-0.082607284,0.050017721,0.219820612
CGATACCTCGCGGACA-1,-0.137795568,-0.325528574,0.140400468,-0.012431641,0.114728028
CGATAGCGATACAGTG-1,-0.045621678,-0.124818569,-0.005520589,0.060445278,0.183595674
CGATAGTCGTACTGCA-1,0.032804101,-0.091663059,-0.062687157,0.075776072,0.19943209
CGATATTAGCCGCAGG-1,0.113967907,-0.082734466,-0.142226494,0.098548603,0.097906602
CGATCATTAGAGGCAC-1,0.119716594,-0.146041274,-0.145498136,0.157027033,0.041669135
CGATCCACCATTGTTG-1,-0.095969509,-0.165399883,0.065222932,0.017891576,0.160495186
CGATCCGACCCAGTGC-1,-0.290687813,-0.419147513,0.422534609,-0.165202315,0.0775848
CGATCCTCGCAACATA-1,-0.174115241,-0.118627525,0.080562222,0.055088229,0.076682144
CGATCGAGAAGCACCA-1,-0.003040118,-0.128036797,-0.019257144,0.063596985,0.217175988
CGATCTGTTGGAGGAC-1,-0.123450497,-0.237451522,0.155325224,0.011844621,0.150469942
CGATGGACCCTACGCC-1,0.059240273,-0.24445412,-0.093962065,0.124521825,0.151531117
CGATGTTGTTATCTAC-1,-0.073418074,-0.093791288,0.014305724,0.045983302,0.128735778
CGATTAAATATCTCCT-1,-0.301091397,-0.225977756,0.269310911,-0.037573391,0.005555844
CGATTCGCCTGGCTGC-1,-0.093526979,-0.176429553,0.067253124,0.053740911,0.131082375
CGATTTGTCATTAATG-1,-0.266013195,-0.099206647,0.157035115,0.072548019,0.107717717
CGCAAACACGAGTTAC-1,0.022497499,-0.196102891,-0.051951303,0.104677973,0.197539527
CGCAATCGATCATTAG-1,-0.012262508,-0.212098465,-0.010169678,0.056142309,0.130338176
CGCAATTACTTTCGGT-1,0.098940362,-0.174041014,-0.132071,0.111819043,0.163544994
CGCAATTAGGGTAATA-1,0.124825157,-0.157483444,-0.197168681,0.159945185,0.216511021
CGCAATTCTACAATAA-1,0.057162033,-0.176266777,-0.095168827,0.095412045,0.207544981
CGCACATGTCCACTAC-1,0.007257101,-0.146337482,0.008203752,0.023327881,0.193760717
CGCACGTCTGTTTATG-1,0.000338073,-0.077957645,-0.044274484,0.077458954,0.201610436
CGCACGTGCGCTATCA-1,0.091537913,-0.097785386,-0.084064737,0.066996656,0.237332115
CGCAGAAACATTTGCG-1,0.017978226,-0.216894202,-0.045745436,0.037480752,0.137393766
CGCAGATCTTCACCCG-1,0.088812165,-0.066609897,-0.107577475,0.09485562,0.100651024
CGCAGGCGATCCAAAC-1,0.000444742,-0.202290408,-0.002046297,0.049350844,0.178893518
CGCAGTTCTATCTTTC-1,-0.109085588,-0.152477726,0.042269952,0.065300751,0.122175489
CGCATCATGGCTTCAG-1,-0.033107244,-0.228991194,0.064804402,0.049428901,0.148831477
CGCATCCATCAGCCAG-1,0.004836992,-0.286973494,-0.027823135,0.111404664,0.107442617
CGCATGCCGAATGCGT-1,0.011568475,-0.12892483,-0.033534294,0.062245589,0.195456894
CGCATGGTGCGATGCT-1,0.000563435,-0.164907655,0.012861073,-0.123005334,0.154409331
CGCATTAGCTAATAGG-1,0.04296884,-0.222855561,-0.084036435,0.144685193,0.203173698
CGCCAAGAAGCCGAGT-1,-0.282789413,-0.422646797,0.35530537,-0.078823862,0.089316203
CGCCAATTATTGCGTT-1,0.131202543,-0.100746943,-0.170147377,0.140049954,0.084337477
CGCCACAGGTCGCGAT-1,-0.033512947,-0.190379686,-0.029391369,0.120961555,0.155690531
CGCCACCCGCATTAAC-1,-0.185750297,-0.390506021,0.278106253,-0.084694147,0.125418447
CGCCATCCGATTATGA-1,-0.044315279,-0.260071879,0.02909281,-0.056504859,0.112110123
CGCCCAGCACGCCTAG-1,-0.119145674,-0.105906972,0.034560618,0.081037408,0.131501271
CGCCCAGCGTTTCACG-1,-0.046355247,-0.075099964,-0.029290156,0.098141699,0.140344862
CGCCCGCTTCCGTACA-1,-0.294175476,-0.378825484,0.3044529,-0.060557084,-0.019968984
CGCCCTAATTGTTCAA-1,-0.10763178,-0.093918637,0.041788737,0.035918679,0.146142543
CGCCCTTACATCCACC-1,-0.000782879,-0.265795244,-0.029334509,0.040927785,0.122976477
CGCCCTTGAAGGCTGA-1,0.085185933,-0.192510788,-0.155515417,0.189593804,0.167586204
CGCCGACTATTCGCTA-1,0.092991009,-0.148347321,-0.112071015,0.143413652,-0.019219244
CGCCGCCCATGCCTGT-1,0.080684916,-0.173281409,-0.080442888,0.076620013,0.127595871
CGCCGCGTTCTGAACG-1,-0.064021937,-0.151480366,0.039640249,0.032782918,0.151676983
CGCCGGTGTCGCAGTA-1,0.09248142,-0.177747803,-0.088238758,0.10915547,0.204158494
CGCCGTCTACCCATCG-1,-0.020723476,-0.187272036,0.026784526,-0.028160918,0.162107632
CGCCGTTCAGCATAGT-1,-0.443517469,-0.482266033,0.556085255,-0.223927687,0.006667823
CGCCTCCCTCCTCTAT-1,-0.29938417,-0.33087541,0.294956193,-0.011558223,0.036013746
CGCCTGGCCTACGTAA-1,0.036365721,-0.176891016,-0.051297677,0.077512477,0.191402435
CGCCTTTAGCATGCTC-1,0.09798147,-0.116284166,-0.102633692,0.057743506,0.214391452
CGCGAAGTGGCATACT-1,0.019970163,-0.108147025,-0.043783824,0.075691757,0.193898105
CGCGACACTGCGCAGC-1,0.123645988,-0.196366605,-0.179884041,0.197945583,0.17878948
CGCGACCGCGACAGAT-1,-0.069125684,-0.200248632,0.081474171,0.02018531,0.165408823
CGCGAGAGGGACTTGT-1,0.070347786,-0.177622581,-0.069093938,0.070163626,0.072912215
CGCGAGTCTGCCGGGT-1,0.039973009,-0.094535868,-0.077238614,0.064938381,0.141032461
CGCGCAAATGTCCAGA-1,-0.080879893,-0.144130011,0.015746879,0.072536558,0.149083181
CGCGCAAGGAACTACA-1,0.070007491,-0.184415008,-0.080431567,0.109142333,0.083739274
CGCGCATGTTTGATTG-1,-0.091341989,-0.218487694,0.071321478,0.036118892,0.141232881
CGCGCCCGACTTAATA-1,-0.065380397,-0.275008956,0.014988631,-0.037308711,0.030520439
CGCGGCAGTATTACGG-1,0.056698381,-0.147283501,-0.105122493,0.080181002,0.141598104
CGCGGCTCAACTTGAA-1,-0.031411387,-0.136955682,0.021082176,0.014138458,0.159902914
CGCGGGAATTAGGCAG-1,0.013612359,-0.280623728,-0.022781411,0.029973241,0.1619827
CGCGGGAATTCCTTTC-1,0.03896173,-0.110978943,-0.054845424,0.071587264,0.233128198
CGCGGTAAGTCTAGCT-1,-0.223684806,-0.401976942,0.27978817,-0.047130384,0.077325697
CGCGGTACGGTATACA-1,-0.015538297,-0.286958449,0.001953825,0.067158825,0.145254974
CGCGGTCACAAACCAA-1,0.050674477,-0.184202636,-0.034277319,0.049617552,0.122091396
CGCGTACATTCTGGAA-1,-0.143215261,-0.370408526,0.140136399,0.043666068,0.055519857
CGCGTCATATTAAACC-1,-0.112389319,-0.314553489,0.127465273,-0.075298967,0.092840338
CGCGTGCTATCAACGA-1,0.098370078,-0.135639224,-0.128052856,0.132888441,0.023356507
CGCGTGGGCCTGTGTT-1,-0.072238866,-0.113141734,-0.020679887,0.087075654,0.121727077
CGCGTTCATGAAATAC-1,0.112751753,-0.107481386,-0.148396912,0.113558981,0.167931558
CGCTACCGCCCTATGA-1,0.022605418,-0.190256305,-0.026726671,0.074158851,0.161479708
CGCTACGGGACATTTA-1,-0.317678878,-0.485503665,0.479461357,-0.205606994,0.116323791
CGCTAGAGACCGCTGC-1,0.022640036,-0.136545472,-0.00226706,0.02788266,0.194892109
CGCTATACCGCCCACT-1,0.056093564,-0.211174005,-0.081137758,0.097341986,0.178220649
CGCTATTCAATGTATG-1,0.15400797,-0.099938379,-0.209120218,0.119856837,0.150956932
CGCTATTCTTAGGCTC-1,0.048571073,-0.178651616,-0.027079146,0.066146918,0.093967674
CGCTCGACATAATGAT-1,0.140953666,-0.082901963,-0.194413516,0.125254494,0.166515018
CGCTCTCCGTAGATTA-1,0.105529971,-0.072833102,-0.141059098,0.10104789,0.133970616
CGCTGAGGACGTCCAA-1,0.106017504,-0.094218921,-0.138783291,0.104648614,0.12722998
CGCTGGTGACTACCCT-1,0.060826901,-0.174256402,-0.064281833,0.054035406,0.125690669
CGCTGTGACGCCGCAC-1,0.134051734,-0.082852043,-0.181166893,0.127204587,0.190612764
CGCTGTGTGGATGTTG-1,-0.091483502,-0.08759519,0.01266234,0.063012755,0.140674466
CGCTTAGTATTGATAC-1,-0.151607226,-0.16725182,0.073331814,0.047260726,0.051048739
CGCTTATTCCCGGTCG-1,-0.029336566,-0.24840684,0.006857855,0.099622273,0.213064607
CGCTTCCACTGAAATC-1,0.122388112,-0.132286806,-0.170580004,0.126588703,0.189636598
CGCTTCGGTCTAAGAC-1,0.053558585,-0.112701204,-0.078569182,0.089462526,0.208338469
CGCTTGGACGGATAGA-1,-0.173623241,-0.332022497,0.204728044,-0.053746227,0.122071851
CGCTTTCATACCGGTG-1,0.131406778,-0.179200878,-0.17286826,0.1146558,0.2115104
CGCTTTCCGCCAAGGT-1,0.062817624,-0.113842484,-0.091548888,0.076206915,0.212797001
CGCTTTCTTGCATTCG-1,0.045477453,-0.240435964,-0.044136136,0.065328622,0.199202639
CGGAAAGAATCAAACG-1,-0.009906515,-0.119460018,-0.03499036,0.07447727,0.202551047
CGGAAAGCAAATGTGC-1,0.057995026,-0.179103472,-0.071590924,0.07428805,0.201703706
CGGAAATTTCACATCC-1,-0.237434947,-0.311424176,0.254419451,-0.012803215,0.079800704
CGGAACGTAAACATAG-1,-0.108396349,-0.256278034,0.120279642,-0.024684747,0.134823946
CGGACCTCTGTAGTTA-1,-0.008094588,-0.107174504,-0.031805375,0.067161786,0.169441841
CGGACCTTTACGTCCC-1,-0.125548345,-0.129919712,0.048405812,0.068901921,0.090191133
CGGACGTTACTTGAAG-1,-0.103769922,-0.219127655,0.079243969,0.053104019,0.119722886
CGGAGCAATTTAATCG-1,-0.281819238,-0.284259978,0.278934186,-0.05525785,0.050902954
CGGAGCATGGCGATCC-1,0.137706548,-0.155225834,-0.173565199,0.044829869,0.136320017
CGGAGCTTATAACACC-1,0.087666255,-0.215673892,-0.099173998,0.1377798,0.02384376
CGGAGTCCTAACCTGG-1,-0.114012432,-0.275482027,0.072257595,0.059683968,0.06376904
CGGAGTTTGAGAGACA-1,0.128866716,-0.196173444,-0.186590163,0.190670674,0.130506554
CGGATAAGCGGACATG-1,0.112434371,-0.19307604,-0.163026822,0.148122228,0.185441858
CGGATCCTCAAGGACT-1,-0.010084023,-0.171862108,0.015899933,0.04630516,0.19208624
CGGATGAATGCTGTGA-1,0.016669156,-0.134874236,-0.040424144,0.07621758,0.188852959
CGGATTCTGCCTTATG-1,-0.031825667,-0.084089451,-0.027811104,0.079728516,0.177063004
CGGCAAACATCGTGCG-1,-0.319374903,-0.409243358,0.435573717,-0.188662855,0.066163249
CGGCAATAAGATCGCC-1,-0.28816083,-0.399250783,0.339842356,-0.127367735,0.013096452
CGGCACCGTTAGCGCC-1,0.123725802,-0.13514569,-0.14830441,0.062156355,0.086006206
CGGCACTCAAGAAAGT-1,0.038033863,-0.220588791,-0.051681187,0.087192772,0.159092877
CGGCAGGGTCGGGTTG-1,-0.004840335,-0.216398804,0.033356207,-0.00293268,0.172893733
CGGCCACGCACAAAGT-1,-0.113685065,-0.316824952,0.136450677,-0.119036862,0.149273022
CGGCCAGAGCGACCAT-1,-0.059773609,-0.182097727,-0.010177713,0.117601117,0.194114072
CGGCCCAACCTGTAGT-1,0.030806373,-0.272480035,-0.032126691,0.063521547,0.146101333
CGGCCCAGGTATATCC-1,0.032423536,-0.103760704,-0.006176032,0.028040147,0.210050429
CGGCGCCATCAATCCC-1,-0.05621538,-0.207962929,0.062299869,0.034298687,0.188112654
CGGCTCTAAAGCTGCA-1,0.12115224,-0.132338153,-0.147244791,0.093720416,0.181584397
CGGCTCTTCGTCGAAC-1,0.089626382,-0.193976562,-0.100915112,0.124367294,0.123932168
CGGCTGCAAGATTAAG-1,-0.135415731,-0.370165444,0.199200327,-0.070777444,0.156693441
CGGCTTTGTATGATAA-1,-0.016041913,-0.264681239,0.005527906,0.051363407,0.164692056
CGGGAACGCCCTGCAT-1,0.029810217,-0.082398228,-0.059529152,0.095401764,0.229282643
CGGGAAGTACCGTGGC-1,-0.169791508,-0.126828666,0.085667611,0.081805157,0.108525143
CGGGAATATAGTATAC-1,0.048803128,-0.156425186,-0.02993937,0.068013038,0.189587023
CGGGAATTTATGTAAA-1,-0.271953522,-0.334571763,0.289311011,-0.026980971,0.073704347
CGGGAGCTTCAGTGTA-1,0.055988546,-0.187843134,-0.056848628,0.097705844,0.167551241
CGGGAGTATACCGCCG-1,0.021193545,-0.189534733,-0.049755536,0.109839257,0.183993868
CGGGATCAATGTAAGA-1,0.067556776,-0.1905209,-0.118545048,0.123987468,0.209384966
CGGGCAGCTAAACCGC-1,0.049771927,-0.225907204,-0.081355114,0.016446028,0.173203823
CGGGCCATAGCCGCAC-1,0.077651268,-0.166456615,-0.071982183,0.059315447,0.187474159
CGGGCCTTCTTTGTAA-1,-0.287167051,-0.4248517,0.372824058,-0.216133763,0.046849556
CGGGCGATGGATCACG-1,-0.105323586,-0.158187787,0.06523942,0.025871163,0.106142746
CGGGCTACTTAAATTG-1,-0.184369336,-0.329365174,0.202015011,0.001272592,0.033723096
CGGGTGTACCCATTTA-1,0.039248535,-0.183751756,-0.047322569,0.060240174,0.184138451
CGGGTTCGGCACGTAT-1,-0.214951596,-0.373356373,0.292039208,-0.054913219,0.080071422
CGGGTTGTAGCTTTGG-1,0.098027078,-0.091202476,-0.125077683,0.117562814,0.065253363
CGGGTTTGTTAGGGCT-1,-0.286890401,-0.48211955,0.427695164,-0.164461311,0.100187581
CGGTAACAAGATACAT-1,0.031780812,-0.196864523,-0.06151049,0.14215279,0.04160753
CGGTACGGCAAACCCA-1,-0.008614598,-0.119579264,-0.040952779,0.099100625,0.186357094
CGGTACTAGAATCAAA-1,0.068502885,-0.187454533,-0.070211719,0.117441499,0.08586726
CGGTAGAGGTGCAGGT-1,-0.016614269,-0.282442141,0.017295446,0.034688964,0.132085286
CGGTATAGGTATTAGC-1,-0.128262018,-0.243878084,0.091270304,-0.001935514,-0.020749039
CGGTATGGGCACTCTG-1,0.014714782,-0.114535707,-0.047615406,0.0986899,0.233496006
CGGTCAAGTGGGAACC-1,-0.15592606,-0.325916198,0.172038874,-0.08921826,0.079311434
CGGTCAGTCCATATTT-1,0.107935962,-0.173200494,-0.142677525,0.163392093,0.030865366
CGGTCCATGAGACTCC-1,0.030161363,-0.16437648,-0.052635537,0.113544947,0.046027894
CGGTCCGTCGCAAGCC-1,-0.281164738,-0.101419155,0.129611385,0.083121924,0.00153624
CGGTCTATCAACCCGT-1,0.00264184,-0.172155932,-0.031854189,-0.015327864,0.157641223
CGGTGAAGACTAAAGT-1,-0.039503161,-0.272600239,0.055379822,0.075874949,0.172676767
CGGTGCAGATAGAACG-1,0.029569232,-0.195266907,-0.054793495,0.114804097,0.22203104
CGGTGCGCGTTGGTCC-1,-0.234137815,-0.237654313,0.2069134,0.012769077,0.111543577
CGGTGGGCTCCAGCCT-1,-0.124239432,-0.248448311,0.133335218,-0.070685865,0.04992324
CGGTGTACTTGATCCC-1,0.095290494,-0.186312532,-0.140685865,0.134296873,0.226512335
CGGTTATCCAACAGTG-1,0.042267852,-0.176401106,-0.049883445,0.056139401,0.177744779
CGGTTCAAGTAGGTGT-1,0.035170732,-0.251257976,-0.057320891,0.049642313,0.177606511
CGGTTCCGGCTTCTTG-1,-0.243934809,-0.347028027,0.249792658,-0.039114099,0.077459581
CGGTTGACCTGGCATA-1,-0.395214992,-0.406047747,0.425065824,-0.12275534,-0.026989803
CGGTTGAGTATCCTTC-1,0.038950222,-0.10254639,-0.091649188,0.086183444,0.200149986
CGGTTGGGCAGGGTCC-1,-0.019116772,-0.160198303,-0.00915688,0.076177243,0.209369846
CGGTTGGGTTCAAGTT-1,-0.102665514,-0.312800479,0.127758711,-0.027514977,0.055176049
CGGTTTACTGAACATT-1,-0.105122643,-0.096541935,0.036521484,0.055367421,0.16034081
CGGTTTATGAAGGAAC-1,-0.094913594,-0.248238909,0.103036684,-0.026629044,0.101326131
CGTAAACGCTTGAGTG-1,-0.000156758,-0.185411565,-0.055719842,0.087016884,0.158325045
CGTAAAGCAAGAAATC-1,0.078085565,-0.108945078,-0.095218544,0.074976502,0.225549892
CGTAAATAACAAAGGG-1,0.019396792,-0.121759154,-0.038505831,0.058017857,0.202296202
CGTAACTTCGACACTT-1,-0.038093537,-0.143224607,-0.017886319,0.122640952,0.197333587
CGTAATAATTACGAGT-1,-0.049077515,-0.205721263,0.041866951,-0.056955085,0.097697792
CGTAATATGGCCCTTG-1,0.080990514,-0.118635666,-0.100353344,0.098539364,0.215362652
CGTACCGAAAGTCTAG-1,0.037869287,-0.10290324,-0.031801483,-0.023575178,0.127661289
CGTACCTGATAGGCCT-1,0.035858294,-0.218157152,-0.09732261,0.127844588,0.149920356
CGTAGAGAGTAATTAT-1,0.051843886,-0.101975476,-0.08057394,0.078903982,0.210765865
CGTAGCGAATTGTCAG-1,-0.226858432,-0.440758737,0.32043271,-0.072915557,0.094942191
CGTAGCGCCGACGTTG-1,-0.172022233,-0.381320473,0.24331198,-0.037186781,0.103109702
CGTATCTAGAACTAAG-1,-0.120136511,-0.278430211,0.161234596,-0.012804158,0.190967937
CGTATTAAGAGATCTA-1,0.053939719,-0.205284426,-0.113683723,0.089563624,0.162641324
CGTATTGTTTCCTAAT-1,-0.000824211,-0.267256285,0.010473654,0.098464135,0.083144273
CGTCAAATGGTCGCAG-1,0.088803109,-0.159914949,-0.11207948,0.137584829,0.029017527
CGTCAAGGCTATAAAT-1,0.015063319,-0.215786722,-0.041132983,0.100220335,0.021421464
CGTCAATCTTTAACAT-1,0.038932308,-0.097117975,-0.04041622,0.003522646,0.106909996
CGTCACGTCCATTGGT-1,-0.019562463,-0.217911149,0.031968963,0.033445796,0.211014775
CGTCAGCTATTTACTC-1,0.043020178,-0.17084386,-0.067453971,0.090108619,0.184834355
CGTCAGTGCGCACAAG-1,-0.246103089,-0.349127118,0.266928209,-0.052631585,0.081456252
CGTCAGTTTATCGTCT-1,-0.132452816,-0.317075221,0.139346433,-0.035341843,0.12840242
CGTCATACCATATCCA-1,0.127245552,-0.177206694,-0.203291135,0.211122253,0.218129703
CGTCCAGATGGCTCCA-1,0.035896648,-0.156158689,-0.040221397,0.055192523,0.138011251
CGTCCTCATCGCGTGC-1,0.065586537,-0.097810702,-0.101473006,0.095835758,0.192506327
CGTCGCATGTGAGCCA-1,-0.126723675,-0.135672478,0.080026888,0.060201945,0.131335978
CGTCGCGGCGGGATTT-1,0.014389792,-0.150072484,-0.069992996,0.046989577,0.12823899
CGTCGCTTGGTTATAC-1,-0.063770311,-0.113379819,-0.006623193,0.075048156,0.145359375
CGTCGGATAGTGTTGA-1,-0.132139645,-0.248119899,0.153708761,-0.089670047,0.068668323
CGTCGGGTCTAAGCGC-1,-0.00750019,-0.136611509,-0.009549376,0.053249318,0.157659445
CGTCGTCCTTCGCGAA-1,-0.128511045,-0.257233244,0.16517446,-0.015062338,0.153595706
CGTCTGGAAGGGCCCG-1,0.124516414,-0.130614757,-0.162756576,0.088830843,0.208081652
CGTCTTGAGTGTGACG-1,-0.049853896,-0.221537037,0.092411268,-0.042676405,0.162578733
CGTGAAGTTAATTCAC-1,0.038745263,-0.225692933,-0.060531495,0.017128475,0.008756132
CGTGACATTGGGTCGT-1,-0.100856738,-0.353437453,0.156443972,-0.060075895,0.136019971
CGTGACCAGTCCTCTG-1,-0.19993183,-0.132069751,0.110917977,0.04118585,0.028122468
CGTGCACACCACTGTA-1,0.010911143,-0.115774502,-0.044872551,0.084665084,0.169901
CGTGCAGACTGGGACA-1,-0.074718685,-0.285059648,0.109403696,0.023611965,0.137260599
CGTGCATTGTCGACGC-1,-0.235170163,-0.330805105,0.289423825,-0.054107746,0.053475578
CGTGCCCGACATTTGT-1,-0.225050604,-0.459938825,0.293442133,-0.053694938,0.132189515
CGTGCCCTCCCGAAGA-1,0.035211579,-0.118332974,-0.062910791,0.065612199,0.211960928
CGTGCTGGCCTAGTCG-1,0.021298294,-0.193310834,-0.039703414,0.037222163,0.134007759
CGTGCTTCTACCTAAA-1,-0.02320582,-0.092563925,-0.018499548,0.068810733,0.184867959
CGTGGAAGCCTCGTAC-1,0.00477502,-0.207144395,-0.005208724,0.041823104,0.116863319
CGTGGCCGAATATCTA-1,0.10903092,-0.155944452,-0.11627291,0.12473526,0.069790051
CGTGGTACCCAAAGGC-1,-0.239866659,-0.09959615,0.139953111,0.043087907,0.057374185
CGTGTATGGGAGCTGA-1,-0.002016318,-0.125558109,-0.010162249,0.047780168,0.190481728
CGTGTCCCATTCGCGA-1,-0.048053165,-0.209644455,0.047167562,0.055128451,0.14958535
CGTGTCTCGTTACGAC-1,-0.035807881,-0.106601002,-0.011744922,0.052075961,0.157216953
CGTGTGTTAAACCCTG-1,-0.03685759,-0.244168438,0.08926655,-0.021455903,0.142212387
CGTTAAACTAGTTAGG-1,0.068365351,-0.211080523,-0.051773512,0.111298381,0.105377053
CGTTAAATACGACCAG-1,0.015167413,-0.165081656,-0.036885647,0.09017893,0.163175122
CGTTAATGTCCCGACG-1,0.07786232,-0.098288107,-0.109690917,0.081188096,0.223954721
CGTTAGCTCACAACTG-1,-0.415700563,-0.464986743,0.479096297,-0.140658228,-0.007495009
CGTTATCATACTTCCA-1,0.001311758,-0.282086877,-0.029886234,0.141432993,0.216720126
CGTTCAAGGAAACGGA-1,-0.01437359,-0.077341598,-0.030955929,0.060816453,0.181539877
CGTTCAGACCCGCGAA-1,-0.25844924,-0.109437068,0.159238621,0.034539194,-0.005447081
CGTTCATGGTGCGCGT-1,0.02890376,-0.125099574,-0.064393771,0.091631457,0.185411164
CGTTCTTCGCACACCT-1,0.053927545,-0.199244112,-0.063314644,0.101303328,0.078046959
CGTTGAATACCGCGCT-1,-0.077117531,-0.213197281,0.080913607,0.029929665,0.151090837
CGTTGAGCGACCGTCG-1,0.012665712,-0.143676736,-0.038625413,0.064774464,0.189030854
CGTTGAGTAATTGCGT-1,-0.171460297,-0.363998704,0.209875487,-0.059642927,0.046716038
CGTTGCCCGCGTGGGA-1,-0.041685322,-0.145172669,0.010462654,0.083442349,0.224560688
CGTTGTAAACGTCAGG-1,0.085476382,-0.197024275,-0.144615542,0.13750395,0.178565327
CGTTGTAAGATTGATT-1,0.080396527,-0.204600261,-0.117177515,0.137500853,0.141700815
CGTTGTCGGCAATTGA-1,-0.154037877,-0.135667606,0.100786592,0.036938506,0.062132201
CGTTGTTTCAATTCCC-1,0.001307538,-0.207227732,-0.021581542,0.067323113,0.119966163
CGTTTAAGCGGAGCAC-1,0.100255645,-0.121438939,-0.148339487,0.1030056,0.187350975
CGTTTACAAGGCAGCT-1,0.05510743,-0.215825019,-0.067101752,0.131442479,0.067562507
CGTTTCACTTCGGGCG-1,-0.137748955,-0.253616666,0.099013307,0.076830961,0.034482445
CGTTTCGCTCATTACA-1,-0.116577633,-0.304811246,0.140672982,-0.110144291,0.090612356
CGTTTCGGTTATATGC-1,-0.067536145,-0.143235159,0.06867616,0.050205934,0.134777633
CGTTTGGTGTTGTGGG-1,0.142793956,-0.21498597,-0.200493051,0.128638082,0.182342354
CGTTTGTGTAGAGGGT-1,-0.011588063,-0.135395615,-0.011840979,0.066856493,0.227926745
CTAAACGGGTGTAATC-1,0.080010452,-0.110967127,-0.102680371,0.083365416,0.155013632
CTAAAGAATGCCTACT-1,-0.434723375,-0.27349751,0.383062337,-0.095883965,-0.125886464
CTAAAGGATGAGATAC-1,-0.089997058,-0.092544589,0.029532671,0.057204972,0.141817821
CTAAAGGGAAATAGGA-1,-0.081444932,-0.251649119,0.078069407,0.043949528,0.129251373
CTAAAGTCCGAAGCTA-1,0.100090335,-0.104087942,-0.12905135,0.123279341,0.052185025
CTAAATCCGGTGTACA-1,0.024494046,-0.097385181,-0.057489383,0.083051092,0.208151545
CTAAATCCTATTCCGG-1,0.021107999,-0.273492372,-0.038246049,-0.016609999,0.126625966
CTAACAGCACAATAAC-1,-0.032118246,-0.126802039,-0.008846761,0.075568116,0.174686108
CTAACCGCGCGCCCGT-1,-0.29922791,-0.385660196,0.377446597,-0.145458805,0.053815446
CTAACGAAACTTGCTG-1,0.021648126,-0.206667334,-0.016133231,0.037252481,0.180106245
CTAACTGATAATCGCC-1,-0.441981806,-0.468528691,0.550008411,-0.217835815,-0.005850494
CTAACTGGTCCGGTTC-1,-0.007401939,-0.17947562,-0.012982839,0.083897104,0.214172062
CTAAGGGAATGATTGG-1,-0.175901832,-0.376393727,0.26405719,-0.040405057,0.18917527
CTAAGTACAGGGCTAC-1,-0.153956731,-0.286531134,0.135790429,-0.024223839,0.008435451
CTAATGCGCCCAACAA-1,0.13600021,-0.134318763,-0.177044031,0.159290067,0.052428496
CTAATTATGAAGCGTA-1,0.130580896,-0.115686027,-0.149968424,0.129831022,0.14257276
CTAATTCGCACGCGCT-1,0.086523925,-0.168079673,-0.138361782,0.166897658,0.214259159
CTAATTCTCAGATATT-1,0.00863031,-0.244413626,-0.030297985,0.080840387,0.116494405
CTAATTTCAACAACAC-1,0.097990663,-0.216667673,-0.161010938,0.192242861,0.199572485
CTACAAGAAATAACCC-1,-0.095475592,-0.138350977,0.04201651,0.050839197,0.146582246
CTACACTAGCTTGTTC-1,0.080242429,-0.152083251,-0.107674098,0.123145644,0.083549831
CTACACTCGCAGATGG-1,-0.319097767,-0.403113946,0.384558146,-0.110673655,0.040385824
CTACATATCGCGGGAC-1,-0.225450743,-0.095147683,0.144868051,0.0218425,0.106499035
CTACCCTAAGGTCATA-1,0.012887724,-0.218088836,-0.011987311,0.053806887,0.148343669
CTACGAACTAGGTCGA-1,0.092033912,-0.216986886,-0.106555285,0.133785828,0.026456572
CTACGACTAGCTATAA-1,-0.284081182,-0.322079473,0.250744114,-0.002344068,-0.015037766
CTACGATCCTATCCTA-1,0.020536768,-0.130456867,-0.060706537,0.077354703,0.182134256
CTACGCACGGAGTACC-1,-0.238529944,-0.42990039,0.355878522,-0.255823157,0.138926363
CTACGCCATTTCCGAT-1,0.101974601,-0.174538396,-0.116392244,0.141176659,0.020249106
CTACGTGTTGCCACCA-1,-0.178638425,-0.30851771,0.219044047,-0.046983407,0.043271982
CTACTATCATAGGTTT-1,-0.065873488,-0.149043363,0.002681202,0.099453542,0.14045853
CTACTATCTTTCAGAG-1,-0.059225101,-0.301936837,0.06072608,-0.002243985,0.140994808
CTACTCAAGGTATAGT-1,-0.162150811,-0.10715008,0.088562635,0.0484014,0.098831473
CTACTCTAGGCCCGGC-1,-0.044186034,-0.302870314,0.049911261,0.100952447,0.124876287
CTACTGCCACCTGACC-1,0.062619156,-0.172874111,-0.121247686,0.141430818,0.153919844
CTAGACATATATGTAG-1,-0.209295555,-0.323986366,0.292654348,-0.084901941,0.07131637
CTAGACTGCATTTCGT-1,-0.397270323,-0.387711771,0.368593221,-0.074200409,-0.094090576
CTAGATAAACTCCTCG-1,-0.226753235,-0.348713963,0.305057553,-0.093632865,0.043792972
CTAGATGTGAGTGTAA-1,-0.393931244,-0.380755164,0.465919893,-0.167817152,0.035992223
CTAGATTTACGACGGC-1,-0.131829532,-0.311901795,0.162043909,-0.000130767,0.136327492
CTAGCAACTAATTTAC-1,-0.187050667,-0.374781152,0.280507457,-0.141176761,0.102805986
CTAGCATAGTATAATG-1,-0.024600789,-0.248420522,0.031093478,-0.152721933,0.126123539
CTAGCCACAGGCGAGC-1,-0.105580863,-0.267572754,0.074229786,0.067438942,0.109080774
CTAGCCCGGGAGACGA-1,0.01797518,-0.120563001,-0.06867896,0.054345123,0.084363984
CTAGCCGATGTTATGA-1,0.062520305,-0.225143872,-0.105968708,0.119942688,0.129500972
CTAGCTTAATGGTCCC-1,-0.00914153,-0.173542297,0.006652148,0.034153625,0.124489532
CTAGGCGCCCTATCAG-1,0.041866447,-0.132840966,-0.049445106,0.082954798,0.205994762
CTAGGCGGCAGAGAAT-1,0.109640406,-0.109500061,-0.133446475,0.112475594,0.077453236
CTAGGGATAGGGACAA-1,-0.075720095,-0.13668515,0.025371708,0.05939157,0.15355987
CTAGGTCTGAAGGAAT-1,-0.022438106,-0.245618894,0.050748436,0.033171623,0.196792186
CTAGGTTCGGACGTGA-1,-0.141705569,-0.149739133,0.066650578,0.06199549,0.087964517
CTAGTAGAAAGGGATT-1,0.024740216,-0.133991038,-0.037523015,0.068767524,0.189105193
CTAGTATTCGGAATTA-1,0.010614217,-0.259735998,-0.03654333,-0.031411626,0.085921966
CTAGTCACGTCTTAAG-1,-0.317366669,-0.306719342,0.281832378,-0.12792961,0.020033655
CTAGTGAAGGACAGGA-1,0.008616848,-0.16688416,-0.018748542,0.050642887,0.138859248
CTAGTTACAACCCGGT-1,-0.129293612,-0.264220964,0.153585844,-0.040362755,0.14660841
CTAGTTGGGCCCGGTA-1,0.088833037,-0.21095507,-0.14756892,0.124632208,0.139763923
CTATAAGAGCCAATCG-1,-0.011103075,-0.274216638,0.01504756,0.026318219,0.173445542
CTATACTTAAAGCGAG-1,-0.173656728,-0.113839124,0.081291479,0.031773109,0.091606817
CTATAGGCGTTGATGT-1,0.012886401,-0.070765068,-0.083803448,0.083019884,0.159180236
CTATATCCAGCCTGGC-1,0.122895479,-0.068509054,-0.162542482,0.110133469,0.240260844
CTATCACAACGCTGGA-1,0.087146477,-0.09657569,-0.123057286,0.103097563,0.229496521
CTATCGACGAAATACA-1,-0.350323553,-0.315234108,0.352597385,-0.124767459,0.010001623
CTATCGCGTAGAGAAC-1,0.089457844,-0.187702387,-0.092450635,0.092832104,0.148727456
CTATCGGGTCTCAACA-1,-0.213189591,-0.269510046,0.233452467,-0.13741832,0.075168799
CTATGAACACCTTGCC-1,0.033553992,-0.112762151,-0.070112227,0.081811513,0.193278024
CTATGCCCGAATGCAA-1,-0.019272326,-0.101962199,-0.021480072,0.062311313,0.164624978
CTATGGGAAGCGGAAT-1,-0.238735953,-0.345477375,0.287222097,-0.09771254,0.087684461
CTATGTCACTAGCCCA-1,-0.270242149,-0.259068563,0.211469376,-0.113423146,-0.013214893
CTATGTCTATTGAAAC-1,-0.095646414,-0.252621557,0.105327585,0.008820437,0.159071461
CTATGTGAGTCACGGC-1,-0.007121167,-0.145623358,-0.022695733,0.064095342,0.176759525
CTATTCATGTGTCCCA-1,-0.176121438,-0.338537678,0.257242815,-0.070175204,0.137025364
CTATTGTGTTTGGTCA-1,-0.1251685,-0.330902807,0.182061927,-0.207239226,0.119905203
CTATTTGCTTGGAGGA-1,-0.265328809,-0.178047676,0.206257081,0.037349648,0.06703717
CTATTTGGTTACGGAT-1,-0.087106948,-0.25706058,0.131865319,-0.014797596,0.130571747
CTCAAACCACTGCCCG-1,0.03587755,-0.058528973,-0.084890775,0.085456428,0.193778292
CTCAACTAACCCGGAT-1,0.020244928,-0.115277575,-0.037590298,0.062371387,0.186891386
CTCAAGACATTAGCGC-1,0.087871101,-0.183171249,-0.091868454,0.021746454,0.124498361
CTCACACGCAAGCCTA-1,-0.285532545,-0.172489655,0.152560524,0.104025728,-0.17272479
CTCACATTTACTAAAT-1,-0.110950145,-0.130458616,0.072568036,0.026490855,0.094005469
CTCACCAGTACAAGTG-1,0.106751345,-0.128930464,-0.125651956,0.145045206,0.016432448
CTCACCGATCCAAACT-1,0.047754038,-0.245015159,-0.052614086,0.101796181,0.10019452
CTCACTGTGATACTTA-1,-0.077253432,-0.129504623,0.046704967,0.041392702,0.133352776
CTCACTTGGCTGGTAA-1,-0.511845009,-0.37851837,0.467413555,-0.076715849,-0.164382503
CTCAGAGCTAATGTCG-1,-0.037282822,-0.125110786,0.000836276,0.062168913,0.137064301
CTCAGATTGTGATAAG-1,-0.054925433,-0.17632341,0.021422842,0.077201764,0.146665662
CTCAGCAGACTGCCGA-1,-0.162008091,-0.31179903,0.176976645,-0.083563357,0.08726792
CTCAGGACTCACCTGT-1,0.131976013,-0.116542632,-0.176601716,0.133495934,0.166091687
CTCAGTCACGACAAAT-1,0.03524405,-0.245257609,-0.05886816,0.08677543,0.173615614
CTCATAAATGTGTATA-1,0.047785357,0.005357958,-0.053564892,0.085043281,0.193493388
CTCATCACTTAGTGAT-1,-0.31172034,-0.395566228,0.368176166,-0.143261165,-0.003238852
CTCATGGCTCACAATC-1,-0.162200408,-0.253488631,0.130945344,-0.007690919,0.055716731
CTCATGGTAATTTGCG-1,-0.234610544,-0.18314816,0.153518072,0.028631697,0.043598806
CTCATTAACGTTGCCC-1,-0.255257737,-0.415592279,0.354589341,-0.114589991,0.075591668
CTCATTCGTGAACATC-1,0.034822206,-0.164763205,-0.072024346,0.034798241,0.088926837
CTCATTGCTCTAACAA-1,-0.03935749,-0.147349594,0.024618542,-0.00255227,0.171208718
CTCATTTGATGGGCGG-1,-0.143403358,-0.297438402,0.163316462,-0.05848312,0.116763323
CTCCCAATGAGTCGCG-1,0.009825867,-0.178909035,-0.008431252,0.025910823,0.129622448
CTCCCTCCTTTCGATC-1,0.015854436,-0.131349167,-0.041913122,0.057047297,0.196405202
CTCCGCCCACATGAGG-1,-0.075984437,-0.231886927,0.066546577,0.043543837,0.15911653
CTCCGGCCTAATATGC-1,0.143356741,-0.126820396,-0.190881082,0.126056564,0.194239929
CTCCGGCTTGTAGACA-1,0.119945404,-0.184621775,-0.151733055,0.128190373,0.188383215
CTCCTAAGTTATGTCT-1,-0.121495306,-0.277115592,0.106790496,0.028923325,0.090426768
CTCCTAGTAATCGTGA-1,-0.062680221,-0.120284352,-0.023982137,0.076277064,0.100131401
CTCCTCCAGCTCACAC-1,0.004177296,-0.118042095,-0.046441697,0.100955708,0.218141384
CTCCTGTTCAAGGCAG-1,0.023574163,-0.224990157,-0.029068163,0.05803407,0.080680502
CTCCTTTACGCAAGTC-1,0.084524281,-0.160935707,-0.090423514,0.09864867,0.105189211
CTCGAATGGAACGTAT-1,-0.030701521,-0.259832082,0.026776554,-0.008804114,0.10210189
CTCGAGACATACGATA-1,-0.014743691,-0.123733622,-0.021152692,0.052892209,0.133314222
CTCGAGATCCAAAGCA-1,-0.083022757,-0.237030806,0.102939749,-0.087388525,0.077573354
CTCGAGGCAAGTTTCA-1,0.043590754,-0.105175725,-0.08730866,0.111129868,0.218520569
CTCGAGGTCGAACAGT-1,0.006759017,-0.214711967,-0.042777463,0.098732572,0.180642976
CTCGATATTTGCGAGC-1,-0.064138699,-0.217643852,0.005182004,0.099653841,0.077360115
CTCGCACCTATATAGT-1,0.062126538,-0.23791509,-0.081446247,0.074501414,0.183146507
CTCGCATTGCATAGCC-1,-0.042744116,-0.092694031,-0.010158791,0.060341552,0.162182748
CTCGCCGAATGTAGGG-1,-0.050129746,-0.179002272,0.050449486,0.036896079,0.176560718
CTCGCTAGGTAAGCGA-1,0.061869032,-0.101679723,-0.091223608,0.091298191,0.219186915
CTCGGGATAACACCTA-1,-0.312790936,-0.405746019,0.325633818,-0.049664374,-0.051793554
CTCGGGCATCGTCGGG-1,-0.044408968,-0.28496116,0.055590424,0.013026702,0.164687161
CTCGGGTTCTCTGGCC-1,-0.000895701,-0.102209328,-0.059031844,0.072060072,0.19056963
CTCGGTACCACTGCTC-1,0.059021547,-0.18839991,-0.058270552,0.095368992,0.115416836
CTCGGTCCGTAGCCTG-1,0.128885704,-0.107171064,-0.185562196,0.131180561,0.127404982
CTCGGTTGTCGGCCCT-1,0.064764284,-0.138123152,-0.086231211,0.092543011,0.193065546
CTCGTCGAGGGCTCAT-1,-0.037754421,-0.142545371,-0.001300162,0.031810398,0.140256837
CTCGTCTGTGCCTTCG-1,-0.002987879,-0.119983763,-0.018821648,0.074463369,0.224951715
CTCGTGGCACTGAAAG-1,-0.085045996,-0.122844306,0.068571943,0.034295784,0.185011796
CTCGTTACGGCTACCA-1,0.041739415,-0.093083935,-0.053262811,0.070499141,0.20433808
CTCGTTTCTAATGTTT-1,0.057107742,-0.230634652,-0.071655948,0.13831844,0.139851759
CTCTAACACCGGCAGC-1,-0.098902802,-0.139147267,0.064262135,0.039937031,0.165647896
CTCTAATGCATTGATC-1,0.100148907,-0.122569362,-0.126234512,0.118358981,0.109973603
CTCTACACTGGCGATT-1,-0.06448015,-0.246921914,0.082222306,0.043534249,0.19036924
CTCTACATCCTGCGTG-1,-0.12891646,-0.128503549,0.024973222,0.088041073,0.034352538
CTCTAGCCCTCGGAAA-1,-0.073642298,-0.135352273,0.024552629,0.059378211,0.124489633
CTCTATTTGGCTGCAG-1,-0.307019587,-0.398458939,0.396136194,-0.119969725,0.050380688
CTCTCACAATCGATGA-1,-0.120494626,-0.304877357,0.151202722,-0.092712679,0.126915099
CTCTCGATGTGCGCCT-1,-0.209192763,-0.271804038,0.172924396,-0.064869278,0.026179746
CTCTCGCTGTACTATG-1,-0.000431152,-0.168091511,-0.045911806,0.093928705,0.125130551
CTCTCTAACTGCCTAG-1,0.015530283,-0.133345194,-0.036596356,0.056347277,0.174980333
CTCTGCAGGCATTCTT-1,0.015454434,-0.142136767,-0.04584856,0.066043234,0.159215166
CTCTGCGAAGCAAGCA-1,-0.402806994,-0.267057754,0.289585369,-0.068721078,-0.14283595
CTCTGGACGCCTGGTG-1,0.011914457,-0.182313435,-0.045057028,-0.044939828,0.146382169
CTCTGTCCATGCACCA-1,0.012984484,-0.107817111,-0.033773097,0.055520107,0.18935973
CTCTGTGCCTGCTATG-1,0.060931106,-0.120501546,-0.07242831,0.091520418,0.091201263
CTCTGTTTGAGGATTC-1,-0.314919316,-0.381823104,0.40162206,-0.106401717,0.073872174
CTCTTCTATTGACTGG-1,0.057429527,-0.190674799,-0.055338672,0.100482795,0.159332824
CTCTTCTGGAAGTTAG-1,-0.073554497,-0.072567791,0.012485778,0.055475508,0.144395784
CTCTTGTCCCGCTTGG-1,-0.163512591,-0.201290293,0.12742622,-0.005508348,0.079893169
CTGAAACGGCCCTCAG-1,-0.146882843,-0.325187973,0.119519817,0.032335196,-0.000351282
CTGAAAGAGATCCGAC-1,-0.041297446,-0.26240803,0.013559565,0.083494346,0.103927987
CTGAATCCGAGACCTC-1,-0.172626732,-0.318440996,0.211107699,-0.190114038,0.12179719
CTGAATTTATTGCCAG-1,0.079652953,-0.124996479,-0.080356396,0.085360319,0.109207324
CTGACATAGAAATAGA-1,-0.024380696,-0.200529154,0.031756046,0.042770647,0.10709895
CTGACTGCGCAGCTCG-1,-0.017428157,-0.197263087,0.034667082,0.004296381,0.15000281
CTGAGAAAGTTCGGCG-1,0.010685712,-0.164305748,-0.011302954,0.009812604,0.137037619
CTGAGAGTAGAAATAC-1,-0.051875614,-0.301696547,0.020794885,0.113897105,0.085732712
CTGAGCAAGTAACAAG-1,0.092720168,-0.158284711,-0.118398098,0.084069761,0.196258361
CTGAGCGAGACTTATT-1,-0.250288269,-0.436432577,0.30676482,-0.058816706,0.021610299
CTGATAGTGTATCTCA-1,-0.021407877,-0.266528921,0.002352144,0.114977914,0.155989572
CTGATCCCTTTATGCA-1,0.07605494,-0.124992583,-0.117826207,0.099636084,0.202268184
CTGCAAATGGGCTCCA-1,-0.060522207,-0.302578666,0.037597808,-0.000478669,0.108734842
CTGCAAGCACGTTCCG-1,-0.206077278,-0.374391529,0.276113322,-0.102376481,0.071124876
CTGCACAACTACATAT-1,-0.224582707,-0.226049316,0.162941872,0.046104579,0.090123728
CTGCACCTAGTCCACA-1,-0.082804803,-0.308552361,0.100207341,0.030301182,0.109639246
CTGCACCTGGAACCGC-1,0.104837424,-0.212730273,-0.143111678,0.128986808,0.16472744
CTGCACTCCAGTACAG-1,-0.310944471,-0.384677813,0.395573853,-0.17854514,0.054477154
CTGCAGAGAATCAGAG-1,-0.120251616,-0.270607565,0.128254894,-0.013999233,0.180046052
CTGCAGGGTGACGCTC-1,0.076892854,-0.069893856,-0.119059612,0.076879391,0.19256864
CTGCAGGTGCTCGGCC-1,0.124660664,-0.103115439,-0.162342766,0.139373951,0.109849068
CTGCCAAGGTTGGAAG-1,-0.007162596,-0.216437808,-0.021359136,-0.000556384,0.112688391
CTGCCATGCATCACAT-1,0.047672134,-0.161516833,-0.032664265,0.048454673,0.110049106
CTGCCCACGAAGCGTT-1,0.123466365,-0.162933229,-0.154504449,0.146037387,0.04370365
CTGCCTAGCCACCAAG-1,0.057818262,-0.17582988,-0.074546343,0.142234687,0.051441638
CTGCCTCATATGCAAC-1,-0.227759299,-0.27297305,0.218756138,0.007703756,0.062123404
CTGCCTTTAATACCTT-1,-0.009501609,-0.115222162,-0.04218849,0.068045328,0.141830091
CTGCCTTTCTAGTAAA-1,-0.090759358,-0.128779371,0.029337949,0.046603283,0.09652812
CTGCGACCTCGCCGAA-1,-0.232556566,-0.17603402,0.158761878,0.040296578,0.027042171
CTGCGATTTCGAGATT-1,-0.039159057,-0.126798103,0.006231446,0.045863586,0.152253417
CTGCGGGTGAAATGTT-1,0.05858541,-0.249260009,-0.094850913,0.182690982,0.185902116
CTGCGGTAGTCACGTG-1,-0.129907841,-0.335870167,0.146996881,-0.104294666,0.075461955
CTGCGTTACGATATAA-1,-0.141860729,-0.338803592,0.18331747,-0.02918329,0.124110254
CTGCTCTCAACACACC-1,-0.038036804,-0.104364794,0.014778761,0.092244217,0.13667416
CTGCTCTGACGGCAAA-1,-0.076894487,-0.082685711,0.035007943,0.064794985,0.20411379
CTGCTGAGGCCACGAA-1,-0.154389886,-0.23966112,0.144833471,0.031074656,0.119941306
CTGCTGTCTAACGAGC-1,-0.027062078,-0.216255974,0.047813149,0.030608467,0.12871263
CTGCTTGGCGATAGCT-1,-0.389222346,-0.411918509,0.449706735,-0.128755082,0.020035809
CTGCTTTATGTCCGCG-1,0.001253319,-0.261776489,0.026421147,0.057310733,0.097179328
CTGGAAATGGATGCTT-1,0.099730282,-0.178453605,-0.159122774,0.167659587,0.210101408
CTGGAAGACACGGTGG-1,0.093586391,-0.10233133,-0.121174919,0.109354304,0.193791055
CTGGACGCAGTCCGGC-1,0.045422559,-0.156508715,-0.092596301,0.166890773,0.230970357
CTGGATTTACACTTGA-1,-0.289884238,-0.328098343,0.343772174,-0.093454301,0.073589248
CTGGCATCCGAATGAG-1,-0.011571112,-0.168125802,-0.002444171,0.083885382,0.194062688
CTGGCGACATAAGTCC-1,-0.179183419,-0.330817549,0.174986433,-0.015232612,0.089624328
CTGGCGATTTACATGT-1,0.03978855,-0.132371479,-0.072422795,0.052177971,0.162915777
CTGGCGCACAGGTCTG-1,0.046768226,-0.108743039,-0.037764436,0.037011548,0.175663195
CTGGCGGGAATAAGTA-1,0.016537002,-0.243897101,-0.048453253,0.148484237,0.202525853
CTGGCTCCTGCGGGAT-1,-0.208871253,-0.339159118,0.285183509,-0.113760958,0.066234107
CTGGCTGATTCATCCT-1,0.060641619,-0.111953042,-0.060924995,0.059399939,0.220280036
CTGGCTGCTAACGTAA-1,-0.149697543,-0.283268869,0.202434618,-0.038089974,0.089337666
CTGGCTGGTTGTCAGT-1,-0.132759104,-0.215296484,0.115465211,0.034825684,0.138313688
CTGGGATAAATAATGG-1,-0.024127341,-0.177958955,0.049690594,-0.03420801,0.164641332
CTGGGATACGCTACCC-1,0.023520728,-0.195842296,-0.010280276,0.019914243,0.203622022
CTGGGATCGCCCAGAT-1,-0.074212547,-0.312770978,0.073020619,-0.034614648,0.134740442
CTGGGCACTAGTCGGA-1,-0.044454118,-0.270501337,0.016748697,0.034681288,0.089116363
CTGGGCCTGCTATATC-1,0.044675738,-0.162176943,-0.085009974,0.133438178,0.2218196
CTGGGCGGCCAAATGT-1,0.038942746,-0.210387103,-0.047296668,-0.009490885,0.146584361
CTGGGCTACTGGAGAG-1,-0.006682006,-0.116184163,-0.010193357,0.074105362,0.180113137
CTGGGCTATCCTTTGG-1,-0.216709035,-0.376197483,0.284217301,-0.073103571,0.07513427
CTGGGTAGGCAGTTAA-1,0.064165187,-0.156323526,-0.073251938,0.081980127,0.22745987
CTGGGTTGAGTTAAAG-1,-0.0093975,-0.177014146,-0.02853628,0.139949327,0.203222318
CTGGTAAAGACTTACA-1,0.047159579,-0.111043975,-0.074679561,0.070691098,0.180585357
CTGGTAAAGTGTGGGC-1,-0.201496511,-0.321600427,0.19706303,-0.013905983,0.067849282
CTGGTAACACATAGAA-1,0.069675907,-0.176368954,-0.073083287,0.114027846,0.116795077
CTGGTAACGAGCTCTT-1,0.040878121,-0.232203369,-0.037640922,0.054892747,0.154435912
CTGGTCATTCCAATCC-1,0.088132261,-0.195960086,-0.141694782,0.156755999,0.18549564
CTGGTCCTAACTTGGC-1,-0.231809027,-0.424822728,0.291149299,-0.084797653,0.138221073
CTGGTGAATGGGCCTA-1,-0.133789029,-0.122290225,0.093278531,0.036303685,0.131431984
CTGGTTCAACGCATCA-1,0.035745146,-0.197287521,-0.055648204,0.065131817,0.155841962
CTGGTTCGCGAGCTAC-1,-0.069532898,-0.235901024,0.117295743,-0.00054686,0.187410393
CTGGTTTCGAGCAAGA-1,-0.049236149,-0.259129199,0.074253996,0.052120889,0.130663479
CTGTACTTCTTAGCAT-1,-0.215036706,-0.356029185,0.31037605,-0.161517355,0.074836506
CTGTAGCCATCTCACT-1,-0.081293739,-0.146747615,0.063649806,0.025814468,0.191519257
CTGTAGTGAGGATCGA-1,-0.01753773,-0.098091233,-0.043165789,0.084554809,0.164549453
CTGTATGGTGTAGAAA-1,0.108984463,-0.081802535,-0.146976195,0.102061593,0.158954324
CTGTCAAATGGCTCGG-1,-0.10935464,-0.222862609,0.040702873,0.0360859,-0.008923247
CTGTCACGCCAGGCGC-1,-0.08282631,-0.258018956,0.068672202,-0.009896768,0.061751282
CTGTCTGTGGCTGGCT-1,0.132583622,-0.150227111,-0.167512427,0.163881337,0.068610255
CTGTGCAGGGTAGGTC-1,-0.095193881,-0.263997036,0.120624784,-0.0347548,0.155808737
CTGTGGTCGGGAGATA-1,-0.255447691,-0.358473018,0.292761549,-0.035587563,0.076303593
CTGTTACCCAATCTAG-1,-0.298900079,-0.409929026,0.406543809,-0.146738935,0.103626853
CTGTTCACTGCCTGTG-1,0.122536398,-0.115164738,-0.164359754,0.103188558,0.183138494
CTGTTCATCTCACGGG-1,0.112497341,-0.067947769,-0.153118339,0.103575757,0.153606592
CTGTTGGCTCTTCTGA-1,0.034677189,-0.180390287,-0.076660878,0.073353251,0.145884063
CTGTTGTTCAGTCGTA-1,-0.087699258,-0.060735628,0.010200027,0.06319947,0.094048759
CTTAAATAAGACCCAT-1,0.091086003,-0.197766607,-0.111745918,0.114356714,0.144794529
CTTAACTTACAGTATA-1,-0.031112855,-0.115404214,-0.025324291,0.089143158,0.144844822
CTTAACTTCGAAGTAC-1,-0.053813399,-0.238926721,0.024114708,-0.002975436,0.097401836
CTTAAGCAGCGAGCCG-1,0.044504918,-0.13943312,-0.130339352,0.208100389,0.235322354
CTTAATCGACTTAGTA-1,-0.100542917,-0.159127487,0.102547849,0.024307551,0.21379352
CTTACACGGTATTCCA-1,-0.041943318,-0.203686335,0.044663119,-0.016143402,0.155553015
CTTACACTGGGAAATA-1,0.123098226,-0.145158313,-0.167844018,0.117880745,0.190596827
CTTACATAGATTTCTT-1,-0.023330484,-0.129590455,-0.03316579,0.091494563,0.169764732
CTTACTGACTCCTCTG-1,-0.18768708,-0.393271217,0.27514371,-0.03842046,0.172744714
CTTAGATGTTTCATCC-1,0.034022975,-0.09547909,-0.087766032,0.073530079,0.191470546
CTTAGCCCGGATAGTG-1,0.030058604,-0.187746422,-0.024393374,0.066999598,0.107969672
CTTAGCCTTCCACATG-1,-0.023117339,-0.304691038,-0.02861174,-0.003614837,0.113087088
CTTAGGTATAGACCAG-1,0.076085615,-0.095385796,-0.126310808,0.106215895,0.185326396
CTTAGGTCCCAATCGT-1,0.019273124,-0.20595152,-0.034501047,0.125760107,0.04068685
CTTAGTAGGCCTACAG-1,-0.1338306,-0.257411095,0.126642664,-0.00405315,0.090643318
CTTAGTGTAGTAGCAT-1,-0.068442829,-0.13677683,0.018647242,0.037945258,0.122040371
CTTAGTTGAGGAATCG-1,0.050524963,-0.079699187,-0.094380908,0.0793223,0.188838574
CTTATAGATGGCTGTT-1,0.076106044,-0.25910312,-0.095700213,0.147754486,0.144382622
CTTATGCGCTCAGGGC-1,0.03131743,-0.139984287,-0.070337076,0.075220641,0.156257184
CTTATGTTGACTACCA-1,0.024481841,-0.215552044,-0.036964298,0.087739693,0.201290301
CTTCAACTCCACTTGG-1,-0.010505691,-0.132404162,-0.019727972,0.07686058,0.183283142
CTTCACGCCCTGGTAC-1,-0.01988313,-0.155830615,0.006013707,0.062488346,0.187822947
CTTCAGTGGTCGCCTA-1,-0.039987174,-0.109640857,-0.005807088,0.057395628,0.13924694
CTTCAGTTGGACAACG-1,-0.100719359,-0.087639291,0.067417883,0.047042005,0.161163476
CTTCATAGCTCAAGAA-1,0.126583786,-0.11073868,-0.173995855,0.114680373,0.181641013
CTTCATCACCAGGGCT-1,-0.026733642,-0.144336224,-0.03013048,0.083984283,0.122356529
CTTCATTGTCAGTGGA-1,-0.386444493,-0.364751989,0.436326929,-0.169438663,0.049712541
CTTCCGCTCCGTGAAG-1,-0.218685937,-0.129196999,0.119588938,0.036186043,0.066897823
CTTCCTGCATATTTAC-1,-0.110776669,-0.319797346,0.142695194,-0.017541143,0.101192586
CTTCGATTGCGCAAGC-1,0.022529956,-0.111435803,-0.066210982,0.102880775,0.202280077
CTTCGGCCAATTGTTT-1,0.089618828,-0.195389869,-0.088851356,0.122380521,0.05736736
CTTCGTAGATAGGTGA-1,-0.032492371,-0.288115786,0.04700599,0.009100377,0.180906699
CTTCGTGCCCGCATCG-1,0.087591462,-0.136166648,-0.118326128,0.132462131,0.057487165
CTTCTATGTTGAAGTA-1,0.038394782,-0.19194628,-0.069148828,0.128581009,0.200227934
CTTCTATTAATGCTAG-1,-0.118355341,-0.24819963,0.155016234,-0.010102536,0.167770348
CTTCTGGGCGTACCTA-1,0.029856232,-0.099561004,-0.064126809,0.083296117,0.225182848
CTTCTTACGTCGTATA-1,0.107859251,-0.120440075,-0.148206269,0.106937361,0.171206271
CTTGACCCGAAAGATA-1,-0.198595366,-0.274046871,0.151725397,0.023130699,0.010872215
CTTGAGGTTATCCCGA-1,-0.035794104,-0.245131919,0.018454317,0.070945315,0.143881148
CTTGAGTTAGGGTAAT-1,0.06671384,-0.069863523,-0.056869821,0.056276877,0.194051414
CTTGATGACCATCCAG-1,0.000611888,-0.111029816,-0.032894054,0.032113355,0.158260045
CTTGCAACCGCCTCCT-1,-0.073939313,-0.243259534,0.098836961,0.030661855,0.192999789
CTTGCCCACCCACGCA-1,0.01507555,-0.103773238,-0.067103264,0.080370074,0.164906263
CTTGCCCAGGCTCTAC-1,-0.407253426,-0.424828835,0.466825164,-0.172036323,-0.018206
CTTGGCCAAGCTGGGA-1,-0.177372635,-0.127994595,0.096538564,0.035285014,0.048458345
CTTGTACTTGTTGACT-1,0.146597209,-0.180622264,-0.209469348,0.131532041,0.190475737
CTTGTCAACATTCGAG-1,-0.309395549,-0.398196172,0.399959258,-0.313631943,0.043943616
CTTGTCGTACGTGTCA-1,0.06638243,-0.13822606,-0.08691341,0.08285176,0.171780696
CTTGTGAGGACAGCGG-1,0.128131828,-0.122632842,-0.172661329,0.153584371,0.083380625
CTTGTGAGTCTTTGAC-1,0.08324659,-0.143946731,-0.092387454,0.076217792,0.20133085
CTTGTGCTCACCGATT-1,0.065215184,-0.190850826,-0.097433455,0.124194787,0.153712919
CTTGTTGCTGAGTCAA-1,-0.036360058,-0.263584322,0.078450542,-0.003110561,0.153954416
CTTGTTTATGTAGCCA-1,0.0939835,-0.166977099,-0.143524123,0.122016377,0.207499358
CTTTAACTTTCAAAGG-1,0.064149166,-0.249409724,-0.123775808,0.162743222,0.169558724
CTTTAATATTGGTCGA-1,-0.412167145,-0.452616299,0.478699855,-0.334260945,0.012781348
CTTTACCGAATAGTAG-1,0.048342258,-0.171736156,-0.052930782,0.086099269,0.219862314
CTTTAGGAACACTGTT-1,0.063937876,-0.198361575,-0.058972619,0.116130924,0.077989443
CTTTAGTGCTATTATT-1,-0.064084309,-0.286918242,0.082574641,0.067333946,0.18974657
CTTTATCCGACGCATG-1,-0.081207025,-0.140577511,0.051694952,0.028750753,0.147729414
CTTTCTGTGCGGGCTT-1,-0.113904485,-0.238687962,0.115080601,0.014225692,0.144192327
CTTTGAAACATATTCC-1,-0.033623051,-0.242457198,0.00052148,0.034343189,0.032055034
CTTTGACGTCGCTTCT-1,0.048562679,-0.239999052,-0.091183417,0.183770774,0.22405427
CTTTGCATCGCTCTTG-1,-0.027285419,-0.185367672,0.022142115,0.045883789,0.193034651
CTTTGCTGTCATGGAT-1,-0.230891894,-0.297728538,0.196550508,-0.006867086,0.009937875
CTTTGGCAGACAGAGT-1,-0.041385167,-0.266129006,0.077522991,-0.020403817,0.108085941
CTTTGGCGCTTTATAC-1,0.052725004,-0.279065949,-0.086006718,0.101473532,0.171219598
CTTTGGCTTTAGTAAA-1,-0.073434656,-0.243528588,-0.015967803,0.139392979,0.046571586
CTTTGGGATTGTTGCA-1,-0.031752751,-0.124609657,-0.047575804,0.104648768,0.176393851
CTTTGTCGAATGCTCC-1,-0.097485526,-0.103105845,0.041182744,0.037018097,0.072303611
GAAACAGATGACCACC-1,0.068303342,-0.1058207,-0.067071467,0.059235503,0.185211979
GAAACAGCCATGCAGT-1,0.043861434,-0.149310429,-0.082590765,0.077758831,0.175645016
GAAACATAGGAAACAG-1,0.032439764,-0.110247492,-0.058796436,0.053248308,0.179412638
GAAACCATGGTGCGCT-1,0.063014769,-0.24762758,-0.091178837,0.149537787,0.118233453
GAAACCGAATTACCTT-1,-0.117046286,-0.281004859,0.140877442,0.036070193,0.180036074
GAAACCTATACAAATG-1,-0.135597225,-0.172955466,0.080665978,0.083457259,0.136029736
GAAACTCGTGCGATGC-1,-0.0106871,-0.23985471,-0.067914165,0.163829317,0.131752904
GAAACTCTAATGAAGG-1,-0.351459303,-0.465903812,0.365255359,-0.077932503,-0.03994091
GAAAGAACAGCGTTAT-1,0.091095769,-0.106298233,-0.084693678,0.069184239,0.206272232
GAAAGCAGTGCACTTT-1,-0.167270488,-0.150938715,0.113437012,-0.00650769,0.061861396
GAAAGCCCTTTGGACC-1,0.007804293,-0.276511362,-0.024802802,0.116649342,0.146848859
GAAAGTGACTAACTGC-1,0.065585234,-0.234546366,-0.148469475,0.200839021,0.177095185
GAAATACCTGCTGGCT-1,0.056297349,-0.181624598,-0.074295055,0.125589108,0.094389524
GAAATACTAAACGTTT-1,0.148153353,-0.194306727,-0.204433014,0.180550263,0.218594059
GAAATATCACCATCAG-1,-0.000874929,-0.256613774,-0.042476552,0.126299229,0.162518701
GAAATATGCTTGAATG-1,0.065012325,-0.110193538,-0.085838828,0.067353376,0.099731942
GAAATCGCGCGCAACT-1,-0.123432544,-0.298819732,0.058971298,0.090963896,0.080473517
GAAATCTGACCAAGTT-1,-0.109022487,-0.218440322,0.058853524,-0.025369776,0.039972007
GAAATGGCGGTGTTAG-1,0.111957231,-0.163435555,-0.153033544,0.112449793,0.205924994
GAAATGGGATGTAAAC-1,0.006176725,-0.209370188,-0.051481678,0.071610983,0.120098119
GAAATTAGCACGGATA-1,-0.312145847,-0.382539162,0.384580968,-0.087759918,0.053853239
GAAATTCACATCGCTG-1,-0.044849379,-0.268388826,0.043305094,0.033704333,0.136178982
GAAATTGTCTCTATAA-1,-0.178963616,-0.332404626,0.187540792,-0.054659798,0.080225673
GAACAACTGGGATGAA-1,0.004394682,-0.084567236,-0.049995114,0.080159101,0.185502161
GAACACACATCAACCA-1,0.125799653,-0.183393767,-0.163070715,0.133376407,0.197796293
GAACAGATTACTAAAT-1,-0.143277793,-0.227485464,0.124006642,0.021439755,0.10274213
GAACATTAGTATGTTA-1,0.12102916,-0.123291843,-0.152673916,0.159659659,0.052517295
GAACCATCTGGGAGAC-1,0.066352753,-0.144119551,-0.114641978,0.115308774,0.161705221
GAACCCTCTGTGTTCT-1,-0.202766109,-0.128612348,0.099130052,0.068672011,0.039882203
GAACCTCGACCTACAC-1,-0.059364256,-0.28082898,0.10116317,-0.001192237,0.177355305
GAACCTTTAACGATCC-1,0.019895047,-0.128701904,-0.031680864,0.05675279,0.200874394
GAACGACCGAATGATA-1,-0.10228715,-0.306777111,0.117361657,0.029989029,0.149186832
GAACGATAAGTTAAAG-1,-0.175201799,-0.361822542,0.235603127,-0.099459292,0.092233681
GAACGCGGGTCACACG-1,-0.028078401,-0.250834862,0.070617773,0.009088019,0.206586951
GAACGGTGTAAAGCAG-1,-0.169019837,-0.328658233,0.228755785,-0.106266617,0.077980971
GAACGTCTCATGGTCG-1,0.035303062,-0.181618969,-0.047209692,0.055402682,0.159071524
GAACGTTAGGAAGACG-1,-0.034181806,-0.281718485,0.023007477,0.122533413,0.127087704
GAACGTTTGTATCCAC-1,0.058471278,-0.139901765,-0.07054474,0.08707201,0.190692025
GAACTGTGGAGAGACA-1,-0.118919721,-0.187484691,0.094852809,0.076904847,0.146622563
GAACTTAGCGCCCGGT-1,-0.03329824,-0.319086927,0.021174345,0.021394155,0.109265576
GAACTTGTGCACGGGA-1,0.066175018,-0.173421188,-0.089450521,0.148838694,-0.002139193
GAAGAAACGATATTGT-1,-0.075411484,-0.134554587,0.056856787,0.037698912,0.194153408
GAAGAACGGTGCAGGT-1,0.144406633,-0.078046612,-0.199441431,0.137991371,0.168532712
GAAGACTTCAATGCCG-1,-0.18154815,-0.336510777,0.19305422,-0.074956228,0.07648166
GAAGCAAGGCAATGTT-1,0.019915663,-0.238657628,-0.063998184,0.130777876,0.138587893
GAAGCCACTGATTATG-1,-0.065708729,-0.133107723,0.031255143,0.050206103,0.165282939
GAAGCCGGGTAAGCTC-1,0.005171671,-0.215869549,-0.005845496,0.000999414,0.105541175
GAAGCCTGCACATTCC-1,-0.046236014,-0.169109264,0.055037073,0.02057197,0.181162104
GAAGCGTGAGGAATTT-1,-0.272579818,-0.28217576,0.264181354,-0.10938841,0.020190341
GAAGCTCGGACCCGTC-1,-0.003460788,-0.130752252,-0.055280853,0.11864433,0.184784224
GAAGCTCTTTGCTTAG-1,0.006672383,-0.181912441,0.006542585,-0.07112629,0.144430296
GAAGCTTGCTGACCGC-1,0.103459576,-0.221603315,-0.166041848,0.170512446,0.160762355
GAAGGACTAAATTGAA-1,0.014878761,-0.22510386,-0.052570126,0.082838651,0.112806116
GAAGGAGTCGAGTGCG-1,-0.122355353,-0.150319201,0.10157368,0.027359636,0.138609291
GAAGGCTACCATTGTT-1,0.075816542,-0.08811243,-0.092534561,0.054924555,0.109464116
GAAGGGCATAACCATG-1,0.095733199,-0.142111949,-0.147626271,0.133418346,0.093214323
GAAGGGTCATTAAGAC-1,-0.037724752,-0.102646375,-0.002350575,0.055876285,0.169684162
GAAGTCAGTTGCACTA-1,-0.171167027,-0.264292155,0.198067263,-0.019128189,0.13000174
GAAGTCTCCCTAGCGA-1,0.068674206,-0.06416071,-0.066401004,0.045280308,0.170339721
GAAGTGATTTATCGTG-1,-0.141514797,-0.290774758,0.168970626,-0.30593811,0.151058082
GAAGTGCTGGATAGCT-1,0.042772485,-0.185310463,-0.060497137,0.071271028,0.198673036
GAAGTTTCCACTCAAT-1,-0.057595279,-0.242627894,0.076661694,-0.097936274,0.141085268
GAATAGACGCGACCCA-1,0.096750018,-0.135384204,-0.103556376,0.1000297,0.138711745
GAATAGCATTTAGGGT-1,0.05238127,-0.222523895,-0.031232215,0.071166439,0.190954406
GAATAGCCCTGCGGTC-1,0.010318099,-0.216295033,-0.00596566,0.063904801,0.090235256
GAATAGTGCTCGATTA-1,0.038613493,-0.087291193,-0.074498908,0.088745112,0.231594473
GAATATTCGGAGTCCC-1,0.03943523,-0.225045805,-0.03737637,0.103762907,0.19513724
GAATCGACATGGTCAC-1,0.139810123,-0.147458227,-0.205942125,0.15189258,0.194990393
GAATCGCCGGACACGG-1,-0.003731959,-0.213971651,-0.03630487,0.083501673,0.143806698
GAATCTATACTCGGAC-1,-0.009737827,-0.300009934,-0.021564148,0.006841295,0.109305488
GAATCTGAACATTCTC-1,-0.200342326,-0.35814608,0.223775293,-0.193482009,0.09234038
GAATGAAGGTCTTCAG-1,-0.103708441,-0.185775682,0.037568672,0.116347447,-0.03741529
GAATGCCGAAATGACC-1,0.031731726,-0.250362975,-0.074020461,0.156120532,0.18823154
GAATGCGAATCGGTTC-1,-0.119271861,-0.161917675,0.083612091,0.049121126,0.111602911
GAATGGGCTTATCGAC-1,-0.371432109,-0.346260383,0.378281055,-0.11773712,-0.086984777
GAATGTATGGCAGGTC-1,-0.395359973,-0.393819997,0.378285935,-0.097520569,-0.069104849
GAATGTGGTCCGGATT-1,0.119890981,-0.143087114,-0.142102516,0.144844258,0.088168861
GAATGTTGGGTAATCT-1,0.054158411,-0.246144388,-0.098492908,0.136186091,0.158866116
GAATTATAGTGAAAGG-1,-0.130686772,-0.39251383,0.209062345,-0.080483348,0.146550803
GAATTCACCCGGGTGT-1,-0.34431308,-0.40732679,0.416151355,-0.231099379,0.067443173
GAATTTCTCGCTGCAG-1,0.112613177,-0.221590585,-0.156110119,0.180406864,0.107277361
GACAAACATATGCAGG-1,0.059258247,-0.09909512,-0.055674424,0.043150982,0.211500347
GACAACGACCATTGAA-1,-0.123907862,-0.298557996,0.160901654,-0.074113324,0.12248941
GACAACGCAGCTTACG-1,0.091298158,-0.124371353,-0.139327287,0.110191469,0.185221515
GACAAGACGCCCGTGC-1,-0.013492399,-0.165891825,0.021106076,0.046480708,0.196202235
GACAAGAGATGAGATT-1,-0.111577252,-0.324961704,0.153293332,-0.189590039,0.116832
GACACAAGGGAAGAAA-1,-0.14265865,-0.23551145,0.066714958,0.044486476,0.0550808
GACACAGCCGGGACTG-1,-0.123278103,-0.175712656,0.088458073,0.042585084,0.131788463
GACACCCAAAGACGCG-1,-0.048163765,-0.182108234,0.030995089,0.023311421,0.137707223
GACACGAGTTAGAGGA-1,0.104062157,-0.211707145,-0.169708212,0.18280372,0.209853246
GACACTGAGTTCAGTG-1,-0.019242654,-0.226895108,0.039053833,0.038383785,0.187292854
GACACTGGAACCCGAT-1,0.027465943,-0.206784908,-0.019926449,0.044456566,0.124737254
GACACTTCCAATTACC-1,0.066651017,-0.082821406,-0.103317579,0.101574406,0.201860519
GACAGAGGTCTTCAGT-1,-0.043926582,-0.131829223,0.012684987,0.055296882,0.194096964
GACAGATTTCTGGCTC-1,-0.002612242,-0.210884938,-0.059771087,0.144503687,0.199311558
GACAGCCAGACCTGAC-1,0.069325405,-0.169423756,-0.059101139,0.093703206,0.126966572
GACAGGCACACACTAT-1,-0.23290247,-0.37602781,0.230622059,0.023845901,0.039936622
GACAGGTAATCCGTGT-1,0.029793593,-0.164402025,-0.067014291,0.114863852,0.200273237
GACATACTGTCGCAGA-1,-0.059424823,-0.188565683,0.010918329,0.067920263,0.128735293
GACATCCGTCGAACTG-1,-0.182910488,-0.178108729,0.142289785,0.011460671,0.069443143
GACATCGATTTATAAC-1,-0.127034397,-0.220599437,0.109652961,0.026521972,0.130164811
GACATTTCGCCCAGCC-1,-0.015008255,-0.125795084,-0.039172744,0.128013817,0.214587315
GACCAAACGTTGACTG-1,-0.346978305,-0.479918726,0.501875298,-0.178161431,0.097674581
GACCACACTTCCCTTT-1,-0.039995716,-0.131973243,0.025518843,0.049703502,0.172519126
GACCAGAGCCCTGTAG-1,-0.022828122,-0.151982122,-0.032434555,0.076007969,0.123936942
GACCAGGTCATTCATA-1,0.034056493,-0.247667861,-0.053490894,-0.030824384,0.160193068
GACCCAATTATGATAC-1,0.019956111,-0.109099604,-0.075405043,0.092369035,0.162261657
GACCCGTCGCCGGCTA-1,-0.146395971,-0.317598284,0.162489204,-0.038003536,0.096847304
GACCGACCGCTAATAT-1,-0.020970191,-0.225412341,-0.021468563,0.055316134,0.072471024
GACCGACGTGAAAGCA-1,-0.145862785,-0.299573822,0.214133907,-0.112210947,0.164199189
GACCGACTGAAGCGTC-1,0.010257894,-0.267853907,-0.021164208,0.049936093,0.184321314
GACCGATTAAATATGT-1,-0.030008146,-0.067409335,-0.037801209,0.094314742,0.16480031
GACCGCGTCTGACGTG-1,-0.076181888,-0.328257777,0.139670767,-0.090264092,0.12092565
GACCGTCAGGTCGTGA-1,0.044513762,-0.264149004,-0.059980807,0.121203928,0.079108937
GACCGTGCTGACGGTG-1,-0.183555548,-0.37974625,0.266388846,-0.147188736,0.15497929
GACCGTTACATGCGAC-1,0.077217455,-0.194981541,-0.10474172,0.135984452,0.033901501
GACCTGGTCTGGGCGT-1,0.071036574,-0.208883004,-0.097179641,0.119223973,0.052046798
GACCTTCCACGTCTAC-1,-0.143218584,-0.173714135,0.063548372,0.061878113,0.052132525
GACGACGATCCGCGTT-1,-0.463574827,-0.428215203,0.503771778,-0.156465864,-0.086201595
GACGACTTTCCAAGAA-1,0.019003965,-0.242454439,-0.042261312,0.080730179,0.126733254
GACGAGGCTAATAAAC-1,-0.152277748,-0.320102503,0.17222045,-0.006610831,0.106699078
GACGATATCACTGGGT-1,0.067341921,-0.112670386,-0.100281777,0.116129604,0.248534863
GACGCATACCCGTCGG-1,-0.153166513,-0.170821662,0.111510894,-0.044970795,0.071145573
GACGCCGTAAAGGCTA-1,-0.204142109,-0.16152007,0.147286488,0.023096925,0.076218516
GACGCCTGTTGCAGGG-1,-0.181281925,-0.329040024,0.203159348,-0.14913993,0.087692476
GACGCTTGCTTCTAAA-1,-0.303548182,-0.392166376,0.377113332,-0.109320785,0.026701708
GACGGACCGCGTTCCT-1,-0.083308292,-0.314540339,0.083405914,-0.007922811,0.183088431
GACGGGATGTCTTATG-1,0.079677106,-0.122099928,-0.116577598,0.126468904,0.040893486
GACGGGCATCGAATTT-1,-0.064327015,-0.066099569,0.046861249,0.033573374,0.087492468
GACGGGTTGGCCCGTA-1,-0.155712072,-0.197053003,0.054732464,0.100730936,0.107211356
GACGGTCAATAGAAGC-1,0.000519798,-0.229070078,0.019876217,0.015666887,0.155535011
GACGGTCCTAGGGTGT-1,-0.108705904,-0.279473723,0.172305018,-0.030819835,0.198453588
GACGTGAGACTCCATG-1,-0.094609311,-0.291275514,0.089106552,-0.019775286,0.106963128
GACGTGTAGGGATTAT-1,0.010793824,-0.259337243,-0.030911176,0.108558786,0.145267871
GACGTTCGTAAATACA-1,0.05334095,-0.16017167,-0.045321947,0.06152597,0.096422712
GACGTTGCTCGGCGGC-1,0.082408767,-0.090944666,-0.120301369,0.102395421,0.207251532
GACTAACACAGCACCT-1,0.107022565,-0.193362037,-0.120602138,0.136221262,0.054410849
GACTAAGATCATGCAC-1,0.137097007,-0.117189588,-0.183958071,0.122575511,0.191183316
GACTAAGTAGGCTCAC-1,0.153381397,-0.164816129,-0.233137338,0.199241502,0.189876998
GACTACAAAGCGGTGG-1,0.046864087,-0.095370555,-0.08211033,0.078015796,0.17357979
GACTACAATTGCTCGT-1,0.025883214,-0.181586543,-0.046475857,0.119874368,0.078923556
GACTAGGCCGTTAGGT-1,-0.218314437,-0.17798997,0.169715987,0.04176802,0.094562601
GACTCACCCACGTGAG-1,0.105796187,-0.077832379,-0.118115958,0.066491195,0.211386789
GACTCCCAGAATAAGG-1,0.056722382,-0.217110058,-0.092016511,0.123539605,0.161786948
GACTCCTTCCAATTGA-1,-0.0531009,-0.129294525,0.025272024,0.048457894,0.144031944
GACTCGCGGGAATGAC-1,0.023381865,-0.25757933,-0.036716788,0.048920052,0.139819736
GACTCGGTCGGCGGAT-1,-0.230891226,-0.391802548,0.326999004,-0.145693432,0.101793698
GACTCTAGAGTTCCAA-1,-0.166086744,-0.147458583,0.100249485,0.039901172,0.089236411
GACTGATTGGTCACAA-1,-0.133269659,-0.292079637,0.161429126,-0.05415144,0.072274399
GACTGCAAATCGAGCT-1,-0.109691827,-0.226024715,0.101962059,0.051736146,0.169349992
GACTGCACCAGCCCAG-1,0.016787375,-0.171625495,-0.009752003,0.066880948,0.226599762
GACTGCGGCACGTGTA-1,0.075236529,-0.215510185,-0.126428339,0.185002135,0.155075387
GACTGCTGGTGAGAAA-1,0.031594163,-0.113723507,-0.062321719,0.083696809,0.238107215
GACTGGGCGCCGCAAC-1,-0.001857575,-0.209925625,-0.0245905,-0.022939244,0.104876559
GACTTCAACGCATCAA-1,-0.008860429,-0.050091748,0.004669819,0.058432502,0.20357658
GACTTTCGAGCGGTTC-1,-0.021397553,-0.114798903,-0.0273336,0.059126553,0.149302165
GAGAAACTGGATCCCA-1,-0.285457209,-0.453213445,0.358326519,-0.053048421,0.057920093
GAGAACGGTTCTGACT-1,-0.007254829,-0.113034362,-0.018154309,0.046069852,0.16828947
GAGAATCTCACGATCA-1,0.125715305,-0.182378844,-0.132143787,0.124728272,0.107382001
GAGACCCTGCAACGCC-1,0.008033018,-0.202744922,-0.025244432,0.070275237,0.091848445
GAGACTGATGGGTAGA-1,0.10038482,-0.213724121,-0.162534765,0.178493871,0.218274767
GAGACTTCGCGACCGA-1,-0.07384881,-0.211562066,0.065886952,0.010888103,0.1770128
GAGAGCGCAGTCCCTG-1,0.026295893,-0.19449528,-0.054842514,0.111784815,0.102010761
GAGAGGCCTATGTGTA-1,-0.086359881,-0.261608763,0.114773314,0.025364337,0.170889518
GAGAGGGCGCGAGGTT-1,-0.230768269,-0.3353744,0.29139228,-0.110054039,0.01210909
GAGAGGTGCATTCTGG-1,0.051430577,-0.161877758,-0.060715684,0.071151702,0.215593451
GAGAGTCTCGGGAGAG-1,0.027403,-0.108628651,-0.045162425,0.061716872,0.205777736
GAGATCGATCTTACTC-1,-0.157621491,-0.084220294,0.034959618,0.067910556,0.068109033
GAGATCTGCTTGGCAT-1,-0.365868615,-0.356792492,0.35580844,-0.063734349,-0.031271768
GAGATCTGTCACTCCG-1,-0.001228503,-0.256281678,-0.022813108,0.012881303,0.119873566
GAGATCTTCCATGACA-1,0.088303247,-0.089463595,-0.121403917,0.079021666,0.218527604
GAGATGACAATCCTTA-1,-0.002809364,-0.234440634,-0.000276973,0.032812259,0.125780286
GAGATGGCTTTAATCA-1,-0.159915502,-0.220825392,0.187317401,0.007929325,0.128517193
GAGATGGGAGTCGACA-1,-0.382215849,-0.469252284,0.500529355,-0.175751356,0.059525983
GAGCACCTGTGTCCAG-1,-0.08022583,-0.12003724,0.032772684,0.055680139,0.128026427
GAGCACGGCGCCTCTT-1,0.015754921,-0.131500898,-0.012802242,0.013778333,0.158715469
GAGCATCAACAACTTG-1,0.004289304,-0.143545505,-0.062705005,0.087208214,0.123854592
GAGCATCATCCCTGGG-1,0.122417735,-0.176204334,-0.177020803,0.130986981,0.205608728
GAGCCACGGTAGTAGG-1,-0.183149536,-0.338864049,0.236955135,-0.04761556,0.127230212
GAGCCAGCTACCTGTG-1,-0.311223491,-0.372093469,0.352894644,-0.05876798,0.050274199
GAGCCGAGCGTTTATT-1,0.097522332,-0.111930983,-0.118597595,0.083172021,0.063139456
GAGCGAGGGAGTACCG-1,0.143152758,-0.093069174,-0.195389708,0.127726708,0.172982764
GAGCGCAAATACTCCG-1,-0.04748815,-0.294242909,0.073542188,0.050429055,0.064415754
GAGCGCGCACGAGTAG-1,0.085669326,-0.099311625,-0.087966931,0.088992522,0.158322903
GAGCGCTATGTCAGGC-1,0.06264713,-0.182186884,-0.084071734,0.114175765,0.083054916
GAGCGCTGTTAGGTAA-1,0.000962352,-0.116195689,-0.058688766,0.091232489,0.190068759
GAGCGGAATGCGGTGT-1,-0.215176396,-0.087632077,0.103762926,0.087393194,0.071956241
GAGCTAAGGGCATATC-1,0.027141398,-0.236798794,-0.026951969,0.00622101,0.172846235
GAGCTCAACATGAGCG-1,-0.036527768,-0.137752471,0.015822725,0.053316208,0.170720177
GAGCTCTCGGACCTAA-1,0.1163661,-0.111193882,-0.152839106,0.116338605,0.167060175
GAGCTGTCGTCTCGGA-1,0.024813977,-0.211624028,-0.003229776,0.052273782,0.086993266
GAGGAATATCTCTTTG-1,-0.043861787,-0.176633926,0.015241214,0.059018854,0.201614455
GAGGAATGGAGAGGTT-1,0.137766375,-0.175317004,-0.201281332,0.20969346,0.181575429
GAGGAGATCCTCATGC-1,0.070564298,-0.157147643,-0.083247033,-0.00332068,0.148707086
GAGGAGTAATTCCTAC-1,0.079711384,-0.099909721,-0.103151828,0.06524481,0.106619536
GAGGATAAACAGTGCT-1,-0.037808224,-0.210368673,0.072458071,-0.010855648,0.173748636
GAGGCATTTGCAGCAG-1,-0.121667194,-0.172836031,0.064080631,0.092824596,0.03815919
GAGGCCCGACTCCGCA-1,0.063597451,-0.114970379,-0.092311176,0.092611416,0.222390734
GAGGCCTGTTGATACA-1,-0.093074078,-0.229978563,0.108205842,0.021218345,0.162291083
GAGGCTATCAAAGTCG-1,0.079366509,-0.194686569,-0.128459678,0.138304019,0.171003865
GAGGGAGTCAGATCGC-1,-0.171700263,-0.087612892,0.090935171,0.06336517,0.118479096
GAGGGCATCGCGTATC-1,-0.050487063,-0.278035284,0.055768506,0.003678319,0.139072496
GAGGGCCATAATATTA-1,0.082901524,-0.184283252,-0.099689496,0.127734145,0.035070571
GAGGGCCGGCAGAGTC-1,0.087660086,-0.197708683,-0.122980591,0.151044927,0.126095606
GAGGGCGCAGCTCTGC-1,-0.044033083,-0.288319716,0.052220766,-0.019934494,0.141820928
GAGGGTAGTAACAAAG-1,-0.025118557,-0.115878672,-0.022803195,0.049394301,0.117802967
GAGGTACATCCATCTT-1,-0.144060841,-0.298029945,0.123274912,0.036710384,0.014367184
GAGGTACGCGTGTCCC-1,-0.046717945,-0.126610226,-0.001129451,0.09738056,0.173721647
GAGGTCCCAAAGATCT-1,-0.004770331,-0.256679415,-0.022393381,0.120599806,0.196432851
GAGGTCCGTTCGCTGT-1,-0.011414634,-0.131093519,-0.023863054,0.062339231,0.164439901
GAGGTCTTAGTGGGTC-1,-0.18433968,-0.32625747,0.229430482,-0.030619724,0.113382113
GAGTAAACCGGAAAGT-1,-0.023342735,-0.188156293,0.033493901,0.022078674,0.132451347
GAGTAAATTAAGAACC-1,-0.202056407,-0.367743379,0.275834738,-0.035786053,0.148670167
GAGTAAGGCCACGGGA-1,0.030842686,-0.144150364,-0.094362298,0.141208841,0.171415072
GAGTACGGGTATACAA-1,0.14312436,-0.058974026,-0.189726664,0.119564328,0.167865067
GAGTAGATACTAGTTG-1,-0.065693216,-0.088024016,0.029155004,0.044940293,0.151444668
GAGTATACCCTAATCA-1,0.052261763,-0.111232808,-0.073085035,0.094254454,0.221565093
GAGTATCAAAGTTACA-1,0.115589162,-0.167004671,-0.130820827,0.135077205,0.088034948
GAGTATGCCCGCCTTG-1,-0.04373089,-0.236738129,0.057307232,0.034045007,0.166924041
GAGTATGCGCGTGCAT-1,-0.034697524,-0.065921517,-0.016339908,0.055037116,0.119573683
GAGTCAGACCAGAATC-1,-0.056383393,-0.118857795,0.009600129,0.059218173,0.173939293
GAGTCCACCAGGTTTA-1,0.001252462,-0.125638633,-0.015821111,0.046535702,0.211358387
GAGTCCGCTTACCGGA-1,-0.348287803,-0.423673281,0.441117543,-0.148927633,0.007725817
GAGTCGACAGACCCTC-1,0.038912626,-0.170139012,-0.067279712,0.084746612,0.115743568
GAGTCTTGTAAAGGAC-1,0.036509825,-0.229367322,-0.090903022,0.16037111,0.221609244
GAGTGCACGGACAACA-1,0.063775662,-0.215720542,-0.066464408,0.138383569,0.039976626
GAGTGTCAACCAGAAA-1,0.020372618,-0.120486236,-0.031257178,0.044784496,0.175983098
GAGTGTGCGGTACCCA-1,-0.091569974,-0.307928406,0.166294637,0.008455541,0.135708189
GAGTTCTGTGGGTGCT-1,-0.020068994,-0.095532169,-0.026845208,0.061379777,0.18394446
GAGTTGATGGCAATTT-1,0.020608632,-0.098402405,-0.057330355,0.080624348,0.157295
GAGTTGTCACCAGTCT-1,-0.10380536,-0.09171979,0.033650436,0.029647055,0.11154657
GATAAATCGGTGGATG-1,0.14326737,-0.065898943,-0.188836301,0.113081798,0.168699984
GATAACTCGCACTGTG-1,0.081334741,-0.072560765,-0.085364964,0.057320488,0.174345101
GATAAGGCAGATGCAA-1,-0.32042053,-0.26316686,0.245645208,-0.030075482,-0.094190504
GATAAGGGACGATTAG-1,0.065703384,-0.182290415,-0.104383905,0.134371738,0.102217812
GATACCGTGTCGGAGT-1,-0.010163884,-0.145578619,0.020799865,-0.015731469,0.124030554
GATACGATGGGAGTCA-1,-0.004631474,-0.214028067,0.003465648,0.049577417,0.192142263
GATAGAACCCGCTAGG-1,-0.090624613,-0.136860526,0.020293683,0.092037113,0.135298149
GATAGATAGTACAGTC-1,-0.058265489,-0.149684664,0.059594086,0.047137592,0.186474821
GATAGCGTACCACGCG-1,0.064810698,-0.095013836,-0.08118704,0.052377387,0.118979707
GATAGGATTAATTACA-1,0.034141683,-0.145333632,-0.031019251,0.026589136,0.187210238
GATAGGTAACGTTGAC-1,-0.37511257,-0.372270032,0.408853092,-0.100156306,0.031270244
GATAGGTGTCCCGGGC-1,0.039268993,-0.130612346,-0.040852559,0.006808723,0.178920553
GATAGTGCGAGTAAGT-1,0.004320406,-0.113869911,-0.038185287,0.099139965,0.22983219
GATATCAAGCAGGAGC-1,-0.024971777,-0.084795298,-0.035872628,0.062514975,0.1295936
GATATCAGTATGTATC-1,0.072357094,-0.148314538,-0.096550783,0.055529405,0.108803136
GATATCTCATGCAATA-1,0.062001944,-0.176313365,-0.125034632,0.110345702,0.134280457
GATATGAGACACTAAC-1,-0.014535164,-0.21503723,0.037686702,-0.012249228,0.128998276
GATATGCGGTAGCCAA-1,-0.096420633,-0.299624707,0.107608328,-0.00065332,0.102771637
GATATGGATTACGCGG-1,0.098704574,-0.169348608,-0.124808785,0.13047081,0.131577052
GATATTGAGATTGGCG-1,-0.012533491,-0.238223029,0.025755154,0.042553399,0.117140522
GATATTTCCTACATGG-1,-0.107235321,-0.235742723,0.069949853,-0.000315295,0.046727751
GATCAACATAAAGGGA-1,-0.034476055,-0.094627906,-0.034587094,0.089591133,0.181071263
GATCATTCCAAACATT-1,0.046127204,-0.232999986,-0.097195746,0.130424276,0.203848879
GATCCCTTTATACTGC-1,0.116621471,-0.15746305,-0.183858517,0.131884857,0.163004914
GATCCGAATATAAGTG-1,-0.027198366,-0.260868112,0.052282075,0.015533154,0.153763837
GATCCGGGAATTAACA-1,-0.095819051,-0.361946918,0.132951285,-0.007234332,0.153248443
GATCCTAAATCGGGAC-1,-0.110308567,-0.267700351,0.140697505,-0.045350912,0.133900064
GATCCTCGACACTGGC-1,-0.021930014,-0.20076054,0.009048423,0.055626062,0.191734376
GATCCTCTTGCGCTTA-1,0.109155606,-0.16792712,-0.120078521,0.141004137,0.052893908
GATCGACACTATCTGA-1,0.108060168,-0.067926684,-0.154314071,0.111939671,0.167896142
GATCGCGGGCTCTCCA-1,-0.290267194,-0.486859195,0.462415287,-0.162800788,0.151595303
GATCGCTACCCGATTT-1,-0.124076657,-0.291504709,0.176262554,-0.035511782,0.140201016
GATCGCTATATCTCAG-1,0.036562219,-0.122428545,-0.073607019,0.123977492,0.249049048
GATCGCTGTGGTGCGT-1,-0.053889681,-0.106241185,-0.026217487,0.075922931,0.147057415
GATCGGATAGAACCAT-1,-0.259725131,-0.413280497,0.332003041,-0.042359663,0.101805
GATCGGCGATAAGTCG-1,0.062896963,-0.23940371,-0.086708584,0.101243232,0.21880573
GATCGGTGGCCATAAC-1,0.075872085,-0.224335209,-0.127022304,0.105880848,0.146317901
GATCGTGACTGATATC-1,-0.11146832,-0.344925315,0.147389004,-0.136711982,0.133317514
GATCTAACCGTATTCA-1,0.014503759,-0.152710273,-0.061709537,0.113184728,0.22464596
GATCTCGACGCTGTGG-1,0.009589606,-0.182745525,-0.000627942,0.046206047,0.162012258
GATCTGCTATCTAAGG-1,-0.088888958,-0.117929556,0.040564435,0.031283717,0.108666045
GATCTTCATTGTCCTC-1,0.112239589,-0.143525605,-0.140392697,0.135996389,0.208131305
GATCTTGGAGGGCATA-1,-0.251905329,-0.434921541,0.351073266,-0.211421032,0.118657166
GATCTTTGCAGGGTAT-1,-0.477606127,-0.400485563,0.436679088,-0.089722642,-0.174608298
GATCTTTGCTCAAAGA-1,0.116779939,-0.144612171,-0.144361791,0.143628241,0.128421135
GATGACAAGTAGGGCA-1,0.015710665,-0.129719755,-0.041362857,0.06104138,0.207522973
GATGACGATGATCGCG-1,-0.025033462,-0.23312068,0.03966649,0.085900145,0.053959566
GATGAGGAACCTTCGG-1,-0.003804751,-0.110042657,-0.020421105,0.054530268,0.185721775
GATGATTTGAAACTGG-1,-0.218037958,-0.277614047,0.231388481,-0.038908128,0.066943846
GATGCCACACTACAGC-1,-0.046883686,-0.153642956,0.034407916,0.039359382,0.123980918
GATGCCAGCAGAAGGC-1,0.018618295,-0.248712395,-0.068033505,0.140251687,0.17313292
GATGCCTTCTGCGGCA-1,-0.041800712,-0.090029783,0.013001817,0.025023831,0.164030305
GATGCGAATGGTATTA-1,0.069595971,-0.206673729,-0.102075538,0.130021227,0.147943333
GATGCGTCCTGCATTC-1,-0.323403789,-0.376647807,0.395924673,-0.117459217,0.045752507
GATGCTACAAGCGCCT-1,0.116644231,-0.131641123,-0.160041866,0.120952716,0.169641545
GATGCTACCTTCGATG-1,-0.114341572,-0.115915999,0.050430008,0.074062131,0.129103316
GATGCTGTATTTCATC-1,-0.006122932,-0.167236784,0.001926949,0.068856107,0.205915982
GATGGCGCACACATTA-1,0.112677435,-0.198002784,-0.16791221,0.148904865,0.209358783
GATGGTGAAATAACCC-1,-0.01194576,-0.256182351,-0.020009137,0.079812188,0.11600276
GATGGTGCCCTAGGCA-1,0.1148687,-0.137671821,-0.14158934,0.135561334,0.087652943
GATGTAACGAACCACC-1,0.041331914,-0.108628972,-0.080095321,0.090681591,0.185236624
GATGTCCGGATCACAT-1,0.094566184,-0.156884308,-0.105442157,0.114691352,0.073802373
GATGTCGGTCAACTGC-1,-0.348743466,-0.40198102,0.447226374,-0.140002055,0.044539068
GATGTGTTGTCACAAG-1,0.133125074,-0.098018383,-0.176380569,0.155820667,0.047180955
GATGTTCAATCCACGA-1,-0.060528109,-0.226972699,0.060759567,0.034661234,0.158088979
GATGTTTGTGCGAGAT-1,0.100563375,-0.126892236,-0.160483855,0.108471183,0.197836017
GATTAACCGAAAGCCC-1,-0.303511239,-0.449810423,0.410528594,-0.180184052,0.09248318
GATTAATCCTGGCTCA-1,0.049128374,-0.115586846,-0.086222689,0.076208866,0.158651991
GATTACTGAATTTGGG-1,-0.023758633,-0.177221265,0.011058196,0.035327147,0.162107985
GATTAGAAACAAGCGT-1,-0.084283016,-0.172671429,0.049653308,0.062530766,0.158904007
GATTATCTTGCATTAT-1,0.027292692,-0.069910152,-0.044292119,0.080586167,0.211361127
GATTCCCTTGTCGCAG-1,0.048818133,-0.237246219,-0.070876358,0.149401964,0.162422846
GATTCCGCGTTTCCGT-1,-0.037508401,-0.263346853,0.01833843,0.084230493,0.120180964
GATTCCTATACGGCGC-1,-0.011112335,-0.23643791,-0.065577287,0.07908595,0.148220155
GATTCGACGGTTCACG-1,-0.131035527,-0.300798599,0.134850257,-0.079571572,0.134994788
GATTCTGTTAATGAGT-1,0.047734672,-0.123227067,-0.057897315,0.09157488,0.271068918
GATTGACACTCTGCTC-1,-0.242912765,-0.362583504,0.272235831,-0.0787587,0.065526025
GATTGCTCCAGTTGCA-1,-0.107703855,-0.069265088,0.027898503,0.040541282,0.080848982
GATTGGGAAAGGTTGT-1,0.037260167,-0.11542196,-0.066753708,0.088386784,0.212617954
GATTTAGTGCGTACTG-1,0.107626571,-0.132154354,-0.134453798,0.162866601,0.020914751
GATTTGCGCTAACACC-1,-0.019703468,-0.116268479,-0.023280839,0.045892784,0.145303153
GCAAACCCTACATTAT-1,-0.163370597,-0.294248203,0.221028133,-0.062103873,0.136321321
GCAAACCTTGGCCATA-1,-0.210232693,-0.181894913,0.133224358,0.063692412,0.074761042
GCAAACGTAAGCGACC-1,0.027157013,-0.12569365,-0.066827816,0.064084411,0.204018519
GCAAACGTCGCCAGGT-1,-0.005266487,-0.238030745,0.048464596,0.00794505,0.211643814
GCAAAGGGCGTTAGCC-1,0.005060468,-0.073103696,-0.050551274,0.081395051,0.155174624
GCAAATATTACGCTTT-1,-0.096934457,-0.333734044,0.102434536,-0.033452311,0.067046922
GCAAATGAGGACACTT-1,-0.03776996,-0.153343135,-0.00438481,0.068423895,0.144232822
GCAACACACTAGAACT-1,0.088870227,-0.140644124,-0.148792,0.166282793,0.270065481
GCAACAGCAGTATGCG-1,-0.032197767,-0.221368845,0.085358471,-0.029584607,0.193633882
GCAACCACCAGACCGG-1,-0.358689288,-0.41995157,0.409728574,-0.095767258,-0.013221524
GCAACCACGGCCGCGT-1,0.010916984,-0.192101308,-0.035927695,0.076723946,0.194332212
GCAACCCAAGTTGTTT-1,0.123980607,-0.149842909,-0.14287346,0.142968583,0.079839057
GCAACGGCTAGTTATG-1,0.10060922,-0.052881556,-0.119351655,0.056184002,0.177712332
GCAAGAATTCCTTGGC-1,0.015727978,-0.186917778,-0.067062238,0.14460663,0.186468161
GCAAGATGTGTTCGCG-1,-0.160279695,-0.338621677,0.204475397,-0.03396907,0.094978949
GCAAGCTGGAAACCGC-1,-0.004341533,-0.05777471,-0.056306954,0.11387768,0.156136294
GCAAGTGCACAGAGAA-1,0.116776351,-0.19762718,-0.183212003,0.177256115,0.215774864
GCAAGTGTAAAGCATG-1,-0.047219731,-0.11027557,-0.006256779,0.076097666,0.169867972
GCAATTAGTCGCACCG-1,-0.227629616,-0.354814766,0.255405791,-0.035129315,0.03147714
GCACAAACCCTAGATG-1,-0.081519899,-0.077075094,0.027189768,0.065132889,0.151541158
GCACAAACGAGGCGTG-1,0.00713155,-0.200371116,-0.002326415,0.040588941,0.163327046
GCACAACCTCGGGCGT-1,-0.095967615,-0.118886697,0.031717934,0.036341182,0.103743007
GCACAAGTGGATCATA-1,0.083687484,-0.166113591,-0.106329379,0.073614383,0.161380987
GCACAAGTGTCGGAAG-1,-0.18131683,-0.382115951,0.247764293,-0.038380247,0.131730164
GCACACACTGGTAGCC-1,-0.191065476,-0.340049872,0.201511102,-0.031530557,0.119885789
GCACACAGCTATTACC-1,-0.079878366,-0.146363184,0.038336511,0.065167281,0.138121512
GCACACGCCCATGGTC-1,0.070834765,-0.182164116,-0.072529687,0.126523824,0.05227
GCACAGCACGGGCCGA-1,-0.099091885,-0.15038649,0.031784259,0.083565728,0.130958204
GCACCTAGGCGAGTCC-1,0.022685377,-0.070784427,-0.032551309,0.063216791,0.261409075
GCACCTTCCCGAAGGT-1,-0.18355672,-0.271418116,0.2089186,-0.040301022,0.107034044
GCACGCCGATTCCCGC-1,-0.11997653,-0.092561348,0.043435024,0.057197481,0.091433171
GCACGCCTACTTAGAT-1,-0.047421285,-0.190282275,0.047377945,0.039134766,0.176508555
GCACGTGGTTTACTTA-1,-0.050156002,-0.18073605,0.047203873,0.037062272,0.185267519
GCACTAGTCGCGCTAT-1,0.150653917,-0.109090642,-0.207293483,0.137123965,0.199704134
GCACTCCCACAGTCCC-1,0.032334672,-0.158723533,-0.047490813,0.048735543,0.146222945
GCACTGCCTACCTTTA-1,0.002110762,-0.086614902,-0.028270426,0.0529457,0.178215908
GCACTGTGCAAATGTA-1,0.012293945,-0.172705835,0.009463003,0.016201609,0.181066062
GCAGAAACGTAATCCA-1,0.131411312,-0.16717431,-0.185180559,0.181457291,0.104009928
GCAGAAGGTAATCTCC-1,0.023291444,-0.180428335,-0.027185037,0.048505564,0.136396704
GCAGACCCAGCACGTA-1,0.097839784,-0.027506097,-0.112763106,0.055642988,0.197121063
GCAGATCCATAAGACT-1,0.028727712,-0.179545671,-0.035546824,0.07913848,0.210948099
GCAGATCCTCGCAAAT-1,0.059678766,-0.220883042,-0.115054312,0.113411845,0.165951337
GCAGATTAGGGATATC-1,-0.006919126,-0.193132282,-0.010573033,0.071644683,0.057842399
GCAGCACACAGCCCAG-1,-0.187409538,-0.344804558,0.251790658,-0.071092669,0.10241998
GCAGCCTATATCACAT-1,-0.168834634,-0.309189242,0.204616464,-0.094538991,0.106382127
GCAGCGGTGGGCATTA-1,-0.038428703,-0.23695984,0.057154243,-0.050827218,0.105213073
GCAGCTATGGACAGGT-1,0.078804573,-0.111846486,-0.100816218,0.114935135,0.053909655
GCAGCTGTCAACGCAT-1,0.089648543,-0.050220934,-0.114797173,0.08493821,0.217209609
GCAGGAACTTAGATCT-1,-0.028971117,-0.072249409,-0.031814187,0.069113951,0.162292628
GCAGGACTATAGAATA-1,-0.303595657,-0.293412511,0.275923141,-0.059427798,-0.031247189
GCAGGTAGAGTATGGT-1,-0.471495137,-0.256081899,0.329306937,-0.00847871,-0.256411126
GCAGTGCGGGCGGATG-1,0.121519845,-0.161574837,-0.145557269,0.155411955,0.072915092
GCAGTGTGGCTATAGG-1,0.057305245,-0.112992176,-0.076361504,0.076717634,0.209867994
GCAGTTCGATCCGAGC-1,0.043693478,-0.21578053,-0.046339847,0.067273431,0.185553755
GCATAAATTGAACGCC-1,0.106074774,-0.108255393,-0.130302148,0.113488837,0.118980523
GCATACGAGGTCTTTA-1,-0.206071497,-0.421837783,0.295358579,-0.031821984,0.122222716
GCATAGAGCACTCAGG-1,-0.097230037,-0.265632699,0.103731328,-0.013219581,0.052488665
GCATCCCTAACTTTGA-1,0.134738818,-0.072810274,-0.179669853,0.112314092,0.166962642
GCATCCTCTCCTATTA-1,-0.003253552,-0.221897926,-0.010446595,0.009080662,0.12476277
GCATCGGCCGTGTAGG-1,0.018386222,-0.152724695,-0.024657259,0.045470649,0.118812189
GCATGACACAAAGGAA-1,0.020495949,-0.111439892,-0.023604325,0.030756795,0.034191791
GCATGAGGGACGCGGC-1,-0.008159264,-0.233510085,0.027836603,0.024493099,0.185992501
GCATGCTAATAACGAT-1,0.111145057,-0.029745942,-0.157593713,0.10448283,0.175831995
GCATGGGTACTGACGC-1,-0.056234056,-0.248869257,0.076773734,0.03835505,0.170670532
GCATTCAAGGCAACGC-1,0.027488292,-0.23058848,-0.036940276,0.046467894,0.130641682
GCATTCGAAATGAACA-1,0.040163063,-0.231482762,-0.031770228,0.108837787,0.12262291
GCATTGACTTGCGGAA-1,0.056859837,-0.143911289,-0.111656291,0.159831458,0.241120741
GCATTGTAATTCATAT-1,-0.467612441,-0.411703799,0.486541337,-0.118743637,-0.084593942
GCATTTCCAAGGCTCC-1,-0.027392085,-0.260509673,0.04317187,-0.002698226,0.135565937
GCCAACCATTTCCGGA-1,0.031380653,-0.204990585,-0.081201076,0.136108069,0.104738485
GCCAAGAATACTTCTG-1,0.037827819,-0.169193117,-0.089930104,0.142665118,0.199561767
GCCAATAGGGCATCTC-1,0.026372327,-0.216718184,-0.053651185,0.119186382,0.116143301
GCCACAATTTAAGGAC-1,-0.139469653,-0.274738717,0.143910989,-0.012672909,0.153206442
GCCACCCATTCCACTT-1,0.13544084,-0.108286874,-0.175169863,0.148467343,0.08487853
GCCACTCAGAGCGCGA-1,-0.150443546,-0.307595063,0.198935894,-0.029593264,0.124361849
GCCACTCCTTACGGTA-1,0.003447294,-0.232536561,-0.005248816,0.089000041,0.10826641
GCCAGGAAAGAACACT-1,-0.029518207,-0.175295344,-0.033166944,0.111300232,0.214584003
GCCAGGAGTAACCGAT-1,-0.036870386,-0.249633666,0.000764774,0.036640383,0.099027935
GCCAGGCGTTCGCATG-1,0.108858395,-0.232308441,-0.112083422,0.102695745,0.124393217
GCCAGGCTTAGTGGTA-1,0.118295798,-0.159965606,-0.148589498,0.14116192,0.063170939
GCCATATTGCACACAG-1,0.000244102,-0.261069382,-0.043403093,0.11033715,0.080381101
GCCATCGAGCTGCGTG-1,-0.03836154,-0.198371312,0.056194059,0.014287289,0.198402733
GCCATCGATGCTGCAT-1,-0.024372226,-0.226481185,0.060022814,0.030415493,0.166184085
GCCATTAGCCTCAAAC-1,-0.121363279,-0.159394343,0.088611287,0.040108975,0.127731253
GCCCACCAAGGCTGTC-1,0.015834251,-0.206569729,-0.046652378,0.081705003,0.158334085
GCCCACTGGTCCACAA-1,0.091142588,-0.174730796,-0.141900916,0.165215822,0.113452454
GCCCAGATGCTGGAGA-1,-0.00347765,-0.16103476,0.006931417,0.005860021,0.133916219
GCCCAGTTGGTATGCC-1,0.123087877,-0.113714602,-0.156649151,0.124279169,0.185110726
GCCCATGGGTGCAATG-1,-0.064212351,-0.275672506,0.053211509,0.04035123,0.049668059
GCCCGACTTCTTCCCG-1,-0.061027786,-0.198169728,0.064094626,0.03267622,0.15037439
GCCCGAGAGTCTAAAT-1,-0.080967337,-0.122014343,0.041808141,0.022902772,0.159357835
GCCCGATCTGTGGTCG-1,-0.212033473,-0.318094957,0.267853842,-0.175571384,0.12455172
GCCCGATGCCCAGTTC-1,-0.015918872,-0.188363152,0.024424888,0.064132734,0.235002338
GCCCGCGCGTAAACGG-1,-0.15894018,-0.279987709,0.155161421,0.052418851,0.159132145
GCCCGCGCGTTTGACA-1,0.140302808,-0.126116506,-0.186822573,0.132723028,0.192175967
GCCCGTAATACCTTCT-1,-0.082149656,-0.302699183,0.099469524,-0.051412955,0.096627463
GCCCGTCAAGCCCAAT-1,-0.109421036,-0.148494741,0.115869727,-0.002087789,0.082403283
GCCCGTTCACACAATT-1,0.051536154,-0.125056132,-0.095482231,0.07347965,0.111504065
GCCCTAAGTGCAGGAT-1,-0.031934191,-0.084779659,-0.023570925,0.062504487,0.156313113
GCCCTAGCCGTCGCGA-1,-0.056858668,-0.199702946,0.052548627,0.026308108,0.161124134
GCCCTGAGGATGGGCT-1,-0.08397928,-0.143354769,0.039869528,0.048122333,0.110125673
GCCGAAATTCCTACGT-1,-0.229598797,-0.380989462,0.232329849,-0.092183449,0.030952249
GCCGACCCACGACTGC-1,-0.105163645,-0.093382002,0.034714899,0.057301423,0.123913585
GCCGATTGGCCAAGCT-1,0.106018084,-0.150296783,-0.119276004,0.018608258,0.186239168
GCCGCACTCCGTTTCA-1,0.024713,-0.143765517,-0.030893131,0.02908226,0.155991188
GCCGCATTAGTCCGGC-1,-0.161432438,-0.361722552,0.236019145,-0.02918763,0.118455794
GCCGCTAGATACGCAG-1,-0.188159475,-0.29357343,0.209266914,0.000438269,0.091084381
GCCGCTTGTGAGAAAC-1,-0.322946654,-0.311910654,0.279492068,-0.062846434,-0.102121668
GCCGGAAACACATCTT-1,-0.017643483,-0.176717295,-0.028629358,0.070056195,0.125862441
GCCGGGTTAGGGTCGC-1,0.031527947,-0.248681547,-0.040033049,-0.080193495,0.05854279
GCCGGTCGTATCTCTC-1,-0.232491047,-0.116429758,0.151037784,0.020257818,0.059236435
GCCGGTTTGGGCGGAT-1,-0.071706979,-0.253677942,0.102422405,-0.015185567,0.109059699
GCCGTCGGTTTCGGGC-1,-0.008804193,-0.129439991,-0.022861207,0.075670663,0.187249827
GCCGTGGAAGAAATGT-1,0.009437086,-0.142720848,0.001546317,0.00286389,0.158097995
GCCTACGTTCTGTGCA-1,-0.032487301,-0.111190865,0.000384492,0.053105635,0.223376203
GCCTAGCGATCTGACC-1,0.100801052,-0.170237158,-0.173003161,0.14951803,0.174859414
GCCTATAGTGTCAGGG-1,-0.1246975,-0.313030481,0.129184208,-0.051799048,0.091739332
GCCTATCAGGTAAGAT-1,0.106919238,-0.177290695,-0.13292356,0.162886755,0.059189831
GCCTATGCTGGGCCTT-1,0.044654959,-0.220153241,-0.031627516,0.109440884,0.037545574
GCCTATTCCGATATAG-1,-0.095706612,-0.295361462,0.104216542,0.049922892,0.149685066
GCCTATTTGCTACACA-1,-0.191369281,-0.419192224,0.273236795,-0.062862938,0.132589461
GCCTCATCTGGAAATA-1,0.077299509,-0.086683594,-0.076586735,0.046905684,0.194952385
GCCTCCGACAATTCAC-1,-0.212210326,-0.317248341,0.274583879,-0.103399285,0.09168014
GCCTCTATACATAGCA-1,-0.224039054,-0.326310769,0.285125799,-0.182926459,0.114006913
GCCTGCTACACTGAGA-1,-0.251976946,-0.402149681,0.33850267,-0.123958385,0.066277954
GCCTGTCCCGGTGCAT-1,-0.160254873,-0.133209877,0.079801105,0.076557579,0.089454389
GCCTTCAGCCCTACCG-1,0.125771287,-0.103540264,-0.183627788,0.123306835,0.145332907
GCCTTGTATATGCAGT-1,0.055374312,-0.21000747,-0.068039825,0.100294067,0.185765915
GCCTTTGTCAGTGGAC-1,-0.122878076,-0.111709212,0.063517044,0.016471367,0.114191885
GCGAAACGATCGGGAG-1,-0.205842206,-0.367144772,0.281510025,-0.073172237,0.125250644
GCGAAACTTAACTGGA-1,0.110008593,-0.126183307,-0.13744851,0.114847959,0.158951215
GCGAAGAATCTGACGG-1,0.012698943,-0.098696313,-0.047622502,0.089470704,0.197498898
GCGAAGCCATACCCGT-1,-0.054307709,-0.261447793,0.053811989,-0.080379465,0.17349446
GCGAATGGACTAGCGA-1,-0.011669321,-0.141326115,-0.042262132,0.109541602,0.190307103
GCGACATGTAAACATC-1,0.039220291,-0.166395851,-0.021373057,0.044773436,0.235463301
GCGACCCAACCATCTG-1,-0.03271668,-0.118072227,-0.008136683,0.079511649,0.192182702
GCGACGATAGTTGTAC-1,-0.313274109,-0.328031689,0.365452999,-0.148598385,0.043018063
GCGACGGTAGTCTCCT-1,0.048480684,-0.097901237,-0.078283352,0.063635205,0.196599426
GCGAGAAACGGGAGTT-1,0.117714938,-0.137053581,-0.163610913,0.094592026,0.18990099
GCGAGAGGCCATGTAA-1,0.022810639,-0.203698548,-0.020853871,0.086149631,0.10343538
GCGAGAGTTGCGTCCA-1,-0.133416929,-0.324641823,0.206916717,-0.063011075,0.150387657
GCGAGCGCATGCTCCC-1,-0.023190813,-0.204859351,0.065447218,-0.006048652,0.195499606
GCGAGGCCCGAGCAGA-1,-0.201860101,-0.382273608,0.28531897,-0.108276317,0.110384475
GCGAGGGACTGCTAGA-1,0.035131225,-0.220219424,-0.050279147,0.068068682,0.126376896
GCGAGTTCTGCAAAGA-1,-0.100866362,-0.27384015,0.119243367,-0.147376561,0.136483214
GCGATGTCTGTGCTTG-1,-0.16468085,-0.325271203,0.180828134,-0.062001764,0.057960069
GCGATTCTGGAAGCAG-1,-0.421913975,-0.332161546,0.418039249,-0.127046193,-0.04793641
GCGATTGTTAACGTTA-1,0.017458564,-0.220972922,-0.025093929,0.013854124,0.152207578
GCGCAAATATATTCAA-1,-0.045701126,-0.109846271,0.008942013,0.056406238,0.181596507
GCGCAAGAGCGCGCTG-1,0.044820251,-0.086560339,-0.020439067,0.025749314,0.189974298
GCGCATCCAGTCAGCA-1,-0.007964435,-0.242417062,0.003313947,0.029083176,0.131508575
GCGCCGTTCCACGATA-1,-0.06488308,-0.25141104,0.054019278,-0.138816964,0.096773051
GCGCCTCCCACTCCGA-1,0.098078537,-0.158830186,-0.106135801,0.113156253,0.133820616
GCGCGATGGGTCAAGT-1,0.075934078,-0.163759458,-0.103318852,0.088818427,0.146377058
GCGCGGTCTAGTAACT-1,-0.134733915,-0.141088168,0.110993802,0.020180802,0.124622848
GCGCGTCATTGGTACA-1,-0.039767817,-0.193567936,0.038279447,0.044065069,0.189253189
GCGCGTTTAAATCGTA-1,0.02166943,-0.228344134,-0.05423503,0.080461887,0.101665117
GCGCTAAGTATGCATG-1,-0.184869314,-0.394472321,0.262440776,-0.24078216,0.151830414
GCGCTAATTGAATAGA-1,-0.175805516,-0.405011943,0.259633783,-0.122711784,0.147887418
GCGCTATGCCGAGGCA-1,-0.125850105,-0.239119425,0.135012984,0.005747052,0.122483022
GCGCTCGATCACCTGT-1,-0.047180031,-0.236398847,0.054474572,-0.019991545,0.14046455
GCGCTGATCCAGACTC-1,-0.210331632,-0.338611105,0.121192744,0.045582541,-0.020374223
GCGCTGCTTTGCATTT-1,-0.099574068,-0.289264161,0.115079402,0.005693654,0.146156442
GCGCTGGCGGAAAGTC-1,0.125266917,-0.14380336,-0.156318487,0.152591746,0.043467721
GCGCTTAAATAATTGG-1,-0.057418234,-0.158386001,0.009690312,0.070712543,0.154255244
GCGGACCGCGTTGTGG-1,-0.030724602,-0.21590308,0.014629376,0.056202875,0.173120249
GCGGAGAAACTTCGCA-1,-0.085905805,-0.157077977,0.057617468,0.036302786,0.143085903
GCGGAGAGGGAGAACG-1,0.070271519,-0.112311304,-0.096054066,0.070784259,0.211385198
GCGGATTACTTGTTCT-1,0.006523757,-0.169940999,-0.009400868,0.08588989,0.085263105
GCGGCAAAGTATTGCC-1,-0.011998879,-0.14439732,0.012179649,0.03993101,0.206768109
GCGGCTCTGACGTACC-1,-0.34170141,-0.39696418,0.374105365,-0.103142175,-0.035828333
GCGGCTTTAGCAAGTT-1,-0.085624503,-0.167311191,0.066416041,0.040428376,0.129826316
GCGGGAACCAGGCCCT-1,0.056162774,-0.152460817,-0.101298989,0.084778936,0.156659472
GCGGGCAGACGGGTGA-1,0.045545312,-0.121653212,-0.075797121,0.087511536,0.206492258
GCGGGCATTACGATGC-1,-0.28231005,-0.398413292,0.333577601,-0.064797912,0.077345349
GCGGGCGAGCCTTACC-1,-0.018652248,-0.12213736,-0.0224588,0.080184594,0.185285253
GCGGTAACCCAAATGA-1,-0.27407737,-0.413675591,0.388745617,-0.098200656,0.069076589
GCGGTCCCGGTGAAGG-1,0.021168708,-0.250766889,-0.038257068,0.125479322,0.046752469
GCGGTCCCTAGACGCA-1,0.14917991,-0.136036603,-0.199650324,0.116907114,0.181128567
GCGGTCTTGCTTTCAC-1,-0.0538899,-0.077593316,0.01317284,0.055849181,0.1896919
GCGGTGAACTGCGCTC-1,-0.195858513,-0.327193378,0.168714109,-0.009742318,-0.018410104
GCGGTGCGGAGCATCG-1,0.077434883,-0.148909625,-0.095764967,0.078645217,0.187620591
GCGGTTCCCTATCATG-1,-0.082825965,-0.227673419,0.118526414,0.015265276,0.164261632
GCGTAAATGGCCATAA-1,-0.155834292,-0.309738989,0.24753265,-0.109920028,0.163333833
GCGTCCAGCTCGTGGC-1,0.015995703,-0.132605766,-0.03603456,0.056005149,0.132972779
GCGTCCCTAAGACATA-1,-0.160696022,-0.072214632,0.059346906,0.069758594,0.112499458
GCGTCGAAATGTCGGT-1,-0.138784314,-0.320462634,0.082331081,0.001117644,0.043111391
GCGTCGCCAGGGTGAT-1,-0.238225192,-0.227614737,0.214717413,-0.032849879,0.066661559
GCGTCGTAACATGGTC-1,0.035169097,-0.075451561,-0.09268551,0.094542621,0.183269835
GCGTCTAACCTCCTAA-1,-0.355249139,-0.397066139,0.423235266,-0.149001935,0.003426122
GCGTCTCTGCATTGGG-1,-0.242247567,-0.335558696,0.276748187,-0.0392108,0.06984277
GCGTGGTACTGGGTTA-1,-0.057774067,-0.184495904,0.059071207,-0.015988259,0.119731487
GCGTGTATGTCGTATT-1,-0.082579802,-0.213195624,0.035780859,-0.035334042,0.093448479
GCGTTATATTTGGAAC-1,0.049806068,-0.221801196,-0.068805243,0.117051954,0.072141651
GCGTTCGGAGACCGGG-1,0.031868527,-0.201157727,-0.054265232,0.084287041,0.081693857
GCGTTCTGACTAAGCG-1,0.093309897,-0.179588334,-0.132366285,0.145229773,0.036445893
GCTAAACCTGAGGTGA-1,0.039268755,-0.286806376,-0.078760177,0.126425876,0.165661712
GCTAACTGAAGTCTGA-1,0.091129445,-0.077624221,-0.122357798,0.080039611,0.232545025
GCTAAGCCCAGTATGC-1,0.027175583,-0.060797387,-0.067650814,0.061500016,0.118332699
GCTAAGTAAAGGCGAT-1,0.03756076,-0.215932883,-0.047156854,0.075801508,0.133672243
GCTAAGTAGTTTCTCT-1,-0.051732099,-0.257074855,0.054030694,0.004930028,0.13604251
GCTAATACCGAATGCC-1,0.102477844,-0.117945414,-0.15802866,0.13860453,0.155310117
GCTACAATCGAGGATA-1,-0.182488656,-0.293102263,0.216491135,-0.05990296,0.140574231
GCTACACTGTCCGAAC-1,0.10905965,-0.131824409,-0.138088836,0.146916976,0.025186014
GCTACAGTACGGACCG-1,-0.287794877,-0.417998028,0.354468047,-0.057037201,0.067047949
GCTACGACTTATTGGG-1,-0.18960215,-0.390986319,0.248788058,-0.094256368,0.088975922
GCTACTATAGTAGAGT-1,0.045646978,-0.098662954,-0.069394927,0.090546244,0.190439136
GCTAGACCGTCTACTG-1,0.042553427,-0.144140858,-0.014213853,0.034716287,0.211823257
GCTAGAGTAGAGATGT-1,-0.238165302,-0.342218798,0.235131708,-0.015542153,0.06304217
GCTAGCAACGCACCTA-1,-0.006049713,-0.187429801,-0.011834571,0.087768542,0.208948308
GCTAGCACCTGGGCCA-1,0.018884643,-0.132045818,-0.027011928,-0.015237156,0.135738268
GCTAGCAGGGAGTGGG-1,-0.066660723,-0.238421548,0.084225021,-0.1231615,0.11540973
GCTAGCGATAGGTCTT-1,-0.015809156,-0.089353853,-0.046465181,0.07268621,0.114447075
GCTAGCTTGAATAGCT-1,0.009305457,-0.172754681,-0.016360408,0.050718109,0.211910717
GCTAGGCACCACGGAG-1,-0.491314822,-0.358908106,0.498623192,-0.155733043,-0.092096222
GCTAGTAGAGCTTGTA-1,0.057873991,-0.14597148,-0.05840678,0.017490779,0.124023234
GCTAGTTTCATTGAGG-1,0.085210762,-0.187637717,-0.112666373,0.11628192,0.184439761
GCTATAAGGGCCAGGA-1,-0.040856763,-0.087584558,0.007061535,-0.001235363,0.083693039
GCTATACGTCTCGGAC-1,-0.035709259,-0.222854928,0.05701706,0.072122794,0.118590339
GCTATCATACTCATGG-1,-0.317568829,-0.41597073,0.424546173,-0.136158519,0.040211757
GCTATCGCGGCGCAAC-1,0.124416142,-0.178869935,-0.196344629,0.172555108,0.222327462
GCTATGCCAGCTTATG-1,0.012619083,-0.222262248,-0.05604541,0.149019522,0.187873214
GCTCAACCTCTTAGAG-1,0.111096414,-0.177195413,-0.147991038,0.126380338,0.183218846
GCTCAATCCGTTTATT-1,-0.040225975,-0.14995187,-0.013551464,0.094148512,0.167531115
GCTCAATGTAATACCG-1,-0.251484306,-0.153365662,0.182656668,-0.002513209,0.016410329
GCTCATTACTGCATGT-1,-0.357637453,-0.519127281,0.487085805,-0.125896316,0.080306579
GCTCATTGATCATATC-1,-0.023236138,-0.100062911,-0.005234219,0.027132291,0.16017842
GCTCCATGAGTGCAGA-1,0.119857684,-0.152023221,-0.150074634,0.161540376,0.042284712
GCTCCATGCAAAGCAA-1,-0.264039559,-0.146090754,0.165400284,0.030902653,0.000682397
GCTCCCAGTCGGTCCA-1,0.099958126,-0.075528352,-0.105738861,0.064243925,0.209372276
GCTCCGCTCGCTTCAG-1,0.076983039,-0.072195308,-0.07880161,0.030831414,0.183420659
GCTCCGGACGTTGATA-1,-0.105234072,-0.313423953,0.108186087,-0.050616626,0.109679375
GCTCCTGACATACTGG-1,-0.101886074,-0.162607054,0.063047798,0.04517356,0.147506661
GCTCGCGGTTCCGCTC-1,0.123367718,-0.204627616,-0.168233426,0.1992179,0.099379862
GCTCGCTCATGTCCAA-1,0.026797215,-0.12250239,-0.00891463,0.034020821,0.187626746
GCTCGGAATTTAAAGC-1,-0.054234514,-0.282666461,0.042320707,-0.031637193,0.125565845
GCTCTAAACCCTGACG-1,-0.093208042,-0.342803659,0.150041172,-0.00151658,0.190869678
GCTCTATGTTACGTGC-1,0.087593717,-0.146026485,-0.144251986,0.15846594,0.206890708
GCTCTCGGGTACCGAA-1,-0.115486714,-0.330702575,0.09732289,0.038130911,0.123002122
GCTCTTTCCGCTAGTG-1,-0.164319715,-0.150303006,0.099244958,0.045090305,0.076419392
GCTGAACTCTCCAGGG-1,-0.002054295,-0.147417015,0.004956163,0.010684295,0.157144431
GCTGAAGGGTTCTTGG-1,-0.031388098,-0.145594047,-0.03684786,0.104707834,0.171560874
GCTGAATCTTCCAATC-1,0.00811539,-0.154683121,-0.036885255,0.073094866,0.202355174
GCTGAGCAACGGTTCT-1,0.018298357,-0.185947187,-0.020634422,0.060350426,0.177287613
GCTGAGGCGTGAGTAT-1,0.073425105,-0.123646048,-0.080909224,0.019641616,0.108909426
GCTGCACGGTTTCTTA-1,-0.044634563,-0.271738292,0.043057513,0.061868485,0.173478905
GCTGCGAAGAATTATT-1,-0.030742246,-0.131272032,-0.004727482,0.058207353,0.177800428
GCTGCGCCTCCCACGT-1,-0.053840055,-0.24356566,0.069249265,-0.008048213,0.163800082
GCTGCTAAGTAGTCGA-1,-0.211460475,-0.13855681,0.134050305,0.033947066,0.058522315
GCTGCTACTGCGTAGC-1,-0.30659076,-0.340239498,0.332454973,-0.11826874,0.027144901
GCTGCTCTCCGGACAC-1,-0.205957271,-0.384113534,0.247902575,-0.151450574,0.101773838
GCTGGACCCAAAGTGG-1,0.068084648,-0.162255166,-0.08443728,0.085244562,0.065791203
GCTGGCAGGTGCCGTG-1,0.064846362,-0.191987555,-0.073788087,0.085513055,0.177778248
GCTGGCATATTCACCT-1,0.099034316,-0.237150591,-0.135408105,0.172155966,0.168047342
GCTGGCGGCGCATGCT-1,-0.254869275,-0.242461351,0.23944321,-0.036555871,0.073765659
GCTGGGAGCGCGTCAA-1,0.058580145,-0.099720424,-0.094825322,0.079920913,0.205663839
GCTGGGTCCGCTGTTA-1,-0.007555535,-0.262508259,0.000970434,0.032423252,0.08229176
GCTGGTGACTCGTAGT-1,0.075777073,-0.175670989,-0.103777169,0.137916742,0.077455005
GCTGGTTTAGGCCATA-1,-0.01928533,-0.092725365,-0.012582842,0.04953403,0.174436586
GCTGTATTACTGGCCC-1,-0.098631444,-0.225102124,0.049984029,0.093345828,0.186030981
GCTGTCTGTGATCGAC-1,-0.12579346,-0.317626231,0.156141337,0.034065198,0.124924639
GCTGTTGCTACCGAAC-1,0.074044342,-0.080921519,-0.073852271,0.055332101,0.17811567
GCTTAATGTAACTAAC-1,0.091284399,-0.127829526,-0.099679585,0.109083627,0.103339613
GCTTACGTAGTTAGTA-1,-0.166155954,-0.273059558,0.20672944,-0.103090265,0.101886284
GCTTAGGGAAGCGGTA-1,0.105847286,-0.155529567,-0.126951944,0.147241269,0.066709132
GCTTATGAAGCAGGAA-1,-0.056693106,-0.182777075,0.07046224,-0.086058153,0.112385927
GCTTCAGTGGGATTAC-1,-0.168685898,-0.339312828,0.268678108,-0.111849532,0.144083738
GCTTCCAGCTTAGATT-1,-0.073402374,-0.268789479,0.115945407,-0.028172675,0.130449826
GCTTCCATGTAACCGC-1,0.006242584,-0.12668818,-0.005453409,0.051706678,0.210372169
GCTTCCCGTAAGCTCC-1,-0.027276073,-0.129438018,-0.019313516,0.083986186,0.175192975
GCTTCCGTCCCTAGAC-1,-0.009299602,-0.234366671,-0.023200035,-0.045076673,0.146235688
GCTTCGACGTTCAATC-1,-0.117558021,-0.115046714,0.025243361,0.074634813,0.076581965
GCTTGAGTGACCTCTG-1,-0.104488859,-0.200367973,0.109944172,0.02443296,0.137457219
GCTTGATGATAATCAG-1,0.072828439,-0.155909302,-0.110748914,0.097814321,0.143719117
GCTTGCAGCACAATTG-1,-0.202875356,-0.251709303,0.15455156,0.077812237,-0.057277523
GCTTGGATCGATTAGG-1,0.006243461,-0.173904663,0.00286817,-0.007180704,0.145142057
GCTTTACACAACTGGG-1,-0.007304024,-0.165972293,-0.023681162,0.081672701,0.18021143
GCTTTATTAAGTTACC-1,-0.196345285,-0.151081486,0.145523542,0.034834796,0.126954212
GCTTTCAGAGGAGGTG-1,-0.122954937,-0.274887603,0.157885606,-0.04322108,0.120561432
GCTTTCTATCTCAACT-1,-0.162919564,-0.355240875,0.156449832,-0.022230948,0.062434478
GGAAACAGAGCTTGGG-1,-0.030957828,-0.081415179,-0.039634956,0.06939585,0.13234322
GGAAACCTTGTTGAAT-1,0.059312933,-0.191287601,-0.046760031,0.085905677,0.105897486
GGAAACTAAATGGGCC-1,-0.295260532,-0.423719421,0.389547391,-0.330990925,0.087088291
GGAAAGGGAATTGAGC-1,0.015255315,-0.132822576,-0.029846459,0.071583558,0.197650831
GGAAAGTCTTGATTGT-1,-0.106023135,-0.132236217,0.054915369,0.056567704,0.156209412
GGAAAGTGCCCATGCC-1,0.010923122,-0.230296345,-0.025902465,0.074627187,0.140740922
GGAACCCGAACAAGAA-1,0.053132163,-0.215518065,-0.099442915,0.114854494,0.148850802
GGAACCGTGTAAATTG-1,-0.136055543,-0.158001117,0.074360435,0.057585497,0.101402905
GGAACCTTGACTCTGC-1,0.040469958,-0.101424256,-0.070671073,0.071870591,0.180007223
GGAACGGCCTGCAGCC-1,0.048958958,-0.248269966,-0.05998311,0.140721684,0.155192415
GGAACTCGTGAATACG-1,-0.098085333,-0.125263154,0.045667892,0.052389747,0.103987864
GGAACTTTGGCGATTA-1,-0.329670543,-0.424276604,0.404729787,-0.201626274,0.059987381
GGAAGATAAGACTGTA-1,0.120629295,-0.085033928,-0.156747444,0.127870909,0.09437822
GGAAGCTCGCTTACAG-1,0.056899219,-0.20223118,-0.061185377,0.121887044,0.081298622
GGAAGGACACCGTATA-1,-0.077063522,-0.099749542,0.018875893,0.057030872,0.141861745
GGAATAACCTCAAGAA-1,-0.154592567,-0.277286181,0.129277724,-0.026911156,0.061642734
GGAATGCGCTAGCGTG-1,0.012707756,-0.193457074,0.006989545,0.002631689,0.178009534
GGACAACCATGAAGCC-1,0.070298159,-0.066250242,-0.112249626,0.090391122,0.182919262
GGACAAGCCATGATCG-1,-0.096471525,-0.107144891,0.023365744,0.059188675,0.110126005
GGACAAGTTGCAGTGA-1,0.105343191,-0.151504918,-0.124096023,0.14724656,0.016069514
GGACACAAGTTTACAC-1,0.052703059,-0.177940965,-0.051522232,0.082206916,0.21652742
GGACACCTCGGTGTTG-1,0.033387055,-0.095947224,-0.057716719,0.08424917,0.257224921
GGACCAACAGGATAAC-1,-0.320943783,-0.331930259,0.361773791,-0.063910989,0.063709851
GGACCTACGGTAACGT-1,0.078298706,-0.17253538,-0.10435958,0.11322438,0.072996113
GGACCTCTAGGCCGCC-1,-0.1413912,-0.122862803,0.093475897,0.034120119,0.161950261
GGACGGCTTGCGCAAC-1,-0.078730844,-0.26019211,0.072496495,-0.027099775,0.104464637
GGACGGGCGACCAACC-1,-0.029549894,-0.156508902,0.024364308,0.047253401,0.188567262
GGACGTCCATAGTTGG-1,0.050112905,-0.196878318,-0.079171172,0.12372775,0.072422889
GGACTAAGTCAGGAGT-1,0.016075679,-0.148455199,-0.024563176,0.067821854,0.13820202
GGACTCACAAATTAGG-1,0.004868737,-0.222539167,-0.004279874,0.071073393,0.130290971
GGACTCGAAGCTTTCA-1,0.109539686,-0.169261532,-0.130503627,0.15332723,0.04230428
GGACTCGACAGCGCAT-1,-0.019805042,-0.139687733,-0.00490816,0.078069775,0.202621217
GGACTCGTGAGTGGTC-1,0.017978035,-0.107761534,-0.037724502,0.071991952,0.207716328
GGACTCTTCCGGTTGA-1,0.109094051,-0.150205384,-0.132937338,0.147912212,0.032407405
GGACTCTTTGACTAAG-1,0.047187609,-0.100185354,-0.086063271,0.116489018,0.237109113
GGAGAAGTCATTGGCA-1,0.098041508,-0.183057011,-0.163787428,0.162904986,0.202663434
GGAGACATTCACGGGC-1,0.134108679,-0.085964669,-0.17009011,0.132388721,0.113297141
GGAGACCAATGTGCTT-1,0.016358276,-0.221682013,-0.018762773,0.086377518,0.077495776
GGAGACCATCTACATA-1,0.049878825,-0.166522932,-0.126698715,0.19528218,0.228340254
GGAGACGACACCTTTG-1,-0.154793376,-0.34649233,0.186977976,-0.008659365,0.135631381
GGAGCAACATTTCAAG-1,-0.395235988,-0.410896118,0.437766829,-0.10955056,-0.011486847
GGAGCACCAAGAACTA-1,-0.062802265,-0.278862581,0.047302109,-0.061911898,0.107678064
GGAGCGAGGCCTACTT-1,0.00028601,-0.13498701,-0.012916728,0.061527072,0.212080733
GGAGGAGTGTGTTTAT-1,-0.019896327,-0.247161687,0.007193058,0.119531136,0.039354975
GGAGGATTGAAAGGAG-1,0.062784464,-0.195685676,-0.084479078,0.132731503,0.046748022
GGAGGCCGAAGTCGTC-1,0.039424081,-0.124550166,-0.030792262,-0.013962293,0.162367004
GGAGGCGAAGAACCGC-1,-0.067872331,-0.260859107,0.057548937,0.002125417,0.096313
GGAGGGCTTGGTTGGC-1,0.01237779,-0.233913894,-0.01415122,-0.000637414,0.143536644
GGAGGGTCAAGTAAGA-1,-0.289179711,-0.374391592,0.383392339,-0.108592681,0.097285334
GGAGTACACATGAGCT-1,0.019568964,-0.161159216,-0.010441457,-0.026535251,0.141299381
GGAGTGCCGCCCTGGA-1,0.121090849,-0.142886778,-0.166975254,0.122285946,0.179824799
GGAGTTGATTCTGTGT-1,0.019767887,-0.107203118,-0.064306019,0.087866775,0.176695284
GGATACTCATGAATTG-1,-0.04098912,-0.313937042,0.063313767,0.052135709,0.200007098
GGATCAAAGGACGAGG-1,0.042445049,-0.127617706,-0.076837427,0.073350245,0.131345542
GGATCAGAGCCATCAG-1,-0.051186564,-0.254328897,0.022464913,0.122590013,0.149934912
GGATCATCCCGTACGC-1,0.008073243,-0.209465449,-0.010899329,0.040547874,0.138553679
GGATCCCTACCAGCTA-1,0.066591344,-0.1031079,-0.07145331,0.02529201,0.130824325
GGATCCGGAATATACT-1,0.014828883,-0.19215686,-0.008687765,0.012737075,0.155975813
GGATCTACCGTTCGTC-1,-0.016475515,-0.122618875,-0.027505349,0.064301392,0.168460741
GGATCTTACTGCCCTT-1,0.050375142,-0.054728631,-0.094601273,0.090722589,0.216782869
GGATCTTGACTCAACC-1,0.048343383,-0.144373128,-0.067962469,0.071857983,0.19655402
GGATGAAGATCGCTGA-1,0.103560638,-0.074379805,-0.111423311,0.072086477,0.214072337
GGATGACGCGAGTTTA-1,-0.242150458,-0.387812476,0.297667819,-0.085435653,0.038577689
GGATGCTGGCGTTCCT-1,-0.218126179,-0.360099486,0.298247378,-0.076959566,0.086467181
GGATGGCTTGAAGTAT-1,0.02051179,-0.103370282,-0.061668757,0.076504557,0.15927558
GGATGTCCTTACCGCA-1,0.004996603,-0.14175862,0.000780014,-0.050097173,0.159462878
GGATTAAGCTAAGGTC-1,-0.010075514,-0.215683931,-0.02074584,0.105928258,0.052710341
GGATTAATCATGGACC-1,-0.367033754,-0.134355521,0.238906723,0.011069958,-0.08241129
GGATTCAGTACGGTGG-1,0.101520099,-0.094024389,-0.140254823,0.097345296,0.155603275
GGATTCCGCTATACCC-1,-0.111475557,-0.330235186,0.180802942,-0.035405801,0.136575677
GGATTGAAGTAGCCTC-1,0.029213707,-0.095666091,-0.050090683,0.09847579,0.255431104
GGATTGCTGTGACTCC-1,0.057561904,-0.118360786,-0.088566549,0.071162262,0.193521239
GGATTTCACTTCTATA-1,0.063589568,-0.224107201,-0.088801675,0.047703191,0.18150036
GGCAAAGGCGCCAATA-1,-0.118550643,-0.123030643,0.059799386,0.04179264,0.114790894
GGCAAATTACTTTACT-1,-0.218630169,-0.371424505,0.287570337,-0.143497663,0.08519051
GGCAAGCCAGGGATAG-1,-0.016543183,-0.210737962,-0.020217792,0.130642687,0.044311543
GGCAAGCCCATAGTGG-1,0.011845665,-0.115176109,-0.031849428,0.058191768,0.195906844
GGCAAGGCGAAATAGC-1,-0.342071872,-0.468639092,0.451630749,-0.113471802,0.049267393
GGCAATAGTCAATGAG-1,0.030492165,-0.253782682,-0.041479429,0.032983034,0.140859824
GGCACGCTGCTACAGT-1,-0.033450333,-0.143925093,0.010632104,0.09426436,0.170377383
GGCACTCAGCCGACCC-1,0.09049929,-0.175270418,-0.10657441,0.136497093,0.017851669
GGCACTCCACTGGGCA-1,-0.14126759,-0.244028874,0.10818208,-0.006068717,0.082697191
GGCACTGCGGTGGTTT-1,0.028274782,-0.127630427,-0.058910824,0.084645238,0.189886377
GGCAGAGAGATCGGGA-1,0.10063102,-0.151917273,-0.119673936,0.132287487,0.034919729
GGCAGCAAACCTATGC-1,-0.075135237,-0.293664537,0.132544551,-0.050101591,0.136361713
GGCAGCGGTAATCCTA-1,-0.120037777,-0.279943787,0.136127041,-0.107353035,0.055490075
GGCATACAGGTAGCGG-1,0.095074451,-0.199756668,-0.127038431,0.129428603,0.155329582
GGCATATCGGTTCTGC-1,-0.121627842,-0.31718296,0.141989073,-0.001197549,0.085439825
GGCATCAACGAGCACG-1,0.05008902,-0.068289529,-0.052475006,0.042672922,0.120870875
GGCATTCCCTCCCTCG-1,-0.02149762,-0.142009511,0.039849061,0.041684806,0.151704831
GGCATTGAACATCTCA-1,-0.124135906,-0.142260039,0.111603331,0.028093529,0.183323423
GGCCAATTGTATAGAC-1,0.07010836,-0.100206415,-0.12665329,0.121775899,0.204277128
GGCCACAAGCGATGGC-1,0.093613648,-0.060945457,-0.127427099,0.092321584,0.097426023
GGCCACACGAAAGCCT-1,-0.099146621,-0.256856721,0.108153815,0.009621964,0.127540511
GGCCCAATCTAGAGGG-1,-0.052150166,-0.292561438,-0.005990405,0.088194149,0.069196041
GGCCCAGCTGGTTTGC-1,-0.18333073,-0.189859075,0.126550733,0.032664258,0.040414375
GGCCCAGTTATCAGCA-1,0.090229609,-0.16477967,-0.1316477,0.14066572,0.071362141
GGCCCGGAGCATGTCT-1,-0.032002606,-0.206469034,0.05447956,-0.039176952,0.140893723
GGCCCGTATACCATGC-1,0.031917737,-0.24825821,-0.024097725,0.09416513,0.095463169
GGCCCTCACCCACTTA-1,-0.189743454,-0.381914836,0.258099365,-0.008835807,0.127777335
GGCCGAGACTCTGGTG-1,0.024833367,-0.118020904,-0.057405212,0.073758136,0.205254419
GGCCGCAGGAACCGCA-1,-0.086421361,-0.176841525,0.084453953,0.03084706,0.153443273
GGCCGGCGTCTGCTAT-1,0.049597878,-0.084229973,-0.079269618,0.086016678,0.222690244
GGCCGTTTGGGTTTCA-1,-0.1056619,-0.115505972,0.036024499,0.055437348,0.127160561
GGCCTGCTCTGATGTT-1,-0.033600223,-0.084329473,-0.026361869,0.071872854,0.129152795
GGCCTGCTTCTCCCGA-1,-0.110841773,-0.350097729,0.158719631,-0.024205401,0.111574791
GGCCTTTGCAACTGGC-1,0.110309174,-0.078810498,-0.137133822,0.124724324,0.087986319
GGCGAAATCTAACTTG-1,-0.018436532,-0.222688252,0.065919718,0.012266235,0.18655801
GGCGAACCGTTCTGAT-1,0.102495667,-0.173108203,-0.122823928,0.151311759,0.034929441
GGCGAGCATCGAGGAC-1,0.093061936,-0.145191985,-0.117455151,0.129656281,0.057895401
GGCGAGCGAAACGGCA-1,0.063569026,-0.120192901,-0.137704942,0.182883231,0.22605205
GGCGCACAGTTTACCT-1,0.018845315,-0.156021172,-0.045871826,0.104225541,0.166946788
GGCGCAGGACATCTTC-1,-0.135153775,-0.321980755,0.134687533,0.003330494,0.099052307
GGCGCATGAATTGATG-1,-0.256760608,-0.395023224,0.335652639,-0.122228134,0.058572376
GGCGCGGAGATCTTTC-1,-0.022712709,-0.123775449,-0.023834844,0.074059284,0.158729774
GGCGCGTTCGAGTTTA-1,-0.254028656,-0.360762104,0.351433095,-0.130044005,0.069059003
GGCGCTCCTCATCAAT-1,0.07227355,-0.251153178,-0.112396392,0.166403087,0.217654742
GGCGCTTCATTCCCTG-1,0.008944563,-0.12113953,-0.020237802,0.061080471,0.201842239
GGCGGAGTAATATTAG-1,0.090340468,-0.092124028,-0.123781884,0.101545764,0.089944598
GGCGGGCTCTAAGAGT-1,0.118287083,-0.205650369,-0.145722555,0.133418518,0.103590285
GGCGGTAGGATCATTG-1,-0.018542939,-0.281204236,0.015955614,-0.058245656,0.139478624
GGCGGTTTGCCGGTGC-1,0.091304128,-0.105207637,-0.118726124,0.083196197,0.175552084
GGCGTACCCTATATAA-1,-0.023937436,-0.173286746,-0.012787574,0.062197221,0.126611661
GGCGTAGGGAAAGCTG-1,0.017791399,-0.122534139,-0.015796463,0.049240568,0.208632276
GGCGTCCTATCCGCTG-1,0.065248932,-0.263855777,-0.089807379,0.165690556,0.187245429
GGCTAAAGGGCGGGTC-1,-0.208223115,-0.3818985,0.31903132,-0.216792992,0.135819906
GGCTAATGATTGAAAT-1,0.070781468,-0.185425946,-0.084226914,0.132408669,0.026456783
GGCTACTATACACTCC-1,0.005409528,-0.10093688,-0.039015348,0.083847647,0.218434238
GGCTATTAAGTTGTAT-1,-0.029064392,-0.183424351,-0.003899413,0.047244768,0.112283718
GGCTCCTCCACCTGTT-1,-0.170251441,-0.139285858,0.11633457,0.042491702,0.112122796
GGCTCGCGTTGAGGTA-1,0.044766709,-0.187299705,-0.049626519,0.052531141,0.169900359
GGCTCGTGCCACCAGC-1,0.134088201,-0.069846047,-0.184900461,0.122058537,0.144103857
GGCTCTGCTCCAACGC-1,0.053962294,-0.23791001,-0.088024791,0.0860764,0.197790316
GGCTGAAATAGCAAAG-1,-0.154388256,-0.25361196,0.14682727,0.046773482,0.141863634
GGCTGAGCATCGTAAG-1,-0.15228851,-0.226040796,0.096504055,-0.033265737,-0.02848193
GGCTGGCAATCCCACG-1,-0.069937838,-0.160491349,0.00502398,0.064725613,0.122161231
GGCTGGCAGCTTTATG-1,0.059007963,-0.183250364,-0.068333403,0.126581488,0.145136345
GGCTGGCTAGCTTAAA-1,-0.193457845,-0.2968745,0.196899201,-0.080835056,0.060050454
GGCTGTCCTACTGCGG-1,0.079296979,-0.082037523,-0.12331046,0.097533712,0.204197987
GGCTTCTCGTGGGTGG-1,-0.115971365,-0.11759953,0.037404664,0.067617381,0.101207473
GGCTTGGCTCTCACCT-1,0.076119253,-0.21390205,-0.087772392,0.072798315,0.150880798
GGCTTTCAATAAGGGT-1,-0.137413574,-0.186878735,0.101904791,0.035065496,0.118241011
GGGAAAGAATGCCAAC-1,0.047752141,-0.090500578,-0.075917356,0.082993815,0.192390699
GGGAACCACCTGTTTC-1,-0.094918135,-0.281539891,0.129175634,0.036600927,0.146151607
GGGAACGGGAGGTTAG-1,-0.349559144,-0.403658483,0.418172234,-0.09864652,-0.009372789
GGGAACGGTTTCAGAT-1,-0.005947282,-0.084405854,-0.039185804,0.065521793,0.145431057
GGGAAGACGGTCTGTC-1,-0.135641055,-0.13059653,0.078463197,0.033628357,0.094672902
GGGAAGGGCTTTCTCA-1,0.054891138,-0.086840597,-0.087942886,0.086673724,0.193157913
GGGAATGAGCCCTCAC-1,-0.018216061,-0.19301083,0.043360312,-0.015823566,0.117225569
GGGAATTCTGTCCAGT-1,0.072170644,-0.165515524,-0.097818641,0.092851729,0.104768699
GGGACAGAGTTACTCC-1,-0.033577746,-0.138555201,0.016323919,0.01159172,0.154049963
GGGACCCGTATATCTT-1,-0.036786558,-0.113615594,-0.014925487,0.081079131,0.167177537
GGGACTGCATAGATAG-1,0.006200034,-0.258068782,-0.035929626,-0.014641349,0.142640768
GGGAGAACTCACAGTA-1,-0.147916211,-0.347549979,0.175951596,-0.263933281,0.113067096
GGGAGCGACCGTAGTG-1,0.079687723,-0.073709074,-0.118816571,0.096741562,0.204382247
GGGAGGATGCCCGAAA-1,-0.2515315,-0.418572866,0.374677956,-0.164326192,0.086135807
GGGAGTAATGGCTGGC-1,-0.036147399,-0.287585791,0.01350643,0.023703224,0.169765854
GGGAGTTAATGAGGCG-1,-0.003431881,-0.196082187,0.008991554,-0.063798701,0.179607203
GGGATACGGTAATAAT-1,0.083397521,-0.159788061,-0.113951007,0.087898241,0.166735942
GGGATATTGATCGCCA-1,-0.129067496,-0.11216842,0.058954708,0.068577604,0.120873578
GGGATCCCAATACAAA-1,-0.121802424,-0.219827279,0.070048923,0.097396701,-0.05011925
GGGATGGACCCGCGTC-1,-0.088339762,-0.194823228,0.076436289,0.024429428,0.144950803
GGGATGGTCGTAACCG-1,-0.082611953,-0.300709951,0.086735919,0.02306678,0.193306472
GGGATTATCTCACAAC-1,0.130297403,-0.118374824,-0.167791771,0.154152972,0.051867935
GGGATTTACCGCACCT-1,0.11406216,-0.130441314,-0.135372196,0.134035182,0.061547329
GGGCAACCGCACGTGC-1,0.012692697,-0.123273687,-0.071961849,0.104679021,0.160124561
GGGCACGAATTGGCCG-1,0.115095009,-0.144604088,-0.13662387,0.141652551,0.02424986
GGGCACGTAGTACTGT-1,-0.089361746,-0.118731592,0.023937503,0.041831499,0.116264736
GGGCACTATTGACCAT-1,-0.005753547,-0.087889644,-0.048571135,0.054819854,0.159650065
GGGCAGACGTCACTGC-1,0.001626451,-0.219059172,-0.033763947,0.094130053,0.142852351
GGGCAGAGCAATCGTT-1,-0.087264494,-0.137408475,0.049475304,0.021751677,0.113569081
GGGCAGGATTTCTGTG-1,-0.289781068,-0.176961546,0.204895635,-0.03128063,-0.035294218
GGGCAGTCAACGCCAA-1,0.018946081,-0.102465837,-0.043778585,0.071353794,0.24160515
GGGCATGCATGTCGAG-1,-0.145436859,-0.162844763,0.09439533,0.043383263,0.092464046
GGGCCATTCGTGCTGG-1,-0.067141895,-0.132916962,-0.010031398,0.096465398,0.156383021
GGGCCCGTCTTAAACA-1,-0.222870185,-0.287149689,0.233232654,-0.050671949,0.118361726
GGGCCCTACGAAAGGG-1,-0.142158101,-0.373191636,0.161757707,0.065188964,0.125834465
GGGCCCTTATCTATAC-1,0.112905025,-0.140161727,-0.149325719,0.171348127,0.046615003
GGGCCGGCCGAAGTAC-1,-0.224662651,-0.404764751,0.330922944,-0.111322023,0.108346577
GGGCCTAAATGGGCTA-1,-0.080659418,-0.188977843,0.029522509,0.09541866,0.150143755
GGGCCTATACAACCGG-1,-0.180934595,-0.316861152,0.157540517,-0.031923662,0.00966504
GGGCCTATTTAAGTAT-1,0.087699577,-0.187982346,-0.137903734,0.164833694,0.090202862
GGGCGAATTTCTCCAC-1,0.099064497,-0.166977998,-0.12276003,0.099783927,0.196295065
GGGCGATATGTGTGAA-1,0.027705272,-0.246684549,-0.062730156,0.107544677,0.219094427
GGGCGCAGCGTTACTC-1,-0.025649693,-0.24228958,0.043626413,-0.027986864,0.124011853
GGGCGGCAAATGAATT-1,-0.016124202,-0.160590118,-0.007676963,0.040749843,0.181495484
GGGCGGGTTCCCTACG-1,-0.029406737,-0.27545746,0.01560616,0.120740521,0.197972844
GGGCGGTCCTATTGTC-1,0.095096879,-0.177243866,-0.113364024,0.104001432,0.198880568
GGGCGTACATTTATAT-1,0.079971542,-0.198015476,-0.096133833,0.10715466,0.187931681
GGGCGTCACCACGTAA-1,-0.116898326,-0.249577982,0.138896526,0.023131717,0.176326619
GGGCGTCCACTGGCTC-1,-0.033749482,-0.294675119,0.038884627,-0.021752915,0.139425368
GGGCGTGGTTTCCCAG-1,0.021946015,-0.104358566,-0.042041317,0.053246424,0.197759213
GGGCGTTTACATTCAT-1,0.012438767,-0.094068824,-0.068800908,0.099124439,0.18565992
GGGCTACTATTTCGTG-1,0.048624933,-0.175942368,-0.115718832,0.192568533,0.21960589
GGGCTATGATCGATGG-1,-0.04613188,-0.119266462,0.002234754,0.051505243,0.157858986
GGGCTCATCGAACCCA-1,-0.224632072,-0.312961429,0.197495669,0.009824719,0.06939874
GGGCTGCCTAGGGCGA-1,-0.166784848,-0.324993889,0.181511717,-0.275820373,0.075324776
GGGCTGGTTAGTCGCG-1,0.0352497,-0.24301102,-0.041407276,0.081085106,0.175308398
GGGTAATGCTGTGTTT-1,-0.106751498,-0.288334937,0.139681298,-0.008847668,0.114747759
GGGTACACTCTGGAGG-1,0.134280092,-0.103027192,-0.176079846,0.142901249,0.107746387
GGGTACCCACGGTCCT-1,0.083481494,-0.165895617,-0.110544152,0.108588057,0.200130177
GGGTACTTCATGAACT-1,-0.327589056,-0.401049203,0.409570004,-0.143393943,0.00696937
GGGTATGTATGCACTT-1,0.135897681,-0.179211455,-0.182801919,0.182094776,0.156433954
GGGTATTCTAGCAAAC-1,-0.286045994,-0.152158133,0.178859445,0.021997228,-0.015957585
GGGTCACCGTGACGGT-1,-0.135193461,-0.342392177,0.169938157,-0.083878813,0.086939722
GGGTCACGTGCTTATG-1,-0.253404067,-0.222892095,0.135007875,0.045022302,-0.077682053
GGGTCAGGAGCTAGAT-1,-0.146763913,-0.162854076,0.092663989,0.041479993,0.09023103
GGGTCATGCGTACCAT-1,0.000208401,-0.23811133,-0.038165992,0.090358821,0.174621104
GGGTCCTTGGAAGAAG-1,-0.072707631,-0.107363057,-0.023889263,0.138298912,0.155283826
GGGTCGTGGCAAGTGT-1,0.092787434,-0.205258628,-0.127097554,0.159760267,0.14572947
GGGTCTATCGCTTTCC-1,-0.24927733,-0.37284618,0.352614908,-0.14145326,0.075849927
GGGTGACACCTTAACT-1,-0.252157215,-0.379083735,0.338189563,-0.080778683,0.13677327
GGGTGCATATGAAAGC-1,-0.007095684,-0.223171173,0.000804071,0.058432006,0.15987739
GGGTGGTCCAGCCTGT-1,-0.354931047,-0.426718101,0.451266232,-0.158663741,0.016571502
GGGTGTTTCAGCTATG-1,-0.092584691,-0.282406751,0.012039623,0.129104559,-0.017749084
GGGTTAACATTTGAGT-1,-0.176061144,-0.153030253,0.08414804,0.059626458,0.062802943
GGGTTCAGACGAACAA-1,0.047258817,-0.241852842,-0.088888397,0.153756319,0.199700458
GGGTTTAGGATAGGAT-1,0.095092739,-0.064189593,-0.103027005,0.053721081,0.193325436
GGGTTTCCGGCTTCCA-1,-0.031272442,-0.28467963,0.0406197,0.117429514,0.123005536
GGTAAACTCTGCGCTG-1,-0.08446965,-0.227781641,0.118804843,0.006621605,0.173960151
GGTAAATGTGCGTTAC-1,0.091191077,-0.157221528,-0.118721541,0.142258512,0.038342315
GGTAACCGGCAAAGGT-1,0.13002814,-0.120669138,-0.164119472,0.149074969,0.073511388
GGTAACCGGGAGGATA-1,0.034859714,-0.101284606,-0.072611504,0.076223783,0.18171001
GGTAACTATGTATCTG-1,0.114872605,-0.133999271,-0.162193935,0.129147875,0.180446216
GGTACAAACATGCTAT-1,-0.249412332,-0.366151023,0.316770859,-0.120676551,0.082627683
GGTACACCAGATTTAT-1,0.078772105,-0.167823778,-0.090448974,0.088713031,0.030828518
GGTACATCTGGGACGA-1,-0.138778259,-0.319087205,0.168961531,0.010797438,0.147734315
GGTACCATTAAGACGG-1,0.006516079,-0.218320582,-0.017312747,0.010298441,0.147244044
GGTACGTTGCGGCCGG-1,-0.054851573,-0.223762137,0.067999328,0.039110202,0.177572048
GGTACTAAGTGCTTTG-1,-0.085244952,-0.268400177,0.120340832,1.16E-05,0.11111171
GGTAGAAGACCGCCTG-1,-0.298771939,-0.419466235,0.432790534,-0.164026035,0.071009987
GGTAGACCGTTGGGCG-1,-0.106453064,-0.199369432,0.084768554,0.041581462,0.126775653
GGTAGGCCAATATCAC-1,-0.146236569,-0.149150339,0.08664135,0.048402403,0.062555455
GGTAGTGCTCGCACCA-1,-0.135846488,-0.326674267,0.176505888,-0.101676903,0.107312303
GGTATAGTGACACATA-1,-0.050310214,-0.25549841,0.073528223,-0.032708067,0.143056877
GGTATCAAGCATAGAA-1,0.047892274,-0.198949792,-0.096551307,0.130205892,0.079702746
GGTATGAAAGAACTGA-1,0.101041378,-0.143813155,-0.120320487,0.147846608,-0.008491964
GGTATTGCCGAGTTTA-1,-0.139456703,-0.262638494,0.059556133,-0.004701363,0.02213781
GGTCAAGACTACTTCG-1,-0.293579905,-0.392543343,0.385820782,-0.178436655,0.089015989
GGTCACGTTAGATTCA-1,0.114161906,-0.127949959,-0.137919869,0.135328994,0.038581083
GGTCAGTGGGTCCCAC-1,-0.332484224,-0.424554127,0.453695964,-0.136898229,0.064466611
GGTCATTGTAGTCATA-1,0.120058413,-0.129475441,-0.152247745,0.151005917,0.076639764
GGTCCACGTCTATTTG-1,0.079401389,-0.08639584,-0.110516645,0.082038064,0.212662407
GGTCCCATAACATAGA-1,-0.081317221,-0.272038757,0.058684542,0.00517307,0.118479682
GGTCCTTCATACGACT-1,-0.049724978,-0.216472936,0.030708907,-0.018712183,0.075114854
GGTCGGATAAACGGCG-1,-0.000843683,-0.214804688,-0.050661166,0.023303942,0.107867914
GGTCGGCCAGGAGCTT-1,0.027289852,-0.197715729,-0.029131127,0.034613907,0.168925502
GGTCGGTAATTAGACA-1,-0.128606247,-0.277738744,0.147976221,-0.077755049,0.106492103
GGTCGGTCGTCCACAG-1,0.019530277,-0.093502132,-0.065665763,0.079209771,0.169006844
GGTCGTAAGCTCGCAC-1,0.105459499,-0.102065139,-0.160090893,0.113360137,0.204488659
GGTCTCCAAGTAGTGC-1,-0.034945032,-0.1853828,0.016612858,0.035371957,0.09457386
GGTCTCCGTCCAGGTT-1,0.031717241,-0.120272008,-0.058970913,0.073795989,0.193207505
GGTCTCTGAATGGACT-1,-0.080733022,-0.163021281,0.047403055,0.023944912,0.148177589
GGTCTGAGAATCTGGA-1,0.05956965,-0.183668264,-0.100697579,0.082200202,0.150843839
GGTCTTGAGCGCTCTT-1,-0.115109218,-0.128399017,0.073245869,0.045720126,0.114081881
GGTCTTGGTGTTAACT-1,0.133454148,-0.12020508,-0.170281383,0.147042324,0.100841294
GGTGAAACCGGGAATG-1,0.141924713,-0.151227011,-0.186509401,0.15912833,0.108545606
GGTGAACGGGCTAGCC-1,-0.054647895,-0.225038761,0.042534221,-0.082356038,0.128755362
GGTGAAGTACAGGGAT-1,-0.089429378,-0.259678744,0.072324518,0.114741002,0.180389998
GGTGACTGATAGAGAG-1,0.119984876,-0.248790529,-0.162619599,0.18448691,0.125745836
GGTGAGATGCAGATAA-1,0.038512291,-0.143125501,-0.083432293,0.106924562,0.157331455
GGTGATAAGGAGCAGT-1,0.014204371,-0.205298082,-0.000315774,0.051056487,0.148582824
GGTGATGAAGGAAGTG-1,0.104802847,-0.145979763,-0.118010761,0.129025483,0.088648683
GGTGATTTCATCTTGT-1,-0.249431302,-0.401831711,0.321952515,-0.076456675,0.097508672
GGTGCAGAGCCTATCG-1,-0.190360296,-0.299121893,0.240872214,-0.051028023,0.090393621
GGTGCATAAATGATTA-1,-0.08846702,-0.131275523,0.002480745,0.099907588,0.159202575
GGTGCGGATAAGTGGC-1,0.114148455,-0.107636072,-0.15307028,0.118708391,0.170576051
GGTGCTGATCACAAAG-1,0.055169087,-0.19954617,-0.103056427,0.124018282,0.185165201
GGTGCTGGTACACATT-1,-0.093511801,-0.267796096,0.129818293,-0.042062205,0.151149258
GGTGGACCACGTGTTA-1,-0.060972116,-0.255259146,0.079178276,-0.0286565,0.128165255
GGTGGACTGCTCTGGC-1,-0.389182971,-0.365588379,0.457493904,-0.157132289,0.035502311
GGTGGAGGTTGATACG-1,-0.009302478,-0.137050389,0.001973403,0.014645354,0.124398234
GGTGGGATTAGGTCCC-1,0.008704949,-0.120387023,-0.086829389,0.098022757,0.136475774
GGTGTAAATCGATTGT-1,0.041487526,-0.076164191,-0.069165211,0.073020137,0.225993333
GGTGTAGGTAAGTAAA-1,-0.175476335,-0.145814456,0.096450879,0.046204573,0.09707221
GGTGTTCTGTTTCTAC-1,-0.047137402,-0.216609864,0.022529799,0.018217798,0.092727571
GGTGTTGGGCGTCTTA-1,-0.005244869,-0.148699485,-0.032112075,0.046005461,0.084649667
GGTTACCACCCTCGGG-1,-0.085750618,-0.239511305,0.067025682,0.11162632,0.183392473
GGTTACCCGACACTTT-1,-0.186645968,-0.321004441,0.206613053,-0.0489218,0.057516679
GGTTACCGCTCCCTAC-1,-0.354018085,-0.173585558,0.2783434,-0.00520229,0.013405705
GGTTAGCTATATGTCT-1,0.020127447,-0.199765257,-0.015428984,0.087470095,0.209819561
GGTTAGGCTTGGAGAA-1,0.106052292,-0.197052219,-0.179025176,0.190582739,0.220329856
GGTTAGTTACGGCGCC-1,0.068847587,-0.256460931,-0.1145572,0.142563478,0.193418093
GGTTCCACCCGCTTCT-1,-0.22611749,-0.359808784,0.279329992,-0.040018947,0.102896967
GGTTCCCTAGTGTCTC-1,0.103700415,-0.149383881,-0.150446553,0.157270118,0.106399062
GGTTCCGTACGACTAA-1,-0.036465404,-0.135007425,-0.005400958,0.055198365,0.089172961
GGTTCGATGCTGAGTT-1,-0.163674195,-0.349501693,0.229307748,-0.132988312,0.096008085
GGTTCGCATTTGCCGT-1,-0.021522233,-0.140436337,0.001585625,0.063015775,0.193510523
GGTTCGGATTATACTA-1,-0.227672506,-0.373458796,0.303716138,-0.140141365,0.034710694
GGTTCTACTCGTCTGA-1,0.098767198,-0.095279094,-0.104255193,0.081067456,0.194905935
GGTTGTATCGTGAAAT-1,0.007087017,-0.178362772,-0.031502142,0.076098303,0.144544237
GGTTGTGCTCTTGTCC-1,0.064006856,-0.252614976,-0.089048207,0.149477072,0.185881845
GGTTGTGTAGCCTGGC-1,0.106679009,-0.187695963,-0.133934215,0.147666401,0.054130905
GGTTTAATTACCATCG-1,-0.012808185,-0.109354088,-0.028191831,0.092453641,0.184099378
GGTTTAATTGAGCAGG-1,0.078111386,-0.109542634,-0.099819233,0.091384328,0.109371606
GGTTTACAATCTCAAT-1,-0.089664904,-0.25450629,0.049110524,-0.079128545,0.092404009
GGTTTAGCCTTTCTTG-1,0.076341846,-0.129653836,-0.08486016,0.075051243,0.194505237
GGTTTCAATCGGTCAG-1,-0.026934814,-0.205611109,0.042743237,-0.021216417,0.130964944
GGTTTGACAAGAAGCT-1,0.09554657,-0.160075477,-0.114584005,0.141390299,0.037216542
GGTTTGAGTGCTGGAA-1,0.123001284,-0.133231383,-0.176018356,0.143760613,0.184495985
GGTTTGCGAACACGTA-1,0.10294995,-0.148244475,-0.125180151,0.149220574,0.049965188
GGTTTGTGACCTGAGG-1,-0.277320766,-0.370633174,0.309897295,-0.152555014,0.054962321
GTAACAACTGACCTTG-1,0.145091384,-0.129455535,-0.18194872,0.144348944,0.089041747
GTAACAGGTTAACGGC-1,0.003629907,-0.097072421,-0.0328952,0.064300468,0.182767286
GTAACATCAGCTCATC-1,-0.172187831,-0.337379189,0.203143391,-0.107212354,0.066823351
GTAACATCTAAGATAA-1,-0.35785804,-0.440422485,0.430439207,-0.134524614,-0.007126793
GTAACTACGTAGACCT-1,0.013532291,-0.146014016,-0.01908898,0.096045466,0.260356138
GTAACTGCCCAAGGAG-1,-0.114962773,-0.151783899,0.051602673,0.060957078,0.14654564
GTAACTTGCGGCAGTC-1,0.016400928,-0.266740694,-0.028899871,0.054749573,0.203475374
GTAAGCGGGCAGTCAG-1,-0.06541728,-0.308926336,0.063922716,0.092184018,0.156753451
GTAAGGATTTGTCGGA-1,-0.293072417,-0.460579087,0.422414089,-0.118714559,0.106947285
GTAAGTAACAGTCTGG-1,0.039727779,-0.219248861,-0.008003846,0.066373245,0.143019005
GTAAGTAGGGTATACC-1,-0.009417293,-0.242391918,-0.036826613,0.155815706,0.167680681
GTAAGTCCACACTCTA-1,0.032147883,-0.15664978,-0.013760973,0.031670184,0.215654857
GTAATAAAGGGCTCCC-1,-0.01912682,-0.205291214,0.02452781,1.39E-05,0.135025154
GTAATCTGATTCTTCG-1,0.02064671,-0.148910602,-0.039409748,0.072731639,0.208715242
GTACACTTACCTGAAG-1,-0.412647696,-0.34921792,0.438577523,-0.163745156,-0.006165545
GTACAGAGGCAAGGGT-1,-0.233648458,-0.404246968,0.346517982,-0.106908368,0.110177944
GTACGACGGCGCTGCG-1,-0.000119994,-0.178703637,-0.037150121,0.073104348,0.137924425
GTACGAGATTGCGACA-1,0.075134038,-0.147689292,-0.108194014,0.081507344,0.173763291
GTACGCTTCATTGCAC-1,-0.14838177,-0.29579651,0.160417207,0.03021964,0.170975217
GTACGTCACGTATTAA-1,-0.010768006,-0.230626519,0.0339709,0.037201045,0.139028543
GTACGTTTGCCCGTCA-1,-0.231685142,-0.353848356,0.240963316,-0.085867984,0.033874121
GTACTAAGATTTGGAG-1,0.120873116,-0.180728382,-0.181186543,0.159094461,0.194570727
GTACTACGGCCTCGTT-1,0.05124002,-0.084022079,-0.077275873,0.057517191,0.198432917
GTACTCCCTTATCGCT-1,0.01850968,-0.258539893,-0.04219702,0.094055156,0.178029028
GTACTCCTGGGTATGC-1,0.064531281,-0.24001602,-0.090735379,0.08080161,0.143199844
GTACTGAGGTCGTAAC-1,-0.194288199,-0.288733928,0.170854079,0.005377848,0.044666192
GTACTGCATGAAGCGT-1,0.010387926,-0.157384309,-0.04386017,0.068113245,0.171435293
GTACTGGAGTTAGACC-1,0.005566938,-0.236618078,-0.00039556,0.012452734,0.162929771
GTACTTGGGCACTTCT-1,0.130882893,-0.067001521,-0.177259162,0.115103651,0.147106537
GTAGAAACGGGTGGAG-1,0.088373714,-0.24427899,-0.150434778,0.188778207,0.20354872
GTAGACAACCGATGAA-1,0.072500873,-0.216239683,-0.118851273,0.15090231,0.177804316
GTAGACACGCCTGACT-1,-0.179643825,-0.112829176,0.103468899,0.033922196,0.043466535
GTAGACGTCGTTACAT-1,0.115703194,-0.119131287,-0.16623047,0.111208891,0.17001702
GTAGAGGGAGACAAGT-1,-0.054820867,-0.181395434,0.032606575,0.062766865,0.16456992
GTAGCCAAACATGGGA-1,-0.431434751,-0.454447679,0.512038184,-0.190759946,-0.007015493
GTAGCGCTGTTGTAGT-1,0.08332389,-0.096862321,-0.102581994,0.099105329,0.122989634
GTAGCGGCTATACACT-1,-0.120420187,-0.260248369,0.098642521,-0.09090743,0.091248741
GTAGCTAGTAAGCGCG-1,-0.109860806,-0.376388057,0.154856121,-0.048105552,0.136035554
GTAGCTCCGGGAGGCT-1,-0.03286001,-0.096414052,-0.020768277,0.092132199,0.156372245
GTAGCTTCCTCTTGTT-1,0.011571908,-0.219970307,-0.007035983,0.069360218,0.17616122
GTAGGTGATCCGTGTA-1,-0.000105469,-0.271487139,-0.024376284,0.006899601,0.105484961
GTAGTCGCGGGAATCA-1,0.009159278,-0.150984301,-0.012507375,0.057392804,0.20613408
GTAGTCTACGATATTG-1,-0.03175967,-0.090216696,-0.016723104,0.072136567,0.165010747
GTAGTGAGCAACCTCA-1,-0.011966972,-0.164446462,-0.02328801,0.085611173,0.185613177
GTAGTTCGAAGGCGAA-1,-0.057846156,-0.113444815,0.01342429,0.053498132,0.158382541
GTAGTTTAAGCACACG-1,0.031362209,-0.062783238,-0.082770151,0.104411686,0.202285621
GTATAATCTCCCGGAT-1,0.065091193,-0.162226426,-0.106107379,0.079547635,0.166889391
GTATAGGACTCAGTAG-1,0.027220626,-0.145068353,-0.077809908,0.053980033,0.137673779
GTATAGTGGCCCATGT-1,-0.02058286,-0.266010595,0.007284295,-0.03250438,0.122251294
GTATATGTTACGGCGG-1,-0.190734964,-0.35884063,0.264747921,-0.105700044,0.072923022
GTATCAAACGTTAGCT-1,-0.205244619,-0.356722673,0.252044741,-0.054885494,0.104017506
GTATCAAGGTACTTCC-1,-0.044448034,-0.128832745,-0.0236475,0.099434802,0.158854728
GTATCAGCTTGGGTTC-1,0.090800916,-0.065308357,-0.129739836,0.092774452,0.132841868
GTATCCTTTGGTAACC-1,0.036226206,-0.087463118,-0.081384511,0.091432699,0.204905658
GTATCGGGACGAGCTG-1,-0.002385424,-0.243776534,0.005020692,0.014920395,0.146256055
GTATCTCAGTCTTGAC-1,0.023706293,-0.099096241,-0.062148779,0.073749785,0.183196685
GTATCTCCCTAACTGT-1,-0.187869176,-0.343246467,0.224210993,-0.026666487,0.112659642
GTATCTCGGGCGCTTT-1,-0.146477278,-0.120729522,0.073762127,0.057755973,0.094204128
GTATCTTGTTGCTCAC-1,0.011772187,-0.219161067,-0.037837545,0.102732324,0.191371642
GTATCTTTCATAACCA-1,-0.167620757,-0.327606453,0.205948902,-0.011737704,0.140874148
GTATGAAATTTCACTC-1,-0.035040643,-0.156574766,-0.001328442,0.055079351,0.144692914
GTATGACGTGGGAAAC-1,-0.171901024,-0.319500447,0.222591909,-0.092804612,0.089225831
GTATGTGGGTCTAGTT-1,0.074020124,-0.094081901,-0.071295698,0.061477765,0.225170906
GTATTAAGGCGTCTAA-1,0.085081672,-0.185125479,-0.147698184,0.149034619,0.178275372
GTATTAGGGTTCGCGT-1,-0.280289596,-0.427110852,0.398134281,-0.154108858,0.071975533
GTATTCTGAGAAACGA-1,-0.111279612,-0.226911468,0.094242819,0.042290547,0.17669727
GTATTCTTACCGTGCT-1,-0.292828799,-0.372885419,0.383707344,-0.112447968,0.072719697
GTATTTAATGGCATAA-1,0.071534069,-0.184369394,-0.090886245,0.087509549,0.113991028
GTCAAAGAAGTGGTGT-1,-0.047879531,-0.132351575,-0.005332698,0.06273516,0.156830974
GTCAAAGTTTACATAG-1,-0.014721318,-0.175601354,-0.036199461,0.075310909,0.113647972
GTCAACCAGGCCTATA-1,-0.079281606,-0.183247697,0.055813718,0.035314205,0.138435595
GTCAAGCGGACTCGGG-1,-0.079721363,-0.321230002,0.107308448,-0.02139354,0.131574631
GTCAATGCTATAATTT-1,0.044223968,-0.195526154,-0.055913324,0.113007868,0.050625103
GTCAATTGTACTGAAG-1,0.122521489,-0.099288656,-0.152065343,0.115815739,0.141047887
GTCACAAAGTTTCCAA-1,-0.190086607,-0.38955579,0.249306616,-0.003728287,0.108592135
GTCACCTGTCTATGTC-1,-0.097085321,-0.25474482,0.067119655,-0.010361154,0.114285504
GTCACTCATGAGCGAT-1,-0.133285393,-0.11374758,0.044817902,0.063391542,0.131885187
GTCACTCTCCAAATCT-1,0.052873812,-0.207256472,-0.070759065,0.107921003,0.180496551
GTCAGAATAGTCTATG-1,-0.107659632,-0.276383036,0.042723055,0.104272083,0.051691531
GTCAGACAGCGTTGGA-1,0.133058294,-0.144295813,-0.168275101,0.150640774,0.055042388
GTCAGTTGTGCTCGTT-1,-0.510149949,-0.354804391,0.430234083,-0.094799398,-0.20489213
GTCAGTTTGGTAGTCG-1,0.011118654,-0.216257863,-0.007392628,0.021923566,0.111224261
GTCATCTCCTACAGCT-1,-0.051235198,-0.139855805,-0.013651821,-0.042652082,0.026762566
GTCATGCACCTCCGTT-1,0.065854426,-0.214967935,-0.13480047,0.144531589,0.18331481
GTCATGCGCGAGGGCT-1,-0.038171585,-0.16582327,0.019691082,0.053484018,0.171331376
GTCATGGACATGACTA-1,0.064636526,-0.222991067,-0.122102992,0.160609862,0.158886166
GTCATTAGAGCGAACG-1,-0.160237535,-0.269610475,0.132459036,-0.099630797,0.050771803
GTCATTGCATTGACCC-1,-0.11505881,-0.290196952,0.083083289,0.042807815,0.101230398
GTCCAATATTTAGCCT-1,-0.373375117,-0.161037413,0.218271037,0.013092805,-0.112887209
GTCCACGTCGCATTCG-1,-0.16881518,-0.337915966,0.205341907,-0.061186965,0.147296016
GTCCAGGCACGTGTGC-1,-0.129756902,-0.144507657,0.087216034,0.03295128,0.147513097
GTCCATTACTGCTACG-1,0.07352445,-0.09052548,-0.067294176,0.048939863,0.194668718
GTCCCAACGTAAAGTA-1,-0.013079266,-0.22731628,0.03120868,-0.072144635,0.169558282
GTCCCAATCATCCCGC-1,-0.052201444,-0.230221837,0.073233961,0.02691196,0.164579912
GTCCCGCGACGTTATG-1,-0.086818667,-0.173856659,0.055262475,0.035116789,0.137110406
GTCCGAGAGCAATCAT-1,0.122255396,-0.142824641,-0.134508215,0.131776458,0.109822842
GTCCGGACCTGAAATT-1,-0.391441809,-0.436374549,0.483247949,-0.165350986,0.022340808
GTCCGGCTGAATTGCG-1,0.108265851,-0.162013324,-0.14364397,0.118827673,0.18739969
GTCCGGGTTCACATTA-1,-0.198575569,-0.148613903,0.122263985,0.02046251,0.029196157
GTCCGTTAGAGGGCCT-1,0.002899009,-0.125687932,-0.027591063,0.076689403,0.211774542
GTCCTACAGGCGGCTC-1,0.050212177,-0.186558982,-0.083311446,0.137630404,0.215177551
GTCCTACGAATAGTCT-1,-0.366995301,-0.390283469,0.404343241,-0.082619454,0.012687947
GTCCTACTCTACGGGC-1,-0.002048301,-0.160775094,-0.031444782,0.071179219,0.153922053
GTCCTAGGATACCTTA-1,-0.005344421,-0.120109517,-0.031809846,0.046758575,0.161461326
GTCCTATTGTTGTGGT-1,0.09761481,-0.169085499,-0.126951974,0.129458343,0.087881862
GTCCTTCTACAACCCA-1,0.035613966,-0.130784869,-0.070690783,0.070141306,0.129848824
GTCCTTCTAGTGGGTT-1,0.10762774,-0.187833363,-0.128866035,0.164836413,0.104720079
GTCCTTTAATGACTTC-1,-0.179679085,-0.318403028,0.194094846,-0.110199487,0.047517101
GTCGAATTTGGGCGCT-1,0.021436319,-0.09343215,-0.056939904,0.089084557,0.211531966
GTCGATAGGTGACTTT-1,0.052630716,-0.201075988,-0.066169064,0.10442261,0.141659802
GTCGCCGTTGTGTGTT-1,-0.256814903,-0.183198896,0.190074756,0.029541401,0.047484265
GTCGCGTAACCCGTTG-1,-0.013580186,-0.236191741,0.021089821,0.034577521,0.143863022
GTCGGAAGGATACCAG-1,0.095713318,-0.10855109,-0.134205718,0.140302804,0.068615123
GTCGGATATCTCAGAC-1,0.079736033,-0.152808498,-0.103446493,0.095795638,0.075469758
GTCGGATGTAGCGCGC-1,-0.006358607,-0.257230552,-0.015445567,0.013187375,0.093073505
GTCGGGAACATGGTAG-1,-0.272815744,-0.367362634,0.34664399,-0.124517999,0.026422795
GTCGGGAAGCAGAAAC-1,-0.190642401,-0.201868464,0.201167035,-0.013272707,0.126247338
GTCGGGTGAAGTACCG-1,-0.042457341,-0.125083261,0.026270299,0.069864395,0.104819213
GTCGTACCATCTCGGG-1,-0.327347417,-0.446756372,0.430846236,-0.10255962,0.062864575
GTCGTACCTACGATTG-1,0.069777566,-0.175078784,-0.089168563,0.072756483,0.09038091
GTCGTATTGGCGTACA-1,-0.286438441,-0.339187491,0.314253643,-0.068791006,0.002879866
GTCGTCAATTATAAGG-1,-0.110277614,-0.187618121,0.06359257,-0.09783132,0.108989526
GTCGTCTGGTTGGCTA-1,-0.213671976,-0.399905107,0.283675292,-0.061365839,0.038649622
GTCGTGTCTGGTCATC-1,0.056176993,-0.124214695,-0.094185487,-0.037882898,0.101793648
GTCGTTATTCGCTTAT-1,0.037367652,-0.167916039,-0.043671485,0.076938255,0.210616418
GTCTACTCAATTACAA-1,-0.035296622,-0.294882508,0.038096972,0.093975821,0.141207061
GTCTAGTGAGCCGCTT-1,0.026966003,-0.112224007,-0.047629925,0.073357394,0.18919031
GTCTATACACGCATGG-1,0.061716049,-0.098644573,-0.092039289,0.048853576,0.178378131
GTCTATCTGAGTTTCT-1,-0.100461018,-0.2557619,0.111837986,-0.01080005,0.164670508
GTCTATTGCATGCTCG-1,-0.053912317,-0.153559509,0.033426498,0.016346451,0.151833652
GTCTATTGGTTCCGGT-1,-0.069261791,-0.233689254,0.089991759,0.041747207,0.144325565
GTCTCAAGGCCCGGCT-1,-0.105514148,-0.162746066,0.08285281,0.068259227,0.170121909
GTCTCCCGAGTCCCGT-1,0.036693796,-0.089755005,-0.07830839,0.057920971,0.191576429
GTCTCCGCCTCAATAC-1,-0.179824926,-0.142488706,0.098283796,0.049858695,0.025283573
GTCTCCTGCCAGTATG-1,-0.215078966,-0.106466607,0.141464367,0.049287564,0.128860577
GTCTCGACTAAGTTTG-1,0.092425421,-0.057378384,-0.116375034,0.10100956,0.084360513
GTCTCGATCTGCTTTC-1,-0.185941799,-0.311533991,0.248336831,-0.042254372,0.113010969
GTCTCGCCAACACGCC-1,-0.047525487,-0.245152985,0.035791291,-0.051209422,0.108018953
GTCTGCCGACTCGACG-1,-0.008010567,-0.138684554,-0.019692751,0.090027743,0.226311939
GTCTGGGCGGTCGAGA-1,-0.139116201,-0.264425821,0.098740223,0.062240604,0.133712256
GTCTGTAGGTTGAACA-1,-0.022136628,-0.126386351,-0.026596663,0.066813352,0.129690445
GTCTTACCACGCCAAG-1,-0.036374173,-0.212012075,0.078109513,-0.012562119,0.182601654
GTCTTAGTACAGCCGG-1,0.108186786,-0.229573123,-0.119652898,0.125211916,0.067795859
GTCTTCCTCACCTAAG-1,0.086904975,-0.096763067,-0.086159493,0.087904127,0.142951139
GTCTTGAGGAGCAGTG-1,0.030377657,-0.137937646,-0.020489641,0.004560709,0.188436469
GTCTTGTAGCTATTCA-1,0.096642133,-0.123929279,-0.106672301,0.07409125,0.196586349
GTGAAACGGCGCCACC-1,-0.018069874,-0.275519364,-0.023039456,0.054443564,0.100346639
GTGAAACGTGCTCCAC-1,-0.089468008,-0.223770454,0.045441967,-0.038996878,0.084210968
GTGAACTCCCATTCGA-1,0.004669419,-0.218697492,-0.002664793,0.047054784,0.148499564
GTGAAGATTTCAAGTG-1,0.051913387,-0.212137452,-0.064559675,0.096184884,0.146577081
GTGAAGCCGTATAGTC-1,0.084910152,-0.151553983,-0.094322849,0.113916261,0.014730251
GTGAAGTCACGACTCG-1,0.011346335,-0.201253359,-0.059859394,0.103994941,0.196175678
GTGACAGCTTCCCACT-1,-0.159768587,-0.131901151,0.088685058,0.022124493,0.038033514
GTGACCGCACACTACG-1,0.079973953,-0.082309824,-0.078984783,0.053062927,0.197832605
GTGACCTAAAGAATAA-1,-0.235263171,-0.382540008,0.309580601,-0.065488332,0.045448496
GTGACGAGGGTGACCC-1,-0.007839059,-0.251531488,0.021216291,0.019660196,0.153346349
GTGACGCAGGTTTCAT-1,-0.28931059,-0.150771344,0.172510937,0.029617583,-0.043455938
GTGACTTCAGTAGTGC-1,-0.109297566,-0.323897487,0.157133269,0.000523644,0.167370241
GTGAGATAACCTTATA-1,0.010750516,-0.121664554,-0.034970142,0.083567086,0.210414813
GTGAGCGTGCTGCACT-1,0.031521608,-0.221376631,-0.088303098,0.152547729,0.104627724
GTGAGGACACTTAAGG-1,-0.134143558,-0.300560233,0.146429847,0.041105256,0.14657408
GTGAGGAGCGGTTGAG-1,-0.163506837,-0.402053374,0.244554495,-0.074426693,0.124054561
GTGAGTCGACTAATAG-1,-0.009964788,-0.128301514,-0.021054959,0.057022413,0.160395541
GTGAGTCTAAGACGGA-1,0.044467089,-0.27504498,-0.075290161,0.06123246,0.131722241
GTGAGTGGTACAACGC-1,-0.238155261,-0.243980932,0.221704434,-0.01112327,0.086926654
GTGATCAAGCGTGCAC-1,-0.004141211,-0.149216008,-0.05735141,0.108666015,0.145454793
GTGATCACTAACGCCT-1,-0.085994955,-0.213019699,0.086628679,-0.028696276,0.079139114
GTGATCATAGATCTGC-1,-0.279044194,-0.365570543,0.334635561,-0.055225267,0.140255767
GTGATCCTTGTCATGA-1,0.038055506,-0.124133917,-0.057950508,0.063287234,0.187467912
GTGATGCACAACATCT-1,-0.168962316,-0.293257573,0.184156643,-0.037707746,0.073508216
GTGATTCGCCGCTCAA-1,-0.135147649,-0.265338279,0.101104027,0.055138072,0.131042984
GTGCAAATCACCAATA-1,-0.011508384,-0.271611029,0.037166559,-0.006492441,0.161277381
GTGCAACAAATGTGGC-1,-0.062027346,-0.254536206,0.06528917,0.046444304,0.170532123
GTGCACCAGCTTCAAC-1,-0.118500968,-0.10886987,0.063364466,0.039360921,0.110075607
GTGCACGAAAGTGACT-1,0.003390385,-0.210926679,-0.034253814,0.059431286,0.14193498
GTGCAGCGTAGAGTAG-1,-0.066532209,-0.26914561,0.074375722,0.020040495,0.084802273
GTGCCATCACACGGTG-1,-0.085595801,-0.14876371,0.036319951,0.093245984,0.189224736
GTGCCCGTTCGGATTC-1,0.056029238,-0.135508558,-0.052294197,0.045424863,0.162642316
GTGCCGCTTCAAAGGT-1,-0.104052147,-0.278291968,0.144428874,-0.017680816,0.150687748
GTGCCTAGCTATGCTT-1,-0.227260758,-0.265361943,0.180281918,-0.051163935,-0.005878871
GTGCCTCAGTGTACGG-1,-0.147342075,-0.345662126,0.170036358,-0.151047737,0.079491789
GTGCCTGAGACCAAAC-1,-0.135737703,-0.139209634,0.052079475,0.048349523,0.06937332
GTGCGAAATCGAACAC-1,-0.174599002,-0.270268663,0.17878552,-0.020346202,0.126414812
GTGCGACAGGGAGTGT-1,0.031319695,-0.200965515,0.002771414,-0.004123333,0.162354479
GTGCGCAGCTTGCTCC-1,0.10010231,-0.144488174,-0.128567982,0.137644199,0.071096465
GTGCGCTTACAAATGA-1,-0.159031481,-0.287786864,0.135519792,0.020553511,0.115537888
GTGCGGGACCATCGGC-1,0.121028346,-0.109408393,-0.152208469,0.130142472,0.078493429
GTGCGGGTCTCCAAAT-1,0.072812018,-0.133477108,-0.107416609,0.088306755,0.161227985
GTGCGTGTATATGAGC-1,-0.017748959,-0.234384829,0.040899095,0.060928357,0.121369902
GTGCTATCCAGCTGGA-1,-0.06224696,-0.112943021,0.037854956,0.06091848,0.219522015
GTGCTCAAGTACTGTC-1,-0.168448837,-0.307412716,0.149374615,-0.104293992,0.076952576
GTGCTGCAGATAAGGA-1,0.108016947,-0.158018391,-0.127430434,0.146525399,0.048653752
GTGCTGTTAGAACATA-1,-0.100413233,-0.182776939,0.07682974,0.076171088,0.200367885
GTGCTTACATCAGCGC-1,0.038287271,-0.169781025,-0.014980781,0.033397663,0.202689221
GTGGAACCTACATGCG-1,0.011604109,-0.277103381,-0.027694537,0.041455639,0.12873028
GTGGACCAACCCGATT-1,-0.039773152,-0.219886063,0.028296036,0.12251745,0.201354144
GTGGACGCATTTGTCC-1,-0.281001857,-0.233057713,0.253961187,-0.097621145,0.025156079
GTGGACGTGCTGAGAC-1,0.112206911,-0.167744734,-0.138145048,0.100384947,0.188282113
GTGGAGCATGTCGGCC-1,-0.015371967,-0.120913384,0.015194989,-0.031108723,0.137818669
GTGGAGCGTTTACCGA-1,-0.011461008,-0.092777108,-0.020942641,0.030184934,0.161904257
GTGGAGTCGGCGGTTG-1,-0.064043944,-0.140477015,0.019961428,0.054548889,0.166401286
GTGGCAAACAGCGGCA-1,0.024246442,-0.077636446,-0.07307817,0.087000428,0.17960193
GTGGCCGGTTTCTCGG-1,-0.046300208,-0.099244563,-0.011784276,0.067669451,0.169143039
GTGGCCTAATATCATT-1,0.104269416,-0.135725755,-0.124141896,0.134929783,0.051014061
GTGGCGGGCCGTAGCT-1,-0.072293898,-0.291927778,0.066364729,-0.056466817,0.124116392
GTGGCGGTCCCAGCGT-1,-0.275818519,-0.386503264,0.370030228,-0.146268295,0.048256264
GTGGCGTGCACCAGAG-1,-0.076173058,-0.297515364,0.046669387,0.031566842,0.04326318
GTGGCTGTTTCTGTTC-1,-0.026085859,-0.165827802,0.023987776,0.060129559,0.192418848
GTGGGAACAAACCGGG-1,0.017426179,-0.138683283,-0.025448254,0.050734486,0.224519091
GTGGGAAGACTGAATC-1,-0.054927759,-0.230445444,0.05107814,0.075944978,0.186019447
GTGGGCTTAGACACAC-1,-0.033246926,-0.277393761,0.039408357,0.068654744,0.188208861
GTGGGTACTGAGCGTA-1,0.04733641,-0.162169357,-0.105863655,0.200562957,0.253137628
GTGGGTCTTCTTTGCG-1,0.006517969,-0.237263495,-0.004095524,0.081042284,0.074108351
GTGGTATAGTCTGCCG-1,-0.07053656,-0.10550974,0.010708945,0.069613448,0.152633846
GTGGTCAGCGAAGTAT-1,-0.18014646,-0.30497804,0.163363796,-0.069716496,0.036225716
GTGGTGATGGTTTGTG-1,0.064687945,-0.172363313,-0.065004294,0.10210234,0.103693033
GTGGTGGCCAAGTGAA-1,0.122051744,-0.061329372,-0.149023194,0.104160431,0.239007178
GTGGTTACTTCTTTCG-1,-0.052689063,-0.227441655,0.092927273,-0.06965381,0.141678601
GTGGTTTCCGCCTTTC-1,-0.04312549,-0.194758588,0.022197802,0.046811857,0.169662837
GTGTACCTTGGCTACG-1,-0.226557382,-0.356446929,0.298754336,-0.076066181,0.104435761
GTGTACGAACCGTTCC-1,-0.215540776,-0.328245355,0.2754153,-0.077507902,0.130621668
GTGTATATCAGCGGGC-1,-0.07152082,-0.134837023,0.027412474,0.079966235,0.161827802
GTGTATGACTTTAAAG-1,0.122548298,-0.094705417,-0.159580705,0.137723735,0.106304764
GTGTCAGTGTACGTGG-1,0.002382143,-0.093196968,-0.049206315,0.076680179,0.196887223
GTGTCCGATAAGGCAT-1,-0.073556099,-0.333614348,0.118611733,-0.032688736,0.100761419
GTGTCGTATAGCGTTC-1,-0.28743851,-0.412402284,0.381899864,-0.128420803,0.094521349
GTGTCGTATTCACCTT-1,0.104966142,-0.153784299,-0.134624643,0.141049572,0.060852653
GTGTGAATAACTTAGG-1,0.019815958,-0.185603355,-0.021906795,0.048458127,0.155753817
GTGTGAGCCGAGGTGC-1,-0.194030968,-0.319640254,0.245689444,-0.090821785,0.079858371
GTGTGTCGACGTCGCT-1,-0.012762109,-0.176196864,0.017230467,-0.074679942,0.128176612
GTGTTACTATGCGTCC-1,-0.108575971,-0.226085015,0.067440104,0.046136301,0.118374649
GTTAAAGTAGGACTGG-1,-0.041001547,-0.204660171,0.032446729,0.059386014,0.158219455
GTTAACATCACTTAAA-1,-0.348836515,-0.417135688,0.411624419,-0.186851233,0.038125282
GTTAACTATGTTGTCA-1,0.050746984,-0.124305991,-0.04133964,0.036834024,0.190826221
GTTAAGGGTGCGATGT-1,-0.075347566,-0.124485284,0.03038114,0.042371306,0.109950737
GTTAAGTTAGAGTGGG-1,0.013435122,-0.196397791,0.009028373,-0.003155253,0.188177651
GTTAATAGCGTCATTA-1,-0.050418579,-0.208839786,0.078594837,-0.0090255,0.143097755
GTTAATGTCTATCTTA-1,0.03958396,-0.173148534,-0.078735745,0.115138204,0.07876257
GTTACAATTGGTGACG-1,-0.29054374,-0.447035668,0.399055762,-0.167603146,0.090669837
GTTACCAAGGCGTACG-1,-0.034753339,-0.159828513,0.014881009,0.072182806,0.181866349
GTTACCTACAACTTGC-1,-0.330658518,-0.431660503,0.395506027,-0.10474877,0.03132992
GTTACGAAATCCACGC-1,0.087270187,-0.088996726,-0.121789106,0.093203234,0.104613492
GTTACGGCCCGACTGC-1,0.103955871,-0.083013173,-0.1421503,0.10044526,0.106686373
GTTACTTTGGGCCTAG-1,-0.149099882,-0.338508579,0.179887773,-0.003584281,0.149937495
GTTAGAGTGTGCCGCT-1,0.126622864,-0.100964802,-0.165989916,0.150610338,0.037218288
GTTAGCCCATGACATC-1,-0.114940505,-0.152283912,0.043848129,0.037027873,0.042219535
GTTAGCCGTAAATCAA-1,-0.012898679,-0.27704132,0.030629746,0.017253583,0.126744745
GTTAGGCTACCCGTTT-1,-0.023718463,-0.161709502,0.010081862,0.061071063,0.201724819
GTTATAATACGGTGAA-1,-0.169265176,-0.344111074,0.237426439,-0.066146446,0.118750218
GTTATATCAGGAGCCA-1,-0.015531641,-0.241009246,0.031997696,0.064108398,0.083747983
GTTATATTATCTCCCT-1,-0.328104124,-0.455777135,0.476877936,-0.275718233,0.096480811
GTTATCAAGCTATCGA-1,0.003589336,-0.110235429,-0.022309985,0.040053984,0.176771197
GTTATCACCTTCTGAA-1,0.010596229,-0.281272907,-0.042101782,0.086110615,0.144867432
GTTATTAAATACGACC-1,-0.295624408,-0.428406631,0.38728219,-0.169616584,0.079267229
GTTATTAACGTGGGAG-1,0.05725548,-0.151412291,-0.095435168,0.108243747,0.194126838
GTTCAAATCAGATGTC-1,-0.077076162,-0.244147685,0.095926919,-0.058149391,0.118585179
GTTCAATCTATGTCAA-1,-0.04617055,-0.246313055,0.078412004,0.036047691,0.101479999
GTTCACAGGAGTCTAG-1,-0.088706258,-0.265590246,0.05971947,0.082003588,0.090699177
GTTCAGTCGCCAAATG-1,-0.120860162,-0.155517583,0.09601048,0.024285205,0.145823083
GTTCATCGTTTGGCTG-1,-0.143485786,-0.305714933,0.213659303,-0.090440406,0.137248174
GTTCCAAGACAGCGAC-1,-0.109772662,-0.302224549,0.159587783,-0.016835214,0.105206079
GTTCCAGTCTGACCAT-1,0.128082491,-0.11435545,-0.178451461,0.118269072,0.175335839
GTTCCCGTAAACATAT-1,0.120633039,-0.169867377,-0.137261659,0.09021317,0.156111476
GTTCCGTCCGCCTGCA-1,-0.010019029,-0.120876718,-0.023165145,0.061758771,0.171496222
GTTCGACAATTGTATA-1,0.075953526,-0.076920911,-0.121380095,0.095817729,0.21689332
GTTCGCCATAAGTGCC-1,-0.209259532,-0.363110218,0.300585965,-0.152747247,0.072038657
GTTCGCTGAGACGTCT-1,-0.217687074,-0.333578587,0.232393663,-0.078783421,0.009977546
GTTCGGAGCACTCAAC-1,-0.059721844,-0.233169686,0.075861641,0.030683099,0.186698635
GTTCGGATCGGGAACA-1,0.085775358,-0.095666607,-0.093764345,0.064112785,0.192845503
GTTCGGGCGTACCATT-1,-0.034881894,-0.176725258,0.047777685,-0.021882276,0.113974747
GTTCGGTGTGGATTTA-1,0.134911788,-0.124480931,-0.167308191,0.148635719,0.09476133
GTTCGTCTAAAGAACT-1,0.087728571,-0.100240309,-0.119489995,0.115929757,0.191188942
GTTCGTCTGGGTCCCT-1,0.039804987,-0.179300962,-0.056386042,0.111503691,0.031625279
GTTCGTTGCGGACCAG-1,-0.113539946,-0.24859783,0.130352841,0.014956057,0.116075594
GTTCTTCCCTCGATGT-1,0.097100909,-0.192605801,-0.120270792,0.085441749,0.218186139
GTTCTTGTAACTCAAT-1,0.074494635,-0.049851746,-0.114161972,0.109223473,0.253351944
GTTGAACCGGTTCCAT-1,-0.00782235,-0.200118919,-0.003499199,0.037436035,0.161301124
GTTGAGTCCCGCCGGT-1,-0.510519378,-0.336454416,0.471179521,-0.10685821,-0.118055614
GTTGCACGGAGTTTCG-1,0.120762377,-0.143777282,-0.157260179,0.125673745,0.175680903
GTTGCAGTCGACAACA-1,0.112676107,-0.167160953,-0.131721173,0.14992315,0.054182931
GTTGCCCTAACGGGTG-1,-0.169864484,-0.133424858,0.044903384,0.118281238,0.076260437
GTTGCGCTAACATTAC-1,0.045161246,-0.11161073,-0.0686738,0.032254628,0.137223634
GTTGCGGACGGTCAGG-1,0.0912353,-0.197763303,-0.100262258,0.108009933,0.108701019
GTTGGACCGCATCAGG-1,0.072400458,-0.168011436,-0.101813395,0.143946811,0.081490766
GTTGGATTCAGTGGCT-1,-0.047539837,-0.220908521,0.026171797,0.028854503,0.035196816
GTTGGATTGAGAACAC-1,0.031183054,-0.180415052,-0.03250734,0.047333603,0.170151645
GTTGGATTTGCGTTGG-1,-0.242835391,-0.428561527,0.352742816,-0.069950125,0.108126558
GTTGGTCATGCTATCC-1,-0.172938765,-0.273128902,0.191165404,-0.235192756,0.115466881
GTTGTAGATTTATGAG-1,-0.1427972,-0.155572146,0.088233032,0.059900231,0.107322039
GTTGTCGTGTTAGTTG-1,0.122274219,-0.078245035,-0.167011895,0.117954165,0.163250554
GTTGTTACATTGCGCT-1,0.140217563,-0.160467676,-0.197610395,0.16999094,0.121044063
GTTGTTGCAAGATGGC-1,0.103095633,-0.242225928,-0.150671007,0.157081655,0.133264582
GTTTACGTTCCATCTG-1,-0.345227143,-0.412116641,0.446125075,-0.149670337,0.052149829
GTTTATGGGATTTAGA-1,0.047038113,-0.206733234,-0.082007115,0.094010822,0.162796374
GTTTCAAACGAGTTGT-1,-0.316365468,-0.415474514,0.402179011,-0.156617857,0.033754482
GTTTCATATCGTCGCT-1,-0.358621906,-0.506922847,0.476629331,-0.127618609,0.046390362
GTTTCCTGGAGGGTGA-1,0.138262774,-0.093593612,-0.184362142,0.122299278,0.177840119
GTTTCTAGAGGCGCGG-1,-0.090327444,-0.098871295,0.025620494,0.056592663,0.106552212
GTTTCTGCAGTCTCCC-1,-0.1637253,-0.442815919,0.24644515,-0.060254787,0.164500294
GTTTGACCAAATCCTA-1,-0.185455214,-0.259737705,0.090758298,0.060189406,0.083611075
GTTTGAGCGGTTATGT-1,-0.151814331,-0.302534198,0.201444245,-0.043507691,0.11334182
GTTTGGCCCAAGTTAT-1,0.090980813,-0.188710248,-0.100215681,0.134464825,0.09392747
GTTTGGCCGCTCAGCG-1,-0.094873298,-0.258345299,0.082223632,0.030569,0.120351309
GTTTGGCGTCAGGCAC-1,-0.147019685,-0.310396054,0.132161472,-0.064070478,0.025212643
GTTTGGGCTTGTGAGC-1,-0.333344743,-0.423008363,0.461323328,-0.138279294,0.086773636
GTTTGGGTTTCGCCCG-1,0.060484085,-0.066180915,-0.092778226,0.087109857,0.198936143
GTTTGGTAGGGTCAAC-1,-0.082828456,-0.218983329,0.102411986,0.015125143,0.179148038
GTTTGGTGATCGGTGC-1,0.003987334,-0.120299803,-0.045232543,0.07790664,0.208620322
GTTTGTTAGCCAAGTA-1,0.059350029,-0.09697531,-0.08547207,0.094469386,0.230478137
TAAACCCAGGAGGGCA-1,-0.039785778,-0.13389691,-0.002963458,0.055753058,0.16464338
TAAACGTCGTCAATGA-1,0.088119137,-0.197251067,-0.120992309,0.127637432,0.201351936
TAAAGACAACCCTTTA-1,0.016973634,-0.111924222,-0.017376481,-0.001230965,0.121118332
TAAAGAGCCCGAAACC-1,-0.224015656,-0.391260961,0.365049817,-0.101129055,0.150218598
TAAAGCGGTATTTCCA-1,0.021404429,-0.142511322,-0.046517325,0.100121088,0.232329521
TAAAGCGTTAGGAGAA-1,-0.091908936,-0.264662793,0.06943317,0.001529164,0.12299414
TAAAGCTGCAATAGGG-1,-0.325892398,-0.3984834,0.407378279,-0.225776407,0.022902821
TAAAGGAGAAACTAGT-1,0.035749486,-0.241892333,-0.050688082,0.041089076,0.124045201
TAAAGTGCACGTCTCG-1,-0.065311186,-0.163171643,0.042665589,0.016314284,0.123068773
TAAATCTTTACACCTC-1,0.068433523,-0.169020348,-0.070369439,0.04972079,0.093690395
TAAATGAATCCGTTTC-1,0.050471974,-0.24465457,-0.086648949,0.141672221,0.17160488
TAAATGCCGTCTCATG-1,-0.328527439,-0.403333169,0.414922768,-0.111323521,0.040960049
TAAATGGGCTACTGAG-1,0.122985528,-0.178957277,-0.145574236,0.155605193,0.084168014
TAAATTGTGGGTAAAG-1,0.05876271,-0.136115778,-0.090806831,0.116331127,0.250693159
TAAATTTAGTAACACC-1,-0.067359441,-0.108705495,0.017590043,0.085058664,0.191866351
TAACAAAGGGAGAAGC-1,0.116144302,-0.054811822,-0.151324138,0.096351266,0.15432865
TAACAATATTTGTTGC-1,0.078111318,-0.151632848,-0.080343879,0.110646928,0.088101937
TAACAGCGTTTGTGCT-1,0.057035705,-0.099438551,-0.086867573,0.070626617,0.200917848
TAACAGGTTCCCTTAG-1,0.067816818,-0.104327826,-0.088823239,0.108812266,0.281091908
TAACATACAATGTGGG-1,-0.08033292,-0.210145881,0.038732662,-0.082638269,0.090429355
TAACATACACGCGATC-1,-0.079352353,-0.16112177,0.041422543,0.062328008,0.148382635
TAACCGCCCGCAGTGC-1,-0.196212133,-0.374777238,0.29054981,-0.05303559,0.15745117
TAACCGTCCAGTTCAT-1,-0.041378693,-0.258116744,0.043848409,0.06585945,0.081094557
TAACCTACCGTCCGAG-1,-0.454237922,-0.342263118,0.462105932,-0.114551083,-0.038661061
TAACCTAGGGAGTCCA-1,-0.385188375,-0.434187768,0.480074753,-0.145666893,0.031599269
TAACGCTTTGAGAGCG-1,0.054576068,-0.220173451,-0.109869932,0.173169488,0.157032173
TAACTATCGAAGGTCC-1,0.111148714,-0.166796448,-0.165125116,0.140884942,0.198541487
TAACTATTACGCCAAA-1,-0.01238493,-0.257478853,0.017257392,0.031018669,0.145380139
TAACTCATCCGCGCGG-1,-0.175417575,-0.303844107,0.16904845,0.021561098,0.121430137
TAACTCCATGGAGGCT-1,0.076081471,-0.231628264,-0.126978719,0.132747437,0.204601064
TAAGAGGGACAGGGAC-1,0.103994232,-0.098191427,-0.165127667,0.097358076,0.178260136
TAAGATTTAGCGGGAG-1,0.045862758,-0.183272058,-0.041207194,0.082741427,0.07861765
TAAGCAGGCGACACGC-1,-0.015086996,-0.338031212,0.02352188,0.083219473,0.188680918
TAAGCCCTTACGACCA-1,0.094388616,-0.1298384,-0.127898873,0.131259158,0.067902627
TAAGCGCGAATCAAAT-1,-0.007510731,-0.130048368,-0.040095217,0.106024297,0.164274088
TAAGGAACTTGTGGGA-1,0.120897844,-0.117399207,-0.163928513,0.128214774,0.191713116
TAAGGCAACATAAGAT-1,0.010216432,-0.262442239,-0.052524471,0.150769773,0.157127307
TAAGGCATAACATCAA-1,-0.162960313,-0.125001907,0.079421928,0.057788786,0.112124694
TAAGGCCCGTCACCCT-1,-0.101732426,-0.122347032,0.05170802,0.044000326,0.104075927
TAAGGCTGAATCCCTC-1,0.052133857,-0.103698357,-0.029794724,0.036921884,0.198622783
TAAGGGCCTGTCCGAT-1,-0.242702054,-0.311314472,0.268161997,-0.045920172,0.091521826
TAAGGGCTGGGAGAGG-1,0.012611918,-0.291019592,-0.028465719,0.133143881,0.156635086
TAAGTAAATGTGCCGC-1,-0.007409626,-0.258016992,-0.00671701,0.042515153,0.124232905
TAAGTAACATCTTGAC-1,-0.306777949,-0.246639539,0.256028048,-0.045966813,0.020347948
TAAGTCGCCGAGTATC-1,-0.044931598,-0.127681227,0.007688831,0.068926686,0.193559345
TAAGTCGGTGAGCTAG-1,-0.30394343,-0.332885765,0.342204991,-0.051847591,0.075765517
TAAGTGAATAGTCTAC-1,0.033651464,-0.100899443,-0.070934171,0.082918408,0.201731013
TAAGTTGCGACGTAGG-1,-0.20367796,-0.308862264,0.253586422,-0.15211199,0.114358978
TAATAAACAAGGAGAT-1,-0.036216513,-0.317162471,0.045795131,-0.019615345,0.156824692
TAATACACAGTAGTAT-1,0.055243918,-0.247894544,-0.096264624,0.10912455,0.180385395
TAATACTAGAACAGAC-1,0.016484752,-0.146687852,-0.015594903,0.049954771,0.209007899
TAATAGAACAGAGTTA-1,-0.126177871,-0.255162229,0.13304407,0.058163855,0.124096424
TAATAGCTAAATGATG-1,-0.162364556,-0.323524046,0.178108592,-0.018552237,0.074877613
TAATAGGTCACCAGAA-1,-0.019508128,-0.151752213,-0.014901562,0.018929488,0.140140042
TAATAGTGACGACCAG-1,0.021410596,-0.22354025,-0.045697882,0.095495132,0.179956921
TAATATTGAAATTCGC-1,0.074286042,-0.169635944,-0.112784308,0.110763998,0.195444016
TAATCAACCAAATGGG-1,-0.122472523,-0.309626909,0.13180782,0.010553345,0.086477082
TAATCGATCCGTACGT-1,-0.000261889,-0.231259401,-0.041991456,0.035705746,0.10970119
TAATGAAAGACCCTTG-1,0.124948895,-0.207090465,-0.186077243,0.215406033,0.182279964
TAATGTCGGTTCATGG-1,0.008242612,-0.083065643,-0.075734999,0.114133819,0.178010533
TAATTACGTCAGTAGA-1,-0.127499814,-0.191478004,0.109792503,0.01633616,0.139884912
TAATTAGATGGATATG-1,0.012541768,-0.230978416,-0.00152913,0.029909119,0.200831316
TAATTAGGACATCCGT-1,0.111784371,-0.054908178,-0.130725108,0.069571058,0.179375936
TAATTCCAATGCTTCA-1,-0.14463437,-0.257073473,0.16875096,-0.028219378,0.125124576
TAATTGGAATCGGGAA-1,0.07950396,-0.138332504,-0.103123971,0.061034718,0.090932009
TAATTTCCGTCCAGTA-1,-0.11723055,-0.354641817,0.149935095,-0.03073023,0.048129282
TACAAATTGCGGAGGT-1,-0.063531734,-0.278473954,0.060665457,0.00150809,0.090123155
TACAACAGCGCATACA-1,-0.01245352,-0.060243628,-0.073270718,0.115373729,0.042739944
TACAACGCACAACTCA-1,-0.172421857,-0.273830152,0.185018078,-0.033729711,0.109343408
TACAAGCTGTTCACTG-1,-0.34507625,-0.316819005,0.315793752,-0.070247942,-0.023535422
TACAAGGGCTTCTTTA-1,0.072838108,-0.106361013,-0.099052238,0.090668998,0.207776704
TACAAGTCTCGTGCAT-1,0.046375906,-0.254750777,-0.063936379,0.153161489,0.134989023
TACAATGAAACCAGCA-1,-0.062795743,-0.276050576,0.049523396,0.101651331,0.132062266
TACACAGCCGTGGTGC-1,-0.215740887,-0.096647151,0.113022639,0.043862935,0.061759093
TACACCGTCGTTAGTC-1,0.056696061,-0.175716863,-0.06739593,0.089761771,0.07734976
TACACCTCTTCGAATC-1,-0.049445024,-0.135611586,0.010977267,0.064362008,0.120697904
TACAGAAACGGTGGGC-1,-0.069042858,-0.16519828,0.035171783,0.055902967,0.142310902
TACATAGGCATACACC-1,0.050422659,-0.23120287,-0.034065871,0.072895952,0.091817824
TACATCCCTATCCCTG-1,-0.170107839,-0.224630968,0.136113352,0.032422359,0.080083604
TACATCTTGTTTCTTG-1,-0.199313423,-0.218470914,0.155186074,-0.188721456,0.023486949
TACATGACCTTATCCG-1,0.061563943,-0.126883075,-0.092805293,0.066652695,0.105700975
TACATGCCGGAATTGT-1,0.117804454,-0.184489631,-0.144206332,0.152549582,0.070089284
TACATTTCTAACGTGC-1,-0.153910406,-0.373956422,0.187698662,-0.137047047,0.039203124
TACCAAATAGCCCAGA-1,-0.138410308,-0.195672311,0.123067304,-0.003727031,0.122649674
TACCAATAAAGTACCA-1,-0.303573064,-0.359058048,0.351321934,-0.084792271,0.067157886
TACCAGAAGTAGGTTC-1,-0.186757511,-0.210856071,0.169537763,0.002959428,0.125637849
TACCAGCTAGGTTTAA-1,-0.124612272,-0.367627343,0.125760362,0.018692037,0.086011888
TACCAGGAATCCCGTC-1,-0.155460863,-0.091536958,0.072969596,0.060936189,0.117031951
TACCATGTATTGATTT-1,-0.029521533,-0.215550356,0.028325864,0.035721864,0.127398351
TACCCTCGGTAACCCT-1,0.072498575,-0.251902444,-0.090798501,0.138125968,0.110240895
TACCGAATAATTGTAA-1,0.011571914,-0.100136421,-0.04685048,0.06127992,0.170560865
TACCGATCCAACACTT-1,0.089423201,-0.158981692,-0.122985857,0.134880121,0.082861549
TACCGCGGACTTGCAG-1,-0.026068229,-0.198965162,0.051546436,-0.050104738,0.135619338
TACCGGCTCACTGCCC-1,-0.360903809,-0.42287584,0.417707484,-0.058236262,0.018099562
TACCGGTCGTTTCCAT-1,-0.056164138,-0.253340289,0.057796269,0.134857244,0.202787829
TACCGTAGGTTAACTA-1,-0.34456902,-0.171192845,0.229982358,-0.016560649,-0.077861224
TACCGTGCCTCGGACC-1,-0.221570059,-0.312760102,0.26407708,-0.018917555,0.164717448
TACCTACTCCCAGTAT-1,-0.186915651,-0.144623873,0.137140349,-0.056305031,0.07943392
TACCTATCCCTAGAGG-1,-0.185489578,-0.355343116,0.240348684,-0.065635836,0.050702181
TACCTCACCAATTGTA-1,0.019932759,-0.146278314,-0.030737111,0.085911494,0.160124194
TACCTCACGCTTGTAC-1,0.120494018,-0.146288609,-0.141167808,0.102606467,0.226310757
TACCTCAGTTGTCTGT-1,-0.124119801,-0.162900459,0.036237445,0.095841298,0.129849679
TACCTCCACACCAATG-1,-0.010911526,-0.151184401,-0.04045054,0.046216171,0.115576335
TACCTCTTTACCATCC-1,-0.406617389,-0.405319631,0.49186335,-0.146610607,0.054271492
TACCTGCTGCACTGTG-1,0.09872578,-0.258356817,-0.147929002,0.210150862,0.153597926
TACCTTAAGATTTCCC-1,0.052664111,-0.166459406,-0.067578353,0.094007979,0.225801772
TACGAACACGACTTCA-1,-0.058628909,-0.310732988,0.06234523,0.068455841,0.157479129
TACGACGCTTGCTGCG-1,-0.25071885,-0.347346031,0.301254744,-0.069090183,0.111292115
TACGACTGCCTCTTAG-1,-0.08653219,-0.264712835,0.080397269,0.030145685,0.171042342
TACGAGAACTTCACGT-1,-0.269182758,-0.415361839,0.322296456,-0.035802976,0.002961104
TACGATCCAAGCCACT-1,-0.138304641,-0.342528749,0.207278953,-0.100614377,0.112906334
TACGATGTTGATCATC-1,-0.107654049,-0.326344738,0.108233451,0.025006825,0.114751057
TACGCAGTTCTTTCCT-1,-0.152604402,-0.350466976,0.181599524,-0.039232767,0.173077004
TACGCCATATTCTAAT-1,0.083809978,-0.203873758,-0.093575055,0.091669844,0.050351803
TACGCCGAGGGTACCC-1,0.003927769,-0.108841391,-0.03898294,0.068595457,0.183548501
TACGCCGCCTCAGAAG-1,-0.210578495,-0.328421793,0.260582224,-0.123220029,0.08777785
TACGCCTCCATTCCGA-1,-0.353758121,-0.137201364,0.247527875,0.001118726,-0.007824056
TACGCTATAGAAACCT-1,-0.280787357,-0.427878028,0.439929739,-0.17568887,0.131825497
TACGCTCCTAGAACTG-1,-0.099394903,-0.126307015,0.0541054,0.041345573,0.160572809
TACGCTCGGTATTGGA-1,-0.292808889,-0.424865769,0.368450984,-0.097158857,0.055392327
TACGCTGCACGGTCGT-1,-0.099273415,-0.213045324,0.128544377,0.068937905,0.182407162
TACGCTGCTGTGTTAA-1,0.023084693,-0.15332284,-0.057943941,0.092142038,0.205089762
TACGGAAGCCAAACCA-1,-0.056406772,-0.110291872,0.003916452,0.044822547,0.128106404
TACGGCATGGACGCTA-1,-0.264792282,-0.32001768,0.282643794,-0.083540831,0.031780131
TACGGGATGCTAGCAG-1,0.04554909,-0.191058075,-0.098618425,0.029015556,0.142273417
TACGGGTAATAACATA-1,0.000527652,-0.156156187,-0.005983592,0.090396319,0.243172966
TACGTAAAGCGGAGTG-1,-0.004249694,-0.161143686,-0.013534887,0.055404002,0.178394056
TACGTACTAGTGCTGA-1,-0.218037725,-0.088502286,0.125569934,0.044993902,0.108251853
TACGTGCAAGGTTCCT-1,-0.216466745,-0.302396683,0.229583243,-0.027752883,0.076177634
TACGTGCACTATGCTG-1,0.136474787,-0.065679572,-0.185330885,0.114398215,0.140415902
TACGTGGGCCCAGGGC-1,-0.079831175,-0.112188174,0.033296096,0.061920489,0.190799805
TACGTTTACCGGCAAT-1,-0.024832054,-0.229843363,0.033080677,0.037507123,0.193102926
TACTACGTGCAATGCG-1,0.044546073,-0.110333186,-0.075193966,0.111031594,0.220949656
TACTATGGTTCCTCAG-1,0.040154369,-0.106580273,-0.078891923,0.094730191,0.219935002
TACTCACAACGTAGTA-1,0.131884352,-0.121835906,-0.173282823,0.153133881,0.063552534
TACTCATTGACGCATC-1,0.011204855,-0.154662512,-0.042454789,0.096519877,0.104897045
TACTCCTCTAGTTGAC-1,0.001826194,-0.111157897,-0.041631776,0.098241851,0.217677042
TACTCGGCACGCCGGG-1,-0.162073163,-0.443214222,0.242296061,0.041246181,0.139831342
TACTCGTTTGAATCAA-1,0.095705345,-0.084062569,-0.118169789,0.096577485,0.234751306
TACTCTCCGAACAAAT-1,-0.092815483,-0.342983942,0.119105649,-0.100890554,0.120312888
TACTCTTACTTTACTG-1,-0.364546201,-0.455450149,0.466611146,-0.148086832,0.047112983
TACTCTTTCGTCTTCA-1,-0.006047509,-0.115300949,-0.042949239,0.066875672,0.185763834
TACTGAACAGATTTAG-1,-0.112451441,-0.123118012,0.051119944,0.050131437,0.126533383
TACTGAGGGAAGAAAG-1,0.030668879,-0.128412927,-0.071690275,0.119420999,0.221617547
TACTGCAATCAATTAC-1,0.028116458,-0.244709501,-0.051851705,0.136765244,0.130765247
TACTGCATGATTAAAT-1,0.06372284,-0.087966667,-0.095827611,0.08865282,0.195828006
TACTGGACAGCTCGGC-1,-0.02861313,-0.191168394,-0.006728308,0.120960552,0.154077186
TACTGTTTCTCTGGTA-1,-0.096104443,-0.253130718,0.136321923,-0.081340962,0.135189708
TACTTAAACATGTACA-1,-0.016970448,-0.127173851,-0.024448889,0.07327879,0.16736633
TACTTGTTAGTAGTCC-1,-0.02766966,-0.19282546,0.080460349,-0.016510218,0.215918142
TACTTTACTGAGCCGG-1,0.024105316,-0.22681342,-0.039413836,0.068516597,0.15210355
TACTTTCCGCACGCCA-1,0.035915361,-0.168158869,-0.050303663,0.089343072,0.216310606
TAGAAACACAATAGTG-1,-0.008309601,-0.254807841,0.001314834,0.038647514,0.131124657
TAGAAACCACTAAGTA-1,0.130758786,-0.129582732,-0.170015079,0.157655162,0.043261329
TAGAAAGGTGGCGCTA-1,0.048041597,-0.203819043,-0.05646643,0.036357131,0.156525115
TAGAAATTCACGTATA-1,0.095648277,-0.16162213,-0.114079955,0.136003871,0.003538547
TAGAACGCCAGTAACG-1,0.128968097,-0.075653657,-0.166032003,0.128145577,0.1070836
TAGAAGAAGGGTTACA-1,-0.094209595,-0.329975216,0.091175362,0.014313528,0.101024607
TAGAATAGCCGATGAA-1,-0.082204645,-0.177992852,0.06170528,0.037577477,0.146895394
TAGAATTAAGGGCAAC-1,0.047274452,-0.264461514,-0.034947128,0.108459052,0.099349408
TAGACGAAACGCCAAT-1,-0.323102825,-0.159211777,0.200204607,0.017855659,-0.070674855
TAGACGCCCGTACCGG-1,0.011764678,-0.216323977,0.008220568,0.056324289,0.182685893
TAGACTACCTAGCGTT-1,0.097605634,-0.075157877,-0.096621142,0.058586983,0.210475146
TAGACTCAGTTGGCCT-1,-0.100196308,-0.146010935,0.021457477,0.106804572,0.117474636
TAGAGATCATGCAACT-1,0.039435432,-0.168830942,-0.049109776,0.067114294,0.188239207
TAGAGCTACGAAGAAC-1,0.109058009,-0.116371389,-0.146276866,0.097941544,0.181685144
TAGAGGGAGTTTATCT-1,-0.025235325,-0.119494395,-0.007411975,0.059343943,0.196433918
TAGAGGTTCTACTTGT-1,-0.24826562,-0.374761619,0.345544293,-0.131864884,0.1205155
TAGAGTCTAAGCGAAC-1,0.08932584,-0.19608858,-0.14241445,0.161731241,0.199444731
TAGAGTGTTCCGGGTA-1,0.002306628,-0.150266894,-0.011647424,0.076554484,0.147209157
TAGATATGGACTGGAA-1,-0.039600713,-0.208046537,0.040565608,0.039879007,0.187242569
TAGATCCGAAGTCGCA-1,-0.407320188,-0.400642332,0.409806443,-0.127117422,-0.108763429
TAGATGGTTCCTTACT-1,-0.366752312,-0.428067607,0.464477855,-0.297841835,0.044275913
TAGATTCAAAGTGCGG-1,-0.047581666,-0.16325039,0.044082607,0.005557999,0.184766916
TAGATTCCTGGTTATT-1,-0.006841584,-0.285498118,-0.026924362,0.19451989,0.149905619
TAGATTCTCTAGCAAA-1,-0.01638347,-0.156347276,0.022166748,0.067480001,0.108615764
TAGCAACCTGTCACAA-1,0.097263971,-0.227292513,-0.144890495,0.160085317,0.22819126
TAGCAGATACTTAGGG-1,-0.297537615,-0.149354393,0.24806548,-0.02121684,0.048493759
TAGCAGTAAATACGCG-1,-0.035976145,-0.293216514,0.0246999,0.066290373,0.091627503
TAGCAGTATGACTAAA-1,0.074169779,-0.072555263,-0.119034416,0.097277042,0.197815439
TAGCCAGAGGGTCCGG-1,0.11168928,-0.141535739,-0.173136049,0.157674476,0.083851188
TAGCCATTTCAAAGTC-1,0.082736915,-0.176535058,-0.079879195,0.107470853,0.137039352
TAGCCGGCGGTCAGCG-1,0.001099486,-0.213326242,0.009228133,0.030050925,0.160333808
TAGCGTCCCTCGATTG-1,-0.008865087,-0.1664017,0.025295279,0.004866956,0.18298239
TAGCGTCCGGTGTGGT-1,-0.365373645,-0.390986961,0.413680494,-0.266335476,0.017895468
TAGCGTCGAATATTGA-1,0.11662541,-0.15729856,-0.146953331,0.147554003,0.045226385
TAGCGTTGGGTCTTAC-1,-0.033572202,-0.176671802,-0.027065495,-0.075070077,0.102147822
TAGCTAAGTCCGGGAG-1,0.045886031,-0.2270579,-0.094514324,0.145219082,0.210940648
TAGCTAGAAGGCATGA-1,-0.121213084,-0.212446637,0.101887842,0.031335151,0.121197411
TAGCTAGTGATGATGG-1,-0.004991556,-0.129553912,-0.041332719,0.110649486,0.211820563
TAGCTCACTGTGTTTG-1,-0.044899389,-0.185715536,0.055065606,0.053123131,0.163013781
TAGCTCAGATCCTAGT-1,-0.041193892,-0.28311595,0.02275983,0.025404175,0.059017354
TAGCTCGCCTGATAAC-1,-0.063056674,-0.181685296,0.069285719,0.040627315,0.178763901
TAGCTGATGTGAAGCG-1,-0.040716958,-0.235634282,0.047283425,0.038457984,0.190036596
TAGGAACAGCCTCCAG-1,-0.094922174,-0.224446758,0.129225314,0.005817742,0.194324554
TAGGAGGCTCGAGAAC-1,0.093582372,-0.061914605,-0.132380831,0.094039475,0.186915938
TAGGATCTTAACCGCA-1,0.011838879,-0.133405727,-0.055025012,0.102169599,0.22506492
TAGGCATGTTACGCCA-1,-0.052111223,-0.271950569,0.042829373,-0.016174504,0.126203347
TAGGCCTATATAGTCT-1,0.018926236,-0.112965712,-0.054748808,0.081636428,0.196057241
TAGGCGATGAGGTCTC-1,-0.066283376,-0.141155744,0.025593099,0.048285359,0.146884622
TAGGCGGCTGCAAAGA-1,-0.013790433,-0.147765348,-0.016114129,0.020248128,0.183264113
TAGGCTAAAGTGGCAC-1,0.058105834,-0.080445445,-0.100422999,0.092907654,0.180564375
TAGGGAGCTTGGGATG-1,0.005988935,-0.159530335,0.012313712,0.006788291,0.174087625
TAGGGTGTTTCAAGAG-1,0.064628522,-0.170704973,-0.096324395,0.104401326,0.166627753
TAGGTCCAAGTAAGGA-1,0.086745522,-0.208318565,-0.151567838,0.206165115,0.192721303
TAGGTCGCCGGAACTG-1,-0.132389255,-0.27751977,0.153401345,-0.036986582,0.105015201
TAGGTGACGATAACCT-1,-0.004137564,-0.109538782,-0.032503844,0.059082357,0.166547441
TAGGTGAGCCCTACTC-1,0.055725442,-0.220486318,-0.10125446,0.157251555,0.193042327
TAGGTGCTCGCCTAGC-1,0.049461507,-0.177941934,-0.047858867,0.072672155,0.167208176
TAGGTGTTCCACAGAT-1,-0.263863322,-0.112330603,0.180757322,-0.006571699,-0.004595504
TAGGTTCGAGTTCGTC-1,-0.038326377,-0.246531319,0.033749697,-0.077507423,0.132520734
TAGGTTCTGCTGAGAA-1,-0.051023497,-0.13404444,-0.010853309,0.072669122,0.137570991
TAGTACCACAACTTTC-1,-0.08873444,-0.171774622,0.064977507,-0.220092264,0.122000626
TAGTACCTTAGTGGTC-1,0.077929985,-0.233247158,-0.121914924,0.183273588,0.242186822
TAGTAGCTTATACCAG-1,-0.264726313,-0.138196086,0.198960818,0.021643168,0.099013786
TAGTAGTTGCCGGACA-1,-0.034244248,-0.159493145,-0.029898094,0.08330517,0.144847987
TAGTCCCGGAGACCAC-1,-0.040441981,-0.145122985,-0.039499199,0.102042506,0.125815054
TAGTCCGCAGAGAATG-1,-0.205698276,-0.362345387,0.299676265,-0.106946297,0.069747387
TAGTCCGTATGCATAA-1,0.093002409,-0.204399287,-0.130111867,0.105525123,0.192619584
TAGTCCTGCACTAAGC-1,-0.019896436,-0.101118934,-0.03280186,0.067091411,0.142799734
TAGTCGATCACGGGTT-1,-0.132084828,-0.308135166,0.198081796,-0.096524155,0.148524393
TAGTCGGGATTCTTCG-1,0.033460459,-0.137628746,-0.025044582,0.008859613,0.107920183
TAGTCTAACAACGAGA-1,0.036384382,-0.176432772,-0.064453078,0.080924141,0.184305369
TAGTCTGCGGCACATT-1,-0.007526227,-0.163165893,-0.032334327,0.121067237,0.218201273
TAGTCTGTGACGTTGC-1,0.062582398,-0.209301121,-0.092659847,0.113402479,0.147419486
TAGTCTTTCCGAATTG-1,0.022699109,-0.182133192,-0.013630403,0.034536776,0.157973212
TAGTGACAAGCTCTAC-1,-0.184130117,-0.220291787,0.240117423,-0.078416857,0.081577353
TAGTGAGAAGTGGTTG-1,0.057769464,-0.125636957,-0.088079369,0.089377441,0.12869731
TAGTGCCCTCCAGAGT-1,-0.05254738,-0.263198821,0.056855944,0.000628223,0.114378624
TAGTGCTTGAATCCTT-1,0.070053763,-0.192542361,-0.094374751,0.087825811,0.06604329
TAGTGGAACTCATACA-1,-0.14832441,-0.296045154,0.157156687,-0.112752348,0.07466105
TAGTGTCAGAAACGGC-1,0.114108172,-0.213147795,-0.188230019,0.21161185,0.208381495
TAGTTAAGATAGGATA-1,0.123526199,-0.112403521,-0.150736269,0.134081514,0.086381366
TAGTTTATTCTTGCTT-1,0.030591183,-0.23347299,-0.027006612,0.076503571,0.186268817
TAGTTTGATCGGTCGC-1,-0.325197348,-0.085076667,0.178396074,0.038720597,0.017330819
TATAAATCCACAAGCT-1,0.091168292,-0.152778544,-0.141529819,0.14413663,0.192881125
TATAAGTGAGGATAGC-1,0.092896416,-0.186439418,-0.12078457,0.130350345,0.202482679
TATACACAGACGCCTT-1,-0.156993132,-0.324001194,0.230304043,-0.038603468,0.188304932
TATACACGCAAAGTAT-1,-0.029101221,-0.293548629,0.057908641,0.046142357,0.181254857
TATACCGAGTGCCACA-1,0.020049507,-0.176604822,-0.021796956,0.033679431,0.150675796
TATACGCGTCATCACT-1,-0.170606173,-0.146851141,0.095449131,0.036141168,0.024077417
TATACTCATGCGGCAA-1,0.104126928,-0.234677078,-0.158209129,0.163942336,0.236957215
TATAGAGTCGCTTGAA-1,0.100511438,-0.064031751,-0.15425793,0.097029009,0.241796434
TATAGATGGTCGCAGT-1,0.035391594,-0.163418309,-0.00458143,0.015249672,0.193278462
TATAGCGCACGTTATC-1,-0.012253835,-0.213394115,-0.064954038,0.161737095,0.151605027
TATAGGGTACTCATGA-1,-0.061050851,-0.337422088,0.098600126,0.034239406,0.204027073
TATAGTTAGGTGTACT-1,0.007803897,-0.105785506,-0.071967654,0.148496614,0.245169544
TATATAGGGCTTTACG-1,-0.07655413,-0.112568318,0.009351486,0.025599179,0.065665102
TATATATCGAGAAATG-1,-0.235617704,-0.138405498,0.15158229,0.018851406,0.06955554
TATATCAAAGTGATCT-1,0.07644601,-0.14917075,-0.101984658,0.129671472,0.27351504
TATATCATTGATCAGT-1,0.105622507,-0.160102609,-0.121995045,0.11172406,0.080572801
TATATCCCTGGGAGGA-1,0.04970511,-0.127983221,-0.037423419,0.040585504,0.130724925
TATATGCTGGGTTGCC-1,-0.031989297,-0.217345855,-0.011173438,0.080421035,0.118088482
TATATTACAAATGTCG-1,0.094111306,-0.149039342,-0.104347304,0.094520568,0.084329099
TATATTCGCGTCGATA-1,-0.176613331,-0.25815161,0.12817006,-0.020198318,0.064359963
TATCAAAGGTCTGTAA-1,0.054588631,-0.18909218,-0.04852714,0.087327505,0.090985955
TATCACAGCACGGGCA-1,-0.239847658,-0.401895749,0.305209424,-0.105165202,0.085602406
TATCACCATGTAAAGT-1,-0.209434668,-0.368246948,0.22766098,-0.018046874,0.067748761
TATCACCCAACCGACC-1,0.037579262,-0.222241738,-0.074982395,0.072799841,0.131701651
TATCACTTCGAGTAAC-1,-0.286145069,-0.380791792,0.345766428,-0.108622071,0.040655627
TATCAGTGGCGTAGTC-1,0.022360501,-0.117807715,-0.060543482,0.116578832,0.202391222
TATCCAATTGGTTATC-1,-0.438682083,-0.414822525,0.474385868,-0.108879506,0.001193745
TATCCATATCATGCGA-1,0.132394168,-0.097517409,-0.176219239,0.116835246,0.164015959
TATCCATCTCGGTTAG-1,-0.044342142,-0.149650076,0.008814501,0.059595414,0.176136285
TATCCCTCGATCTGCA-1,-0.084003888,-0.108467746,0.043880835,0.055979531,0.153814975
TATCCGCACCGTCGGG-1,-0.311790621,-0.13716324,0.182229024,0.026276902,-0.026607074
TATCCTATCAACTGGT-1,-0.135294912,-0.174345882,0.094646154,0.0568616,0.114923645
TATCCTGCATGGGAAT-1,0.121238501,-0.093503015,-0.171893795,0.130069116,0.169548506
TATCGATCTATGCATA-1,0.045828026,-0.267690906,-0.087827832,0.090579399,0.116773331
TATCGATGATTAAACG-1,0.104329179,-0.115709599,-0.153097129,0.099846416,0.172345019
TATCTACAGAGGTAAT-1,0.134031177,-0.144764013,-0.198227372,0.199679492,0.172074383
TATCTACCACAGCGGG-1,-0.137452664,-0.279888582,0.174768754,-0.063628089,0.110180834
TATCTAGCCTAAAGGA-1,0.106473263,-0.175996358,-0.132591513,0.160032024,0.019474274
TATCTGAGCCGATATT-1,-0.490313927,-0.116543928,0.313899715,-0.047479266,-0.186223245
TATCTTGCAATACAAC-1,-0.153849982,-0.107685276,0.044695778,0.090883808,0.048418395
TATGAAGAATTAAGGT-1,0.029247354,-0.089813509,-0.09034472,0.104494913,0.171139061
TATGAAGACAGGTGCG-1,0.060355208,-0.224176714,-0.095795265,0.128156494,0.16802349
TATGACCTTGCGCTGG-1,0.000973044,-0.255041366,-0.055815001,0.148241674,0.158899436
TATGATAAATCTAACG-1,0.126385843,-0.095115781,-0.162239819,0.14274845,0.057676981
TATGATCCGGCACGCC-1,0.075600681,-0.170480823,-0.102244331,0.141953877,0.121539418
TATGATCTTCTCTTTA-1,0.051404489,-0.11860099,-0.069394763,0.071441352,0.204477925
TATGATTCTGCTTGGT-1,0.089472378,-0.137193698,-0.106229474,0.110751041,0.08187051
TATGCTCCCTACTTAC-1,0.05331412,-0.265180661,-0.102117113,0.125463723,0.187996606
TATGGAGTTTCTCGTT-1,0.1131879,-0.119162401,-0.147684391,0.11488505,0.077236269
TATGGATGTGCTACGC-1,0.118878307,-0.14628719,-0.149619789,0.115953224,0.216349711
TATGGCAGACTTTCGA-1,0.108457537,-0.139525731,-0.134280368,0.148698707,0.039375141
TATGGCCCGGCCTCGC-1,0.044167355,-0.231203251,-0.095586883,0.167858213,0.159989681
TATGGCTAGGCTAATT-1,-0.28009266,-0.392861391,0.295719429,-0.083823651,0.009664875
TATGGGACCGAGCAGG-1,-0.298336019,-0.510681149,0.456260045,-0.174359692,0.109265919
TATGGGTACGTATCGT-1,-0.035759511,-0.234040725,-0.015181918,-0.035525597,0.125605455
TATGGTCTGAGTAACA-1,-0.256311639,-0.381413183,0.348840615,-0.156316464,0.092578398
TATGGTTAGTGGGAGA-1,0.028309727,-0.165831668,0.01244346,0.026076174,0.189813144
TATGTAAAGTGCTTAA-1,-0.183222074,-0.122849798,0.103407755,0.040519636,0.075045182
TATGTAGAAACCCGGC-1,-0.100318078,-0.179008804,0.065350026,0.07461324,0.174876325
TATGTCAAGACCGACT-1,-0.011829873,-0.278016601,-0.020109297,0.076084818,0.109841785
TATGTCTCATTGTGCC-1,0.057125122,-0.20036562,-0.086388798,0.050799797,0.180635965
TATTAACACCAAAGCA-1,0.005020226,-0.090349422,-0.041668683,0.066008068,0.164749913
TATTAACCTGACCGCG-1,-0.114030143,-0.139387084,0.065253229,0.042808682,0.135788193
TATTACCATCCTGCTT-1,0.070966582,-0.058565867,-0.069841391,0.042058677,0.187974867
TATTATGTTTGCCTGC-1,-0.021002214,-0.157296738,-0.013687095,0.078179686,0.159989577
TATTCAATTCTAATCC-1,5.01E-05,-0.243856567,-0.004776369,-0.074832887,0.168799152
TATTCCACTCAGCTCG-1,-0.143166335,-0.285410773,0.178812895,-0.005721369,0.163112168
TATTCCGAGCTGTTAT-1,-0.432665423,-0.389990437,0.4967965,-0.194844005,0.005570332
TATTCCGGCAGTCCTA-1,-0.010523515,-0.281388692,-0.040032224,0.099599111,0.130441371
TATTCCTCCGCCCACT-1,-0.016923173,-0.17348957,0.000424994,0.037617334,0.179790782
TATTCGTGCCAGAATA-1,-0.007402379,-0.230787179,-0.019627621,-0.064415157,0.131675214
TATTGACATTTCTGCC-1,0.008994834,-0.218762734,-0.019667777,0.03410835,0.168411209
TATTGCCGGGCTTGTA-1,0.032746201,-0.156284352,-0.043660285,0.070378126,0.20785567
TATTTAGTCTAGATCG-1,0.134554644,-0.08110035,-0.186212078,0.123624046,0.172338014
TATTTATACCGAGTAG-1,-0.01030148,-0.296474763,-0.001242754,0.001193028,0.169628718
TATTTGATTTGCACAG-1,0.05357438,-0.248728452,-0.055612938,0.088149494,0.101610717
TATTTGTTACCCTTTA-1,0.101161431,-0.143373637,-0.14622941,0.134088537,0.180652578
TCAAACAACCGCGTCG-1,-0.171281875,-0.290150907,0.156941701,0.00900024,0.155518769
TCAAACTTAGATTGTT-1,-0.116146519,-0.320391304,0.136304805,-0.228985407,0.136057304
TCAAAGAGCTATCTGT-1,-0.020084161,-0.199510408,-0.063531555,0.133050884,0.120140305
TCAAAGTCACGGCGTC-1,-0.037190165,-0.116270844,-0.031567528,0.071999101,0.096283885
TCAAATTATGTTCGAC-1,-0.058440456,-0.123371489,0.02504554,0.061549711,0.081687866
TCAAATTGTTGTGCCG-1,-0.02468559,-0.143465477,0.001663638,0.044851301,0.16107884
TCAAATTTGAGACTCA-1,-0.030144453,-0.101660003,-0.00581746,0.046097993,0.143752382
TCAACAAAGATAATTC-1,0.036220291,-0.168068288,-0.089416267,0.145926437,0.219008128
TCAACACATTGGGTAA-1,-0.010647718,-0.219049589,-0.008571976,0.03692819,0.188258892
TCAACATAGCGCCCTA-1,-0.095026347,-0.150762767,0.069733722,0.046407148,0.165387428
TCAACATCGACCGAGA-1,0.000492905,-0.173765286,-0.014308708,0.064352069,0.200990559
TCAACCATGTTCGGGC-1,0.114915095,-0.11136053,-0.158393469,0.128044088,0.199303666
TCAACGAGGAGACAAA-1,-0.30931296,-0.43878604,0.424839382,-0.148252261,0.068808178
TCAACGCAGGAAATAA-1,-0.057895966,-0.220633629,0.068662707,0.039916026,0.157025168
TCAACGCGACCGGCAG-1,-0.26237652,-0.37390081,0.316383079,-0.053013967,0.074342982
TCAACTAACGTATAAC-1,-0.053674185,-0.244715862,-0.009055945,0.135087837,0.141075374
TCAACTGCAGAGTCAG-1,-0.285024212,-0.462278675,0.403032625,-0.084263062,0.087613056
TCAAGAAATACTAGCT-1,-0.266178082,-0.428510038,0.415010548,-0.141195243,0.132361859
TCAAGCGCGGACGGTA-1,-0.130680975,-0.384738911,0.186943686,-0.009109305,0.116811414
TCAAGCTGCCTTGAAA-1,-0.24239461,-0.421947003,0.322992082,-0.094080125,0.062923444
TCAAGGTTACTACACC-1,-0.083502827,-0.236760972,0.105026287,0.032805353,0.114143816
TCAATACAATTGCTGC-1,0.078091781,-0.179673827,-0.074010688,0.115798961,0.108023308
TCAATACGCCGTCATG-1,-0.06627827,-0.079711509,0.011005095,0.050672632,0.123179757
TCAATATACAGGAGGC-1,-0.082903089,-0.150887441,0.030666578,0.08625498,0.108216714
TCAATCCCGCGCCAAA-1,-0.05243833,-0.225448751,0.083817706,0.014756515,0.184081471
TCAATCCGGGAAGTTT-1,-0.023777852,-0.179710738,0.063957566,0.051305314,0.166205143
TCACAAACCGAGGTAC-1,-0.036316754,-0.160691599,0.024395257,0.040727038,0.179070286
TCACAGATCCTCAAAC-1,0.030329146,-0.136054254,-0.074016591,-0.041170936,0.091167585
TCACAGCAAACTCGAA-1,-0.089986935,-0.22980255,0.10281838,0.011414414,0.174910178
TCACAGGAGAATAAGA-1,-0.10707655,-0.156846273,0.038420237,0.071888224,0.12654134
TCACAGGGAATCGCAA-1,-0.177158612,-0.251021338,0.202837592,-0.020654058,0.140291494
TCACAGGTTATTGGGC-1,-0.011828457,-0.21473935,0.031727017,0.025320456,0.160708361
TCACATCTTATCTGAT-1,0.099903875,-0.168267777,-0.135607458,0.116406206,0.18316717
TCACCCTCTTAAGATT-1,-0.330670713,-0.364540185,0.393170372,-0.056173743,0.056948054
TCACCGCTCGGCACTC-1,0.014296039,-0.217072511,-0.016562385,0.05481305,0.160108033
TCACGATGTCCGTGGA-1,-0.009039515,-0.202041196,-0.011495203,0.116042617,0.229938399
TCACGCATTGTAGATC-1,-0.061714958,-0.248369439,0.078640867,-0.000704495,0.113490577
TCACGGCCCAAGAGAG-1,0.039187522,-0.057891231,-0.084519287,0.088523959,0.185656712
TCACGGTCATCGCACA-1,0.125545339,-0.093512368,-0.180143462,0.129803216,0.157617409
TCACGTGCCCGATTCA-1,0.098933648,-0.127807292,-0.111934834,0.110976988,0.074055692
TCACTACGACCAATGC-1,-0.176330492,-0.333556849,0.196736664,-0.018514206,0.092600813
TCACTATCCCTTCGGT-1,0.02484601,-0.11861561,-0.06480629,0.083779735,0.201077609
TCACTATCGTGCAATC-1,0.035343299,-0.133192493,-0.057622488,0.10432711,0.064644783
TCACTCAGCGCATTAG-1,0.029142144,-0.132738822,-0.059558816,0.072121256,0.13574156
TCACTCGTGCAACGGC-1,-0.301621634,-0.335109542,0.249144715,-0.000457945,-0.073830478
TCACTCTTCGTCTGTC-1,-0.018722734,-0.233216271,0.035882611,0.075057554,0.178376778
TCAGAACCTCCACAGG-1,-0.001556264,-0.237416581,0.021634814,0.026014313,0.155774829
TCAGAACGGCGGTAAT-1,0.059862089,-0.083028012,-0.095307663,0.082058468,0.217731991
TCAGACGCTATAGAAG-1,-0.304241395,-0.381983967,0.363952694,-0.076930051,0.081242352
TCAGAGGACGCGTTAG-1,-0.005465847,-0.107671511,-0.044094,0.086774716,0.156350659
TCAGAGTGTGAGCATG-1,0.106385574,-0.175803652,-0.123900002,0.14892066,0.078886952
TCAGATGGAGACGTAG-1,0.103826059,-0.138339923,-0.123412164,0.150872674,0.009923372
TCAGCAAATGCATCTC-1,0.048325616,-0.232350718,-0.066784981,0.042836521,0.171000337
TCAGCAGTAGGCCCTG-1,-0.046066856,-0.111552125,-0.016010158,0.082699724,0.154170969
TCAGCCAATCCGTAAA-1,-0.106753762,-0.268944498,0.13425323,-0.016860915,0.154758082
TCAGCGCACGCCGTTT-1,-0.00159762,-0.116683103,-0.033066406,0.069583374,0.218365092
TCAGCTTGAGCTTTCG-1,-0.123052718,-0.084496486,0.054613461,0.0541677,0.148825617
TCAGGGCGACTTCCTT-1,0.104088435,-0.167826919,-0.130323197,0.100563114,0.176595386
TCAGGGCGCAAACTCG-1,0.072055634,-0.215103246,-0.117781258,0.131869725,0.170836396
TCAGGGTGCACGAAAC-1,0.107327215,-0.171628133,-0.124073063,0.131503344,0.081432835
TCAGGGTGTAACGTAA-1,-0.019410129,-0.266428276,-0.001569878,-0.01509625,0.144928996
TCAGGTTCTTTGAGAA-1,-0.126594345,-0.302309012,0.17248336,-0.0094358,0.151735233
TCAGTACTGACCCGCG-1,-0.008498555,-0.171993921,-0.039475861,0.106742691,0.176820055
TCAGTAGGGACTATAA-1,-0.05729441,-0.212641352,0.066125798,0.012028273,0.158240432
TCAGTGTATACGTCAT-1,-0.281446693,-0.147070204,0.173668961,0.02923462,-0.007306847
TCAGTTACGGAATGAT-1,-0.057633381,-0.236550093,0.027144852,-0.067243195,0.10524142
TCATAAGTCCAAGAAG-1,0.137254602,-0.171176768,-0.174734196,0.170740249,0.065491977
TCATACTTACAGATCC-1,0.095747125,-0.184542407,-0.141879359,0.14636179,0.192313238
TCATATGAGCTTTGTT-1,-0.120030003,-0.121031488,0.067874654,0.038386679,0.089642404
TCATCACTCGAGCTCG-1,0.122407974,-0.186320967,-0.17738835,0.165066587,0.214385454
TCATCCCAGAGGGTGG-1,-0.220242662,-0.407165282,0.3086464,-0.100983057,0.078294375
TCATCCTCAGCTGCTT-1,-0.131944833,-0.13958269,0.092486322,0.050021962,0.132076736
TCATCGACGACCGTCG-1,0.083407298,-0.107331098,-0.124863184,0.119777902,0.241251556
TCATCGATGGTCCCAA-1,-0.08814403,-0.170611479,0.072247011,0.036325987,0.183315769
TCATGCAGGTTCTCAT-1,-0.053840849,-0.292415605,-0.002996534,0.055142286,0.079315621
TCATGGAGGCCTTTGT-1,0.066659953,-0.165974842,-0.093522259,0.13722164,0.173776303
TCATTCGTATAATTTG-1,-0.182249992,-0.332805655,0.283606783,-0.113831178,0.117309435
TCATTTAAGTCTCCGA-1,0.076595739,-0.188586526,-0.071276562,0.079991785,0.119978535
TCATTTAGAAGTGTGA-1,-0.238830313,-0.358755611,0.311422663,-0.10897997,0.072580763
TCCAACTCAGCTATCT-1,-0.074975421,-0.128261949,0.032105812,0.065257248,0.152762343
TCCAACTTTAAATTCT-1,-0.321000413,-0.388176343,0.321998355,-0.076118928,-0.01779593
TCCAAGCCTAGACACA-1,-0.072919364,-0.166444447,0.028733648,0.048611941,0.115421453
TCCAATAAAGGCTACC-1,-0.238905984,-0.087711778,0.112512523,0.041529293,0.008723189
TCCAATGCGTCGCCGC-1,-0.026512717,-0.10092146,-0.022836654,0.068960268,0.198186786
TCCACAATGGTTTACG-1,0.073469765,-0.236109822,-0.114264258,0.154968043,0.213229698
TCCACATCGTATATTG-1,0.031595419,-0.120687486,-0.062084664,0.091047719,0.18697197
TCCACCAAGACATAGG-1,0.019197451,-0.109765016,-0.036483748,0.068626828,0.259453479
TCCACCTCTAGCCTTT-1,-0.058107703,-0.18891434,0.03173737,0.082077237,0.19080942
TCCACTTTATCTAGGT-1,0.044030085,-0.188574545,-0.090907197,0.043805022,0.156723906
TCCAGAGCACCGGTTC-1,-0.16018367,-0.409678467,0.239595886,-0.129336769,0.162712384
TCCAGATGTACGCCAA-1,0.079303742,-0.12766343,-0.084739977,0.103626956,0.062464233
TCCAGCGCTATAAGCG-1,0.035588848,-0.152963448,-0.049684196,0.061339179,0.107529424
TCCAGGCAGGACGATC-1,-0.070868069,-0.112438076,0.022053167,0.055003464,0.147603874
TCCAGGCGAGTACGGT-1,0.03723208,-0.245610579,-0.076932428,0.02435914,0.14393179
TCCAGGGTATATACGA-1,-0.031679413,-0.133678116,0.018331114,0.014660259,0.198116667
TCCATCAATACTAATC-1,-0.028684484,-0.148811658,0.011824031,-0.03170352,0.137167308
TCCATTAGTTGGATAG-1,-0.241421977,-0.339774796,0.305278002,-0.056323899,0.047106728
TCCATTCCCACTAGAG-1,0.10694013,-0.148533963,-0.128552518,0.153459184,-0.004803146
TCCATTGTGACCTCGT-1,0.120764513,-0.129213389,-0.155281433,0.15350527,0.06442437
TCCCAAACAGACAACG-1,0.07364036,-0.104033774,-0.088471024,0.065999382,0.114050578
TCCCAAACATCCTCTA-1,-0.025452239,-0.163417429,-0.013628812,0.078540851,0.149789305
TCCCAAAGACGAAGGA-1,0.074087116,-0.219788257,-0.134569569,0.136592015,0.182403545
TCCCAAAGCCCTAAAT-1,-0.03290887,-0.153937637,0.030450686,-0.012323579,0.140663612
TCCCAATATCGACGAC-1,0.003305278,-0.051901704,-0.041374982,0.05728621,0.196885876
TCCCACGGAGGGAGCT-1,0.006953789,-0.25533909,-0.005950941,-0.017521392,0.155768664
TCCCACTCTCTTCCGG-1,-0.014297786,-0.228168881,0.025261453,0.003563072,0.144807175
TCCCAGCACACGACAT-1,0.079282211,-0.173806328,-0.104273006,0.144788581,0.022155314
TCCCAGCTTTAGTCTG-1,-0.19619295,-0.444507457,0.324098416,-0.136735309,0.154732213
TCCCAGGCTTAGCTAA-1,0.112500422,-0.117411964,-0.167040089,0.132333525,0.193282228
TCCCGCCTATGTGCGT-1,-0.277777377,-0.371780424,0.325067441,-0.103189572,0.034758942
TCCCGCGTACTCCTGG-1,0.078874992,-0.204039238,-0.134690524,0.170302615,0.174982995
TCCCGGGTGTGCTGCT-1,-0.030440606,-0.262365934,0.001975771,0.108842088,0.111876657
TCCCGGTCAGGAATTT-1,0.004844073,-0.18713333,-0.031207784,0.081919066,0.103113121
TCCCGTCAGTCCCGCA-1,-0.029342357,-0.284501032,0.031398431,0.003396007,0.154864104
TCCCGTCGCGTCATAG-1,-0.009430716,-0.292868516,0.006564893,0.094500677,0.160452177
TCCCGTGTGCAATTTG-1,0.052129587,-0.164264776,-0.043442865,0.058787856,0.219005855
TCCCTAGATCAATAGG-1,0.049178331,-0.244296615,-0.090350313,0.152614392,0.089294868
TCCCTCCGAAATCGTT-1,0.107723411,-0.115615937,-0.140460525,0.139339645,0.020632448
TCCCTCTTCTCAAGGG-1,-0.056231051,-0.172340189,0.049765323,0.042530584,0.165969717
TCCCTGGCGTATTAAC-1,-0.061195983,-0.080668345,0.004190096,-0.00174565,0.127730855
TCCCTGGCTCGCTGGA-1,0.096506295,-0.250992636,-0.135728601,0.185767361,0.165266102
TCCCTTAGATTACTCG-1,-0.317576806,-0.159063848,0.15970577,0.064539465,-0.153060232
TCCCTTGTCTGAAACT-1,-0.079726191,-0.133171946,0.040795702,0.065332094,0.153330535
TCCGAACGTTGCCGCT-1,0.028381087,-0.206231205,-0.055076777,0.05783157,0.111414545
TCCGAACTTGGCTTAC-1,0.002624799,-0.291845677,-0.005839722,0.078866985,0.193144663
TCCGAAGTAGTCACCA-1,0.065021538,-0.093147572,-0.075908674,0.06110503,0.112193216
TCCGAATGGTCCTGAG-1,-0.006373546,-0.296718006,0.017984975,0.071330598,0.157290811
TCCGACCGCTAATCAA-1,0.055644944,-0.111519213,-0.106288227,0.137968263,0.227662375
TCCGAGAAGGCTAAGC-1,0.126581714,-0.065434138,-0.169686677,0.114800284,0.13146063
TCCGATAATTGCCATA-1,-0.088680928,-0.264783777,0.053868561,0.043764933,0.131188614
TCCGATGACTGAGCTC-1,-0.179140397,-0.336728329,0.204608684,-0.036677746,0.106409976
TCCGATGGTGCGACAT-1,0.16197033,-0.106570838,-0.222516582,0.138513329,0.172801166
TCCGATTACATTGCCG-1,-0.214613395,-0.27469479,0.210518749,-0.085213328,0.070177057
TCCGCAGCCACCTAGC-1,-0.084158759,-0.180236522,0.056199453,-0.03847419,0.045705791
TCCGCCTGTCTACAAG-1,-0.387722327,-0.26808799,0.340091852,-0.028103793,-0.009333458
TCCGCGGCAGCATCTG-1,-0.015374459,-0.203569384,0.029083765,-0.009674192,0.143890101
TCCGCGGCCCAATGAA-1,-0.319066313,-0.333832668,0.345276633,-0.107459995,0.022166053
TCCGCTGTCATCCCGG-1,-0.273020595,-0.214678529,0.240177158,-0.098458757,0.033868813
TCCGCTTATCCCATTA-1,-0.279748568,-0.401225714,0.350319343,-0.082118817,0.09050749
TCCGGAGGAAGGGCTG-1,0.089995164,-0.138371444,-0.103800923,0.063388179,0.078170694
TCCGGCCTAGCGTACA-1,-0.0021816,-0.288847392,0.023243142,0.061076687,0.184125166
TCCGGCCTGCATCGAT-1,-0.165358899,-0.369089353,0.233715478,-0.112932855,0.117329439
TCCGGCTGTCGGGTCG-1,0.067588922,-0.190657852,-0.102976024,0.153303265,0.028247668
TCCGGGCCACTAACGG-1,0.039636498,-0.123614235,-0.045241103,0.06982709,0.164500205
TCCGGGCTTGACGGGA-1,0.105188996,-0.037647599,-0.151254926,0.097958722,0.193044445
TCCGGTTCGTCCGGTC-1,-0.08773153,-0.175766841,0.054966159,0.028875451,0.147713153
TCCGTAACCACAATCC-1,0.0966142,-0.14594324,-0.123375456,0.110484482,0.190077911
TCCGTTAAGCTAATAT-1,0.054546638,-0.104817359,-0.062215437,0.061438938,0.251178122
TCCGTTTAGCCTTGAA-1,-0.102058914,-0.292847336,0.144094982,0.017195662,0.171534443
TCCTAAAGATTCAGAC-1,-0.018824595,-0.121218955,-0.017169946,0.064195939,0.181461174
TCCTAAATTGGGAAGC-1,-0.185574446,-0.274311105,0.211165927,-0.036336992,0.09968204
TCCTAACCGTCGGGCA-1,-0.049086141,-0.129239194,-0.000710933,0.105633101,0.198008138
TCCTACATCCACGGCC-1,0.055616817,-0.117081262,-0.070647487,0.063649012,0.200596788
TCCTAGCAAAGAAGCT-1,-0.136674317,-0.240318926,0.13186113,-0.010795062,0.109911025
TCCTATCATAGGTAAC-1,-0.151401143,-0.313780027,0.199300165,-0.05350398,0.130462247
TCCTCCTAAGACATTC-1,0.001618159,-0.205235459,-0.010682354,0.076189717,0.170655778
TCCTCGGGCTGGGCTT-1,-0.120845953,-0.33667921,0.166941424,0.009138407,0.161841431
TCCTCTACGAGATGGC-1,0.039361836,-0.212071266,-0.096592386,0.133089217,0.190295669
TCCTCTCCAGTTGTCC-1,0.088830383,-0.230744029,-0.151159798,0.187962385,0.135556184
TCCTCTGGCCCATTAG-1,0.102581711,-0.193019109,-0.119608917,0.134850457,0.012273955
TCCTGCAGCCGCCAAT-1,-0.003378786,-0.135025465,-0.035665989,0.085035884,0.181957673
TCCTGCCAACTGGAGA-1,-0.217165675,-0.341174746,0.219221753,-0.06657274,0.040661261
TCCTGCGTTGATACTC-1,-0.112957121,-0.199647274,0.097785934,-0.007334097,0.063506778
TCCTGGCGCTGCCTGG-1,0.034580655,-0.194482025,-0.050147732,0.097814585,0.120995864
TCCTTACGACGGTCCG-1,0.034513945,-0.172160275,-0.022928385,0.062251962,0.210086304
TCCTTCAATCCCTACG-1,-0.230828756,-0.348168223,0.255091592,-0.05691398,0.032992494
TCCTTCAGTGGTCGAA-1,-0.129310123,-0.288588312,0.066630061,0.019486813,0.049612317
TCCTTGTCCTTTAATT-1,-0.000897483,-0.127561062,-0.053672378,0.095656336,0.136107555
TCCTTTAAATCCGCTT-1,-0.367403577,-0.35339252,0.347643148,-0.012857464,-0.005750875
TCCTTTCTTACGCTTA-1,-0.146764531,-0.325582257,0.172504384,-0.111346417,0.153985027
TCGAAATTTAGGACCA-1,0.117911019,-0.161782634,-0.180091788,0.155751962,0.211811343
TCGAAGAACCGAGCAC-1,0.026669093,-0.126675809,-0.009931123,0.027252959,0.190842958
TCGAATATCCCGCAGG-1,-0.158854868,-0.095447339,0.06380215,0.077106946,0.111382228
TCGAATCGCAGGGTAG-1,0.009555671,-0.083952439,-0.044499574,0.057223301,0.156725273
TCGACAACTGAACCCG-1,-0.030455854,-0.142014152,-0.015335364,0.060337595,0.158752037
TCGACATAGCGTAGCG-1,0.08906844,-0.074070132,-0.133626563,0.084751841,0.197138893
TCGACTGACGATGGCT-1,-0.030338943,-0.089587037,-0.004456071,0.097370482,0.173800563
TCGAGACCAACACCGT-1,-0.245096812,-0.393574818,0.332750945,-0.164353231,0.081371689
TCGAGCCAGGCAGGCC-1,-0.063070217,-0.108299962,0.011608486,0.052115239,0.16453643
TCGAGGGCAACAGACG-1,0.101705024,-0.188417429,-0.114715959,0.104927194,0.117407912
TCGAGTCTACGATTCG-1,-0.113777093,-0.090061815,0.036446761,0.054464242,0.102636113
TCGATAGGCTAGTCGC-1,-0.088932026,-0.340822049,0.136006215,0.018874407,0.17438246
TCGATTTACGAAACGA-1,0.058433196,-0.107368234,-0.085922971,0.070287518,0.207387767
TCGCAAAGATGCATTT-1,-0.0667215,-0.160523436,0.033549904,0.039051124,0.141813562
TCGCACCAGGAGGCAG-1,-0.246938681,-0.261569226,0.256971292,-0.037968687,0.085981147
TCGCACTAACGTTTGT-1,0.081360992,-0.178039754,-0.106704927,0.071327108,0.168810103
TCGCATAAAGGGCGCA-1,-0.213293391,-0.381422351,0.302223429,-0.101675755,0.13233419
TCGCATCCCTAAGTGT-1,0.111519222,-0.122923105,-0.161375629,0.13301651,0.188763643
TCGCATTCAATGACTT-1,0.073911181,-0.135042264,-0.086215257,0.07789424,0.185036041
TCGCCACCCGGATTAC-1,0.024807227,-0.143440632,-0.068921003,0.111025802,0.227096479
TCGCCCAACTGACTCC-1,-0.215989087,-0.391357267,0.290477884,-0.133954254,0.076214265
TCGCCCACTGCGAGAG-1,0.101306733,-0.151274738,-0.120630715,0.133724163,0.039046588
TCGCCGAAGTTGCGTC-1,-0.010510304,-0.224783427,-0.004873345,0.078073396,0.206336425
TCGCCGACATATTCGC-1,-0.02333639,-0.139945566,-0.009818147,0.070186233,0.181534905
TCGCCGCACCGCGTGA-1,-0.005189024,-0.162901977,-0.056047434,0.156878877,0.190472668
TCGCCGGAGAGTCTTA-1,0.106215085,-0.145061094,-0.138385667,0.153821648,0.021447868
TCGCCGGATGGGCAAG-1,0.101527631,-0.175787852,-0.123476767,0.113346394,0.155522415
TCGCCGGTCGATCCGT-1,0.109730918,-0.154748488,-0.147266763,0.101525231,0.194736766
TCGCCTCCTTCGGCTC-1,-0.001548005,-0.175130292,-0.006885337,0.080176171,0.186600721
TCGCCTCGACCTGTTG-1,0.135289583,-0.108984808,-0.182957945,0.153240264,0.087006677
TCGCGCGTTTACATGA-1,-0.037117766,-0.112731809,-0.033331432,0.095459978,0.185162975
TCGCGTAGCAGTGTCC-1,-0.081323965,-0.134591343,0.088293736,-0.095625792,-0.007653675
TCGCGTCCAGAAGGTC-1,0.02689649,-0.255804234,-0.045025343,0.137559536,0.141052178
TCGCTAAACCGCTATC-1,-0.0272604,-0.297496906,0.021822276,0.066912873,0.113048007
TCGCTACTGGCTTTGA-1,-0.144412471,-0.157819161,0.119157608,0.007941339,0.095284764
TCGCTCGATATATTCC-1,-0.00456301,-0.273838218,-0.02745254,0.029893977,0.145704784
TCGCTCGGCACCAGCG-1,-0.002703959,-0.222942397,0.001304005,0.048425834,0.131070549
TCGCTGCCAATGCTGT-1,-0.178680536,-0.147706724,0.124279158,0.031832215,0.10057473
TCGCTGGGCGGATTGT-1,-0.192267345,-0.371582978,0.23660583,-0.041575167,0.082194333
TCGCTGTGCGTAAATC-1,0.127312112,-0.123124358,-0.164323836,0.107747046,0.19218697
TCGCTTAATTACGAAG-1,0.119652855,-0.153248969,-0.145590634,0.156728982,0.038842182
TCGCTTTAAACGTTTG-1,-0.181356396,-0.357885278,0.182231804,-0.047431665,0.092416981
TCGGAATGACCATCAA-1,0.134391753,-0.110232822,-0.176588921,0.158455026,0.024107445
TCGGAATGCGCTCTGA-1,0.017599168,-0.226676908,-0.079918969,0.16744315,0.095127898
TCGGACGCCCAGCCCA-1,-0.030243068,-0.228114113,0.035926937,-0.026522473,0.168645855
TCGGAGAGTATCGGGA-1,0.034924013,-0.185327367,-0.054609332,0.084093772,0.205351528
TCGGAGTACATGAGTA-1,-0.039125588,-0.194630794,0.052285399,-0.077100195,0.116759044
TCGGATCTGGATGACC-1,0.031157795,-0.122459224,-0.075168926,0.093367592,0.224815864
TCGGCAGGGTTAAGGG-1,-0.027920827,-0.181266241,0.03795516,0.04756638,0.193230219
TCGGCGAACCCAAACC-1,0.101058132,-0.150193089,-0.115628506,0.140636724,0.020808076
TCGGCGTACTGCACAA-1,0.019980136,-0.183053267,-0.064425096,0.099321444,0.183111632
TCGGCTAACTTCCCTT-1,-0.124749912,-0.289273768,0.125307215,-0.043620398,0.070953848
TCGGCTTGTATCGACG-1,-0.33245804,-0.393562975,0.410636636,-0.167433562,0.019490572
TCGGGAACGTGCCTAG-1,-0.0490219,-0.242767187,0.073936972,-0.023829488,0.111460273
TCGGGAGACAGCGTAC-1,-0.22718342,-0.1462782,0.137650604,-0.00595341,0.010023041
TCGGGATTCAAACATA-1,-0.25814449,-0.407182224,0.35687755,-0.100620778,0.066707184
TCGGGCACTTCTGGAT-1,0.1132942,-0.124150542,-0.148663172,0.109238425,0.136448737
TCGGGCCGTCGTGGTA-1,0.094846027,-0.095275783,-0.106774328,0.072824656,0.193473555
TCGGGTGAAACTGCTA-1,-0.254279649,-0.418556836,0.352523786,-0.111151891,0.084247781
TCGGTCCCGACAATAG-1,-0.069792053,-0.133174302,0.024716974,0.025820624,0.107642317
TCGGTCCCTGACTCCA-1,0.142798112,-0.212391771,-0.172379445,0.103119463,0.100761224
TCGGTGACCGCTCCGG-1,0.067105946,-0.108765123,-0.085371927,0.042193788,0.117827
TCGGTTAGCCATGTAG-1,-0.00170906,-0.266834295,0.003029989,0.0437947,0.161045139
TCGTAACTCCCAAGAC-1,-0.056538248,-0.200938668,0.055474551,0.042040322,0.169233663
TCGTAAGACGACATTG-1,-0.165998098,-0.314148838,0.129967001,-0.045790495,0.036000045
TCGTAAGCTCCGAGGA-1,0.053272286,-0.151917744,-0.0511486,0.055548149,0.099611418
TCGTACCGACGTCAAG-1,-0.109752904,-0.130338661,0.062210102,0.041159093,0.119096605
TCGTATAGTGCAATTA-1,0.102144333,-0.15416432,-0.162185901,0.11664339,0.139311602
TCGTATTACCCATTGC-1,-0.296568125,-0.373152869,0.365147133,-0.08515874,0.06970112
TCGTATTTCGTCCGGA-1,0.129287115,-0.127245782,-0.167454708,0.158111058,0.054832534
TCGTCAAGTACGCGCA-1,0.034345142,-0.097496283,-0.069129633,0.080617425,0.214699424
TCGTCACACTGTTAGC-1,0.077848626,-0.164748512,-0.142477155,0.154543483,0.170408296
TCGTCCGCTGGCGTCT-1,0.099431442,-0.130220744,-0.142791836,0.11512696,0.175882177
TCGTCCGGGTACACTC-1,0.121347003,-0.116978941,-0.153428876,0.152438403,0.045096122
TCGTCTTAGGCGTTAA-1,-0.180465142,-0.300264132,0.188557718,0.03663494,0.103566216
TCGTGTACTATGGATG-1,0.006992812,-0.15776815,0.00459937,0.025156818,0.098378266
TCGTGTATTGGTCACG-1,0.022101066,-0.135888367,-0.004704092,0.009150273,0.090638762
TCGTGTCACGCTGACA-1,-0.055322536,-0.233464691,0.076901353,0.046726688,0.181260386
TCGTGTTCGACCACAA-1,-0.264660046,-0.422584327,0.387552595,-0.143166114,0.12684098
TCGTTAGGAGTCCCTA-1,-0.125653182,-0.177622961,0.073037242,0.0458819,0.133767964
TCGTTCGTTATTATGT-1,-0.002867777,-0.19330383,-0.027728124,-0.015328992,0.134474305
TCGTTGACAGGGTCCC-1,0.074791064,-0.18494893,-0.102283833,0.127974613,0.07149775
TCGTTGCTATCCGGTC-1,0.02833568,-0.135703431,-0.04514429,0.071397215,0.219348821
TCGTTGGCTCGTCAAT-1,0.076783812,-0.149222563,-0.081327417,0.067025419,0.200548134
TCGTTTACGCGACCCT-1,0.015904187,-0.108634419,-0.04861814,0.0767917,0.185431191
TCTAAAGAACAGTCTC-1,0.065510444,-0.144271418,-0.121964865,0.167697859,0.240040761
TCTAACCTAGCCTGCG-1,0.044327681,-0.147189433,-0.029592089,0.048960828,0.20478538
TCTAACTGTATGTAAA-1,0.033527089,-0.204486767,-0.052098506,0.081664225,0.07762975
TCTAATACTGCCTCAG-1,0.033268081,-0.139641183,-0.041460519,0.051180592,0.185710703
TCTACACGTTCATGCA-1,0.047142339,-0.218463549,-0.069441059,0.056435936,0.083422816
TCTACCCAATAGAGAG-1,-0.326690082,-0.470029254,0.444379914,-0.146945384,0.073440216
TCTACCCGCATCATTT-1,0.035469111,-0.081868827,-0.052238294,0.089618297,0.181580083
TCTACCGTCCACAAGC-1,0.081243475,-0.203709964,-0.126772962,0.114988068,0.182080471
TCTACGCACGATCTCC-1,0.001877022,-0.062208643,-0.057499492,0.059203467,0.107215942
TCTACGGGCTCAGTTG-1,0.023960529,-0.164797791,-0.065379948,0.130717776,0.033288102
TCTAGCAATCTCCGCC-1,0.012342822,-0.214682877,-0.038668609,0.104862148,0.217082058
TCTAGCATCTTCGATG-1,0.129485059,-0.177750977,-0.203001744,0.177113041,0.189033603
TCTAGCATGCCCAGAA-1,-0.265862031,-0.402805815,0.380195266,-0.125840392,0.078000504
TCTAGGTGGCGACGCT-1,0.015337203,-0.237970238,-0.009846591,0.043988693,0.131689715
TCTAGTGATATCGTGG-1,0.046955039,-0.105336004,-0.027727466,0.034303839,0.203405624
TCTAGTTATCAGAAGA-1,-0.130301347,-0.34147369,0.165025566,-0.128173786,0.183102283
TCTATAGGTGGGTAAT-1,0.049748169,-0.157538282,-0.055448526,0.083327712,0.236336368
TCTATCATGCAGTTAC-1,0.160709799,-0.136546271,-0.211347548,0.114392382,0.204724578
TCTATCCGATTGCACA-1,-0.032807645,-0.119324102,-0.017527965,0.088621649,0.188260249
TCTATCGGTCGCAACA-1,0.037742152,-0.230520599,-0.0809811,0.037074101,0.176534394
TCTATGCTATAACGAC-1,0.014169391,-0.128904285,-0.031858349,0.070650343,0.191879735
TCTATTACGCTGGCGA-1,0.082939384,-0.152297754,-0.126809135,0.112275363,0.181469298
TCTATTACTAGAGGAT-1,-0.419957856,-0.412593154,0.450879691,-0.100879313,-0.024705162
TCTCAAATCAATCGGG-1,-0.01546082,-0.144084546,-0.005170572,0.063437309,0.186656896
TCTCAGGCTACTCGCT-1,-0.092740236,-0.231938359,0.072518348,0.086686626,0.115618907
TCTCATGAGATAGGGT-1,0.08224926,-0.121616718,-0.095248241,0.10285341,0.220592671
TCTCCAACGTAGGTTA-1,-0.149438675,-0.30475814,0.147699332,-0.021790202,0.059808349
TCTCCACAAGTTGAAT-1,-0.006051499,-0.128798866,-0.030186155,0.089547956,0.165465191
TCTCCCTGGGCAGCGT-1,-0.611490879,-0.347646147,0.552948185,-0.115460914,-0.202436493
TCTCGAACGAGGTCAC-1,-0.295026757,-0.323765863,0.309564488,-0.109274984,0.020658547
TCTCGACGTATCGCCG-1,-0.043221088,-0.254831564,0.097057318,-0.039070188,0.186540345
TCTCGAGGAGGTTCGC-1,0.00330465,-0.191901449,0.010114151,0.040993693,0.11424041
TCTCGGCTCCAGGACT-1,0.114654347,-0.115238006,-0.155721024,0.102231336,0.194134647
TCTCGTGTTACGAGGA-1,-0.023664158,-0.264225313,0.01810293,0.159409376,0.231088143
TCTCTAATAGCTGGTA-1,0.092511481,-0.171804398,-0.149253012,0.134974913,0.189941226
TCTCTCGCCGCACATA-1,-0.231287231,-0.334522832,0.250580493,-0.058188445,0.045580548
TCTCTTACCGCGAACC-1,-0.181373395,-0.109253174,0.117864908,0.043638645,0.152029144
TCTGAACCGGTCGGCT-1,0.097140514,-0.114336608,-0.132764306,0.117754944,0.189645705
TCTGAACTCGTACCCG-1,-0.08948473,-0.238887219,0.122780976,-0.020024379,0.130774671
TCTGAAGCACGTGGTC-1,-0.098450292,-0.257995269,0.127032384,0.006925424,0.168464407
TCTGAATTCCGTACAA-1,-0.043380868,-0.198628205,0.07795495,-0.030677346,0.158591115
TCTGACGGGCTAACCC-1,-0.22795076,-0.320525349,0.244884128,-0.070007204,0.054868147
TCTGACTGTAATGGTT-1,0.015327286,-0.222819389,-0.028706556,0.062579934,0.138322897
TCTGAGCAATTGACTG-1,-0.176387682,-0.304273666,0.24461226,-0.062854373,0.121421415
TCTGATCGGGTGCTAG-1,-0.065866958,-0.267051586,0.117695377,-0.061132589,0.135379946
TCTGATGTATTCTGTC-1,-0.000614417,-0.188840925,-0.0303657,0.145937574,0.261985184
TCTGATTGGAAATGGA-1,-0.032375912,-0.255249666,0.039266657,0.015180296,0.123902713
TCTGCACCATTAGTAA-1,-0.119166797,-0.356736964,0.171912326,0.02389503,0.10724177
TCTGCAGATTCGAGTC-1,0.075580492,-0.153947761,-0.097469408,0.094818938,0.141810951
TCTGCATACCTTGCTT-1,-0.089665445,-0.249556797,0.111943946,0.015387723,0.161494331
TCTGCCAGAAACTGCA-1,0.005932582,-0.237134623,0.025726268,0.03076035,0.153977846
TCTGCGAATCGTTCGC-1,0.0260879,-0.176438637,-0.058059002,0.137639301,-0.00620107
TCTGCGTCCGGTTTCT-1,0.033266397,-0.17081309,-0.059213313,0.091467296,0.180949953
TCTGCTTAGAACAAGC-1,-0.015529524,-0.254367405,0.017542722,0.027700312,0.116669421
TCTGGAGCGTAAGAGT-1,-0.006754866,-0.172704451,-0.013741725,0.031795769,0.124383048
TCTGGCCGTTCAAGTT-1,-0.019923124,-0.246058055,0.032206316,0.021025415,0.181290746
TCTGGCGCAAGCCGGG-1,0.107693126,-0.150378394,-0.135335389,0.144640214,0.002794414
TCTGGGAACCTTTGAA-1,0.072291801,-0.082945623,-0.069426176,0.050361525,0.197629411
TCTGGGTAGCGCTCAT-1,-0.212371726,-0.321710547,0.240999527,-0.049672303,0.089843485
TCTGTCATACAAGAGC-1,-0.214308213,-0.429044105,0.351435333,-0.104946307,0.178774514
TCTGTGACTGACCGTT-1,0.099995662,-0.094803652,-0.131916262,0.118671267,0.065931708
TCTGTGATGGAGGTTG-1,-0.239402445,-0.38044923,0.318574187,-0.118584734,0.070632777
TCTGTGCCATCATAGT-1,0.068451662,-0.183321092,-0.090493294,0.069330061,0.170847913
TCTGTGGCTACATTTC-1,0.106063848,-0.078460382,-0.144916378,0.118765972,0.130276939
TCTGTTACCCAGCATA-1,0.013847568,-0.172703841,-0.051196538,0.139856138,0.216960425
TCTTAACTCGGATGTA-1,-0.027964173,-0.236915114,0.016094687,-0.074691003,0.091966215
TCTTACAGAGGTACCG-1,0.12924017,-0.107824363,-0.183518359,0.109377624,0.139746458
TCTTACCGGAACTCGT-1,0.00273552,-0.24902621,-0.02238428,0.046354199,0.098191298
TCTTACGGCATCCGAC-1,0.042040576,-0.156459966,-0.084145782,0.10658896,0.170518845
TCTTACTTATGCCTCT-1,0.044140841,-0.134498191,-0.034797299,0.05974078,0.172250013
TCTTAGAGCTCCAATT-1,0.102438874,-0.068673611,-0.113044663,0.07820091,0.212242782
TCTTAGAGTGAACTCT-1,0.088519716,-0.063227764,-0.089273444,0.065156996,0.213878659
TCTTATGGGTAGTACC-1,0.031699432,-0.188230403,-0.047061985,0.103774634,0.191397061
TCTTCCCATGGGCACA-1,-0.029019501,-0.197627251,0.052286248,-0.006872158,0.157386701
TCTTCGAATAGACGTT-1,0.033824626,-0.228937385,-0.062503488,0.025955086,0.157574541
TCTTCGATACCAATAA-1,-0.190145516,-0.401320741,0.224843765,-0.17895834,0.08417918
TCTTCGCGGTGAGAGG-1,-0.065523846,-0.302415876,0.062153274,0.062987328,0.132741404
TCTTCTATAACCCGCC-1,0.029496153,-0.143003076,-0.04031077,0.027231977,0.153912875
TCTTGATGCGTAGCGA-1,-0.184280295,-0.352226622,0.244978836,-0.20545741,0.110151938
TCTTGCTCCCGATACT-1,-0.065067769,-0.137933824,0.037431989,0.047469383,0.138489792
TCTTGGTAACACCAAA-1,0.057799664,-0.213578482,-0.103233008,0.127806797,0.197934747
TCTTGGTCAATGATAC-1,-0.010488789,-0.114870041,-0.060034319,0.119731464,0.195237619
TCTTTAAGACTATGAA-1,-0.04056215,-0.208340011,0.07779384,-0.097382542,0.156448546
TCTTTAGAGTCTAACA-1,-0.004914721,-0.211126818,0.022343947,0.018474724,0.150613254
TCTTTAGCAGGCGAAC-1,-0.008544295,-0.208267053,0.029699554,-0.044759035,0.182812585
TCTTTCATCCGTCCTT-1,-0.018508654,-0.112541388,-0.031250466,0.068561763,0.168404832
TCTTTCCTTCGAGATA-1,0.096889738,-0.169786223,-0.09376316,0.086644087,0.099881821
TCTTTCGGCGGGACAC-1,0.131238242,-0.106109385,-0.167236403,0.148859418,0.073792552
TCTTTCTCTTAAGGAG-1,0.130958204,-0.12550475,-0.169434942,0.156622204,0.053003188
TGAAACCTCAACTCAC-1,0.020688052,-0.205770521,-0.023867606,0.098410968,0.089610636
TGAAACTTATGCAAGC-1,-0.514712471,-0.460583742,0.546279868,-0.15972383,-0.114491965
TGAAAGGACCTGACTC-1,-0.072723322,-0.250090427,0.094985605,-0.042773345,0.108384573
TGAACAAGCAGGGACT-1,-0.005265045,-0.090652366,-0.032794494,0.089610547,0.195058542
TGAACACCCGAAGCAG-1,-0.051031166,-0.256757381,0.051415564,0.039931594,0.075931623
TGAACTGCTATGACTT-1,0.054866115,-0.203806866,-0.060513327,0.098999036,0.002760292
TGAAGAGCGGTCCTAG-1,0.091047683,-0.172533325,-0.12193086,0.120032234,0.186890045
TGAAGTAGCTTACGGA-1,0.034521721,-0.181497302,-0.06827552,0.08214414,0.16622796
TGAATACCGACGCGTA-1,0.00409502,-0.097672379,-0.023571139,0.056073615,0.18681558
TGAATATGCTATAAAC-1,-0.030105357,-0.216038006,0.002003208,0.103177121,0.013150058
TGAATGAGATACAGCA-1,0.114082738,-0.150529823,-0.141174163,0.160236322,0.0126563
TGAATGAGTGTTTCCC-1,-0.097666763,-0.133713695,0.031870799,0.073485095,0.127522557
TGAATGTCAGCCGGCC-1,0.052344461,-0.152067495,-0.040247524,0.063333476,0.221277927
TGAATTTCACTTGCCT-1,-0.064834101,-0.193507965,0.030513785,0.062021731,0.136936567
TGACAACGCATGTCGC-1,0.018691693,-0.151013973,-0.008651288,0.003837268,0.165017032
TGACAACTTAAAGGTG-1,0.048060177,-0.149346524,-0.086839741,0.08855249,0.162253279
TGACACTTCTCTTTGC-1,0.057725083,-0.137491306,-0.06650438,0.057016374,0.102558262
TGACAGGACAAGTCCA-1,-0.107793495,-0.13973219,0.053994687,0.040922244,0.113512772
TGACATATATGACGAT-1,0.09593496,-0.169547913,-0.107086083,0.136279463,0.034499667
TGACATCGAGCGGACC-1,0.104245641,-0.167879754,-0.110520394,0.086089839,0.10244482
TGACATGTAACGTGAC-1,-0.16207791,-0.204667926,0.140455861,0.054467618,0.136433562
TGACCAAATCTTAAAC-1,-0.065939298,-0.109611823,0.033786416,0.041656978,0.145028588
TGACCAGCTTCAAAGT-1,-0.073019474,-0.262555314,0.078516461,-0.056726718,0.108794763
TGACCCAACTCACATT-1,-0.0527811,-0.257886288,0.0839837,0.051161314,0.124012001
TGACCCACGTTAGACA-1,0.010997351,-0.19285861,-0.004905397,0.055136287,0.131304438
TGACCCAGCATTCCCG-1,-0.116088065,-0.306019388,0.105162314,-0.021405573,0.065143198
TGACGAATATTTCCCT-1,-0.011591484,-0.204525415,0.015502271,0.061874174,0.201743532
TGACGATGCACTAGAA-1,0.011321876,-0.141811621,0.005487042,0.00725527,0.176855335
TGACTATAATCCTTTC-1,-0.286689277,-0.427955769,0.400495978,-0.092553575,0.101619042
TGACTCCGAATCATAC-1,-0.109375678,-0.13121901,0.041518283,0.042801899,0.103724593
TGACTCTAACTGGTAA-1,-0.268177659,-0.383463181,0.371049834,-0.12292072,0.091129295
TGAGAATGCTTTACCG-1,0.117370282,-0.146104119,-0.150422715,0.124532913,0.1894953
TGAGACGTACCTCTCA-1,-0.070401317,-0.295447801,0.083364697,-0.053451654,0.053398459
TGAGAGATTTACCACG-1,0.10501158,-0.090110546,-0.116307461,0.088165296,0.1534333
TGAGATCAAATACTCA-1,-0.360980077,-0.346183745,0.329573402,-0.08941633,-0.079384194
TGAGATTAGGCCCTAA-1,-0.237948899,-0.283493123,0.21200637,-0.026610126,-0.000563409
TGAGCAGTCGTGAAGT-1,0.117763066,-0.130807874,-0.141421646,0.134501315,0.029540227
TGAGCCATACAGTCTC-1,0.017596652,-0.208704882,-0.009138138,0.044702887,0.194768053
TGAGCGGAAAGTGTTC-1,-0.141727881,-0.230562458,0.154859211,-0.004181387,0.152286401
TGAGCTCAACTGTATA-1,0.113300231,-0.146379854,-0.137657006,0.146799888,0.056281959
TGAGCTTTAATGACGC-1,-0.04518174,-0.223620044,0.020769239,-0.018303307,0.116006625
TGAGGAGTGCCAGCTT-1,-0.249935447,-0.192973555,0.194221501,0.001809746,0.011605158
TGAGGCATGTACTGTG-1,-0.046814407,-0.113071484,0.000651273,0.051956907,0.1253019
TGAGGTGTGTGGCGGA-1,-0.151132909,-0.096541683,0.06437,0.07226406,0.10668986
TGAGGTTGATCCCAAG-1,0.105569018,-0.100685771,-0.15923612,0.15130705,0.113501399
TGAGTAAATTAGCGTA-1,-0.272863605,-0.411771853,0.395376417,-0.142394275,0.098400604
TGAGTGCCTCTTAAAT-1,-0.438549812,-0.317660593,0.414576982,-0.131310907,-0.082057333
TGAGTGGTCCGTGACG-1,0.041212853,-0.211701459,-0.053557881,0.0793333,0.171523179
TGAGTGTAACAACGGG-1,0.026561449,-0.194213584,-0.052808828,0.16260253,0.21187585
TGAGTTAAAGACATTC-1,-0.015478064,-0.199405912,0.040818246,0.05125697,0.191408072
TGATACATTTAGCCGT-1,-0.012383181,-0.141603584,-0.011906666,0.072875188,0.215309722
TGATAGCGGGATTCTA-1,0.036444687,-0.179961572,-0.055621256,0.014688165,0.121276502
TGATCACCACACTGAC-1,-0.09316415,-0.126472507,0.030024255,0.068118313,0.116646646
TGATCAGGGAACTGCT-1,-0.010696194,-0.183075681,0.021152816,0.05254841,0.205618534
TGATCCCAGCATTAGT-1,0.055833924,-0.221962739,-0.081837144,0.137828837,0.147805232
TGATCGGTTTGACCCT-1,0.136523078,-0.172032078,-0.199131674,0.172841016,0.231821056
TGATCTACGCTGATCT-1,-0.074477495,-0.249555699,0.088177407,-0.071109305,0.095230014
TGATCTATCACACTCT-1,0.014203511,-0.079625421,-0.050524607,0.051205193,0.142954749
TGATCTCCGGCGCCAG-1,0.122956241,-0.122219465,-0.157546764,0.118050586,0.18915885
TGATGCTCACGTAGTC-1,-0.169486993,-0.332508116,0.178504313,0.020464428,0.062092796
TGATGGCTGTTTCTGA-1,-0.027099594,-0.315518162,0.009916529,0.084113908,0.146423052
TGATGGGACTAAGTCA-1,0.134950049,-0.096150845,-0.175584129,0.145997312,0.086804403
TGATGTCAATTAAGTG-1,-0.474584657,-0.38728646,0.504114724,-0.156242106,-0.044716636
TGATTATGGCACGCAG-1,0.042737909,-0.177174258,-0.060295977,0.077484965,0.101479935
TGATTCAGGTCCCGCG-1,-0.010892099,-0.164352993,-0.056915045,0.134057725,0.144345925
TGATTCCCGGTTACCT-1,-0.148487241,-0.113043331,0.063373437,0.082648528,0.119335882
TGATTCGTCTATCACT-1,-0.195647167,-0.255260632,0.214650845,-0.042535256,0.127250943
TGATTCTGTCGCCGGT-1,-0.237430489,-0.2502905,0.190048281,0.03949073,0.05919582
TGATTTATTAGCTGTG-1,-0.2679357,-0.314445982,0.308160323,-0.114077193,-0.029628998
TGATTTCCTCCTGACG-1,0.135149445,-0.123252663,-0.175153094,0.116330014,0.183204779
TGCAAACCCACATCAA-1,0.094017358,-0.105988958,-0.122958081,0.128641274,0.049951185
TGCAAACGTACTAGTT-1,0.065830588,-0.077420018,-0.09296505,0.086880876,0.240489266
TGCAAAGTTCGTCTGT-1,-0.171021083,-0.102535839,0.063973092,0.057981581,0.029886785
TGCAACCCATCTGCGG-1,-0.019993324,-0.148089087,0.015812433,0.044917791,0.173785784
TGCAACTACTGGTTGA-1,-0.060794678,-0.139093245,0.018546563,0.065841481,0.154218551
TGCAAGAATGACGTAA-1,-0.207918365,-0.23923899,0.07965132,0.029933486,-0.044230357
TGCAATCTAACACGGT-1,0.059955662,-0.084720119,-0.091563447,0.086800229,0.197801888
TGCAATTTGGGCACGG-1,3.74E-05,-0.203141661,0.019506688,-0.030030071,0.133233996
TGCACAGTGAAGTTAT-1,-0.068472824,-0.26107394,0.074399266,0.00932191,0.077097289
TGCACGAGTCGGCAGC-1,-0.258526282,-0.339013233,0.319730206,-0.073979199,0.079726686
TGCACTATGTGAGTGC-1,0.092483951,-0.128291737,-0.117088668,0.100790808,0.192843255
TGCAGAACTATATCGT-1,-0.14847574,-0.296551076,0.173513057,0.014395181,0.138446849
TGCAGAGTACCGAGCA-1,-0.133044251,-0.355418118,0.181295754,-0.08965801,0.147543757
TGCAGATCGTCCTAGG-1,-0.263249247,-0.338210697,0.32560911,-0.064052003,0.099810298
TGCAGCTACGTACTTC-1,-0.082474173,-0.294228752,0.101773439,0.06735713,0.206630518
TGCAGGATCGGCAAAG-1,-0.042158433,-0.273803364,0.025735966,-0.006667246,0.087414023
TGCAGTGAGGCTCGGG-1,0.092292667,-0.171587177,-0.125650137,0.163684312,0.063987766
TGCAGTGGTAGGGAAC-1,-0.023880498,-0.103591,-0.017031516,0.061786003,0.128337032
TGCAGTTTCCTCCCAT-1,0.095838762,-0.104696487,-0.107837632,0.079912886,0.175194954
TGCATATGTCTGTCAC-1,-0.27096257,-0.389563295,0.3523948,-0.10651247,0.07287538
TGCATCTCCGGATCTT-1,-0.132495185,-0.34310757,0.105632436,-0.017446292,0.013536282
TGCATGAGTAGATTCG-1,0.001709382,-0.206139025,-0.025404301,0.043223173,0.094298628
TGCATGGATCGGATCT-1,0.021037219,-0.188246031,-0.053947038,0.095144255,0.093636819
TGCATGGCAGTCTTGC-1,-0.072185593,-0.252938087,0.05485399,0.019434763,0.080127469
TGCATGTGACCCATAG-1,0.05268365,-0.102386808,-0.087784591,0.098932393,0.205516097
TGCATGTGGTAATCTA-1,0.066758318,-0.217599623,-0.08604593,0.088515587,0.187171181
TGCCAAAGTCAGACTT-1,-0.074210305,-0.190463143,0.025359371,0.074766644,0.115285466
TGCCAATGGGTACTCT-1,-0.077529229,-0.17291565,0.034684659,0.067071703,0.137671231
TGCCACACTAGAGGAA-1,0.007789276,-0.151069896,-0.063391548,0.121810349,0.172816498
TGCCACCTGGCGAAAC-1,-0.169257312,-0.279632973,0.105860978,0.04993912,0.032553933
TGCCAGTACGTGGAGA-1,-0.449180735,-0.421704898,0.465893397,-0.271568189,-0.059591649
TGCCATGGCTTATAAG-1,-0.101754105,-0.231923099,0.068252681,-0.033790289,0.0486848
TGCCATTACTAAAGAA-1,0.043486108,-0.249272153,-0.072216143,0.035214938,0.169748686
TGCCCGATAGTTAGAA-1,-0.066714712,-0.134258779,0.014127819,0.098808697,0.19376036
TGCCCGTACCGTTAAA-1,-0.010434044,-0.150191157,-0.018424166,0.065922815,0.161136682
TGCCGAAAGCGTATTC-1,-0.099524823,-0.249894733,0.145149268,-0.04071823,0.139290966
TGCCGATGTCATCAAT-1,-0.012400825,-0.226268909,-0.002109313,0.067108173,0.082138858
TGCCGGATGTACGAGC-1,0.004609638,-0.120645113,-0.053578692,0.092781438,0.188717329
TGCCGTGGATCGTCCT-1,-0.266899449,-0.190206719,0.179567946,-0.053680454,-0.029034871
TGCCGTGGGACCCAAT-1,-0.131100467,-0.143390563,0.079333425,0.045277267,0.093310252
TGCCGTTCTTAATCGG-1,-0.062942574,-0.082178452,-0.016409502,0.074395273,0.144233327
TGCCTAAATTTAATAG-1,0.037290803,-0.15428148,-0.039529671,0.036505522,0.182137207
TGCCTAATTGAAGATT-1,-0.245854821,-0.346878427,0.279863768,-0.026303512,0.087529443
TGCCTGACATCGGTCA-1,0.072248069,-0.126897244,-0.095771012,0.09707339,0.175274702
TGCCTGATCAAACGAT-1,0.020462298,-0.281069092,-0.058041508,0.101201992,0.133008887
TGCCTTGCCCTTACGG-1,-0.01918424,-0.245768232,-0.005744589,0.104260291,0.103587113
TGCCTTGGCCAGGCAA-1,-0.119563859,-0.262235356,0.115567272,0.028045637,0.161183929
TGCGAATATGGGATTT-1,0.0865129,-0.160751337,-0.134784491,0.154291251,0.258474884
TGCGACACCCTAGTGC-1,-0.170437021,-0.286050629,0.204255318,-0.021233218,0.126980616
TGCGACGGCCGAACGT-1,-0.102772232,-0.134643549,0.054964714,0.040783154,0.109719239
TGCGAGAAACGTTACG-1,0.122482234,-0.110266574,-0.165003262,0.152536781,0.069798761
TGCGAGAATATTACCC-1,-0.30343065,-0.262447169,0.301668527,-0.094857612,0.04310141
TGCGAGATGGCGGCCA-1,0.087522682,-0.168550589,-0.11431657,0.153756889,0.023387465
TGCGAGCCCTTCCGCG-1,-0.255615164,-0.390676747,0.353661949,-0.082355028,0.103286055
TGCGATGCTAATGGCT-1,-0.08150288,-0.240850766,0.024849478,0.121314275,0.125927851
TGCGCAAAGCATTTGG-1,0.015214276,-0.235430932,-0.039224876,-0.098238485,0.148219504
TGCGCCGTTAATAACG-1,0.016304765,-0.174672239,0.012284,0.01790794,0.20972365
TGCGCGATTAACGGAG-1,0.132536546,-0.203036686,-0.219316231,0.228417815,0.239069489
TGCGGACTTGACTCCG-1,-0.103903478,-0.133983302,0.033554576,0.047782677,0.09236031
TGCGGAGTAAAGGTGC-1,0.056279651,-0.156953325,-0.121499032,0.157861946,0.148654808
TGCGGCATAGTTCAAC-1,0.143468899,-0.123557601,-0.202051865,0.132492443,0.176820548
TGCGGGTATTGGGATC-1,-0.048394835,-0.252077669,0.017607744,-0.080423221,0.066150472
TGCGGTCTACGAGTAA-1,-0.050595605,-0.260245588,0.043655873,0.076296485,0.168043872
TGCGGTGAAATTTCAT-1,-0.085509264,-0.227572665,0.039694212,0.051219333,0.1027583
TGCGTAAGAACCTGAT-1,-0.066618235,-0.25567357,0.085791033,-0.014663956,0.155183379
TGCGTACGGCTAATTG-1,-0.035174957,-0.046778113,-0.050204975,0.089107724,0.132340543
TGCGTCATGACTGAGC-1,-0.008220559,-0.13353332,-0.000588236,0.033416526,0.173191618
TGCGTGATTGGGTGTC-1,-0.012444499,-0.224332959,-0.022711952,0.055149914,0.128834063
TGCGTTTGTTGACACT-1,-0.241990729,-0.233638666,0.196933768,0.017130228,0.045188976
TGCTAAGTGTCTATTT-1,-0.001688947,-0.18198802,0.010556842,0.041618926,0.212652403
TGCTATACAAACGGAC-1,-0.038933495,-0.280230795,0.048863508,0.037746083,0.172670294
TGCTATGGCAAAGGGA-1,-0.067747443,-0.071194606,-0.007010118,0.070848584,0.16043161
TGCTCACACAACAACC-1,-0.097838448,-0.256056239,0.095258566,-0.015897747,0.106513444
TGCTCCACAGTTCTTA-1,0.038906012,-0.14584383,-0.025114011,0.048631391,0.167337183
TGCTCGGCGAAACCCA-1,-0.313033195,-0.179799082,0.235417719,-0.031842452,-0.033467204
TGCTCGGTGGGTCACC-1,-0.059809077,-0.12848471,0.034342765,0.032563462,0.135002832
TGCTCTGCCGGTTCAC-1,-0.228299821,-0.416556005,0.306910965,-0.089143178,0.085687423
TGCTCTTGAGAGTTTG-1,-0.006057723,-0.074000496,-0.031238912,0.065627604,0.152449605
TGCTGCGTCAGAGTTA-1,0.113036763,-0.11818926,-0.126604069,0.100214299,0.182075738
TGCTGGTTGGACAATT-1,0.101760676,-0.138126096,-0.14210251,0.113561737,0.201038311
TGCTGTTGAAGAACTC-1,0.096422282,-0.177807114,-0.102552931,0.061846614,0.152912201
TGCTTAGAGAGAATGC-1,-0.010645989,-0.088551516,-0.042952112,0.090973717,0.201849428
TGCTTCCCAAGCAGTA-1,-0.111906787,-0.088257962,0.056746377,0.041913293,0.116589792
TGCTTGAAACCATGCA-1,0.055638481,-0.09157611,-0.048130136,0.002741167,0.12997701
TGGAAACGGAGTGAAC-1,-0.058052243,-0.32293276,0.070068066,0.000629981,0.146272137
TGGAACCACTGACACA-1,0.072381245,-0.207242958,-0.111912302,0.122733692,0.134297353
TGGAAGAAGGGAACGT-1,-0.217523022,-0.336627494,0.2810624,-0.058941331,0.07623979
TGGAAGACGAACACCA-1,0.133528483,-0.149720953,-0.173674203,0.117597039,0.204694727
TGGAAGGATAAAGATG-1,0.059849764,-0.258460582,-0.111550414,0.145942434,0.158263933
TGGAATATCCTTGACC-1,0.072556976,-0.159016536,-0.097560266,0.123922435,0.139675086
TGGAATTAGACGCTTT-1,0.108689443,-0.13974786,-0.161626367,0.148258391,0.190586878
TGGACACCGTTGCTTG-1,0.110094928,-0.162487206,-0.156426943,0.141065065,0.207925913
TGGACCAATCTAAGAT-1,-0.039549445,-0.199511474,0.047937185,0.034218096,0.184789346
TGGACCACGGCGTTGA-1,-0.241101811,-0.446052653,0.384757345,-0.166199407,0.129422944
TGGACGCAATCCAGCC-1,0.021246916,-0.130734934,-0.051849359,0.066287602,0.170006993
TGGACGTAGGCGAATC-1,0.070833218,-0.128682409,-0.10417206,0.067214141,0.100907698
TGGACTGTTCGCTCAA-1,-0.312481909,-0.453792519,0.411968602,-0.286249601,0.080522572
TGGAGAATAATCGTCC-1,-0.009023604,-0.133208427,-0.025076161,0.07097605,0.186081469
TGGAGCTAAAGTTCCC-1,-0.299167308,-0.444779727,0.430978775,-0.147597192,0.095259808
TGGAGGGAAACACCTC-1,0.040701363,-0.207578977,-0.030629743,0.10643034,0.039609598
TGGAGTGATGCGATGA-1,0.043475603,-0.105715152,-0.068997559,0.078009005,0.178846472
TGGATAGAGTAACAGA-1,0.073677434,-0.083596412,-0.083803146,0.031239285,0.132635816
TGGATGGCATCTTGGA-1,-0.025685911,-0.082855302,-0.020697508,0.05618556,0.158548536
TGGCAAACTAAATTAC-1,-0.373998141,-0.325365464,0.356361684,-0.0300806,0.034009972
TGGCAACTCGCGCGCC-1,0.018328428,-0.243018247,-0.053931215,0.04071456,0.090761973
TGGCAAGCACAAGTCG-1,-0.046186547,-0.136234812,0.024142301,0.058279455,0.176585258
TGGCAATGGGACGGCG-1,-0.378129055,-0.450147088,0.460494495,-0.143607227,0.013714247
TGGCACGAGCTCGAGT-1,0.019447449,-0.210094436,-0.05310923,0.035496354,0.105536603
TGGCAGATTACGATCA-1,-0.320291349,-0.325085008,0.293597024,-0.022920945,0.038214706
TGGCAGCAGTAATAGT-1,0.041455455,-0.150700997,-0.01640482,0.058601414,0.104434494
TGGCATGAAGTTTGGG-1,-0.040693192,-0.134633717,-0.000876322,0.063637156,0.152833637
TGGCCAAACTGAAGTA-1,-0.113671639,-0.333452937,0.165971881,-0.075755634,0.153164657
TGGCCAATTTGGTACT-1,0.009740501,-0.22810123,-0.032246336,0.116363441,0.215475082
TGGCCGTATATTGACC-1,0.122719239,-0.115539243,-0.194267395,0.172866206,0.213685627
TGGCGACTGCTCCAAA-1,-0.110742668,-0.122328119,0.056296206,0.047206704,0.132720422
TGGCGATCAAGTTATG-1,-0.155693035,-0.230110138,0.132914349,0.019555774,0.100224307
TGGCGGTGTGCGATTG-1,0.078339289,-0.093878502,-0.087316752,0.076434074,0.102820349
TGGCTACACTCTACCT-1,-0.11226865,-0.228582113,0.109888219,0.021990056,0.13587873
TGGCTATGTGACATAC-1,0.034824015,-0.135566916,-0.055413797,0.074041827,0.200427584
TGGCTCTTGTCGCGTA-1,-0.040077752,-0.228090642,0.061033648,0.025059152,0.188936765
TGGCTTATGTATAATG-1,-0.170212576,-0.103162453,0.092747582,0.058648756,0.067267651
TGGCTTGTACAAGCTT-1,0.012585735,-0.192475967,-0.011361187,0.093371072,0.011933557
TGGCTTTGGGTAGACA-1,0.085061767,-0.130312745,-0.149357267,0.084850437,0.142395267
TGGGAAATGCCTTTCC-1,0.049550303,-0.239671668,-0.073300384,0.129823568,0.164592474
TGGGACCATTGGGAGT-1,0.123052989,-0.133544986,-0.161161454,0.15260962,0.071139402
TGGGATGCACTCATTC-1,-0.194495945,-0.316200953,0.145703385,-0.035615537,-0.025047621
TGGGCAATAGTTGGGT-1,0.07062708,-0.165185413,-0.071812578,0.066727014,0.198184666
TGGGCACAAACAGAAC-1,0.077312828,-0.196788568,-0.112491126,0.12800109,0.178907324
TGGGCACGTTCTATGG-1,-0.141150932,-0.309082557,0.14003452,0.012199778,0.08141889
TGGGCAGGCCACCGCA-1,0.019542812,-0.233585104,-0.017310695,0.073231296,0.082097675
TGGGCCACAAGAGCGC-1,-0.026210643,-0.192794362,-0.009616783,0.002944533,0.121671027
TGGGCCCATACTAATT-1,0.047592103,-0.223483932,-0.02679129,0.093873812,0.129567524
TGGGCCTTGCCTGCAT-1,0.103052005,-0.148787889,-0.16046267,0.11228803,0.107344135
TGGGCGATACAATAAG-1,-0.03489713,-0.158113802,0.025276063,0.05411266,0.185699658
TGGGTAAGGTTCCCGC-1,0.031661615,-0.30713247,-0.025261882,0.11551309,0.141341343
TGGGTGCACAAGCCAT-1,0.088159909,-0.106796812,-0.131069432,0.127756117,0.233103213
TGGGTGGGATGTCATT-1,-0.010502811,-0.217651058,0.023684698,-0.040279397,0.140325056
TGGGTGTAATAGATTT-1,0.074511315,-0.093596324,-0.102576433,0.089381018,0.20057225
TGGGTGTTAAGTAGAA-1,-0.048538043,-0.127298642,0.005544124,0.071370045,0.157866288
TGGGTTCCCGGACGGA-1,-0.07095684,-0.231761554,0.042893305,0.023461901,0.079801472
TGGGTTTCGGGCGTAC-1,0.04305493,-0.097194221,-0.090855468,0.060553176,0.205212511
TGGTAAGCAGGATTGA-1,-0.278142297,-0.402405629,0.366617006,-0.091762557,0.075787455
TGGTACCGGCACAGCC-1,0.03476234,-0.242066105,-0.043298989,0.087688703,0.137860465
TGGTAGAATATATGGG-1,0.051454029,-0.16842301,-0.04257596,0.0780283,0.101634027
TGGTATCGCATCCCAA-1,-0.185530778,-0.382546032,0.253148349,-0.057682187,0.095861656
TGGTATCGGTCTGTAT-1,-0.040489639,-0.266988321,0.007431057,0.076014559,0.123676983
TGGTCCCACGCTACGG-1,-0.455706261,-0.398954195,0.484735756,-0.141659289,-0.044370621
TGGTCGATATACCTCT-1,0.003010336,-0.148960393,-0.047654784,0.1232837,0.231901457
TGGTCGTGCAAGGCAA-1,-0.136984344,-0.312653351,0.151128544,0.020279398,0.119596386
TGGTCGTTTGATAGAT-1,-0.049133418,-0.283578301,0.026530804,0.009719031,0.071046487
TGGTCTAGCTTACATG-1,0.074452891,-0.128988082,-0.111177693,0.098950033,0.161641254
TGGTCTGTTGGGCGTA-1,0.049639581,-0.219199421,-0.063529311,0.113798355,0.04685275
TGGTGATCGTATTTGT-1,0.114476189,-0.11705396,-0.169237811,0.132308731,0.119383915
TGGTGCCCTGCCTTAC-1,0.028191252,-0.093034308,-0.079401223,0.059551529,0.16141791
TGGTGTGACAGACGAT-1,0.03903117,-0.148512659,-0.094693222,0.149451078,0.037602501
TGGTTAACTTACATTT-1,-0.054914739,-0.165010841,0.030477719,0.048862858,0.175068336
TGGTTAAGGGCGCTGG-1,0.087481782,-0.126486661,-0.13510341,0.136157821,0.143489925
TGGTTATGCTTGCGGT-1,0.112404833,-0.163643535,-0.127729917,0.103544715,0.192911936
TGGTTCAACGGGTAAT-1,-0.289368038,-0.360938021,0.2980981,-0.05110267,0.064190648
TGGTTCGTAGCAAAGG-1,0.1277499,-0.142344321,-0.170233991,0.11947497,0.193172537
TGGTTGGAGGATCCTG-1,-0.005528468,-0.311369459,-0.007274236,-0.042148268,0.08607825
TGGTTTAAACGTGGGT-1,0.090269352,-0.134242172,-0.101400677,0.106951821,0.070090796
TGTAACTTGTCAACCT-1,0.113842398,-0.094468267,-0.146793153,0.094707853,0.088805849
TGTAAGACTGATAAGA-1,-0.017882394,-0.101427252,-0.05624071,0.101380342,0.165801414
TGTAATGACCACAATA-1,-0.15614524,-0.35796802,0.199138957,0.042724906,0.093649409
TGTAATGCCTTCGGAC-1,-0.080960057,-0.312061088,0.131427115,-0.055564629,0.120300223
TGTACCCGACCCTAAT-1,-0.123284689,-0.170855921,0.063093954,0.036717786,0.132912388
TGTACCTACACGAGGG-1,-0.062595084,-0.192869282,0.055064981,0.029214346,0.162618709
TGTACGAACAAATCCG-1,0.064405669,-0.215092818,-0.051252251,0.086869824,0.073520325
TGTACGCTATCAGCTT-1,0.037497145,-0.210408144,-0.077245826,0.093769528,0.089653993
TGTACTACTCTCACGG-1,-0.014689881,-0.249619862,0.019125935,0.102443233,0.018190334
TGTACTATCGCTCGTT-1,0.048276314,-0.035494881,-0.056096295,0.044204605,0.273273034
TGTACTGTGCCAAAGT-1,0.120710897,-0.088762544,-0.15897664,0.132175858,0.125859729
TGTACTTCCGGGCATG-1,0.074734283,-0.119949455,-0.102868939,0.083709907,0.212919461
TGTAGCCAATTCCGTT-1,-0.029908244,-0.091499527,-0.020482209,0.069095668,0.166169805
TGTAGCCATCCCATTC-1,-0.260223215,-0.360089809,0.299075395,-0.10650283,0.03446568
TGTAGGAGAAATTTCC-1,-0.059732157,-0.271861187,0.089048826,-0.010819421,0.183332123
TGTAGTGATCTATAAT-1,0.056734636,-0.240318694,-0.07267071,0.144201686,0.161109964
TGTATAACAGATCCTG-1,0.033127889,-0.239248937,-0.047258053,0.038221346,0.164613982
TGTATACGGATGATGA-1,-0.022910992,-0.254079309,0.029543783,0.068453425,0.116396054
TGTATCAGACTGAAGC-1,-0.11694693,-0.338488984,0.184916861,-0.127900955,0.142716942
TGTATCCTTATTCCAT-1,-0.232138179,-0.426914181,0.31481704,-0.041628756,0.131841212
TGTATGGCGCAGACAG-1,0.106508835,-0.069163271,-0.130223,0.084423277,0.186264673
TGTATTTACCTAATGC-1,-0.13360151,-0.219018284,0.113067062,-0.080247685,0.050168859
TGTCATTTGTTGGGAA-1,0.028845148,-0.187558707,-0.02255599,0.077410122,0.089145388
TGTCCACGGCTCAACT-1,-0.037076228,-0.167037322,0.012619852,0.07145084,0.165118197
TGTCCCGACATAGCAC-1,-0.179329627,-0.310993591,0.179062677,-0.002663887,0.058038332
TGTCCGCAAACAATTC-1,0.047397647,-0.115158104,-0.087642094,0.052552775,0.151463362
TGTCCGTGGCGCCTTT-1,0.074657266,-0.220691851,-0.13172788,0.164747286,0.142723398
TGTCCTAAGTCACCGC-1,0.117668873,-0.202350591,-0.169582136,0.182164516,0.161772862
TGTCGGCATGGTGGAA-1,-0.127815804,-0.301508948,0.135256721,-0.0276526,0.038659688
TGTCGTGGGTATAGGC-1,0.064470263,-0.10554501,-0.102126371,0.096902075,0.23498499
TGTCGTTATCACATAT-1,0.032661771,-0.114258439,-0.050530049,0.046366417,0.201670385
TGTCTACAGTTTCTGT-1,-0.184078298,-0.362667742,0.214396299,-0.032188165,0.120352834
TGTGACTACGCCAGTC-1,0.029180762,-0.227537647,-0.059988617,0.124492197,0.147350997
TGTGACTAGAGTTTGC-1,0.048600717,-0.13384815,-0.067333399,0.079203848,0.213473961
TGTGAGACTAGCCCAA-1,-0.231383572,-0.225166647,0.197312748,-0.07246895,0.052089222
TGTGATTCCAGCGCTT-1,-0.053251758,-0.256933418,0.033407557,0.070945957,0.084372159
TGTGCCAGAGGCAAAG-1,-0.056019476,-0.08687057,-0.012727059,0.08849251,0.069624342
TGTGCCGGTGCCGGAA-1,-0.276706251,-0.413147926,0.384603003,-0.149957784,0.09487367
TGTGCTTTACGTAAGA-1,-0.074251369,-0.277980566,0.084180757,0.063774016,0.139316172
TGTGGACTATCTACGT-1,0.03039966,-0.220834774,-0.03070685,0.04904275,0.098068699
TGTGGAGGAAGCTTAA-1,0.050743818,-0.094434239,-0.076313967,0.043796582,0.141467422
TGTGGCAAAGCGTATG-1,-0.011482314,-0.248124702,-0.022339951,0.08887764,0.15726991
TGTGGCGGGCTTCTGG-1,-0.181518474,-0.117682712,0.104987918,0.036908368,0.075716259
TGTGGCTCCCACCAAC-1,0.043166651,-0.091111737,-0.076150507,0.055124261,0.169643297
TGTGGTAGGGTGCCTT-1,0.108259268,-0.209802116,-0.133447976,0.139304454,0.107384775
TGTGGTTGCTAAAGCT-1,-0.114830635,-0.123381031,0.004442354,0.106923481,0.099116767
TGTGTAGTAGCACGTG-1,-0.041413925,-0.266960508,0.040865297,0.002349665,0.082791386
TGTGTCGAAGTCGAGG-1,-0.001281455,-0.258952393,0.013636559,0.082988835,0.204816316
TGTGTCGCGAGTTGCA-1,0.105108564,-0.241962615,-0.160320665,0.170944994,0.212915232
TGTGTGACCATGAATC-1,0.043072877,-0.170605172,-0.091435065,0.143309733,0.204705467
TGTGTTCGTATCCAAG-1,0.070299352,-0.231247757,-0.113160199,0.174923861,0.155941442
TGTTAACAAAGTGACT-1,-0.059558414,-0.158984136,0.064874335,0.075793103,0.119044568
TGTTATTGTATGTGGC-1,0.034305972,-0.137948814,-0.05215798,0.087679395,0.127274779
TGTTCATAAATGTGCT-1,0.025042424,-0.165024999,-0.001601755,0.035288241,0.168233398
TGTTCCGCTTCCATGA-1,-0.153823083,-0.305109203,0.16931778,-0.046026554,0.09276448
TGTTCCGGCCTGAGCT-1,-0.069793234,-0.118406763,0.022222047,0.03628133,0.15038895
TGTTCGTATTGCGGTG-1,-0.286332364,-0.36048993,0.374815528,-0.102851391,0.144009359
TGTTCTCATACTATAG-1,0.012902206,-0.155498853,-7.61E-05,0.049644801,0.087176268
TGTTCTCTACTCCCTA-1,0.128463018,-0.12707664,-0.15475313,0.148422823,0.084314146
TGTTCTTCCATTGACT-1,0.042537447,-0.126192399,-0.056758569,0.05418197,0.121110774
TGTTGCCGTCGTCCCA-1,-0.008374839,-0.152406692,0.008944532,0.009684271,0.120396742
TGTTGGCTGGCGGAAG-1,0.05990612,-0.207254612,-0.104138829,0.113703808,0.12024308
TGTTGTCAAGAAGTCT-1,-0.009730297,-0.286995487,0.013041608,-0.053519738,0.144547916
TGTTTAATACTTCATC-1,0.117289344,-0.133958381,-0.149890506,0.1542636,0.116675994
TGTTTCGGTACTTCTC-1,0.017108783,-0.184060631,-0.060515532,0.089847344,0.133336416
TGTTTCTGAAGCGTGC-1,-0.038467773,-0.159032516,0.037202754,0.017387528,0.195460285
TGTTTGAGATCGTCAG-1,-0.015357451,-0.176836719,0.029991628,-0.011484198,0.132603453
TTAAACAGAGTCCCGC-1,-0.264239057,-0.277980337,0.197933239,-0.021685283,-0.092753895
TTAAACCGGTAGCGAC-1,-0.228439079,-0.392180819,0.331933328,-0.11577624,0.08172303
TTAAACCTGGTTCCTT-1,0.058976035,-0.2431295,-0.059421617,0.109857927,0.153565579
TTAAACTCGAATTCAT-1,0.011802346,-0.252748451,-0.007161178,0.044893564,0.178631991
TTAAAGGCGATGCTCG-1,0.011834396,-0.107764698,-0.036938472,0.047150505,0.195670099
TTAAAGTAAGTCGCCA-1,0.020785877,-0.104342757,-0.077494874,0.09819354,0.162012166
TTAACACCTCGAACAT-1,-0.00954636,-0.275161946,-0.00925496,0.098011909,0.180312979
TTAACCAACCCTCCCT-1,0.085703217,-0.142481234,-0.121445181,0.110272845,0.177048756
TTAACCCGAGGCGTGT-1,-0.194918844,-0.297979314,0.257525058,-0.036753644,0.05723943
TTAACGAACAAGCAGT-1,0.071805565,-0.121692546,-0.087939369,0.067120054,0.097186226
TTAACGTCGCAAGACC-1,-0.250723962,-0.47304642,0.372832923,-0.10332409,0.105216304
TTAACGTTAAAGCCTG-1,0.104616114,-0.150983098,-0.121916389,0.14156413,0.009295153
TTAACTCACGCGTGGA-1,0.026896572,-0.249576276,-0.095757666,0.175074804,0.145676278
TTAACTGATCGTTTGG-1,-0.097332844,-0.301266136,0.145199568,0.022795021,0.209571416
TTAACTTCAGGTAGGA-1,0.058058026,-0.134200082,-0.071019203,0.069983802,0.224420404
TTAAGACGAACGAACC-1,-0.004908089,-0.252641554,-0.001018992,-0.024248758,0.097619871
TTAAGATACCCAGAGA-1,0.067676556,-0.075260103,-0.128006557,0.095789793,0.200478907
TTAAGATAGGATTGAC-1,0.064447642,-0.089339717,-0.052580939,0.03770829,0.196522891
TTAAGCCGACAACTTC-1,-0.180404129,-0.378420219,0.218359462,-0.047580089,0.046177607
TTAAGCGCCTGACCCA-1,-0.006026301,-0.170155398,-0.056978301,0.087671184,0.118172295
TTAAGGATACGGAGGT-1,0.122877328,-0.12365177,-0.151858276,0.119696224,0.138351422
TTAAGGCCCGTACTTT-1,0.021523261,-0.134834443,-0.04993309,0.08014945,0.201304229
TTAAGTATTGTTATCC-1,0.007937137,-0.093886641,-0.03407256,0.067213564,0.205650341
TTAATCAGTACGTCAG-1,-0.101482446,-0.288327099,0.046523152,0.026497268,0.077997722
TTAATGCGAGGTAACT-1,-0.103517886,-0.357668506,0.13836796,-0.126881199,0.13641701
TTAATGTAGACCAGGT-1,0.077263471,-0.263360905,-0.088945648,-0.006000152,0.163064375
TTAATGTGTTTGCAGG-1,0.045956454,-0.131546315,-0.055021034,0.010690524,0.135157861
TTAATTGCTTTGGGTG-1,-0.139633325,-0.118150413,0.050459449,0.073167093,0.079317984
TTAATTTCAGACGCGG-1,-0.237242333,-0.261598437,0.068181196,0.093279314,-0.089168449
TTACAACTACGCATCC-1,0.120071112,-0.115137424,-0.164031734,0.112255989,0.196578111
TTACACGATCTGCGAC-1,-0.34950423,-0.356823368,0.346473217,-0.099933724,-0.019837834
TTACAGACCTAAATGA-1,0.049925627,-0.238642885,-0.055723489,-0.019636584,0.196628003
TTACATCGTGGCCTGG-1,0.122472796,-0.071841938,-0.161646977,0.094651896,0.156591627
TTACATGCCACAACTA-1,0.079693851,-0.098422691,-0.06971908,0.055693453,0.200928421
TTACCATTGATTACCC-1,0.043281761,-0.224939495,-0.075621713,0.148001315,0.214648958
TTACCCATTGCCGGGT-1,-0.111559002,-0.290832749,0.049586847,-0.037411173,0.049702496
TTACCCTAACAGTCCT-1,-0.023206726,-0.160247783,-0.048824371,0.121116822,0.083990758
TTACCCTAGGGATTGG-1,-0.218730667,-0.184406651,0.167261822,-0.020115649,0.066641942
TTACCGCCTTAGGGAA-1,0.039254522,-0.215050717,-0.062398328,0.079205099,0.166393195
TTACGGATGGTTCGAG-1,-0.092128559,-0.285139193,0.14378243,-0.055468271,0.15509197
TTACGGTGTCACCGAG-1,0.110439802,-0.146385234,-0.129477049,0.136245506,0.040941044
TTACGTAGCGCGTGCT-1,-0.147544011,-0.307148518,0.148514327,0.03248047,0.077246053
TTACGTATCTATGACA-1,-0.15838726,-0.252889352,0.162128949,-0.004732799,0.133765384
TTACTAAAGGACTTTA-1,-0.164552439,-0.286126326,0.19581903,-0.01251519,0.129851376
TTACTATCGGCTTCTC-1,-0.117157147,-0.32605982,0.148077814,0.060852258,0.133104254
TTACTCCGGCCGGGAA-1,-0.005589924,-0.210228309,0.024317693,-0.082179829,0.176292811
TTACTCTGGTACGTAC-1,-0.02309612,-0.190589818,0.005476304,0.083684511,0.1817318
TTACTGGGATATTTCA-1,-0.333477216,-0.392837864,0.372052751,-0.061510994,0.074388198
TTACTGTCTAGAGCTC-1,0.050600942,-0.205586014,-0.03959805,0.103865523,0.041062969
TTACTGTTTCTCTACG-1,-0.079665328,-0.296779058,0.09138275,-0.045619357,0.101372611
TTAGAAGAACATGACT-1,-0.337801138,-0.416361163,0.460312684,-0.360491508,0.062498031
TTAGAATAAGGGTCGG-1,0.013995776,-0.096868707,-0.052904274,0.075355011,0.211883567
TTAGACACGATCGTTG-1,-0.013274552,-0.308816731,0.018276615,-0.00207799,0.152206051
TTAGACGAGTCACCTC-1,-0.194009786,-0.319805571,0.234586405,-0.038933779,0.132055821
TTAGAGGGATATACAG-1,0.028333735,-0.169534554,-0.072622416,0.149048092,0.221193536
TTAGAGTATTGTCGAG-1,-0.037904446,-0.072271084,-0.042082972,0.07833518,0.11845385
TTAGAGTTTAGAAGGA-1,-0.042752164,-0.207858064,0.049738588,0.024752703,0.157329848
TTAGATAGGTCGATAC-1,0.107511525,-0.146994242,-0.132679875,0.090802688,0.191470749
TTAGCAACATGGATGT-1,0.125768261,-0.148235694,-0.18629806,0.14796093,0.19027365
TTAGCCATAGGGCTCG-1,-0.045091146,-0.120512113,-0.005849589,0.068312032,0.154604416
TTAGCGAATAGATAGG-1,-0.076454363,-0.180230642,0.079318952,0.017806703,0.181808978
TTAGCTAATACGATCT-1,-0.230956543,-0.177956962,0.135941064,0.096745953,-0.02355843
TTAGCTCTGTAATCCG-1,0.067722459,-0.241620022,-0.092860808,0.168844667,0.155856541
TTAGCTGATTTGCCGT-1,0.074486929,-0.080564784,-0.067570105,0.06059976,0.219333842
TTAGGATGGGAGGGTA-1,-0.036913749,-0.184281286,0.036233509,-0.03699815,0.092964216
TTAGGTCATAACCGAC-1,-0.113201493,-0.129326744,0.079942809,0.039190483,0.160263085
TTAGGTGTGACTGGTC-1,0.102199982,-0.143985161,-0.128057822,0.149910218,0.026216016
TTAGTAAACCTGCTCT-1,-0.031883363,-0.134484178,0.020452305,0.045590125,0.188882939
TTAGTAGGGCGGCGGG-1,0.078178105,-0.216244511,-0.147301057,0.188364596,0.182690355
TTAGTTATTCGTGGCA-1,0.02837187,-0.208682212,-0.025604449,0.091209639,0.135622625
TTAGTTCAAGTGTTCG-1,0.059044259,-0.11320197,-0.068764869,0.070046329,0.090363199
TTATAGATGCACATTA-1,0.090852076,-0.089941635,-0.135797912,0.125249171,0.154113502
TTATAGGTAATTGTCT-1,-0.058342464,-0.126843555,0.018301721,0.05987513,0.147382185
TTATAGTCCAAGGTGC-1,-0.12109796,-0.34216883,0.122221641,-0.067519291,0.082960936
TTATATACGCTGTCAC-1,-0.145568086,-0.367026325,0.191311321,-0.118887742,0.115798929
TTATATTTGGCAATCC-1,0.104633756,-0.211186486,-0.177688181,0.16011902,0.157394735
TTATCATACTCGCAAA-1,0.087001575,-0.123498979,-0.114548811,0.121964509,0.054300059
TTATCCAATCGAACTC-1,0.072668084,-0.144916703,-0.109461617,0.082335484,0.161452611
TTATCCGGGATCTATA-1,-0.001954423,-0.160991614,-0.005655329,0.06755877,0.188949781
TTATCCTCAAGGAATA-1,-0.000599999,-0.149724899,-0.014007158,0.06032517,0.179431235
TTATCGCCTGCGAAGC-1,0.073038841,-0.243812563,-0.102802651,0.172830087,0.165958889
TTATCTGACATTAGGA-1,0.029583496,-0.137788943,-0.075703953,0.101513471,0.171871805
TTATCTGTATCATAAC-1,0.06834939,-0.153264872,-0.095010373,0.093802881,0.190069841
TTATGAATGAAAGGGA-1,0.059569657,-0.198470988,-0.056435493,-0.083230424,0.202327383
TTATGACAAACTGGAT-1,0.006163727,-0.206018424,-0.031880497,0.08003615,0.191695427
TTATGATCTTAACGAA-1,0.011501342,-0.186209644,0.017293259,-0.013246084,0.13913495
TTATGCGTCCCGGTCC-1,0.073005061,-0.102501012,-0.090719937,0.094193052,0.13243685
TTATGTTTGCGATAGA-1,0.057885411,-0.258424909,-0.121947524,0.12472656,0.146611971
TTATTAGAGCGTGTTC-1,-0.378977048,-0.425108698,0.475927056,-0.147625528,0.014488357
TTATTAGGGAAGCATC-1,0.150008664,-0.124577288,-0.195031822,0.122389778,0.195630904
TTATTATCTGGAAGGC-1,0.117802342,-0.174513169,-0.143309797,0.143245115,0.072902683
TTATTTAGGTTCCTTA-1,0.017299742,-0.28535533,-0.022842832,0.121288527,0.065412695
TTATTTCATCCCAAAC-1,0.112367318,-0.128691751,-0.145565222,0.144621652,0.056466532
TTCAAAGTCTCTAGCC-1,-0.019285413,-0.252941697,0.032760566,-0.105137121,0.161031257
TTCAACGACCCGACCG-1,0.101068081,-0.123871911,-0.143083004,0.112807332,0.168503589
TTCAAGCCGAGCTGAG-1,-0.255987813,-0.408843517,0.31269737,-0.097952913,0.075088125
TTCAATACTCTGAATC-1,0.014338009,-0.126225823,0.016105719,-0.006419941,0.19583352
TTCAATTAGCCATAAT-1,0.123084912,-0.159935114,-0.154474154,0.160621753,0.033640516
TTCACGAAAGGATCAC-1,-0.227603612,-0.393309324,0.302331305,-0.121444908,0.043976499
TTCACGGTCGTCACGT-1,0.042348866,-0.112099167,-0.072599886,0.081640676,0.205280055
TTCACTCGAGCACCTA-1,-0.345373305,-0.277914987,0.329234,-0.071581582,-0.014696766
TTCACTTCCTAGAACG-1,-0.093052228,-0.158045366,0.040300279,0.067059047,0.132401825
TTCAGAGTAACCTGAC-1,-0.182301574,-0.34508576,0.264529183,-0.109612289,0.060695493
TTCAGCCCTGGTCCAC-1,-0.025598782,-0.184669924,0.037615406,0.028710818,0.196668799
TTCAGCTGGCGTGCCC-1,-0.16045925,-0.349890228,0.228954942,-0.117198279,0.157779057
TTCAGGCGTCAAAGCC-1,-0.366179114,-0.426740967,0.452618287,-0.110017504,0.018080529
TTCAGTTCAAGAGGAG-1,-0.031481848,-0.127528044,-0.017514498,0.088614543,0.170020379
TTCAGTTTGTGGCAGC-1,-0.07662095,-0.286365932,0.124299153,-0.006872668,0.124763743
TTCATAGCCTTGTAAC-1,-0.108910388,-0.29562066,0.118897989,-0.032698923,0.12130525
TTCATAGGGTGTCCAT-1,-0.110624562,-0.295787326,0.112989797,-0.044838753,0.101616399
TTCATGGCGCAACAGG-1,-0.251297209,-0.286613256,0.194787894,-0.009020675,0.010381891
TTCCAATCAGAGCTAG-1,0.075843014,-0.219814503,-0.111432279,0.08428506,0.144080533
TTCCAATCTGGCTATC-1,-0.092621448,-0.214217755,0.057483331,0.0456262,0.116097591
TTCCACACAGATTTGA-1,-0.111997416,-0.213732256,0.085491015,0.031229856,0.113882633
TTCCACATTTCTCGTC-1,0.023534102,-0.242462107,-0.02859891,0.06923477,0.142282527
TTCCAGACGAGATTTA-1,0.02998803,-0.15996247,-0.003317276,0.028178158,0.249500281
TTCCAGTGGGTTTCGT-1,-0.019925087,-0.101171977,-0.008353105,0.032238234,0.150804958
TTCCATCATGCGGTGA-1,-0.072348105,-0.232982277,0.065254614,0.003142477,0.057895191
TTCCATCGACAGCGTG-1,-0.412850248,-0.449855591,0.486211662,-0.138197228,-0.004201813
TTCCCAAAGTACTGAT-1,0.025105249,-0.173915493,-0.033782112,0.114594846,0.160749228
TTCCCGACGCTTCACT-1,-0.163149595,-0.311145053,0.204847972,-0.005978459,0.1189109
TTCCCGGCGCCAATAG-1,-0.037820558,-0.204442079,-0.002675428,0.09321376,0.153461396
TTCCGCAGAGAAATAT-1,-0.041264819,-0.277082796,0.049901637,0.085865223,0.163638936
TTCCGCGTGAGGCGAT-1,-0.360256728,-0.430002118,0.447517976,-0.104272018,0.043438977
TTCCGGCCTTGAGGCT-1,-0.089361246,-0.17815612,0.076126757,0.033052465,0.168129123
TTCCGGCTCGACTTCT-1,0.088278187,-0.149327045,-0.112675764,0.133008638,0.062097272
TTCCGGTATCTGTGTC-1,0.01562815,-0.167552893,0.015255339,0.01929399,0.195514363
TTCCGGTTACCCACTT-1,0.077217024,-0.192990355,-0.077446191,0.102486921,0.106313128
TTCCTCGAGGGTGTCT-1,0.155703489,-0.101499015,-0.218288715,0.136901591,0.192315732
TTCCTCGGACTAACCA-1,0.091851836,-0.089979555,-0.12135272,0.099278011,0.197789403
TTCCTCTGCCCGAATA-1,-0.14248869,-0.356047108,0.205194458,0.013256535,0.13141775
TTCCTTTCTGTGTTGC-1,0.032583668,-0.17025415,-0.073697042,0.057936812,0.161329845
TTCGAACGAAACATGC-1,-0.107337178,-0.136696114,0.044010794,0.030404393,0.107100339
TTCGACAGAGCCCGTG-1,-0.372591918,-0.406444057,0.454678128,-0.133940795,0.013145167
TTCGACGGGAAGGGCG-1,0.109592859,-0.147146477,-0.147407781,0.111040669,0.160549762
TTCGAGCCGGCGCTAC-1,0.120165471,-0.087888361,-0.148571091,0.13216596,0.078118202
TTCGCACTCGCGTGCT-1,0.139447125,-0.05650504,-0.197518743,0.132832986,0.15575916
TTCGCACTGTACGACA-1,-0.343438077,-0.169095708,0.267014795,0.009048813,-0.027407789
TTCGCATCCGGAAGCA-1,-0.014868529,-0.1603884,-0.047572694,0.042322156,0.080738076
TTCGCCGCTCGCGCTA-1,0.025211177,-0.095142583,-0.059552604,0.064188709,0.174567702
TTCGCGCGCCATACGA-1,0.042286297,-0.079339016,-0.086434544,0.096878292,0.225140228
TTCGCTAGGAAGTTGT-1,-0.003382499,-0.129481664,0.003052607,-0.017897393,0.139372102
TTCGCTATCTGACGTG-1,-0.114101788,-0.299200954,0.176362581,-0.01921034,0.165959805
TTCGGACTGATGCCTT-1,-0.074640394,-0.227792233,0.059958842,-0.027559181,0.066236071
TTCGGACTGGGCATGG-1,-0.054135871,-0.079275998,-0.012845219,0.057375288,0.108665573
TTCGGCAACCCGCTGA-1,-0.147507074,-0.34547593,0.188594829,-0.045633368,0.130600701
TTCGGCTAGAGATGGT-1,0.132214734,-0.185045274,-0.183563858,0.138917064,0.225329438
TTCGGGACTAATCGCG-1,-0.267984675,-0.379390021,0.388943154,-0.157237795,0.119814602
TTCGGGCGCTAGTCTT-1,-0.03084804,-0.133369836,0.006403322,0.022226905,0.152589665
TTCGGGTTGCCACGGG-1,0.019811863,-0.276234884,-0.050527084,0.117068509,0.16315593
TTCGGTACTGTAGAGG-1,-0.028752998,-0.12826302,-0.000470537,0.062594977,0.172020785
TTCGGTGGAGACGCCC-1,0.041630905,-0.150257283,-0.066663151,0.048851066,0.165876853
TTCGTAATCCCAGCGG-1,0.115885958,-0.194248539,-0.120585306,0.076064833,0.164597198
TTCGTACTCCAGAACG-1,0.083228349,-0.198936913,-0.12183423,0.156416804,0.156311064
TTCGTGCATGTTATAG-1,-0.064843512,-0.140250806,0.024594147,0.059291046,0.162515964
TTCGTGGGCTGGAAGC-1,-0.210419145,-0.34004155,0.243284766,-0.083770656,0.042962433
TTCGTTCAACGAAGTT-1,0.022916361,-0.214356425,-0.024384641,0.029121539,0.166363691
TTCTAACCGAAGCTTA-1,-0.025376977,-0.193495079,0.033589648,-0.054289593,0.109315212
TTCTACCTCAATCGGT-1,-0.040881079,-0.126909572,-0.021577561,0.085044921,0.136458755
TTCTACCTTTATGTTG-1,0.108734557,-0.15340112,-0.127435705,0.137851998,0.078185255
TTCTACTTGCGAGGGC-1,0.130505657,-0.101370356,-0.173117393,0.101018714,0.172991195
TTCTAGAAAGTCTTAT-1,0.048073332,-0.094509738,-0.085799366,0.101398888,0.22239415
TTCTAGGCCAATTGTG-1,0.063603412,-0.159803163,-0.140880579,0.140184593,0.163363686
TTCTATGCCTTTCGCA-1,-0.234858616,-0.375415406,0.288499982,-0.071588013,0.028478936
TTCTATTAAACGCAGC-1,0.046832771,-0.132079989,-0.056231975,0.063416725,0.234675205
TTCTCAATTGCTACAA-1,-0.149801809,-0.151785491,0.037289139,0.138311514,0.130890359
TTCTCTTACAGGTGAT-1,-0.021413031,-0.111818137,-0.025201043,0.04386179,0.176457872
TTCTGACCGGGCTCAA-1,-0.218531782,-0.269155994,0.166474932,0.027333854,0.073925531
TTCTGCCGCGCCTAGA-1,-0.357025734,-0.395958047,0.444269842,-0.123240045,0.027911503
TTCTGCGAGCGCCCTT-1,-0.155891975,-0.302444631,0.169796738,-0.018303468,0.11929345
TTCTGCGGGTTAGCGG-1,0.037154384,-0.20868578,-0.021716474,0.081608085,0.086520781
TTCTGCTAGACTCCAA-1,0.031596703,-0.267681235,-0.035831754,0.102582971,0.165982105
TTCTGTTTCCTGTCGC-1,0.035341302,-0.197074882,-0.042343507,0.105297852,0.227170482
TTCTTAGTGAACGGTG-1,0.136257099,-0.092501613,-0.181090601,0.130046851,0.180818038
TTCTTAGTGGCTCAGA-1,0.12335433,-0.141695708,-0.171629244,0.111801358,0.204334985
TTCTTATCCGCTGGGT-1,0.111464504,-0.110182905,-0.135018643,0.107131141,0.152316665
TTCTTCCCTTTGATAT-1,0.062698374,-0.172550943,-0.105392032,0.014474293,0.161550613
TTCTTCGCAATAGAGC-1,-0.139759448,-0.328980259,0.166014489,-0.001085454,0.107334743
TTCTTGAGCCGCGCTA-1,-0.230112377,-0.271278335,0.215364513,-0.013673667,0.093304792
TTCTTGCTAGCATCTC-1,0.100468419,-0.105337702,-0.103055038,0.098995147,0.209694461
TTCTTGGACGATCTGC-1,0.003018237,-0.206693983,-0.026634841,0.100262673,0.241668816
TTCTTGGAGTAATGAG-1,-0.016842579,-0.247639313,-0.047525139,-0.01826437,0.121781571
TTCTTGTAACCTAATG-1,0.122788799,-0.125444793,-0.162840219,0.14094233,0.190143315
TTCTTGTGTCCATCAG-1,0.072513331,-0.182727681,-0.084868199,0.14155432,0.019284881
TTCTTTGGTCGCGACG-1,0.069885881,-0.231970391,-0.104923072,0.137045966,0.163415169
TTGAAACCCTCATTCC-1,-0.099842466,-0.192601879,0.081091326,0.057193621,0.139603337
TTGAAAGGTGTAAAGG-1,0.060708662,-0.218940256,-0.060943874,0.039827033,0.056845154
TTGAACGAATCCTTTG-1,0.023878157,-0.223421863,-0.075902652,0.157240957,0.203900044
TTGAACGACGTGCTGA-1,0.045253726,-0.142778658,-0.067026112,0.070556395,0.196226639
TTGAAGAATTCCCAGG-1,0.074523968,-0.231291665,-0.091042405,0.098209064,0.15330625
TTGAAGGATGGGCGCC-1,-0.082808814,-0.139417125,0.040954806,0.042906456,0.141952054
TTGAAGTGCATCTACA-1,0.002315306,-0.167507986,-0.033441481,0.115114445,0.143979334
TTGAATATGGACTTTC-1,0.019072259,-0.208168248,-0.026545432,-0.036729352,0.139392487
TTGAATCGTTGTATAA-1,0.030312692,-0.165707991,-0.062556727,0.118254532,0.209127294
TTGAATTCACGTGAGG-1,0.067387832,-0.09601657,-0.057343494,0.043715545,0.197362004
TTGACAGGAGCTCCCG-1,0.060751495,-0.185965627,-0.063256313,0.090736279,0.136051685
TTGACATGAACGTGGA-1,0.072590854,-0.188006573,-0.112315971,0.148289663,0.252418904
TTGACCAGGAACAACT-1,0.031779276,-0.102449868,-0.063198266,0.061476705,0.179297326
TTGACCATGTTCTCCG-1,0.013446481,-0.269753444,-0.047071184,-0.044474864,0.141755404
TTGACCGTGTTAATGA-1,-0.133815482,-0.133538018,0.058605251,0.056502393,0.103849951
TTGACGATTCAGCACG-1,-0.290633091,-0.491716816,0.459435084,-0.145496073,0.143945651
TTGACGCTCCATGAGC-1,0.07161714,-0.095447385,-0.06833181,0.042974982,0.200369878
TTGACTACCATATGGT-1,-0.15078214,-0.255875867,0.157059102,-0.021991662,0.106538578
TTGACTATTGTCCGGC-1,0.058480095,-0.142103341,-0.048257132,0.050560493,0.225931262
TTGAGAAGTTTAGCAT-1,-0.380060671,-0.398355182,0.44958685,-0.154004137,0.039326732
TTGAGAGTACTGCTAA-1,-0.00345658,-0.241663657,-0.01779569,0.105442262,0.22762032
TTGAGCAGCCCACGGT-1,0.009578928,-0.148962067,-0.002928822,0.025803156,0.18605424
TTGAGCGCCACGTGAT-1,-0.008449007,-0.153386921,0.04187604,-0.027847301,0.17497359
TTGAGGCATTTAACTC-1,-0.011821092,-0.276857168,-0.006906399,-0.123796333,0.084149875
TTGAGTCCCGCTGCTG-1,-0.063339153,-0.194548969,0.083793128,-0.020686735,0.145876634
TTGATAGTCAATACAT-1,0.050558774,-0.231066001,-0.073164659,0.143702127,0.12378067
TTGATCTAACTTTGTC-1,0.141373123,-0.1450417,-0.202557812,0.157115175,0.193100368
TTGATGCCGCTCGTCG-1,0.010815461,-0.113619142,-0.065079685,0.103623768,0.219392167
TTGATGTGTAGTCCCG-1,-0.025204648,-0.273362507,0.000272097,0.055949127,0.13531531
TTGATTAGCTGTTTCT-1,0.022528049,-0.139753764,-0.03412121,0.077395449,0.206036435
TTGATTATGCAGATGA-1,0.104201069,-0.138927711,-0.158165033,0.131406889,0.164657043
TTGCAAGAAGACTCCT-1,-0.046584024,-0.141215902,0.011341908,0.060788911,0.145715786
TTGCACAATTCAGAAA-1,-0.229478327,-0.429585554,0.346986541,-0.087134526,0.113814095
TTGCACGGAGCAGCAC-1,0.140692042,-0.121856515,-0.18109547,0.116628101,0.213009888
TTGCAGGTCATGAAGT-1,-0.107923729,-0.255820764,0.047262768,0.084397516,0.039247859
TTGCATGCTGATCACG-1,-0.01536556,-0.208600947,0.007788988,0.074942697,0.209846079
TTGCCAAGCAGAACCC-1,0.024859855,-0.197229724,-0.001741467,0.040796981,0.195177017
TTGCCATAGCCCGCTC-1,0.01028199,-0.120655819,-0.050451532,0.063984418,0.166885395
TTGCCCTGATCACGGG-1,-0.26188553,-0.317430519,0.292365979,-0.066594564,0.07411778
TTGCCGCAGACCTACA-1,-0.025598325,-0.125724533,-0.031007779,0.068007877,0.145485716
TTGCCGCTTTCTAGTA-1,-0.023503828,-0.125065737,-0.023487958,0.056721365,0.168186304
TTGCCGGTGATCCCTC-1,-0.289268143,-0.29979711,0.244661582,-0.011335396,-0.057437105
TTGCCTAATCCAAAGT-1,-0.082734052,-0.160796796,0.062562286,0.046704517,0.151333383
TTGCCTTCTCGCCGGG-1,-0.046851333,-0.11274297,-0.014063809,0.069026346,0.122397075
TTGCGCACAACCACGT-1,-0.03668394,-0.124594873,0.03310605,0.053342524,0.142738913
TTGCGCTCTCTCGCTT-1,0.01234564,-0.21484576,-0.016293482,0.064733921,0.139815018
TTGCGCTTGATCAATA-1,-0.032420271,-0.089932005,-0.023302629,0.084028148,0.141033185
TTGCGGAAAGCTGCCC-1,-0.045263859,-0.123733767,0.000301913,0.03535627,0.110702422
TTGCGGCATCAGAAAG-1,-0.094599347,-0.190817641,0.089347463,0.026024818,0.158669447
TTGCGGCGACTCATGC-1,-0.091719011,-0.317037208,0.105733135,-0.056679319,0.139486719
TTGCGTAGTTTGAGGA-1,0.069470691,-0.199571685,-0.118722938,0.183244464,0.146038323
TTGCGTCGGCCAACCG-1,-0.102527566,-0.223640484,0.086283562,0.053422987,0.168414124
TTGCGTGAACGCTTAG-1,-0.334181,-0.375906015,0.305807179,-0.020486241,-0.077051721
TTGCGTGTGTAGGCAT-1,0.077204129,-0.074449526,-0.100566793,0.086902738,0.224131634
TTGCTAGCTACCAATC-1,-0.185337405,-0.309450748,0.222706187,-0.053781114,0.07909788
TTGCTCATAGTACGTG-1,0.028258335,-0.118672796,-0.053436826,0.066774424,0.198312194
TTGCTCCCATACCGGA-1,0.017669175,-0.225956001,-0.075101449,0.115279402,0.058119951
TTGCTGAAGGAACCAC-1,0.105775043,-0.156602216,-0.146015779,0.107592012,0.172929743
TTGCTGATCATGTTCG-1,-0.029213464,-0.235288277,0.033138442,-0.090265204,0.137581307
TTGCTGCACCTATCCA-1,0.039129761,-0.247779489,-0.059819406,0.111530993,0.180365251
TTGCTGGCCGGGCTTC-1,0.114891223,-0.15858963,-0.143844516,0.150485793,0.057525399
TTGGAAGAATACAGTC-1,-0.010381774,-0.191506418,0.016545156,0.047503909,0.215865415
TTGGACATGTGGCTTA-1,0.062606352,-0.142597427,-0.096210372,0.103621198,0.214879342
TTGGACCATCTGGCAA-1,-0.012241795,-0.296178983,0.048682947,0.050460083,0.083197135
TTGGACCTATAACAGT-1,-0.106624395,-0.301072863,0.161212494,-0.003833291,0.194736073
TTGGAGTCTCCCTTCT-1,0.08499173,-0.165768851,-0.121672182,0.107827791,0.147219635
TTGGATATCGTCTACG-1,-0.068434323,-0.23410949,0.080149504,-0.003740611,0.172520963
TTGGATCGACTTCTGG-1,-0.078332206,-0.267696589,0.071657457,0.026710195,0.086331534
TTGGATTGGGTACCAC-1,0.094504163,-0.180480337,-0.122152089,0.103844423,0.194821289
TTGGCCAAATTGTATC-1,-0.069067906,-0.108548414,0.016550254,0.046654481,0.146910552
TTGGCCATCTTGCGCT-1,0.113314588,-0.198676375,-0.172082407,0.197546863,0.186765594
TTGGCCTAGAATTTCG-1,-0.061493334,-0.275189465,0.067706014,-0.003741721,0.103266778
TTGGCGATCCGAATAT-1,-0.028141313,-0.236417533,0.03773574,0.004616918,0.161863133
TTGGCTCAATATGTGT-1,-0.034661587,-0.155814547,0.002400352,0.066174879,0.180788889
TTGGCTCGCATGAGAC-1,0.064470151,-0.127409028,-0.089929659,0.084114953,0.17387152
TTGGGAAGACGAGCCG-1,-0.052501217,-0.17420375,0.039116054,0.069129994,0.19649115
TTGGGACACTGCCCGC-1,0.066337053,-0.191835875,-0.109343576,0.082017282,0.176594277
TTGGGACGTAAGAGTT-1,-0.029412746,-0.31724862,0.08388082,0.028377661,0.094606932
TTGGGCGGCGGTTGCC-1,0.043607154,-0.244670389,-0.053909406,0.016522762,0.174422279
TTGGGTTTATTCAGCG-1,0.102518299,-0.154050629,-0.128202313,0.159226761,0.011607647
TTGGTATGGCTTGTGT-1,0.000373435,-0.223792778,0.005682546,0.057746693,0.189055552
TTGGTCACACTCGTAA-1,-0.176284006,-0.23061945,0.167720924,0.013458824,0.078806808
TTGGTGCGGTGTTGAA-1,-0.049449859,-0.308762867,0.037714288,0.103065751,0.097587988
TTGGTTCGCTCAAAGG-1,0.03362934,-0.148401751,-0.041443696,0.012930512,0.149305771
TTGGTTGCGGTGCGCG-1,0.034325399,-0.141287947,-0.083343084,0.101417092,0.187806859
TTGTAACTTCATAGCG-1,-0.160000826,-0.322888905,0.18713777,-0.033264155,0.113897737
TTGTAAGGACCTAAGT-1,-0.044758376,-0.236004979,0.043612473,0.102930276,0.21880928
TTGTAAGGCCAGTTGG-1,0.015594112,-0.269658151,-0.034798026,0.036200725,0.173493982
TTGTAATCCGTACTCG-1,-0.152399432,-0.354583031,0.221322443,-0.135522033,0.139424877
TTGTACACCTCGAACA-1,0.048990757,-0.209564852,-0.097708244,0.224868421,0.248899979
TTGTATCACACAGAAT-1,-0.305836285,-0.460484826,0.415513185,-0.114292648,0.082580523
TTGTCACCGCGGTATC-1,-0.092192714,-0.101819337,0.003623337,0.096583506,0.10817482
TTGTCGTTCAGTTACC-1,0.14872297,-0.133485221,-0.19455366,0.115138572,0.199583995
TTGTCTCGGCAAGATG-1,-0.084842778,-0.165279874,0.02523026,0.051605996,0.079876238
TTGTGAACCTAATCCG-1,-0.320440169,-0.238891802,0.298251193,-0.004525227,0.057227067
TTGTGAGGCATGACGC-1,-0.034543231,-0.239115341,-0.002958127,-0.026428126,0.153707895
TTGTGATCTGTTCAGT-1,0.021896978,-0.146024927,-0.057634314,0.109912707,0.200980781
TTGTGCAGCCACGTCA-1,-0.091690106,-0.089223087,0.045060535,0.038728571,0.133776867
TTGTGCGGAAGCGGAT-1,0.020020724,-0.087134763,-0.064346229,0.071683121,0.182673421
TTGTGGCCCTGACAGT-1,0.173412622,-0.131808821,-0.232710525,0.131458986,0.185410815
TTGTGGTAGGAGGGAT-1,-0.09348541,-0.232305426,0.069929956,0.083894487,0.187510946
TTGTGGTATAGGTATG-1,0.012923854,-0.254666228,-0.018717879,0.115551053,0.086824759
TTGTGGTGGTACTAAG-1,-0.060218338,-0.116203029,0.027805886,0.041421564,0.147225797
TTGTGTATGCCACCAA-1,-0.206155533,-0.172978495,0.147435568,0.005485583,0.057387577
TTGTGTTTCCCGAAAG-1,-0.18064839,-0.298379536,0.230456226,-0.025434006,0.130844206
TTGTTAGCAAATTCGA-1,0.038199742,-0.195570927,-0.091091928,0.138199886,0.185986298
TTGTTCAGTGTGCTAC-1,0.040764686,-0.25013836,-0.083824988,0.17439485,0.202356486
TTGTTCTAGATACGCT-1,-0.103173025,-0.226227128,0.077075409,0.054033213,0.121291635
TTGTTGGCAATGACTG-1,-0.064715076,-0.118393553,-0.005777787,0.056233185,0.114217046
TTGTTGTGTGTCAAGA-1,0.050594885,-0.219647698,-0.056978234,0.084817587,0.189645672
TTGTTTCACATCCAGG-1,-0.00627041,-0.074707941,-0.037309101,0.073676487,0.209758356
TTGTTTCATTAGTCTA-1,-0.147542278,-0.105051473,0.077071493,0.044646204,0.104964374
TTGTTTCCATACAACT-1,0.082252121,-0.119433194,-0.121818038,0.098597903,0.206528734
TTGTTTGTATTACACG-1,-0.026796405,-0.13996602,-0.009817666,0.053541676,0.141650749
TTGTTTGTGTAAATTC-1,-0.043033272,-0.279137503,0.068659494,0.024564487,0.148246765