barcode,in_tissue,array_row,array_col,pxl_row_in_fullres,pxl_col_in_fullres
GTCACTTCCTTCTAGA-1,1,0,0,4550,15271
CACGGTCTCCTTACGA-1,1,0,2,4552,15088
ATAGCTGCGGATAAGA-1,1,0,4,4553,14905
GTCAGTATGTCCGGCG-1,1,0,6,4554,14723
ATGTACCAGTTACTCG-1,1,0,8,4556,14540
ACGCTCAGTGCACCGT-1,1,0,10,4557,14358
TCACTAACGTATAGTT-1,1,0,12,4559,14175
CGGTTAGGCCTGGACG-1,1,0,14,4560,13992
GATATCACCAGCATGG-1,1,0,16,4561,13810
TCGCCTTGTTCTGATT-1,1,0,18,4563,13627
CATACCTACCGAAGGA-1,1,0,20,4564,13444
TATCCGGAATGAGCGG-1,1,0,22,4566,13262
CTCCAAGTGAGCCAAT-1,1,0,24,4567,13079
ACTGAGCAAGAACACG-1,1,0,26,4568,12897
TGCATAAGTTCCTGAA-1,1,0,28,4570,12714
GGCATCGAACCTCATA-1,1,0,30,4571,12531
AAGCGAGCCGTCCGCT-1,1,0,32,4573,12349
GCGGTGGACATCAATC-1,1,0,34,4574,12166
CTCCAGTGGTTCTAGG-1,1,0,36,4575,11984
CTATCGATCACGATTA-1,1,0,38,4577,11801
ACTACCTTGGTTGACC-1,1,0,40,4578,11618
GTACGAAGGCGTCTAT-1,1,0,42,4580,11436
AAGGTTACTATGACGC-1,1,0,44,4581,11253
CGTACATCGATGTCTT-1,1,0,46,4582,11070
CGGCTTCCTACTGGTT-1,1,0,48,4584,10888
TCAGTCGAGCGATGAA-1,1,0,50,4585,10705
GTCCGTACGGATGCTC-1,1,0,52,4587,10523
CTACGCCGCATGAATG-1,1,0,54,4588,10340
GTACTTCCATCTGGCA-1,1,0,56,4590,10157
ATGTTACCTCGTCTGT-1,1,0,58,4591,9975
GGTCTGTATCTTGTCG-1,1,0,60,4592,9792
ACGCAAGGCGTCCAAT-1,1,0,62,4594,9610
CCACGCCTGGAGAAGT-1,1,0,64,4595,9427
TCTGCAGTAGTTATGA-1,1,0,66,4597,9244
CCGTACTGGACGCAGA-1,1,0,68,4598,9062
TGGCGACACTCGCATC-1,1,0,70,4599,8879
GGTGCGTGGAGTTGGT-1,1,0,72,4601,8696
CTGTGCAACATTGAGG-1,1,0,74,4602,8514
CCAGCATCTACCGCTT-1,1,0,76,4604,8331
TCCGAGACAATACGCA-1,1,0,78,4605,8149
TAGGTCTATGGATTAT-1,1,0,80,4606,7966
ACGAAGTTCCAGCACC-1,1,0,82,4608,7783
TCAGGTTGGCCTTGGC-1,1,0,84,4609,7601
GCTGACCACGTCTTGG-1,1,0,86,4611,7418
GATGGATCGTGGAGGT-1,1,0,88,4612,7236
ACGAGGCTTAATCACG-1,1,0,90,4613,7053
CTTCCTAGCCGATTGG-1,1,0,92,4615,6870
GCTTGGCAGCGGATCA-1,1,0,94,4616,6688
GCAGGCCAACATCGCT-1,1,0,96,4618,6505
TCCAATTCCTGTGCGA-1,1,0,98,4619,6322
AGGTACGTGATATCTG-1,1,0,100,4620,6140
CTAGATACAGACCGAG-1,1,0,102,4622,5957
AACCAAGCGTGGCCTC-1,1,0,104,4623,5775
GGTCTACAGGCTACAA-1,1,0,106,4625,5592
ATGTGCCGGTGACAGA-1,1,0,108,4626,5409
CGACTATCTTCGAGCG-1,1,0,110,4627,5227
GTGAGGCATTCGGTGG-1,1,0,112,4629,5044
GATGCCATCTATAACC-1,1,0,114,4630,4861
TCAATTATACCAGAAC-1,1,0,116,4632,4679
AGTGTATGCGCTGCCT-1,1,0,118,4633,4496
GTAGACCAACTCCAAT-1,1,0,120,4635,4314
AACACCTACTATCGAA-1,1,0,122,4636,4131
TATCTAATGCATTACA-1,1,0,124,4637,3948
TAGTTCACAGGCAATG-1,1,0,126,4639,3766
TAGATGCGTGGTTGAA-1,1,1,1,4710,15181
AGGATCCGTAAGTAAT-1,1,1,3,4711,14998
ACTGCAACTTCAGTCA-1,1,1,5,4713,14815
CGGTAGGTCTGGCAGA-1,1,1,7,4714,14633
CTCGTTCACGACTGCA-1,1,1,9,4715,14450
AGATGCGGCTAGTGAC-1,1,1,11,4717,14267
TCGCGTGCGAATGGTT-1,1,1,13,4718,14085
CTCGGAGCGAATCATG-1,1,1,15,4720,13902
AACTATTGGCGGATTC-1,1,1,17,4721,13720
GCACGCGTGACATCAG-1,1,1,19,4722,13537
CTAACAAGGTGATCAA-1,1,1,21,4724,13354
CGACTATCAAGCCGAC-1,1,1,23,4725,13172
GTTGACGCTCGATGGC-1,1,1,25,4727,12989
CTTCCGAGACATTGAT-1,1,1,27,4728,12807
CGCCTCGGCTACTCGC-1,1,1,29,4729,12624
TAGTGCACTTGTACCG-1,1,1,31,4731,12441
CACGAACGGTCTTCAG-1,1,1,33,4732,12259
GACGCCGAACTTCCGT-1,1,1,35,4734,12076
CGCTCGTTATAGATCT-1,1,1,37,4735,11893
TGTCAAGAACTCGGCG-1,1,1,39,4736,11711
GGCCATGCGTCTGTCG-1,1,1,41,4738,11528
ACAGAATACATACTAA-1,1,1,43,4739,11346
GGTGTCATACTATTAG-1,1,1,45,4741,11163
CATCGGATACGCACAG-1,1,1,47,4742,10980
TGCATTGATAGACATA-1,1,1,49,4743,10798
GACATCAGATTCTTAC-1,1,1,51,4745,10615
CTTCCTGGTGTTGGAC-1,1,1,53,4746,10433
CAGTCTGGACAATCTA-1,1,1,55,4748,10250
TCAGTCTGAGTGCTTG-1,1,1,57,4749,10067
CCAATATTAGTGCGTT-1,1,1,59,4750,9885
CTGTTGGATCAACGCA-1,1,1,61,4752,9702
ACTCGACGTACACGCC-1,1,1,63,4753,9519
GTACTTGGTTCGCTTA-1,1,1,65,4755,9337
GATAGATATGGTTCCG-1,1,1,67,4756,9154
ATGTACTCGTGGCTGT-1,1,1,69,4758,8972
CACGATACAATAGCCA-1,1,1,71,4759,8789
CGCATCCTGTTGTAGC-1,1,1,73,4760,8606
CTCCACATAACCTATT-1,1,1,75,4762,8424
GTATGTTAGACTGCCT-1,1,1,77,4763,8241
TGGTTGCCAGTGTCAA-1,1,1,79,4765,8059
AATACGAGCAAGCCAG-1,1,1,81,4766,7876
AACGCTTCGAGTAACT-1,1,1,83,4767,7693
CGTCGGTTAGCGGTGA-1,1,1,85,4769,7511
CCACGGCTGGCAACCT-1,1,1,87,4770,7328
ACTTGACTGAGCACGA-1,1,1,89,4772,7145
TGGACTTCGCGGAACT-1,1,1,91,4773,6963
ATGGAGGCCGCTATCC-1,1,1,93,4774,6780
TGTTGGAAGCTCGGTA-1,1,1,95,4776,6598
TCCTAAGCTTAGGTTA-1,1,1,97,4777,6415
CGCACGCAGCCGTTAT-1,1,1,99,4779,6232
ACGCCTCCGATGTTCC-1,1,1,101,4780,6050
ATCATTCCACTTAGCA-1,1,1,103,4781,5867
TCTACTTAACCGGCCT-1,1,1,105,4783,5684
CGGACCAGCAGAATTC-1,1,1,107,4784,5502
TAGTTCTGTCTGATAG-1,1,1,109,4786,5319
GTTGACGAATCAACTA-1,1,1,111,4787,5137
CTAGTGTAGTAAGTCA-1,1,1,113,4788,4954
GGCTGTGGAATAGCGT-1,1,1,115,4790,4771
GCAGTACTCAACGAAG-1,1,1,117,4791,4589
TCTACTCGTTCATCGC-1,1,1,119,4793,4406
GTCGAACCGTTCACTC-1,1,1,121,4794,4224
ATGAGTAGCGTGTTAG-1,1,1,123,4796,4041
CGAAGGAGAACAGTTG-1,1,1,125,4797,3858
ATCCGGATTACCGGTC-1,1,1,127,4798,3676
TGCCAGATACGACTGG-1,1,2,0,4868,15273
ACAGTATGCCTGGATG-1,1,2,2,4869,15090
TCATAGTACTAGTTCA-1,1,2,4,4871,14908
TGGAAGCTAGTAATAC-1,1,2,6,4872,14725
GATCCACGAGCGTGCC-1,1,2,8,4873,14543
GAGTCTATTCCAGGAC-1,1,2,10,4875,14360
CGACGCCAGAGGAACT-1,1,2,12,4876,14177
TGGTGCCTGTGGTTAC-1,1,2,14,4878,13995
TATCCTTACCACGACT-1,1,2,16,4879,13812
GAGTCCTGTTACATCT-1,1,2,18,4881,13630
CTCGGATTGAATGAGT-1,1,2,20,4882,13447
CACGGTGCCGGACCAC-1,1,2,22,4883,13264
ATACTCGTCCAACTGC-1,1,2,24,4885,13082
TACAAGCATAGGCTGG-1,1,2,26,4886,12899
ACAATATGAATCATGA-1,1,2,28,4888,12716
TCATCCGATTGAATTC-1,1,2,30,4889,12534
ACGCATCGTCGAGCAG-1,1,2,32,4890,12351
ATTACTTGAGCAAGAT-1,1,2,34,4892,12169
GAGTCGAGCGTGCTTC-1,1,2,36,4893,11986
ACTTGAGCACGAACAT-1,1,2,38,4895,11803
TGTCCTTCGCCTCGTA-1,1,2,40,4896,11621
GTCTATTAAGCACTTA-1,1,2,42,4897,11438
GATCATCGGTGCGTTC-1,1,2,44,4899,11256
TCTGGTAGTGCAGCAA-1,1,2,46,4900,11073
GGCGTGCGCTAGATTA-1,1,2,48,4902,10890
TACGTGAGGACAACCG-1,1,2,50,4903,10708
CCGGTGGCAAGCCGTA-1,1,2,52,4904,10525
AGCTGATCGGATTGTT-1,1,2,54,4906,10342
TACGCTGATAGCAGTC-1,1,2,56,4907,10160
GCGTAATTCTTGCCTT-1,1,2,58,4909,9977
TACACCGGTATGTATC-1,1,2,60,4910,9795
CTTAGTTCACCGCCAG-1,1,2,62,4911,9612
GTCTTGCTTGATCCAC-1,1,2,64,4913,9429
ACGCAAGCTCCGCTTA-1,1,2,66,4914,9247
GGAGACATGACCTAGG-1,1,2,68,4916,9064
GTTATCCTATACTGGC-1,1,2,70,4917,8882
GGTTAGCACGCCTATG-1,1,2,72,4919,8699
TGATTCACATGCAGAA-1,1,2,74,4920,8516
GGAACAGGTGATCTCC-1,1,2,76,4921,8334
CGGAGCGTCTGACAGT-1,1,2,78,4923,8151
AGATCAAGCATCTACT-1,1,2,80,4924,7968
CCTGTCGAGTGACAGA-1,1,2,82,4926,7786
ATTAGCATTCCGATCG-1,1,2,84,4927,7603
CACTCGGCGTATCGGC-1,1,2,86,4928,7421
CATTAACTAATCGCGT-1,1,2,88,4930,7238
CCAGCAGGTCTTGTTC-1,1,2,90,4931,7055
TACCTGATCGATCTCG-1,1,2,92,4933,6873
CAGTAGCACTACATTG-1,1,2,94,4934,6690
AATACAATGCGAGCAG-1,1,2,96,4935,6507
TGATTCAACGACAAGG-1,1,2,98,4937,6325
GAGCCAGGTGTCAGTT-1,1,2,100,4938,6142
AAGCAGCCTACTAAGC-1,1,2,102,4940,5960
GGACGGCTGACTAGTT-1,1,2,104,4941,5777
CATCCTAGAATTATTG-1,1,2,106,4942,5594
ACCGTGTTATAAGTCG-1,1,2,108,4944,5412
AGACGTTGCACCGCCA-1,1,2,110,4945,5229
GTAACATAAGACCGTA-1,1,2,112,4947,5047
GACTTGTCGTTCCGGC-1,1,2,114,4948,4864
TCCAGATCGGTCGAGT-1,1,2,116,4949,4681
AGTTAAGGTAGATACT-1,1,2,118,4951,4499
CTTACGAATGCGCCTG-1,1,2,120,4952,4316
GGAATCAAGTACGCAC-1,1,2,122,4954,4133
TGGCGACTGCTATCAA-1,1,2,124,4955,3951
GAGGATGCACCAAGTT-1,1,2,126,4956,3768
CCGCACAACGTGGTCA-1,1,3,1,5027,15183
CCTCGCTTGAAGGTCA-1,1,3,3,5029,15000
CTCATATGTCCGTGAC-1,1,3,5,5030,14818
TATTCGTCTGCGGTGG-1,1,3,7,5032,14635
GCCAGTGCTCTACACT-1,1,3,9,5033,14453
GTACGATTGCGATGGC-1,1,3,11,5034,14270
GCAAGAGTCGGTGGAC-1,1,3,13,5036,14087
ACATCTGACCTTGTCT-1,1,3,15,5037,13905
GTGCTACGTTCTAACC-1,1,3,17,5039,13722
ATACATGCTGGTGCAG-1,1,3,19,5040,13539
TCCTTGAACGATGGTC-1,1,3,21,5042,13357
ACGAGGCTAGGTGGCT-1,1,3,23,5043,13174
GCTTACGCAATACTAG-1,1,3,25,5044,12992
GTTATTGTACGTATAC-1,1,3,27,5046,12809
CCTCGGCGCCGATTGA-1,1,3,29,5047,12626
GTAGCGCTAGATCCGT-1,1,3,31,5049,12444
AGACCTGATAACAGTG-1,1,3,33,5050,12261
GGTTGATAAGTACCTG-1,1,3,35,5051,12079
TCCAATGCAAGTATCT-1,1,3,37,5053,11896
TCTTGCGGCCTTAGTG-1,1,3,39,5054,11713
GGCGCCGTGGTTACAT-1,1,3,41,5056,11531
TGCGATACGCCTCGCA-1,1,3,43,5057,11348
TAGGAGCCAGACTCAG-1,1,3,45,5058,11165
TGAATATGAGCCGGTG-1,1,3,47,5060,10983
CCGGATCACTATGGCC-1,1,3,49,5061,10800
ATTGCAATTATGGTTG-1,1,3,51,5063,10618
GCCATTCTTGCAACCA-1,1,3,53,5064,10435
GATGCCACATTATCAC-1,1,3,55,5065,10252
GCCATTGATACTCAAG-1,1,3,57,5067,10070
ATCAATGTCAACTCGG-1,1,3,59,5068,9887
CCTTATAGGCGAATAC-1,1,3,61,5070,9705
GCGAGGTGCTACCTCG-1,1,3,63,5071,9522
ATTGTTATCGTAATAC-1,1,3,65,5072,9339
TCCAATGTCCACGAGC-1,1,3,67,5074,9157
GCACCTTCGCGGTAGA-1,1,3,69,5075,8974
TAAGTGCTTGACGATT-1,1,3,71,5077,8791
CGAAGAGCTCGTTCTA-1,1,3,73,5078,8609
TCAGTCGTCACTGAGC-1,1,3,75,5080,8426
CTTCGTCACCAAGAGG-1,1,3,77,5081,8244
GCCATTGAGTGCTGCG-1,1,3,79,5082,8061
TGCGCAATTGATCATA-1,1,3,81,5084,7878
TGCTACATCACCGGAT-1,1,3,83,5085,7696
CTGATCCAACGCACAA-1,1,3,85,5087,7513
AACCGCGGTAACTACA-1,1,3,87,5088,7330
ATTGACCTTCGGCGTC-1,1,3,89,5089,7148
CGCTGCGGTTGAGTAG-1,1,3,91,5091,6965
GTCACCTGAGATTGGA-1,1,3,93,5092,6783
CGGCAATCGATAGCGA-1,1,3,95,5094,6600
TGGTTGGATTGAGCTG-1,1,3,97,5095,6417
AGTTGTGAACCTGATG-1,1,3,99,5096,6235
GTTAATACATAATGCT-1,1,3,101,5098,6052
TGCCAGTGCAGAGTAT-1,1,3,103,5099,5870
GTATGTAGGCTTAAGA-1,1,3,105,5101,5687
TCCTCAAGCGAGGTCC-1,1,3,107,5102,5504
GCGGTCCATCACGGCA-1,1,3,109,5103,5322
TCGATCGTATAACGAC-1,1,3,111,5105,5139
ACATTGAACTAAGCTA-1,1,3,113,5106,4956
TAGAACGATTGCCTCC-1,1,3,115,5108,4774
AATGGCTCCACGAATT-1,1,3,117,5109,4591
CACGAAGGTGAATGGT-1,1,3,119,5110,4409
AATTATCTAGATAACC-1,1,3,121,5112,4226
GCGGTGGATGGCGACG-1,1,3,123,5113,4043
CATACCAGGTTCCTAA-1,1,3,125,5115,3861
ATTAACGGAGTGAATT-1,1,3,127,5116,3678
CGAGTCAACAATCTGG-1,1,4,0,5186,15276
TACAGCCTCGCATTGC-1,1,4,2,5187,15093
CTATTAGCTTCCATTC-1,1,4,4,5188,14910
GTTGACTACAACATAC-1,1,4,6,5190,14728
GCACAGGCTCTACCAT-1,1,4,8,5191,14545
GCTTCTGAACCGCTAT-1,1,4,10,5193,14362
GTCTTGAAGATTCATG-1,1,4,12,5194,14180
ATACATGCATGATCTG-1,1,4,14,5195,13997
CAGCTCCTTAGGTAAG-1,1,4,16,5197,13815
TCAATATTCGACAAGA-1,1,4,18,5198,13632
GACTGACAGGAACCAG-1,1,4,20,5200,13449
CCTTATGAGGCGTTCC-1,1,4,22,5201,13267
CAATCTTATTAGAATG-1,1,4,24,5203,13084
GTACTTAGTTGCGAAT-1,1,4,26,5204,12902
CGTTAACGAGAAGGAC-1,1,4,28,5205,12719
GGTGCATCCAGAACGG-1,1,4,30,5207,12536
TAAGATTAGATATTCC-1,1,4,32,5208,12354
CAATGCAGATCATAGA-1,1,4,34,5210,12171
TAGTGACCAGTTGCGG-1,1,4,36,5211,11988
TAGACAATACTGGAAG-1,1,4,38,5212,11806
GCTCGGACCTTCAAGT-1,1,4,40,5214,11623
GAGGCCATGGCTCGGA-1,1,4,42,5215,11441
AGGATAGAGTTAATCA-1,1,4,44,5217,11258
CTGCATTGAGCACGGA-1,1,4,46,5218,11075
AGCCAGATCAAGATTC-1,1,4,48,5219,10893
AAGTCTTAATAGAACT-1,1,4,50,5221,10710
CACGATAAGGCCTAAG-1,1,4,52,5222,10528
AGACCGAAGACTACTC-1,1,4,54,5224,10345
GGTCTGTTCACTAATC-1,1,4,56,5225,10162
ACTCCTGCGGCAACCA-1,1,4,58,5226,9980
GTGAGGATCTCAGCCT-1,1,4,60,5228,9797
CACTCAGAGCAACCGG-1,1,4,62,5229,9614
ATAGCTGTGAATCGGC-1,1,4,64,5231,9432
TGACCAACTTGGTCAA-1,1,4,66,5232,9249
GAAGTTCTGCAGTTCT-1,1,4,68,5233,9067
CTGCCTATACATCCAT-1,1,4,70,5235,8884
CGAGGAACGCTGTCCA-1,1,4,72,5236,8701
GAGCCAAGCGCCTCAC-1,1,4,74,5238,8519
ATGTACCTTCACATTA-1,1,4,76,5239,8336
TGGATTAGTACATTGC-1,1,4,78,5240,8153
TCGGCGGAACATACGC-1,1,4,80,5242,7971
TAGCTAGACACTGGTT-1,1,4,82,5243,7788
CTGTCACTATGTGCAT-1,1,4,84,5245,7606
AAGCGACGAACCGCCT-1,1,4,86,5246,7423
TCACATCCTTATACAG-1,1,4,88,5248,7240
ATGTACTGGTCGAAGC-1,1,4,90,5249,7058
ATACTGTCCACTACCG-1,1,4,92,5250,6875
TGTATGGAACTACGCA-1,1,4,94,5252,6693
GGCGCTTCACCAGCGA-1,1,4,96,5253,6510
TCTACATAGACGTGAG-1,1,4,98,5255,6327
TCTTGTTACCGGTTAC-1,1,4,100,5256,6145
GTATTAATGGTTGTGG-1,1,4,102,5257,5962
AAGCCACGCATAATGA-1,1,4,104,5259,5779
AGCAACAGTATGTCGC-1,1,4,106,5260,5597
GAGTCACCGTCCTCCA-1,1,4,108,5262,5414
TACTAGTGAGACAATG-1,1,4,110,5263,5232
CTCAAGAAGCACTGTA-1,1,4,112,5264,5049
CCAGGATACCGTTAGT-1,1,4,114,5266,4866
AGCCGACCGATGTACA-1,1,4,116,5267,4684
TAGCTTAACTAGGTTC-1,1,4,118,5269,4501
CCATTCTTACGCGTTA-1,1,4,120,5270,4319
TACGGACACCTCCATA-1,1,4,122,5271,4136
AACCATAGAATTCGAA-1,1,4,124,5273,3953
CTGGTAATGAGCTCGT-1,1,4,126,5274,3771
GGTGTTATTCGATCGA-1,1,5,1,5345,15185
AATCGGCGCCAACGGT-1,1,5,3,5347,15003
TGACCTCACGCACGAG-1,1,5,5,5348,14820
GATCACGGCGTCTGGA-1,1,5,7,5349,14638
CAAGGTCAGCGATGTC-1,1,5,9,5351,14455
GCGATGCCTCTAAGTC-1,1,5,11,5352,14272
TACGACTGATAATCGC-1,1,5,13,5354,14090
GGACGGTATGCGGCTG-1,1,5,15,5355,13907
ATTGCCTTACGCAGTT-1,1,5,17,5356,13725
TAGCAATACTCGAACA-1,1,5,19,5358,13542
TGATGGCGCAGGCTAG-1,1,5,21,5359,13359
ATTACAAGCAAGTGTC-1,1,5,23,5361,13177
CAGAGTCAATCCGCTG-1,1,5,25,5362,12994
GGTAGTGCATGAAGTG-1,1,5,27,5363,12811
GTGGTTGCACGCGGCA-1,1,5,29,5365,12629
ACCTGCACTAGATGGC-1,1,5,31,5366,12446
CTTACGCAGAGGCTCG-1,1,5,33,5368,12264
GGAATGCACCTCAATA-1,1,5,35,5369,12081
ATGACCTCACGCACTG-1,1,5,37,5371,11898
TGCGAATCCGGCTTGA-1,1,5,39,5372,11716
TGGTCATCTAGGTCAT-1,1,5,41,5373,11533
CTACTCGGCGTCTAAT-1,1,5,43,5375,11351
ACTGATGTCCACTCGC-1,1,5,45,5376,11168
AACTTGCTCGTAACCG-1,1,5,47,5378,10985
CCAGTTGTGATGCAAG-1,1,5,49,5379,10803
AATAACTCTAATACAG-1,1,5,51,5380,10620
CGTTGGTGGCGTCTGC-1,1,5,53,5382,10437
AACTGCAATACGGATT-1,1,5,55,5383,10255
CATTGTCGGTCGCTAG-1,1,5,57,5385,10072
GTTCATTGCCTGAATA-1,1,5,59,5386,9890
TGGTAGACGTATTAAT-1,1,5,61,5387,9707
ACTGAGGATAGGCGCT-1,1,5,63,5389,9524
CCTACGGTAAGACTCG-1,1,5,65,5390,9342
CTTCACAAGTTCCTCA-1,1,5,67,5392,9159
AGCATCCTGACAGCCG-1,1,5,69,5393,8976
GACTAGGCAGACTTGG-1,1,5,71,5394,8794
CGCCTATTGCCTCGCC-1,1,5,73,5396,8611
ACGAGGACAACTCACC-1,1,5,75,5397,8429
AGTAGACAGATAACGG-1,1,5,77,5399,8246
TACACTTAGTCGTGGT-1,1,5,79,5400,8063
GTAGCGTGTAGCATGT-1,1,5,81,5401,7881
GATCCACCTTACCTTG-1,1,5,83,5403,7698
ATGAGTATCAGATCTG-1,1,5,85,5404,7516
TCAGAATCCTACGGTG-1,1,5,87,5406,7333
CGATGACCAGATCTGT-1,1,5,89,5407,7150
ATGAGTCTAGATACTC-1,1,5,91,5409,6968
ATGTAGGTGGTCTAAC-1,1,5,93,5410,6785
TACTAGACTAGTGACA-1,1,5,95,5411,6602
CATCAGAAGGCTTCGG-1,1,5,97,5413,6420
AGGAGCTATGAACACT-1,1,5,99,5414,6237
CATCAACATAACCGAT-1,1,5,101,5416,6055
TACGACTACCTTCCTC-1,1,5,103,5417,5872
TCTAGACGGTGGCTGA-1,1,5,105,5418,5689
ACGGTCGCATCTAGAA-1,1,5,107,5420,5507
TAAGATTGCAAGTTCT-1,1,5,109,5421,5324
GTGGCGGACATTCTCG-1,1,5,111,5423,5142
GAGCCACTTATGCATT-1,1,5,113,5424,4959
ATGTGACATAGAGTCC-1,1,5,115,5425,4776
TGAATATGGCCTGCCA-1,1,5,117,5427,4594
CAACAGTACGGCAATG-1,1,5,119,5428,4411
GAAGTAAGTTCCTCGA-1,1,5,121,5430,4228
AAGGCGAACAGCATAA-1,1,5,123,5431,4046
GGCAGCATCGAGAACC-1,1,5,125,5432,3863
TCTTGCACGTATGGAC-1,1,5,127,5434,3681
TCCTGACAACGCTCGT-1,1,6,0,5503,15278
CTATAGGTTGATGCCT-1,1,6,2,5505,15095
ACTAATTCTATGCGCA-1,1,6,4,5506,14913
GAATGACAACAGAATA-1,1,6,6,5508,14730
TGATCTTGCCTATTGT-1,1,6,8,5509,14548
AGCCTCTGTTCCGATG-1,1,6,10,5510,14365
CTGGTACTCGAAGTGG-1,1,6,12,5512,14182
CTGATGCCAATGCTTC-1,1,6,14,5513,14000
GCTTATCCGCATTCTT-1,1,6,16,5515,13817
ATGGAGCGCACTCGGT-1,1,6,18,5516,13634
GTCGAGAACTAGACGA-1,1,6,20,5517,13452
CAGACGCACTACTGAC-1,1,6,22,5519,13269
ATAGTTCCTAGGCCGG-1,1,6,24,5520,13087
CGGTCTGCGGACTCTG-1,1,6,26,5522,12904
TCGACCTGCAGCTCAG-1,1,6,28,5523,12721
GAAGCTGCCTCGTGAG-1,1,6,30,5524,12539
ACTTGAATGTATTGGA-1,1,6,32,5526,12356
TACCTCAGCGGTTGAT-1,1,6,34,5527,12174
ACGGCCTGGCTAAGTT-1,1,6,36,5529,11991
GTACGGTTAATGCAGG-1,1,6,38,5530,11808
AGGAGTACAGTGCATA-1,1,6,40,5532,11626
GAATCATTATGAGCTG-1,1,6,42,5533,11443
TCTGTACCTCACTCGC-1,1,6,44,5534,11260
TAGTGCGTGGAGAAGT-1,1,6,46,5536,11078
CTGAAGCGTGGTGAAG-1,1,6,48,5537,10895
TCGCACCTCATGTCAG-1,1,6,50,5539,10713
CCAACTTGCGTTAACC-1,1,6,52,5540,10530
AAGATGCACTATACTT-1,1,6,54,5541,10347
GGTTGACCATTGCTGT-1,1,6,56,5543,10165
GTGGCGCCAACAGCTC-1,1,6,58,5544,9982
GGTTAGATGAGTCTAA-1,1,6,60,5546,9799
GCCTTAATTGACGGAT-1,1,6,62,5547,9617
AACTGGTCATGTGGTT-1,1,6,64,5548,9434
TCATCCTAGGACTCGC-1,1,6,66,5550,9252
CGACAAGCACTCAGCC-1,1,6,68,5551,9069
CCTTAGCGTTCGCAGG-1,1,6,70,5553,8886
ACGAAGCCACCTGAGG-1,1,6,72,5554,8704
CGCTTGCTTGGTCTGG-1,1,6,74,5555,8521
ACTCCTGACCACTGAG-1,1,6,76,5557,8339
ATAGTGACGAATAGAT-1,1,6,78,5558,8156
ACAATAGGATCCAACC-1,1,6,80,5560,7973
GGCCGGCTTCGTCAAC-1,1,6,82,5561,7791
ACTATTAGCCTAATCG-1,1,6,84,5562,7608
CAATCCATGCCGATGC-1,1,6,86,5564,7425
TACGTGATGGTAGGAT-1,1,6,88,5565,7243
GTACCTCCTGATTCTT-1,1,6,90,5567,7060
ATGTACGGTGGCGTAT-1,1,6,92,5568,6878
TGGCCAGAATCACTTG-1,1,6,94,5569,6695
GGTAACTCAACACTCC-1,1,6,96,5571,6512
CGAGGAAGGCAGAAGG-1,1,6,98,5572,6330
TCGGAGCTGAGTCGGA-1,1,6,100,5574,6147
ATAACGGCGTTACACT-1,1,6,102,5575,5965
TAGACAGGATGCAATA-1,1,6,104,5577,5782
TCTATTGATGCATGCC-1,1,6,106,5578,5599
CACTCAACGCAACGAC-1,1,6,108,5579,5417
GTTCCGTAACTAATAC-1,1,6,110,5581,5234
TCGTATGTGGCCATTA-1,1,6,112,5582,5051
AGGAGCTGCAAGGACT-1,1,6,114,5584,4869
GCTGTCTAATTGGCAA-1,1,6,116,5585,4686
GTAACACTGTACCACG-1,1,6,118,5586,4504
TAATGGCAGATGTCGG-1,1,6,120,5588,4321
CTAGTTGTCCACGTCA-1,1,6,122,5589,4138
TAGCGTGGCGCAAGCC-1,1,6,124,5591,3956
ACCTAACAATCTTCAA-1,1,6,126,5592,3773
TCGCCTGCACGGAAGG-1,1,7,1,5663,15188
ATAAGGAGCCGTGATG-1,1,7,3,5664,15005
AGATAGGTGAATTGCC-1,1,7,5,5666,14823
AGTCGTTGCCGCCAAC-1,1,7,7,5667,14640
AGGAGCGAATGCGTTA-1,1,7,9,5669,14457
TGTCATGTGACACGCT-1,1,7,11,5670,14275
TGCACGAATGTACTAA-1,1,7,13,5671,14092
AGTGCTTCGCGGACGC-1,1,7,15,5673,13910
CATATCAGACTATCCA-1,1,7,17,5674,13727
TCGTTAGCTTACTCAT-1,1,7,19,5676,13544
ATCTTATCAGCAATAC-1,1,7,21,5677,13362
CCTTCCACTGCCTAAG-1,1,7,23,5678,13179
ATAGAAGGAGCAGTAG-1,1,7,25,5680,12997
AACGCACTGGTGCTCG-1,1,7,27,5681,12814
TACCATTGTCCGCCTT-1,1,7,29,5683,12631
GTCGAGTGCTCCTTCG-1,1,7,31,5684,12449
ATCAATGGTTGTACCT-1,1,7,33,5685,12266
TCCGAATACCGAATAG-1,1,7,35,5687,12083
CATCCTTCGACTAAGT-1,1,7,37,5688,11901
AACGACATTAAGATGG-1,1,7,39,5690,11718
ATCGAATCTAGCAGAC-1,1,7,41,5691,11536
TCCAGTCACGGTGGCT-1,1,7,43,5692,11353
CTGACTGGTCTACCTT-1,1,7,45,5694,11170
GCATTGCTGTTCCATC-1,1,7,47,5695,10988
TCTGCGCTTGCAGATA-1,1,7,49,5697,10805
ACATCTCGCATAGAAT-1,1,7,51,5698,10622
AACTAGCCTAATAGCA-1,1,7,53,5700,10440
ATGTGCTAACATCGAA-1,1,7,55,5701,10257
ACTGATACTCCATTAC-1,1,7,57,5702,10075
GTAACCACCTACAACC-1,1,7,59,5704,9892
TCCAGATCTTCGCTTA-1,1,7,61,5705,9709
TGGCGAGCTCCACGTG-1,1,7,63,5707,9527
TGCTACGCTGCGTGGA-1,1,7,65,5708,9344
AGGAGCAGCGTTAATA-1,1,7,67,5709,9162
TAGCGTCTCGGTCTAT-1,1,7,69,5711,8979
CTTCCACGATCCTGTA-1,1,7,71,5712,8796
TAGCGTACGGAGCGCC-1,1,7,73,5714,8614
GCCGCACTTCGTCTAT-1,1,7,75,5715,8431
CTGCCTAGTGAATAAG-1,1,7,77,5716,8248
GACGCTGTACAAGGCG-1,1,7,79,5718,8066
CAGATTCGAACAGGTG-1,1,7,81,5719,7883
CTAAGAGGCTATGTTC-1,1,7,83,5721,7701
GGCGTGAACTCAACGG-1,1,7,85,5722,7518
CGGAGCTCCGATACCT-1,1,7,87,5723,7335
GACTTGCTTCTAGGAG-1,1,7,89,5725,7153
TCGATAGGAGCTGCAG-1,1,7,91,5726,6970
GGTGTATGTTCCGATC-1,1,7,93,5728,6788
GCCTCCAACAGTAGCC-1,1,7,95,5729,6605
TCCTCAATGCTAAGGC-1,1,7,97,5730,6422
CAAGCATGCCTGACTT-1,1,7,99,5732,6240
GCGTTCGATCTTGGCC-1,1,7,101,5733,6057
ATCCACGAACGTTCGG-1,1,7,103,5735,5874
GGATCTTCTAAGCGAA-1,1,7,105,5736,5692
TCTGCGAGGTGCACGT-1,1,7,107,5738,5509
GGTTAGTGCTCCTACT-1,1,7,109,5739,5327
TACGCTCCTTGAGCAA-1,1,7,111,5740,5144
CTAAGAACCTTATTCC-1,1,7,113,5742,4961
ACAAGTAGTTCCGGTA-1,1,7,115,5743,4779
CCATAGTAGGTGCTTG-1,1,7,117,5745,4596
CGTAACTAACAATCAT-1,1,7,119,5746,4414
GCGTCTGGCCTGCAGC-1,1,7,121,5747,4231
GTCAGGTGGCTCACCT-1,1,7,123,5749,4048
GCTCTGACTCGACTTA-1,1,7,125,5750,3866
GCGGTGAATCCTGTTA-1,1,7,127,5752,3683
CGGTAGTGAGGCCGTT-1,1,8,0,5821,15280
AGCGCAGATGAGGTGC-1,1,8,2,5823,15098
ACTCAGCGGTAGATTG-1,1,8,4,5824,14915
GCAGATAGTTGGAGAC-1,1,8,6,5825,14733
CGCACGCATAATGGTG-1,1,8,8,5827,14550
TCCGTCATAAGATGAC-1,1,8,10,5828,14367
CGCCAACCTGGCGAAT-1,1,8,12,5830,14185
GACCTGTCGATTGCAG-1,1,8,14,5831,14002
CGAATCCTGATAGGTG-1,1,8,16,5832,13820
TCGTATAGGAGCCTAT-1,1,8,18,5834,13637
GGCCATTAGCTAGTGG-1,1,8,20,5835,13454
CTAACCTCACCGAAGA-1,1,8,22,5837,13272
TATTGAATGAATGTGG-1,1,8,24,5838,13089
ACCTCCACAGCTACGT-1,1,8,26,5839,12906
TCCTAAGCGGTTCATC-1,1,8,28,5841,12724
CTGTTATGGCCAGCGG-1,1,8,30,5842,12541
CTCACCGAGGATCCGC-1,1,8,32,5844,12359
GCTGACCGCATCGGAT-1,1,8,34,5845,12176
TCATTACGGCACAGTA-1,1,8,36,5846,11993
AGCATAATTCCAGATA-1,1,8,38,5848,11811
CTAGCCGATTCAATGC-1,1,8,40,5849,11628
TAGTGCAGCTGGCGTC-1,1,8,42,5851,11445
CAAGTCTTGGCGATAG-1,1,8,44,5852,11263
AGCATTAGACGGATTG-1,1,8,46,5853,11080
ATTGCCTTGTCTAAGT-1,1,8,48,5855,10898
TCGGACGTTGCCTCAG-1,1,8,50,5856,10715
AGGATACCTCCGAGCG-1,1,8,52,5858,10532
ATACTGGACCACAGCC-1,1,8,54,5859,10350
ACAACCTTGGTGTCAA-1,1,8,56,5861,10167
ACGCGTAGACTCAACT-1,1,8,58,5862,9985
CATTGCAGCGAAGACC-1,1,8,60,5863,9802
CTGACTGGTATGATAA-1,1,8,62,5865,9619
TCGTATCCTGATGCAA-1,1,8,64,5866,9437
CTAGCACGCCAAGCTT-1,1,8,66,5868,9254
GGACGGCTATCGACCA-1,1,8,68,5869,9071
TCGATCGTTGTCTGAA-1,1,8,70,5870,8889
CATATCCGTTCACCTC-1,1,8,72,5872,8706
CGGTCCATGCGACTCC-1,1,8,74,5873,8524
AGCAATAACAATTCCA-1,1,8,76,5875,8341
AGGCGATTCCACTTCT-1,1,8,78,5876,8158
CGGCTGTACATGATGT-1,1,8,80,5877,7976
TGGAGTTGAGTCGACA-1,1,8,82,5879,7793
GTCAGCCTAATTACGT-1,1,8,84,5880,7611
CCTTCATAGTACTTCA-1,1,8,86,5882,7428
GTGAGGTCACAGGCCA-1,1,8,88,5883,7245
CTATCGCAGTCAATGG-1,1,8,90,5884,7063
GCCTGGTAAGGCGACT-1,1,8,92,5886,6880
CGGAGCGTAGAATCTT-1,1,8,94,5887,6697
GTCTAATCGAATTGGA-1,1,8,96,5889,6515
CGCCGGACTAGGTACA-1,1,8,98,5890,6332
ACGTTAGTACTGGACA-1,1,8,100,5891,6150
TGTAGGAGCTTCAATA-1,1,8,102,5893,5967
CTATCGTATGGTGATG-1,1,8,104,5894,5784
AGAAGCTGGCCTAGTG-1,1,8,106,5896,5602
GTCGGCCTCGGTTCAT-1,1,8,108,5897,5419
GATCGCGGAGTCTAAT-1,1,8,110,5899,5237
TAACCGTACTTCTAAC-1,1,8,112,5900,5054
ATCCAACGCATGGTAC-1,1,8,114,5901,4871
GAAGCGTCAGTAAGTC-1,1,8,116,5903,4689
GCACATCGTCTGCGGA-1,1,8,118,5904,4506
CTCATATTACTATGGT-1,1,8,120,5906,4323
GTCGCAGTATTAGGAT-1,1,8,122,5907,4141
GCCTGGACAATGTATC-1,1,8,124,5908,3958
TAGATGTCACGGTCGA-1,1,8,126,5910,3776
AGATCTAACGTAATGT-1,1,9,1,5981,15190
ATTCAGTCACCGCCAT-1,1,9,3,5982,15008
TAATACCATTCTAGAT-1,1,9,5,5984,14825
GGTAGGCCACATGCAA-1,1,9,7,5985,14643
ACTGCAAGGCTTCTCG-1,1,9,9,5986,14460
TGGTGCGAATCCTGCT-1,1,9,11,5988,14277
CTTCGAGTGATGGAAT-1,1,9,13,5989,14095
TACTCACTACTCACTC-1,1,9,15,5991,13912
GACGAGTGCTGGAGAT-1,1,9,17,5992,13729
CCTGGCATACCTGTCA-1,1,9,19,5993,13547
AATCTATCTAACCGAG-1,1,9,21,5995,13364
GGAGACTATTGTGACA-1,1,9,23,5996,13182
CATAGCTTGACAACGG-1,1,9,25,5998,12999
GTGGATAATCATAATC-1,1,9,27,5999,12816
TCGGTAATAGCGGTTC-1,1,9,29,6000,12634
GGACTCACTAGAGCCG-1,1,9,31,6002,12451
TAACGCGTCAAGCGTT-1,1,9,33,6003,12268
CCATTATCGTTACCTT-1,1,9,35,6005,12086
CTGCATTGAGGAGCCG-1,1,9,37,6006,11903
ATCAATCTGCAGGACC-1,1,9,39,6007,11721
CTCACCTTATCTCCTT-1,1,9,41,6009,11538
CTGATTAACGCAAGAA-1,1,9,43,6010,11355
TACACTCAGTAGAATG-1,1,9,45,6012,11173
TACATAGCAGACCAAG-1,1,9,47,6013,10990
GATACCTCGCGACTGC-1,1,9,49,6014,10808
CCGTGGCGTCGGTGCT-1,1,9,51,6016,10625
TAACCAAGGTGCTCTA-1,1,9,53,6017,10442
TCGTAAGGCGTTCAGG-1,1,9,55,6019,10260
ATTAGTCGTGTTATGC-1,1,9,57,6020,10077
AGATGAGGCGCCTCCA-1,1,9,59,6022,9894
TAACGAATGCTCCAAT-1,1,9,61,6023,9712
ACAGGCATTGAACCAT-1,1,9,63,6024,9529
TGCTATCCTAAGACGA-1,1,9,65,6026,9347
GGTTCAAGGTTAAGCC-1,1,9,67,6027,9164
CCGCATAGTACAGGTT-1,1,9,69,6029,8981
GGTCATGCTCTGCCAA-1,1,9,71,6030,8799
CGTTCCTGTCACCGTG-1,1,9,73,6031,8616
CGCAGATATGGACAGT-1,1,9,75,6033,8434
GTTGTCGTAATATGGA-1,1,9,77,6034,8251
GAGTAGATACGTCAAC-1,1,9,79,6036,8068
GGTTAGTCGGCAGCGA-1,1,9,81,6037,7886
GATGTTCTATAGGATA-1,1,9,83,6038,7703
ACAGGCCTTCTAATGC-1,1,9,85,6040,7520
CTATGTAGCGCAGATA-1,1,9,87,6041,7338
TCGACGAAGCAGCTCA-1,1,9,89,6043,7155
GTTCCGAGTATGATCG-1,1,9,91,6044,6973
TACCATTGGTCTCCAA-1,1,9,93,6045,6790
TCAGTGTAGGACGTCG-1,1,9,95,6047,6607
GGAATGTCTTGTGCAC-1,1,9,97,6048,6425
GGTCCGGACGAGTGAA-1,1,9,99,6050,6242
TACAAGTGGTCTGAGG-1,1,9,101,6051,6060
GAAGTCCAATCGTGTT-1,1,9,103,6052,5877
AGTGTAGCTCTTATCT-1,1,9,105,6054,5694
ATCGTCTATGATGCCG-1,1,9,107,6055,5512
TCATGGTTCCGAACTT-1,1,9,109,6057,5329
ATTAGAACAGTGGTAG-1,1,9,111,6058,5146
AGGTCGAGGTCTAGGC-1,1,9,113,6059,4964
TACAAGTCCACGGTGA-1,1,9,115,6061,4781
CGTAATGTTATCGCCG-1,1,9,117,6062,4599
ACAGGAGTCATAATGT-1,1,9,119,6064,4416
ATGTCGCATGCCATAC-1,1,9,121,6065,4233
ACTACCAACTGTGGCT-1,1,9,123,6067,4051
TAGTTCGAAGACATGC-1,1,9,125,6068,3868
GGACCGGCTAAGTAGA-1,1,9,127,6069,3685
CTAGACCTATCGTGCC-1,1,10,0,6139,15283
AACCTACCTACCGGTT-1,1,10,2,6140,15100
CTATCCGTACGTTGGC-1,1,10,4,6142,14918
CTTCTGAGGTCGCATA-1,1,10,6,6143,14735
AGCGTGCCTGTATGCC-1,1,10,8,6145,14552
CACTGGTGGCGTCGTT-1,1,10,10,6146,14370
ACTGTAGAGTGCCGGC-1,1,10,12,6147,14187
GCCGGCGTAGGTGACG-1,1,10,14,6149,14005
TCAAGGTACACGAAGA-1,1,10,16,6150,13822
ATGCTGCCTACTGCAT-1,1,10,18,6152,13639
AAGCAAGAGCGTGATC-1,1,10,20,6153,13457
TATGACTCAATGATCG-1,1,10,22,6154,13274
TAACCGTACCATCCTG-1,1,10,24,6156,13092
GAGTGCGTACTGTAAC-1,1,10,26,6157,12909
TAGTGCACATAGTCTG-1,1,10,28,6159,12726
CCTAATCAGGCCATTA-1,1,10,30,6160,12544
TATGGAGTTCTACGGC-1,1,10,32,6161,12361
TACATTGAATACGATC-1,1,10,34,6163,12178
CGGCACTCTAGCGGAA-1,1,10,36,6164,11996
GACATCCTTCATTATC-1,1,10,38,6166,11813
TGACCAGGCTCATGCA-1,1,10,40,6167,11631
AAGGACCAACATGGCT-1,1,10,42,6168,11448
CGTGTTGGACGTCTGG-1,1,10,44,6170,11265
TATCCGATCTTGGCGG-1,1,10,46,6171,11083
TGCCGAATCAAGCGTC-1,1,10,48,6173,10900
ATTGACGCCACCTTCT-1,1,10,50,6174,10717
AATGGTCGATACTCGG-1,1,10,52,6175,10535
GAGGTGCGGCTGACCA-1,1,10,54,6177,10352
GATGCCGACAGATATT-1,1,10,56,6178,10170
CTTCATGCCTAGACGG-1,1,10,58,6180,9987
ATAGTTCATCGGATCT-1,1,10,60,6181,9804
ACTATTGCGAGCTAGA-1,1,10,62,6182,9622
TCGCGGTAGTATGATC-1,1,10,64,6184,9439
TCAGTCGAAGTATCTA-1,1,10,66,6185,9257
GGTTGCGATTGAACAG-1,1,10,68,6187,9074
GCCGATCTCGTGACTC-1,1,10,70,6188,8891
CAATCCGAGGTGCTAG-1,1,10,72,6190,8709
GCAAGCTTATTGACGT-1,1,10,74,6191,8526
ACGAACATAGGATCGG-1,1,10,76,6192,8343
GTCTAAGCGGCACGCC-1,1,10,78,6194,8161
CTGCCTGTGAGCCAGG-1,1,10,80,6195,7978
TACAAGTCGAATGCAA-1,1,10,82,6197,7796
GTCAGGACAAGCCATG-1,1,10,84,6198,7613
AACTTGGTTAATACTA-1,1,10,86,6199,7430
GAAGCGTATCATCGTT-1,1,10,88,6201,7248
GTTGCTAGATCGTTGA-1,1,10,90,6202,7065
CAATTACAGGTGTCAT-1,1,10,92,6204,6883
GTCAACATAAGATAGA-1,1,10,94,6205,6700
GGTTAGATGCCGTTGC-1,1,10,96,6206,6517
CGCCGATTGTCCTTCG-1,1,10,98,6208,6335
TGCAGTTGTCGGAGCG-1,1,10,100,6209,6152
ACAGTCACAATATTAG-1,1,10,102,6211,5969
ACCTGCCAGAGGATCT-1,1,10,104,6212,5787
CCGTGCACTACCAGAA-1,1,10,106,6213,5604
TCTACATTCGATCGCC-1,1,10,108,6215,5422
CCGCGTTGCTACAACT-1,1,10,110,6216,5239
TGCCAGACGAGTTAGG-1,1,10,112,6218,5056
GTGCTCGACGTGAACT-1,1,10,114,6219,4874
ATAGAATTCTACTTGA-1,1,10,116,6220,4691
GTTCTGGACACGCAAC-1,1,10,118,6222,4508
AGTGTAAGCCGAACAA-1,1,10,120,6223,4326
TGACCTCACTCCTTAT-1,1,10,122,6225,4143
CTTCAAGACGCAAGTG-1,1,10,124,6226,3961
CACCTCGAAGCGCTAG-1,1,10,126,6228,3778
TCCACGCTGAGTACTT-1,1,11,1,6298,15193
GCCGATACGGTATCAG-1,1,11,3,6300,15010
GGAGATGTGCCATAAC-1,1,11,5,6301,14828
TCCATGTCGGACCGAC-1,1,11,7,6303,14645
TGAATGGTGCTTCGAT-1,1,11,9,6304,14462
CGACTAATCGGCTCCT-1,1,11,11,6305,14280
GAACTATCGTCTCGTC-1,1,11,13,6307,14097
ATTCCTTCGAAGGTGC-1,1,11,15,6308,13915
TGAGTTGTCCTCGCTT-1,1,11,17,6310,13732
GTCAGCTGGTGAGGCG-1,1,11,19,6311,13549
CGTGTAGTATTCTTGG-1,1,11,21,6313,13367
GTTCCGTACCTCCACT-1,1,11,23,6314,13184
TGCTTAGCCTGTTGGT-1,1,11,25,6315,13001
CTGGTGCACCATACCA-1,1,11,27,6317,12819
ACTCGATAAGACCAGG-1,1,11,29,6318,12636
TCTGGACGCTAAGACA-1,1,11,31,6320,12454
ATACGGCACGTTACGA-1,1,11,33,6321,12271
AGTACATATGTAGGAA-1,1,11,35,6322,12088
GGATCGAGTGTCCACT-1,1,11,37,6324,11906
GTAACATCTTATAATG-1,1,11,39,6325,11723
TAGCCGCAATACCTGC-1,1,11,41,6327,11540
AATTAGCAACCGTTCC-1,1,11,43,6328,11358
CGACCAGAACTGTCAT-1,1,11,45,6329,11175
CGAGGCATCCAAGTCC-1,1,11,47,6331,10993
AGCACGATACCTAAGC-1,1,11,49,6332,10810
GAGTTGGTATTAATAG-1,1,11,51,6334,10627
ATGTGCTTGTGCTACC-1,1,11,53,6335,10445
GTAATGATCACGTAAG-1,1,11,55,6336,10262
TGGTACCAGATTGTTA-1,1,11,57,6338,10080
TAGGCATCGGAGCCTC-1,1,11,59,6339,9897
CAGCGATAATGCGATT-1,1,11,61,6341,9714
CTACGAATCAGCCTGG-1,1,11,63,6342,9532
GTAACCTAGCGTCACG-1,1,11,65,6343,9349
GACCAATTGCGTCAGA-1,1,11,67,6345,9166
TCCTATCCTGTCAATA-1,1,11,69,6346,8984
GTGAATTAGACATTGC-1,1,11,71,6348,8801
GTGGCGACCTAATATT-1,1,11,73,6349,8619
CAGTAATATCACTACG-1,1,11,75,6351,8436
AGCGGTTAATCGAAGT-1,1,11,77,6352,8253
AGACTCGACTCCTAAT-1,1,11,79,6353,8071
ATCGTACAACTGGCTA-1,1,11,81,6355,7888
CGGCTTCTACGATATG-1,1,11,83,6356,7706
TAGTTCGTTGCTAATT-1,1,11,85,6358,7523
CGTCGGATCGCAGAAC-1,1,11,87,6359,7340
AGCACTGCATCCTAGC-1,1,11,89,6360,7158
ACGTTAGGCTCAAGCC-1,1,11,91,6362,6975
CGTGAATGGTCCTGCG-1,1,11,93,6363,6792
ATTACTCAGTTAACGA-1,1,11,95,6365,6610
GAGCTTGATGGAAGCT-1,1,11,97,6366,6427
CGTAGTCCGAGCATGA-1,1,11,99,6367,6245
ATAACGGCAAGACTCC-1,1,11,101,6369,6062
TGAGCACCTCGACGTT-1,1,11,103,6370,5879
ACAATACAATCCTTAA-1,1,11,105,6372,5697
CGACTTGCACGCCTGC-1,1,11,107,6373,5514
TAACTTAACCTCGGTG-1,1,11,109,6374,5331
CAACAGCCAGACCTTC-1,1,11,111,6376,5149
GGACGTAGCCGCGTAA-1,1,11,113,6377,4966
TGAACCAATGTTGAGC-1,1,11,115,6379,4784
GTGACAGCCTAGCCTC-1,1,11,117,6380,4601
CTACTGAGTGACGGAC-1,1,11,119,6381,4418
CGATGATATTAGGCCG-1,1,11,121,6383,4236
TGAATACAGACTGCTC-1,1,11,123,6384,4053
AGCAGGATAGGTCTCC-1,1,11,125,6386,3871
GTCTGAAGGCCTTAAT-1,1,11,127,6387,3688
AACGCATGCCTCAATA-1,1,12,0,6457,15285
GAGGTTAGATCGAAGA-1,1,12,2,6458,15103
TGGCTCACTCAATCAC-1,1,12,4,6459,14920
CAGAAGATTAGAATGG-1,1,12,6,6461,14738
ATTCGTGCCGACATGT-1,1,12,8,6462,14555
AACAGTCCACGCGGTG-1,1,12,10,6464,14372
CAATCGTGAAGTGATA-1,1,12,12,6465,14190
CCTGAAGCAATGCACG-1,1,12,14,6466,14007
AGACTCCTTATCATAC-1,1,12,16,6468,13824
ACTACAATGACCGTAA-1,1,12,18,6469,13642
TCATTGATAGGTGGAA-1,1,12,20,6471,13459
ATGATTGATTCCGAAT-1,1,12,22,6472,13277
TAATCGCAATGTAATA-1,1,12,24,6474,13094
GGCCATGCTCCTCGTG-1,1,12,26,6475,12911
CACCTCGAGGACTCTA-1,1,12,28,6476,12729
TAGCGTTATGACCTCC-1,1,12,30,6478,12546
CCTGTCTTACAATCCT-1,1,12,32,6479,12363
GCCTGGACCTATTGTC-1,1,12,34,6481,12181
CCTTAGATCTGTAATA-1,1,12,36,6482,11998
GTAGTCCATTGTTCGT-1,1,12,38,6483,11816
CCACTAATCACCGGTA-1,1,12,40,6485,11633
AACTGCGGTCCGAAGC-1,1,12,42,6486,11450
CTGATTACAATGTCCA-1,1,12,44,6488,11268
TAGGTCTGCCTCTGTA-1,1,12,46,6489,11085
TCTTACGAGGCCGACA-1,1,12,48,6490,10903
CTAGCCGAAGATGGAC-1,1,12,50,6492,10720
GACAATGACAAGCTTA-1,1,12,52,6493,10537
CTTAGTGGCTAAGACG-1,1,12,54,6495,10355
CGGAGGCTAGTCGGCA-1,1,12,56,6496,10172
GCAGCGATCTAACGAA-1,1,12,58,6497,9989
AACTGCGAACCTTACC-1,1,12,60,6499,9807
TGTCTAAGCAGACGTA-1,1,12,62,6500,9624
TATGCTCCTGGTTAGT-1,1,12,64,6502,9442
TAGCTACCTGTAGGAT-1,1,12,66,6503,9259
GTCTTCGATAGGTGTT-1,1,12,68,6504,9076
GTCAGCCATTGTGCGG-1,1,12,70,6506,8894
GCCATTCTCGTGTAGA-1,1,12,72,6507,8711
CCTAATAGCGGACAGA-1,1,12,74,6509,8529
GTGCGTTCACGGATAA-1,1,12,76,6510,8346
AGTTAGAAGGACGAAT-1,1,12,78,6512,8163
TCGTATCAACAGCACC-1,1,12,80,6513,7981
CTACTTATGAACATAA-1,1,12,82,6514,7798
TACGTTACTGGTAGCG-1,1,12,84,6516,7615
GCCTGGAACGTCTGCT-1,1,12,86,6517,7433
TCGCACGATTCGGTGG-1,1,12,88,6519,7250
AGCTGTACGCTGACTC-1,1,12,90,6520,7068
GCAACATCAGTCAAGT-1,1,12,92,6521,6885
ATTCACATCGTCACAG-1,1,12,94,6523,6702
TATGTTAGGCCGAACC-1,1,12,96,6524,6520
TAGATGAGGACGCTTA-1,1,12,98,6526,6337
TAGCGTCTCAAGGTGG-1,1,12,100,6527,6154
CCTCGCCAACTACAAG-1,1,12,102,6528,5972
CGCCGGATCATTAGAC-1,1,12,104,6530,5789
ATAACTGAACTCCTGG-1,1,12,106,6531,5607
TGTCTGGCTTGTCTGT-1,1,12,108,6533,5424
CTAAGAATTGATTCAC-1,1,12,110,6534,5241
GATCCATAGGATGTAA-1,1,12,112,6535,5059
AGACCGCCAAGTTCAA-1,1,12,114,6537,4876
ACTGCATCTTGTTCCA-1,1,12,116,6538,4694
ATCAACATAAGCGTAG-1,1,12,118,6540,4511
ATTGCAAGGCAATGGA-1,1,12,120,6541,4328
CGAGAACGACAAGACC-1,1,12,122,6542,4146
TACGTGTTGCCACTGA-1,1,12,124,6544,3963
GCATGCGTCCTATTAA-1,1,12,126,6545,3780
CTACCTGTGCGATGTA-1,1,13,1,6616,15195
GGTAGCCAAGGTACTT-1,1,13,3,6618,15013
GGTAGTTGAAGTCCAT-1,1,13,5,6619,14830
TGCGAACATATCGGCT-1,1,13,7,6620,14647
TGCGATGTGCCTTGGC-1,1,13,9,6622,14465
CTTCCACGCCTTCCTG-1,1,13,11,6623,14282
AATACGCATATCCAGA-1,1,13,13,6625,14100
TCCGTTGGAGCTCACT-1,1,13,15,6626,13917
CCAGTGTCACAGCGCC-1,1,13,17,6627,13734
TACTCCTGAAGGATTA-1,1,13,19,6629,13552
ATTATCTTATTGAGAC-1,1,13,21,6630,13369
AGTGTCTGAACTGTGG-1,1,13,23,6632,13186
AAGATTAGGCTGTCTA-1,1,13,25,6633,13004
ACAATACACTTCCATC-1,1,13,27,6635,12821
GTTCTACTATCATATT-1,1,13,29,6636,12639
CGGCCTGTCTGTCTGT-1,1,13,31,6637,12456
GTCTAGCATGGTACGT-1,1,13,33,6639,12273
TGTCCTCAACGTTCTA-1,1,13,35,6640,12091
ACTGTAGCAGCTTCTG-1,1,13,37,6642,11908
TAGACAGTTCAGATTA-1,1,13,39,6643,11726
CAGATACAGCACTCGT-1,1,13,41,6644,11543
ATCATTCCAACTTCGC-1,1,13,43,6646,11360
GTGACATATGCTAGAT-1,1,13,45,6647,11178
CAGCTTCACTACCGTG-1,1,13,47,6649,10995
GACTAGATTAGCTAAC-1,1,13,49,6650,10812
CTTCTGAGCCAGGAAC-1,1,13,51,6651,10630
TGTTGGATGGACTTCT-1,1,13,53,6653,10447
GTAGCGCCTGAACTCA-1,1,13,55,6654,10265
GGTTACAGCCGGCCGG-1,1,13,57,6656,10082
ACGAAGCTCATCCTCG-1,1,13,59,6657,9899
CCGCTCAATCTGGAAC-1,1,13,61,6658,9717
TAGACCGAAGCAGAGC-1,1,13,63,6660,9534
TCGGAATCAGCCTAAC-1,1,13,65,6661,9352
GATCGTAACATTAATA-1,1,13,67,6663,9169
AATTAGCTTAGGTGTA-1,1,13,69,6664,8986
CGTAGCCTTGAGCAAG-1,1,13,71,6665,8804
CATGCATATTCTGCCT-1,1,13,73,6667,8621
TCCTTCCAACCGCAAC-1,1,13,75,6668,8438
CTTCGATGGACGTACC-1,1,13,77,6670,8256
GCAGCCGGATGCCGCA-1,1,13,79,6671,8073
ATACATCACTGTCCGG-1,1,13,81,6672,7891
ACTGTATTCTAGTCCA-1,1,13,83,6674,7708
GCGTTCGAGGCCACAA-1,1,13,85,6675,7525
TGCTTATGCGGTTCTG-1,1,13,87,6677,7343
GTACAGAACCGATTAT-1,1,13,89,6678,7160
ATTCATAGTTCTAACT-1,1,13,91,6680,6977
CTTGGACTTGTCTGTC-1,1,13,93,6681,6795
GACAAGCCTCGTTAGT-1,1,13,95,6682,6612
CTAATTACGCAATGGA-1,1,13,97,6684,6430
ACAGGTACCAAGGAAG-1,1,13,99,6685,6247
CTATGCAACAGAGTCG-1,1,13,101,6687,6064
CTTGTAAGCGCTTCAT-1,1,13,103,6688,5882
TCCTGGTGCGAGGCCT-1,1,13,105,6689,5699
CCGGATCAGCCGACTA-1,1,13,107,6691,5517
CGTAACAGGTCTTGAA-1,1,13,109,6692,5334
ATGAGTTACAGATAGA-1,1,13,111,6694,5151
GTATAACTTGTTGCGA-1,1,13,113,6695,4969
TGGTGCCTTCCGCTAA-1,1,13,115,6696,4786
AACGACCATTCGAATC-1,1,13,117,6698,4603
AGATACATCTACGCAC-1,1,13,119,6699,4421
ACCGCTTGCTAAGCAG-1,1,13,121,6701,4238
ATAAGGTTAGCTCACG-1,1,13,123,6702,4056
TAGGACCAATTGCCAA-1,1,13,125,6703,3873
GTTATTGTCTATTCAT-1,1,13,127,6705,3690
CTTAGTCTTCGATGTC-1,1,14,0,6774,15288
CTCAACATCCAGATTG-1,1,14,2,6776,15105
TCGCGGAGTTAGACTT-1,1,14,4,6777,14923
CGTGAGGCCTACAAGT-1,1,14,6,6779,14740
CTATGTGCCTTCAGGT-1,1,14,8,6780,14557
CTTGAACCGAGTTAAT-1,1,14,10,6781,14375
TGCAGAAGCAGTAGGC-1,1,14,12,6783,14192
GACATCCTCAACCTCG-1,1,14,14,6784,14009
GCTTCTTGAATCGGTT-1,1,14,16,6786,13827
TAGTTACATAGAAGAT-1,1,14,18,6787,13644
CTATCGGCTTAACTAG-1,1,14,20,6788,13462
TGGACTGACGTACCAC-1,1,14,22,6790,13279
AACGGCACAGAATATT-1,1,14,24,6791,13096
TAGAGCAGACAGTCCA-1,1,14,26,6793,12914
CCTCACAATACAACTG-1,1,14,28,6794,12731
CCTTCACCGACGGACA-1,1,14,30,6795,12549
TCAACAGGACAGCAAC-1,1,14,32,6797,12366
GCCGTACCAGATCTAG-1,1,14,34,6798,12183
ACTAATAGTCAACATA-1,1,14,36,6800,12001
GAATGTGCCTAGCAGA-1,1,14,38,6801,11818
CTATTCTGCAACGCAC-1,1,14,40,6803,11635
TAGTGACCGTCGATTA-1,1,14,42,6804,11453
AAGGTTGCTGAGTTGA-1,1,14,44,6805,11270
GATGCCAGACATAATG-1,1,14,46,6807,11088
GGTACGCTTACCTGCG-1,1,14,48,6808,10905
ACGCAATAGTATACGA-1,1,14,50,6810,10722
AACTATCTAGCAGTAT-1,1,14,52,6811,10540
GGACGTAGTGTAGAAG-1,1,14,54,6812,10357
GTACCTTCATGTGCAA-1,1,14,56,6814,10175
CAGTCTGTGGCGCTGC-1,1,14,58,6815,9992
TAAGCCACAATTGCCT-1,1,14,60,6817,9809
CTAGCGCCTAGCTTAA-1,1,14,62,6818,9627
CACTACAATATTGCGG-1,1,14,64,6819,9444
ACCGTAGGCGGAGGTT-1,1,14,66,6821,9261
TCAAGGCCATAGCCTG-1,1,14,68,6822,9079
CCACGTGGACTGCGGT-1,1,14,70,6824,8896
TCCTATCCTCGAATCA-1,1,14,72,6825,8714
GGAAGAATAACTAACC-1,1,14,74,6826,8531
TGCACGAGTAGAGTTA-1,1,14,76,6828,8348
CCGGCATAGGCAAGTG-1,1,14,78,6829,8166
CAGCATCCTCGCCACT-1,1,14,80,6831,7983
AACCTGACAGTGCCGC-1,1,14,82,6832,7800
GTGAAGCCACAACCGG-1,1,14,84,6833,7618
ATTGACGAGCAGCGAC-1,1,14,86,6835,7435
CAGCCTGGTTGAACTA-1,1,14,88,6836,7253
CCACTCCAGCACCTAC-1,1,14,90,6838,7070
CGACTTCGCAAGCGGT-1,1,14,92,6839,6887
TAAGATTGGCGGTCGT-1,1,14,94,6841,6705
ATCGTCCTAGTACGAA-1,1,14,96,6842,6522
CGCCTTAGCGGCCTCC-1,1,14,98,6843,6340
CGGAACCGATTGAGTC-1,1,14,100,6845,6157
CCAGATAGCGTAGTGA-1,1,14,102,6846,5974
CGCCTAGAGCGTGGAG-1,1,14,104,6848,5792
GTGGCGACCTTGATTC-1,1,14,106,6849,5609
GGCTAATGTCTAGCGT-1,1,14,108,6850,5426
TAACGCGGCTATAGGT-1,1,14,110,6852,5244
TCGCCTGCTATCAGTC-1,1,14,112,6853,5061
CGTAGTTATTGGTAGT-1,1,14,114,6855,4879
GCGGTCCGCTGTCTCA-1,1,14,116,6856,4696
CAGCTTCTAGCTGGCA-1,1,14,118,6857,4513
GCTCATACCTCAGGCA-1,1,14,120,6859,4331
TAGATGGTTCCTGATG-1,1,14,122,6860,4148
GTTAATACGACACGCC-1,1,14,124,6862,3966
TGACTCGGTGTCATCG-1,1,14,126,6863,3783
CACTACCATACGCAGA-1,1,15,1,6934,15198
CTGTGCAGATGATAAT-1,1,15,3,6935,15015
ACAACGTGAATTCACG-1,1,15,5,6937,14832
GTAGAATCGCACATCG-1,1,15,7,6938,14650
TGTAGGCACGTACCTC-1,1,15,9,6940,14467
TGGTGCGAACGTGGCG-1,1,15,11,6941,14285
AACTTCACAATAACTG-1,1,15,13,6942,14102
TGAGCATAGTCTTATT-1,1,15,15,6944,13919
ATCGTATTGGAATCCT-1,1,15,17,6945,13737
GCAACAGCCTGCTCTA-1,1,15,19,6947,13554
ACTCGAACGTTCGTTA-1,1,15,21,6948,13372
GTCAACAGCATAGATT-1,1,15,23,6949,13189
CGGTTGATTGAGCGCC-1,1,15,25,6951,13006
GAGCGATACTCCAGGC-1,1,15,27,6952,12824
TAGGCTCCGGCATACA-1,1,15,29,6954,12641
TCTGCGTTAGATAGGT-1,1,15,31,6955,12458
GTAAGTATTGCTATCG-1,1,15,33,6956,12276
TATTCGTTAATGCTCC-1,1,15,35,6958,12093
CTTAGTCTGTGCATCC-1,1,15,37,6959,11911
GATTCCGCTATCGGCT-1,1,15,39,6961,11728
CGACAATCATACGCAC-1,1,15,41,6962,11545
ATTGGCCTTCCGTGCA-1,1,15,43,6964,11363
CCGGCGTCCTCATTGT-1,1,15,45,6965,11180
TAGACATGGTTAGGTC-1,1,15,47,6966,10998
GCTTGAGCTCTTGACA-1,1,15,49,6968,10815
CGTAACCTGACATCGA-1,1,15,51,6969,10632
CACTGGATCGATACGA-1,1,15,53,6971,10450
AAGGCATGAACAGCTC-1,1,15,55,6972,10267
AATACGGTACGGCCTA-1,1,15,57,6973,10084
AAGTGGTTCCTCGCGT-1,1,15,59,6975,9902
TGACGCTCACCAAGCC-1,1,15,61,6976,9719
GCAAGCACTACCGCCA-1,1,15,63,6978,9537
TACAAGTGTCTGTCCG-1,1,15,65,6979,9354
TCAGTTCAGAATCTCG-1,1,15,67,6980,9171
CAATAATCGTAGGATA-1,1,15,69,6982,8989
CGTACAGGCCGCACTG-1,1,15,71,6983,8806
GGCACGACGGACGTCG-1,1,15,73,6985,8623
TCTACACTGAGCTTCT-1,1,15,75,6986,8441
TCTAACTCTATGTTCT-1,1,15,77,6987,8258
ACCATAACTCCTCGTA-1,1,15,79,6989,8076
GGACTCACGGTCCAAT-1,1,15,81,6990,7893
ATGAGCTACATGGAAG-1,1,15,83,6992,7710
CGAGCGTGGACTGGAA-1,1,15,85,6993,7528
TGCTATGGTTGCGACA-1,1,15,87,6994,7345
AGCCAGATACTCGAAC-1,1,15,89,6996,7163
TCAACAGGCCATGCCG-1,1,15,91,6997,6980
GCGTCCTCTGCCGTTG-1,1,15,93,6999,6797
CCGCAGTGATCACTGT-1,1,15,95,7000,6615
AGCGACCGTTCTATAC-1,1,15,97,7001,6432
GTTAGGCCTGAACATC-1,1,15,99,7003,6249
AGACGCTTGGCCTCAC-1,1,15,101,7004,6067
ATGAATGTATCGTGGT-1,1,15,103,7006,5884
CCGACAAGTATTCATC-1,1,15,105,7007,5702
CTATGCCTATTGATCT-1,1,15,107,7009,5519
TCTATTGGCTTCGATC-1,1,15,109,7010,5336
CTCGACATAATTCTAT-1,1,15,111,7011,5154
CTCCGTAAGGTCTGTT-1,1,15,113,7013,4971
TCAGCTCGATGACTTC-1,1,15,115,7014,4789
TCTTACCATTCTAAGC-1,1,15,117,7016,4606
TGACGGCAGCCAGACC-1,1,15,119,7017,4423
CTACGCCTCCGCGTAT-1,1,15,121,7018,4241
TGTTCACTCACGGTAA-1,1,15,123,7020,4058
TGCTGTTCTGTAGACC-1,1,15,125,7021,3875
TAACGCCGAGTACACG-1,1,15,127,7023,3693
GACAAGGTGGTCCGGC-1,1,16,0,7092,15290
TGGCTGGACCTTAGGA-1,1,16,2,7094,15108
CTATGCCACGAGGCTG-1,1,16,4,7095,14925
CAAGTCGCAGTCACTC-1,1,16,6,7096,14742
AACATCTTAAGGCTCA-1,1,16,8,7098,14560
CAAGCCTCCACTATCT-1,1,16,10,7099,14377
ATCTACGACAGCTCTT-1,1,16,12,7101,14195
TCATCTCCAGCCGGTG-1,1,16,14,7102,14012
ACGCGTTCCAGCCTTC-1,1,16,16,7103,13829
CAAGATTAGATGAGTT-1,1,16,18,7105,13647
TCATGAGGCTTGACGC-1,1,16,20,7106,13464
TGGCATCGATCAATTG-1,1,16,22,7108,13281
GTCTATGGTGAAGAGC-1,1,16,24,7109,13099
TGGAAGCCATAACAGT-1,1,16,26,7110,12916
GGTGCACTCCGGTTCG-1,1,16,28,7112,12734
CGCCACAATAGCTCAA-1,1,16,30,7113,12551
AGAATTCTGTTGACAA-1,1,16,32,7115,12368
GACATTATCTTAATCT-1,1,16,34,7116,12186
GTGGTTGACAAGGAGC-1,1,16,36,7117,12003
TGAGATGCTCTAATGA-1,1,16,38,7119,11821
CTAGGACGCAAGCATT-1,1,16,40,7120,11638
CGCTAGACTTCATCAC-1,1,16,42,7122,11455
CAAGTACTCCGCATCG-1,1,16,44,7123,11273
CAAGTGTTGACGGCCA-1,1,16,46,7125,11090
CTACGCTACATCTGTT-1,1,16,48,7126,10907
AGCAGGTAAGTATCTG-1,1,16,50,7127,10725
CATGCAGAAGTCAGGA-1,1,16,52,7129,10542
GTACTACCGTTAGGTG-1,1,16,54,7130,10360
ATTCCATTGTGAACGC-1,1,16,56,7132,10177
CTATCGAGATGCCTAC-1,1,16,58,7133,9994
ACGGCTTAACGATAGT-1,1,16,60,7134,9812
ATCTACAGGAGTGCAC-1,1,16,62,7136,9629
TCCAACTGGCTGAAGA-1,1,16,64,7137,9447
AAGCGTTCGTCTGTCC-1,1,16,66,7139,9264
TCGTCAAGCCTAATCT-1,1,16,68,7140,9081
GGAGTCTAAGGCCGCT-1,1,16,70,7141,8899
GTATGCTTGCGACTAA-1,1,16,72,7143,8716
ACGGCTTACGTATGCC-1,1,16,74,7144,8533
GGCAATGCGAACTTAA-1,1,16,76,7146,8351
CTTAGTGCGTTGACGC-1,1,16,78,7147,8168
CACCAGGCACGCTATC-1,1,16,80,7148,7986
ATCCGAGTACAGGAAT-1,1,16,82,7150,7803
CGTAACATAAGTCATC-1,1,16,84,7151,7620
TCCTGACACTTCACGG-1,1,16,86,7153,7438
CGCTATGGTTGGTTAA-1,1,16,88,7154,7255
AAGTGGACGAATCTAC-1,1,16,90,7155,7072
AGGCCTGTCTAGTGGC-1,1,16,92,7157,6890
TCGGCGCTATCACGTG-1,1,16,94,7158,6707
CTTGGAGGCCACCTGC-1,1,16,96,7160,6525
GGATCGGACGTCTTGT-1,1,16,98,7161,6342
CCTGGATCTAGAGCCA-1,1,16,100,7162,6159
TCGATCGTGAGGCGCC-1,1,16,102,7164,5977
GACGCTCACCAACCGG-1,1,16,104,7165,5794
CCTTAATTGGAATATT-1,1,16,106,7167,5612
TAGCCGCTGTGGCTGG-1,1,16,108,7168,5429
GCACAGCAGTCTGTAA-1,1,16,110,7170,5246
ATGAGTCCTGAAGTGG-1,1,16,112,7171,5064
ATCAAGTGGTGATGGC-1,1,16,114,7172,4881
GCTTACAGATGTGCAC-1,1,16,116,7174,4698
CGTGAGGCTCTTGTGC-1,1,16,118,7175,4516
GATGCAACTCGCGTTG-1,1,16,120,7177,4333
TATGACGCCTTCCGTG-1,1,16,122,7178,4151
CTCCAATGGTCGCAGA-1,1,16,124,7179,3968
GATCACGTGATAGTTC-1,1,16,126,7181,3785
TGTCAGATAAGGTGAC-1,1,17,1,7252,15200
TACGACCGAGCGCAAC-1,1,17,3,7253,15018
ACTTGAATTAGCCGGT-1,1,17,5,7255,14835
TATTCGTTAACAGGCA-1,1,17,7,7256,14652
AATCTGCGAGACGTTC-1,1,17,9,7257,14470
GTACGAATTACATAAT-1,1,17,11,7259,14287
TCTTGCAGACTGCGAG-1,1,17,13,7260,14104
AGCGTTACAGTCCTGG-1,1,17,15,7262,13922
AGCTTGGATGCAAGCC-1,1,17,17,7263,13739
GAAGCGATTGCCGAAT-1,1,17,19,7264,13557
CAGCTGGCGATAAGTG-1,1,17,21,7266,13374
TCCGAATACTCGCTGG-1,1,17,23,7267,13191
TGCACCGGTCACCTCC-1,1,17,25,7269,13009
GTATTACGGCCATTAT-1,1,17,27,7270,12826
CACTGGCGGTAACACC-1,1,17,29,7271,12644
GACCGTATTAGACCGG-1,1,17,31,7273,12461
GTCTAGGACAGGATAA-1,1,17,33,7274,12278
TAATGATCCGGTTATT-1,1,17,35,7276,12096
CAACCGTACTGATCTT-1,1,17,37,7277,11913
CTTCATTGGATACCAC-1,1,17,39,7278,11730
TGACCAACAGATAGGT-1,1,17,41,7280,11548
AATTGGAGACATGGAG-1,1,17,43,7281,11365
TCCAATTAGCAATCAA-1,1,17,45,7283,11183
GTACTTCTGATCCTCG-1,1,17,47,7284,11000
TACGGAACAGACGCGG-1,1,17,49,7285,10817
GGCCAAGATGGATGGC-1,1,17,51,7287,10635
CGCACTAACTACCGGT-1,1,17,53,7288,10452
AATTCTCAGACGCAAC-1,1,17,55,7290,10270
GCCGATCGAGTGAAGT-1,1,17,57,7291,10087
CTCACCTTCTGAAGTA-1,1,17,59,7293,9904
CTGGCGCACTTACTGA-1,1,17,61,7294,9722
TCTTACGAATCAGTGC-1,1,17,63,7295,9539
CGCACGGCTGTCAGGT-1,1,17,65,7297,9356
AGCACGGAGGCAGTCA-1,1,17,67,7298,9174
CTGGTTGGACATCACC-1,1,17,69,7300,8991
TCATGATTCTGATACT-1,1,17,71,7301,8809
ATGTGAATCCATACGA-1,1,17,73,7302,8626
GGACGGTGCAGTAGGA-1,1,17,75,7304,8443
ACCAAGCACTTGCGCA-1,1,17,77,7305,8261
GAGTTAATCTCGTTAT-1,1,17,79,7307,8078
TACACTTCGAGGTGAC-1,1,17,81,7308,7895
ATCCACATGTTGGACC-1,1,17,83,7309,7713
TACGCCTTGCCGTGTT-1,1,17,85,7311,7530
CTGTTGCTACTCACAG-1,1,17,87,7312,7348
CCTCACGTTACTCGCA-1,1,17,89,7314,7165
AGCGTGTATGTACGGT-1,1,17,91,7315,6982
TGCGGATCATCCTAGA-1,1,17,93,7316,6800
TCGCCTGGTGGATTCT-1,1,17,95,7318,6617
ACGTTCCATTACCTCA-1,1,17,97,7319,6435
ACCGCAGGTCGAGTTG-1,1,17,99,7321,6252
ATCCGGTACCGTCCTT-1,1,17,101,7322,6069
GTTGCTCCTGAGATTC-1,1,17,103,7323,5887
AAGGCGCCTAACATAG-1,1,17,105,7325,5704
ATGGAACGATAGTGAT-1,1,17,107,7326,5521
ACAATATCATCCGGTA-1,1,17,109,7328,5339
GACTCGGCTTGCGGAT-1,1,17,111,7329,5156
CCGCTGGCACCAAGAC-1,1,17,113,7331,4974
AGATAAGTGCTACGAC-1,1,17,115,7332,4791
GTTGCTGACTCATTCG-1,1,17,117,7333,4608
GGCGCAGGTCGCGTCT-1,1,17,119,7335,4426
GCTTCGCTAAGCGACC-1,1,17,121,7336,4243
ATAGTCGAAGGAAGCT-1,1,17,123,7338,4061
ATACTATGCCAGTGAG-1,1,17,125,7339,3878
ATAGATCGGCATCCGA-1,1,17,127,7340,3695
ACTACGTCTAATGGCC-1,1,18,0,7410,15293
CAGTATACTGCAGCAA-1,1,18,2,7411,15110
TAGACACCGGCGTCAA-1,1,18,4,7413,14927
GGAACGATAACATTAT-1,1,18,6,7414,14745
ATTGCACGCATAACAG-1,1,18,8,7416,14562
CTGCCGCTTCGGCTGC-1,1,18,10,7417,14380
AACGTCGCGACAAGGT-1,1,18,12,7418,14197
ACTGACTCTGCTGGCC-1,1,18,14,7420,14014
GGTTACGGACGATTAA-1,1,18,16,7421,13832
TGATTCAAGATCGAGC-1,1,18,18,7423,13649
ATTAGCAGGATGTATT-1,1,18,20,7424,13467
AGTCGGTTGGTTGGCG-1,1,18,22,7425,13284
GTATTACGAGTCAATC-1,1,18,24,7427,13101
GTCGTAGACTGACAAG-1,1,18,26,7428,12919
GTCTGTGGATCTGACG-1,1,18,28,7430,12736
TGTCGAGTGCGTTAGC-1,1,18,30,7431,12553
TAGTGAGGTATCGACC-1,1,18,32,7432,12371
GGCCAGTAGGTATGAG-1,1,18,34,7434,12188
TGGCATGCGTTCACGC-1,1,18,36,7435,12006
TGGTACTGGTATCTTG-1,1,18,38,7437,11823
AAGAGCAGATGTGCCA-1,1,18,40,7438,11640
TAACGCTCATACGGCA-1,1,18,42,7439,11458
ATAGAACGTTCGATCT-1,1,18,44,7441,11275
ATGCATCCTGACTCAC-1,1,18,46,7442,11093
TCGCACTCTTGGACAG-1,1,18,48,7444,10910
CACCGAGTCTTGGACA-1,1,18,50,7445,10727
ACGCAACGAAGAGTAT-1,1,18,52,7446,10545
CGAGCTATGTCCTCGC-1,1,18,54,7448,10362
AATAACTCTACGATGT-1,1,18,56,7449,10179
ACATCGCCACAAGAGG-1,1,18,58,7451,9997
TGACTTGCACTCACGG-1,1,18,60,7452,9814
ACGGTTACATCCGAAG-1,1,18,62,7454,9632
TGACCAAGCTGCACAT-1,1,18,64,7455,9449
ATTCAGCTCCTACTAA-1,1,18,66,7456,9266
CGGCATTATCGCGTGG-1,1,18,68,7458,9084
AAGCAGTGTAGAATCT-1,1,18,70,7459,8901
AAGTCTACCGGTTGGA-1,1,18,72,7461,8718
GGAGTGTCCATGTATT-1,1,18,74,7462,8536
TGTCTGTAAGCGAACT-1,1,18,76,7463,8353
GTGACTTCCTCACGAC-1,1,18,78,7465,8171
TACTATGTTGAATCTT-1,1,18,80,7466,7988
GTTAGGTACTAACTGG-1,1,18,82,7468,7805
GCCTGTGACACCAGAA-1,1,18,84,7469,7623
ACATAAGCAATGCGGT-1,1,18,86,7470,7440
CTGTTCTGCTCAGGAC-1,1,18,88,7472,7258
CAATAAGCGGCCAGAT-1,1,18,90,7473,7075
CGCTTGGCTTGGATCT-1,1,18,92,7475,6892
CGCCTCGGAACTGTGC-1,1,18,94,7476,6710
GGTGCAGTGGTCTTAT-1,1,18,96,7477,6527
ACTATGAGGTTCTGTC-1,1,18,98,7479,6344
TGCGAGCCAGACGAAT-1,1,18,100,7480,6162
CTTACGCAACTCAACG-1,1,18,102,7482,5979
AGACTCTATTAGCGCT-1,1,18,104,7483,5797
CGGAGTAAGGTGCGGT-1,1,18,106,7484,5614
ATAATCCGTTCCGTTC-1,1,18,108,7486,5431
GTGCAGAAGGTGCGAG-1,1,18,110,7487,5249
TACACTGAATAGCAGA-1,1,18,112,7489,5066
CTTGGATCAACCGTAT-1,1,18,114,7490,4884
GTTGTCGTGGCATTAC-1,1,18,116,7491,4701
TCTAGGCTTAAGACTG-1,1,18,118,7493,4518
TAACGCTAGTACGCAG-1,1,18,120,7494,4336
GCTAGTCGATAGGTGC-1,1,18,122,7496,4153
AACATGACTTGGCTGC-1,1,18,124,7497,3970
CGTGAGGCATAATGGA-1,1,18,126,7499,3788
AGGTGGACTTGCCACC-1,1,19,1,7569,15203
GAGCCAGTATTGTCAA-1,1,19,3,7571,15020
AGCCGTTGCATCCTAG-1,1,19,5,7572,14837
GCGGTCGGCGTACCTT-1,1,19,7,7574,14655
CAGAGCAATGGCTTCT-1,1,19,9,7575,14472
TGGAAGACGTGAGTAG-1,1,19,11,7577,14290
AACTCAGATCCATGCC-1,1,19,13,7578,14107
CATCAGGTAGGACCGT-1,1,19,15,7579,13924
CGCCTTGACGTGAATC-1,1,19,17,7581,13742
CTATCGTATCAGCGTG-1,1,19,19,7582,13559
TGACGCTTACTAGACA-1,1,19,21,7584,13376
GCACGAGCAGTACCGA-1,1,19,23,7585,13194
ACGGCTTCAGGTACCG-1,1,19,25,7586,13011
AGGTACAGCTATGATA-1,1,19,27,7588,12829
GCCGCTTCTAAGGTGA-1,1,19,29,7589,12646
ACTGTACAATTCTACT-1,1,19,31,7591,12463
GTATGTAGCAGGCATA-1,1,19,33,7592,12281
ATTGGCTAACAGACAA-1,1,19,35,7593,12098
CGCCTTACGAGTAGCG-1,1,19,37,7595,11916
TCGGAGTTGTCTTGTT-1,1,19,39,7596,11733
ACCGGACGCCAAGCGT-1,1,19,41,7598,11550
CGTTACAGTGCACTCA-1,1,19,43,7599,11368
CCAATCTAACGTGACG-1,1,19,45,7600,11185
CCACGATCCTAATCCG-1,1,19,47,7602,11002
TACATATGCACCAGTG-1,1,19,49,7603,10820
TGCGCCGATCGCGAAG-1,1,19,51,7605,10637
CTATTAGCGGCTTCGT-1,1,19,53,7606,10455
GGTACGGAGCATCAGC-1,1,19,55,7607,10272
CCTAACTTATGTTGGA-1,1,19,57,7609,10089
GTATGATAGTATGGAT-1,1,19,59,7610,9907
AATGCAATCACTGTCG-1,1,19,61,7612,9724
ATCTTGGCTTCGTCCT-1,1,19,63,7613,9541
GACGGCTTAGGTGCGA-1,1,19,65,7614,9359
ACGGTTCGTCCGACCG-1,1,19,67,7616,9176
GTAATCACGCACAGCT-1,1,19,69,7617,8994
AACTCACCGAACTTAT-1,1,19,71,7619,8811
GCTTGCCATAGTGGAT-1,1,19,73,7620,8628
CTACAGAACCAGTTGA-1,1,19,75,7622,8446
GGCTTGCCATAGGCTC-1,1,19,77,7623,8263
TCCATGCGTCCACCAG-1,1,19,79,7624,8081
GTACGAAGGATTATTG-1,1,19,81,7626,7898
TCAGTCAGCGATCAGA-1,1,19,83,7627,7715
GTGCAGGCTGGACATG-1,1,19,85,7629,7533
GCTCGATGCTCGCATG-1,1,19,87,7630,7350
TATGAAGCGACCGTCC-1,1,19,89,7631,7167
GCGGTCGTTGATCTTG-1,1,19,91,7633,6985
GCCTGGAGCAAGTTAG-1,1,19,93,7634,6802
GTCTTGCGATGAATGC-1,1,19,95,7636,6620
TGTAATTGTATCCTCG-1,1,19,97,7637,6437
AGACGCGTGATGCATC-1,1,19,99,7638,6254
GGTCTGAAGGTTCGAA-1,1,19,101,7640,6072
AGCCTCTATGCAGCAA-1,1,19,103,7641,5889
AAGGTTGCAGAAGCAG-1,1,19,105,7643,5707
TGGTACGTGCTGTTGA-1,1,19,107,7644,5524
CACGATGGTGCTAATA-1,1,19,109,7645,5341
CCTCTAGCTCTGGCAG-1,1,19,111,7647,5159
CGGTCTTATCCAAGCT-1,1,19,113,7648,4976
ACGTTACGCAGACAGC-1,1,19,115,7650,4793
GAACAGCCATGTTGCA-1,1,19,117,7651,4611
AACCGCATGTATGTTA-1,1,19,119,7652,4428
CATCTGTACCACGCGA-1,1,19,121,7654,4246
TCAGTGCCAAGTAGCA-1,1,19,123,7655,4063
ATGTTACTGGAGGCGG-1,1,19,125,7657,3880
CGAAGAACGACTCGAT-1,1,19,127,7658,3698
AAGATTCTGGTCGCGA-1,1,20,0,7728,15295
GGTTGCTACCGGAACA-1,1,20,2,7729,15113
ATAATTATCGACCACG-1,1,20,4,7730,14930
TAATGATCTACTAACC-1,1,20,6,7732,14747
TACATCTAACATGTCC-1,1,20,8,7733,14565
CTGAAGCGGTTGCCAA-1,1,20,10,7735,14382
TCTTAGTCGCGGCAGA-1,1,20,12,7736,14199
TCCTCAGTCGGATGCG-1,1,20,14,7738,14017
CTTAGTCCTCATAAGT-1,1,20,16,7739,13834
GACGCCTCTTGATTGT-1,1,20,18,7740,13652
AATGGTTATTCTAGCT-1,1,20,20,7742,13469
CTTAGCGTAGCGTGCG-1,1,20,22,7743,13286
GCACGGAAGGATAGTA-1,1,20,24,7745,13104
ATAGAATTCTAGGCCG-1,1,20,26,7746,12921
TACGGCCTTGTAGGAG-1,1,20,28,7747,12739
GCCATTGTAATGTCTT-1,1,20,30,7749,12556
GTCTATGTTAATAGAA-1,1,20,32,7750,12373
CATCCGTGGTCGTAAG-1,1,20,34,7752,12191
GTGGCGCCAGACTCGA-1,1,20,36,7753,12008
CCTCACATGTCTTACT-1,1,20,38,7754,11825
GTGCATTCCTGTGGTC-1,1,20,40,7756,11643
AGTGGTATGTCCAAGT-1,1,20,42,7757,11460
TGGTACGGTCGGCGAA-1,1,20,44,7759,11278
TCCGTGTTCTGTTCTG-1,1,20,46,7760,11095
GATCGTGGCCACAACC-1,1,20,48,7761,10912
GGTGTCACCAGCGAAC-1,1,20,50,7763,10730
TATCTAGTCGCATGCA-1,1,20,52,7764,10547
ACCTGCTTATAGTTCG-1,1,20,54,7766,10364
TGGCCAACATTCTGAG-1,1,20,56,7767,10182
CGTACAGACGAGGACC-1,1,20,58,7768,9999
TATCCTGCGGTTGATC-1,1,20,60,7770,9817
CTCGCTGTTCATAGAT-1,1,20,62,7771,9634
AGAAGTTGAGCGCAAG-1,1,20,64,7773,9451
ATTATCACAACTCGGC-1,1,20,66,7774,9269
TGAGTGAGATCGCTAA-1,1,20,68,7775,9086
GCCTCCTGCGGCCGTT-1,1,20,70,7777,8904
AAGGAGGCACTCAATT-1,1,20,72,7778,8721
TCAGCTACCAACTCCG-1,1,20,74,7780,8538
ACAGCCAGGCATAAGC-1,1,20,76,7781,8356
ATCCGAGTACCACGTG-1,1,20,78,7783,8173
CATCAGGTGCCTGATA-1,1,20,80,7784,7990
AGGACTAGGACCGCAG-1,1,20,82,7785,7808
TGACCAGGTATGACCT-1,1,20,84,7787,7625
AAGGCGAGGTTCATGT-1,1,20,86,7788,7443
TACCAGACAACCTCAG-1,1,20,88,7790,7260
TAGGTCTACTCGTGAA-1,1,20,90,7791,7077
CCAATACCAACACGCC-1,1,20,92,7792,6895
GCCAGACAGACGCCTA-1,1,20,94,7794,6712
GTATGACATAAGACGG-1,1,20,96,7795,6530
GTTGAAGGAAGTCGGC-1,1,20,98,7797,6347
TAACAGCAGGCCTTAC-1,1,20,100,7798,6164
AAGTACTACAGTAGAA-1,1,20,102,7799,5982
ATCTTAGTGGCATGGA-1,1,20,104,7801,5799
TACGGAGTCAACGAAG-1,1,20,106,7802,5616
GTGACCAGATCGAGAT-1,1,20,108,7804,5434
ACTACGCCTCATGATT-1,1,20,110,7805,5251
GACCACTTACGGACAT-1,1,20,112,7806,5069
GATCACTTAACGGATT-1,1,20,114,7808,4886
GGACGAGTCTGTTCAC-1,1,20,116,7809,4703
TCTACACTCCGGCTCC-1,1,20,118,7811,4521
ACATCTCAGTATTGCA-1,1,20,120,7812,4338
TCTTGAGTCTCCGAAT-1,1,20,122,7813,4155
GTACGCACTCAATTGC-1,1,20,124,7815,3973
CATGCGAGTGAGCTAA-1,1,20,126,7816,3790
AGAAGCTTGCCTCCGC-1,1,21,1,7887,15205
CGTCCACCATTCGGTG-1,1,21,3,7889,15022
TAGTGCTGTAGCGTTG-1,1,21,5,7890,14840
ATTGACTTATGTGGTA-1,1,21,7,7891,14657
AGGTACCAGACGCCAG-1,1,21,9,7893,14475
ATGCATGGTTGCTGTA-1,1,21,11,7894,14292
TGTATCGGCGGTCGCA-1,1,21,13,7896,14109
AGGACGAAGCCTCCTT-1,1,21,15,7897,13927
CTATTATGGCACCTCG-1,1,21,17,7898,13744
TCACATAGACCTCCGT-1,1,21,19,7900,13562
ATAAGGCGGACAAGTT-1,1,21,21,7901,13379
CGCAGAGCAGTCCGAG-1,1,21,23,7903,13196
GAGGACGAGTCCTAGT-1,1,21,25,7904,13014
ACGCAAGGCATAAGTC-1,1,21,27,7906,12831
GGTTCTATACCGCTTG-1,1,21,29,7907,12648
GGACCATCACCGCCAA-1,1,21,31,7908,12466
CCAACAGGAACACGGT-1,1,21,33,7910,12283
TCACAGCACCAAGGTT-1,1,21,35,7911,12101
GTGGTAGGTCTAAGAA-1,1,21,37,7913,11918
TCGCCTAGATAATTAA-1,1,21,39,7914,11735
ACGGTTCACCTTCCGG-1,1,21,41,7915,11553
TGTAGGTTCTGGCTTA-1,1,21,43,7917,11370
GAGGCGCTCCATTCCT-1,1,21,45,7918,11187
GTACGAATTCTACCAA-1,1,21,47,7920,11005
CTGTCAGATCGATGCG-1,1,21,49,7921,10822
ATCGGCTCTATGCCTC-1,1,21,51,7922,10640
AGCCGTATCTTCGTCT-1,1,21,53,7924,10457
TAGGCGAGCGATCGGT-1,1,21,55,7925,10274
ATTCACGCTGTTATCG-1,1,21,57,7927,10092
GAGTCTGACTATAGAA-1,1,21,59,7928,9909
GGTTCTGGAGTCTACC-1,1,21,61,7929,9727
TGGCGACACTGCCGGA-1,1,21,63,7931,9544
GGATAATTCAATGCTG-1,1,21,65,7932,9361
GTGCCTGACACGTTGG-1,1,21,67,7934,9179
TACAAGCGGAAGTACG-1,1,21,69,7935,8996
TGGTAGCCAGTTGACA-1,1,21,71,7936,8813
GCAACATACATCAGCA-1,1,21,73,7938,8631
AACGAAGCGTGGAAGT-1,1,21,75,7939,8448
TACATCGTCAGCGGTT-1,1,21,77,7941,8266
GTCTTGCTGGACGATA-1,1,21,79,7942,8083
CACTACTGGCTGAACC-1,1,21,81,7944,7900
GGAGATCCTGTACCAG-1,1,21,83,7945,7718
CTACGCTTAGAAGTGC-1,1,21,85,7946,7535
TACGAGATTGGTCTGT-1,1,21,87,7948,7353
GAGGTAACATTCGATC-1,1,21,89,7949,7170
TCACTACGACTCTGCG-1,1,21,91,7951,6987
ATAGCACCTGCTGTCT-1,1,21,93,7952,6805
AGAAGTTAACCAGAGC-1,1,21,95,7953,6622
CTTCGGCTCACTACCT-1,1,21,97,7955,6439
TAATTAAGGAGTACTG-1,1,21,99,7956,6257
GACCACTCCTGACGTT-1,1,21,101,7958,6074
GAGGTAACTAGACAGT-1,1,21,103,7959,5892
GTTGAATCAACCTGGC-1,1,21,105,7960,5709
ATAGAACCTCTACCGA-1,1,21,107,7962,5526
TACGTATCCTATCACG-1,1,21,109,7963,5344
GCAGTTCGGCATTAGC-1,1,21,111,7965,5161
CCGGCGAACATCACGT-1,1,21,113,7966,4978
CTTCGAGCTGCAGCCT-1,1,21,115,7967,4796
TCCAGTTGTACCTGTC-1,1,21,117,7969,4613
GAACTAACATGTATCC-1,1,21,119,7970,4431
TACGTGACGGATCCAC-1,1,21,121,7972,4248
CCTGTCATTGAATTAT-1,1,21,123,7973,4065
TCATGATTCACTCAGT-1,1,21,125,7974,3883
TGCGGACATTCGCCGG-1,1,21,127,7976,3700
TCTATCCGTGTTGCCA-1,1,22,0,8045,15298
AATCTGCGTTCCTTAC-1,1,22,2,8047,15115
GTAGCGTGGCACGCAG-1,1,22,4,8048,14932
ACGCGTTCGCGATCAT-1,1,22,6,8050,14750
GGTACCACCTATACCT-1,1,22,8,8051,14567
TACAAGCAGATCGTTG-1,1,22,10,8052,14385
CGGCTTATTCGCTAAT-1,1,22,12,8054,14202
GTTGGCGTGAGCGACC-1,1,22,14,8055,14019
CACTCAGTACTCCGCT-1,1,22,16,8057,13837
GTCTATTAGTGAGGCC-1,1,22,18,8058,13654
CGACCTATACTGACGT-1,1,22,20,8059,13471
AGTGTCTTAAGCTTGT-1,1,22,22,8061,13289
TAAGGTCCGTGACCGT-1,1,22,24,8062,13106
CTCGGACTAACGTGGC-1,1,22,26,8064,12924
ATCCAACGCCACATCG-1,1,22,28,8065,12741
GAATGTATTGGATCAA-1,1,22,30,8067,12558
TGCCACTCAACCGGCC-1,1,22,32,8068,12376
AATTGGACGGCATCGT-1,1,22,34,8069,12193
GAGGCCACAAGGTGCA-1,1,22,36,8071,12010
AGCTGACGTAACGCTG-1,1,22,38,8072,11828
ATGTTAAGATTACTGA-1,1,22,40,8074,11645
CAGGCCAACGGTCGTA-1,1,22,42,8075,11463
CATCCGAAGCGTATGG-1,1,22,44,8076,11280
TGCTTAGCTCCTGGCT-1,1,22,46,8078,11097
AACTCACCTCGGTGTT-1,1,22,48,8079,10915
GCAGGCTGGTTCCAAG-1,1,22,50,8081,10732
TGTCAACTCATCAACG-1,1,22,52,8082,10550
ACTAGATCTGAAGCGG-1,1,22,54,8083,10367
GTATTCGTGACTTGAT-1,1,22,56,8085,10184
GCTACCATCCTGTAGA-1,1,22,58,8086,10002
TAATGTGCACGATCTG-1,1,22,60,8088,9819
ATTCTAGGACATCAGT-1,1,22,62,8089,9636
CATTAGGATAGTGAAT-1,1,22,64,8090,9454
AGGACTGGATGAAGAC-1,1,22,66,8092,9271
ACTCGATTGATATCCA-1,1,22,68,8093,9089
GTCTAATACGGCTAAG-1,1,22,70,8095,8906
CGGCAACCACTAGCAT-1,1,22,72,8096,8723
GTACTTAACTTCAGCG-1,1,22,74,8097,8541
GGTACCAGGTAGTGTT-1,1,22,76,8099,8358
TCAGGATACACTACAA-1,1,22,78,8100,8176
AGTGTCTAGGCTAATA-1,1,22,80,8102,7993
AGTTCGGCACATACGG-1,1,22,82,8103,7810
TGGTGCGAGGTCGTAT-1,1,22,84,8104,7628
CTTCGATATGTAGGAG-1,1,22,86,8106,7445
GTACAGAACAGGACTC-1,1,22,88,8107,7262
TAATCGACATTGTTGG-1,1,22,90,8109,7080
GATCGTAAGAGTCGCA-1,1,22,92,8110,6897
TGACGCTGCGATAGTA-1,1,22,94,8112,6715
CAAGATTACCGATCAT-1,1,22,96,8113,6532
CCGATTCCATAAGAGT-1,1,22,98,8114,6349
TCCGTCCACTCGGAGC-1,1,22,100,8116,6167
CTGGCGCATATCCGTG-1,1,22,102,8117,5984
GTATGATCACTTGACG-1,1,22,104,8119,5802
ATGTATCCAAGGTGGC-1,1,22,106,8120,5619
CTCACCAGTGTAAGTT-1,1,22,108,8121,5436
CTCATAATAGCACCGT-1,1,22,110,8123,5254
GTATTAGATTGAGGTC-1,1,22,112,8124,5071
CGGTGAGCATGTATAC-1,1,22,114,8126,4888
AGTAACCGCAGGTCAA-1,1,22,116,8127,4706
CGCCACCTGGAAGACA-1,1,22,118,8128,4523
ATGTACTAGAGGAATT-1,1,22,120,8130,4341
CGTACACGGCGTCTCC-1,1,22,122,8131,4158
CGCTAGATGTATTCTA-1,1,22,124,8133,3975
CAGTCTCACTTAAGCA-1,1,22,126,8134,3793
AAGGCCAGCAATCGCC-1,1,23,1,8205,15208
GGTATGGTTGTCCTCG-1,1,23,3,8206,15025
TGAGGACCACTGTTAC-1,1,23,5,8208,14842
GTGCACCAATCATAAC-1,1,23,7,8209,14660
TAACGTGATTCACTAG-1,1,23,9,8211,14477
CGCAATGTATCCAATG-1,1,23,11,8212,14294
TGTTCACTGTCTTCCT-1,1,23,13,8213,14112
CTAGTCAGGCGACAGT-1,1,23,15,8215,13929
CCGCATGTAGTTAGAC-1,1,23,17,8216,13747
ACTGGTGATTCCGATC-1,1,23,19,8218,13564
TGCACGCTCCTATCCG-1,1,23,21,8219,13381
ACATTGAAGGCGGTGC-1,1,23,23,8220,13199
TCTAACAAGCCAATCC-1,1,23,25,8222,13016
ATCGTAATCCACATGC-1,1,23,27,8223,12833
ACCTCCTAGAGGCATG-1,1,23,29,8225,12651
TACGCTCCGGTTGGTA-1,1,23,31,8226,12468
GGCGGAGTTGAACTAT-1,1,23,33,8227,12286
TATCATGGATGTTGCC-1,1,23,35,8229,12103
CGTGCGGATTCATGTA-1,1,23,37,8230,11920
CTGGTGATCGCCGTAG-1,1,23,39,8232,11738
CACTCAATAAGCCGAA-1,1,23,41,8233,11555
GCTATGCGTGAACGGT-1,1,23,43,8235,11373
CAGTTGCTCACGTGTC-1,1,23,45,8236,11190
TCAGTATGTAGGACAA-1,1,23,47,8237,11007
ACCAAGTGATGGTGAG-1,1,23,49,8239,10825
ATACTAGCCATTAGTT-1,1,23,51,8240,10642
TCATTGATAGACTTGC-1,1,23,53,8242,10459
AGTATTCGTCGGTATC-1,1,23,55,8243,10277
TGCAACAGTGAAGCTC-1,1,23,57,8244,10094
CTACAACCGCTGTCTA-1,1,23,59,8246,9912
GGACAGTGCGGCAACA-1,1,23,61,8247,9729
CCTAATCCACAAGGAT-1,1,23,63,8249,9546
CATAGAACATTGAACA-1,1,23,65,8250,9364
CCGACAGACTGTGCCT-1,1,23,67,8251,9181
CTGACTGTGGCCGGTT-1,1,23,69,8253,8999
CACGTCAAGTGCGATC-1,1,23,71,8254,8816
ACGGCTTGTTCAATCG-1,1,23,73,8256,8633
AAGTGGCGAGTGTACA-1,1,23,75,8257,8451
TAGTATCCAATTACGT-1,1,23,77,8258,8268
CTAATGAGCGAGGCTA-1,1,23,79,8260,8085
TAACATGGCCACCTCC-1,1,23,81,8261,7903
ATTCATAGCGAAGCGT-1,1,23,83,8263,7720
GACTGCGGTCTGCGTG-1,1,23,85,8264,7538
AGAAGGATGGTATGAA-1,1,23,87,8265,7355
CTAATGACATCATTCT-1,1,23,89,8267,7172
GCAATACATGAGGACA-1,1,23,91,8268,6990
GTGGTACTGTTGTAGC-1,1,23,93,8270,6807
GTGGCTTCCTACCGTT-1,1,23,95,8271,6625
TCCTAATTGCTCAACG-1,1,23,97,8273,6442
GTAGCCAGTGCGGTTG-1,1,23,99,8274,6259
GGTTCTCGTGATGTGA-1,1,23,101,8275,6077
TAATCTGATAAGATGT-1,1,23,103,8277,5894
TGCTTACTCACCGGTC-1,1,23,105,8278,5711
ACGTCAGATTACTTCG-1,1,23,107,8280,5529
CTTGTATCGTATGATT-1,1,23,109,8281,5346
CGAGATGCCGCATCTT-1,1,23,111,8282,5164
TAAGTGTCAAGGTGGC-1,1,23,113,8284,4981
CTTGGAACTCCACGCC-1,1,23,115,8285,4798
ATGCTGCCGGCATACT-1,1,23,117,8287,4616
GACCGTGAATGTAAGT-1,1,23,119,8288,4433
ACGTTCACTAGTTGTA-1,1,23,121,8289,4250
GTGAGGTTGGACGGCG-1,1,23,123,8291,4068
TGCTGTTCTTGTCCAA-1,1,23,125,8292,3885
CTCGTGTCTTGGCCGC-1,1,23,127,8294,3703
AAGCACTCAGGAATGT-1,1,24,0,8363,15300
CCGCGACCGTAGCTAT-1,1,24,2,8365,15117
TGCAGACGAACCAGAT-1,1,24,4,8366,14935
AACAGTCAGGCTCCGC-1,1,24,6,8367,14752
GAGGCCACTTCTAGAT-1,1,24,8,8369,14570
GCGTACCGGAACGACA-1,1,24,10,8370,14387
CTTAGCTATCCTTGCG-1,1,24,12,8372,14204
CCGCAAGGAAGGAGGC-1,1,24,14,8373,14022
TGCATTCGCCAGCGAT-1,1,24,16,8374,13839
TCAAGGAACCTATTGC-1,1,24,18,8376,13656
TGCCACAATGCTACCG-1,1,24,20,8377,13474
AATTGCGTCAGACACT-1,1,24,22,8379,13291
CTATCCGCTGCAATTG-1,1,24,24,8380,13109
ACGGTGTACGGTGCCA-1,1,24,26,8381,12926
GATCCGGACATACACC-1,1,24,28,8383,12743
TATGACGCGTATGTCG-1,1,24,30,8384,12561
TCTTGCTCCGTCGGCA-1,1,24,32,8386,12378
GGAGCGAATTGGACGG-1,1,24,34,8387,12196
GGCAGCCGGCACTTCC-1,1,24,36,8388,12013
TCCGATGCGTATCCGG-1,1,24,38,8390,11830
TAAGCAGTAGATACTC-1,1,24,40,8391,11648
ATGTAATTGTCGTTCG-1,1,24,42,8393,11465
ATTGCATCACTGACTG-1,1,24,44,8394,11282
GTTAACAACTTCGGAT-1,1,24,46,8396,11100
GACAATCTATTAGATT-1,1,24,48,8397,10917
GCGTACCGGATGGCTC-1,1,24,50,8398,10735
CGCTATTATGATACGT-1,1,24,52,8400,10552
TCACATTGTCGGTGAC-1,1,24,54,8401,10369
TCTGGATATTAACCTA-1,1,24,56,8403,10187
AACTAGCACTGTTCGA-1,1,24,58,8404,10004
CTGGAATGGATCAGCA-1,1,24,60,8405,9822
TGCCAATCCATGTCTA-1,1,24,62,8407,9639
AGCCTCCGAACTACCA-1,1,24,64,8408,9456
CACGCCACAATCGCAC-1,1,24,66,8410,9274
ATTCGCTCGCGGAGGC-1,1,24,68,8411,9091
CAGCTCCTCGGATTCT-1,1,24,70,8412,8908
GCTTCTTGGACGAGCG-1,1,24,72,8414,8726
AGCGTGCGCCTGATCG-1,1,24,74,8415,8543
GCGTCGGAATGCTGCC-1,1,24,76,8417,8361
GTATTCCAAGTTACCT-1,1,24,78,8418,8178
CTCCTTATCTTAAGAC-1,1,24,80,8419,7995
TCGGTGTCTAACCAAG-1,1,24,82,8421,7813
CTTAGTCTCGACAACT-1,1,24,84,8422,7630
ACCGGCTATCGTGCGG-1,1,24,86,8424,7448
ACTCCAGGCCGAAGAC-1,1,24,88,8425,7265
CTCACGTATTCAAGCG-1,1,24,90,8426,7082
TACGTATCGAGGTTGT-1,1,24,92,8428,6900
TACTAGTACCGGATGG-1,1,24,94,8429,6717
ATGTAAGAGCCACCTC-1,1,24,96,8431,6534
CTTATTCACTAGCTGG-1,1,24,98,8432,6352
CGACTGAACGAATGCT-1,1,24,100,8434,6169
GGTTAGACTCGGAGGT-1,1,24,102,8435,5987
AGGTTAGTGGCCATAG-1,1,24,104,8436,5804
AGGATCAACATTCGTT-1,1,24,106,8438,5621
GGCAGGAAGTCTTCTA-1,1,24,108,8439,5439
GTAGCATAGTTACAGG-1,1,24,110,8441,5256
ACCGATTGAGGATCTG-1,1,24,112,8442,5073
TGCGCCTCTGGCTACA-1,1,24,114,8443,4891
GGAAGCTATGGCACAG-1,1,24,116,8445,4708
GCCGAAGATGTATTGA-1,1,24,118,8446,4526
CTGAATACCAGCAACG-1,1,24,120,8448,4343
GAATGTCAGAATTCTG-1,1,24,122,8449,4160
TGTCATCCAAGCTGCG-1,1,24,124,8450,3978
GTATGGTGCCGGCAGG-1,1,24,126,8452,3795
ACCTGCTTCCACATTG-1,1,25,1,8523,15210
GTTCCGATGAACCGGC-1,1,25,3,8524,15027
GGATGTAACTAATCCG-1,1,25,5,8526,14845
CGAAGTCGTTGGCTCG-1,1,25,7,8527,14662
CCGCCACTGCGTTGGC-1,1,25,9,8528,14479
CAAGATAAGTGCAATG-1,1,25,11,8530,14297
TGGCATGTTCGAACAG-1,1,25,13,8531,14114
GTGGTACTTGGTTGGA-1,1,25,15,8533,13932
TAGCTATGTTGAGCAC-1,1,25,17,8534,13749
ACTCAGCTCGAGTGTC-1,1,25,19,8535,13566
TCTGGTCCTCCACTGT-1,1,25,21,8537,13384
ATCTGCCGTCTACAGC-1,1,25,23,8538,13201
GTACAGCCGTTACAGA-1,1,25,25,8540,13019
ACTGGTTCTGAACGAT-1,1,25,27,8541,12836
TACCTCAGGCAACAGA-1,1,25,29,8542,12653
TACCTGCGGTTGTCCT-1,1,25,31,8544,12471
GCGTCTCGCAACTCAT-1,1,25,33,8545,12288
TAGGCGCATATCTAAC-1,1,25,35,8547,12105
TCATCTTCCACGTATG-1,1,25,37,8548,11923
CGATGATCAGCTATAA-1,1,25,39,8549,11740
TAACGCATTGGTCCAA-1,1,25,41,8551,11558
ATGTAGGTAACCGTAC-1,1,25,43,8552,11375
AAGTCTGTCAATTCTT-1,1,25,45,8554,11192
ACAACTAAGGTGTTAT-1,1,25,47,8555,11010
TAACAGGAACCGACAA-1,1,25,49,8557,10827
AATATTAGGCTTCTGG-1,1,25,51,8558,10645
GGATCGCTGGCATATT-1,1,25,53,8559,10462
GCTTGCTTACTTAACG-1,1,25,55,8561,10279
GCCACTATAGACCATA-1,1,25,57,8562,10097
TCCGGCTCTATGGACA-1,1,25,59,8564,9914
GCTCGGAGATGAATGT-1,1,25,61,8565,9731
GGCATAATCCTATCGC-1,1,25,63,8566,9549
TAGACCGGCCAGTACG-1,1,25,65,8568,9366
GAACTAACTCTACGTG-1,1,25,67,8569,9184
GTGAACATTCAACGAT-1,1,25,69,8571,9001
CACGTAGGTAGGCTGA-1,1,25,71,8572,8818
GGTAGCCATCAATCCG-1,1,25,73,8573,8636
TAACGAGTTGCCAACC-1,1,25,75,8575,8453
GTCAGTGAGGATCGTT-1,1,25,77,8576,8271
ATTCCGGTTACATACC-1,1,25,79,8578,8088
CAGTATGCGTGGCGCT-1,1,25,81,8579,7905
ACTATTAGACAGGCTG-1,1,25,83,8580,7723
GCATTGGTTACCAAGC-1,1,25,85,8582,7540
TCCTGATAAGTGCCGT-1,1,25,87,8583,7357
CCAGACAGAACCTAAG-1,1,25,89,8585,7175
CCGATTCCTCACTACA-1,1,25,91,8586,6992
GTGGCGAGGAAGGCTA-1,1,25,93,8587,6810
TATCAATGCCGCTCAC-1,1,25,95,8589,6627
CTATAGATCCACAAGC-1,1,25,97,8590,6444
GCACCTTAGCCTCGCA-1,1,25,99,8592,6262
AAGACTCAAGGCTCCA-1,1,25,101,8593,6079
GAGTAGATTATGGTTC-1,1,25,103,8594,5896
GTGCATGGTTGAGTTC-1,1,25,105,8596,5714
TGTACCAACTACGCAT-1,1,25,107,8597,5531
CAGAACATGATAGGAC-1,1,25,109,8599,5349
TCATGAGTAAGACATC-1,1,25,111,8600,5166
AAGATGAAGGTCATCG-1,1,25,113,8602,4983
GGTCTTGATAACGTCA-1,1,25,115,8603,4801
GTGACACCAAGTGAAT-1,1,25,117,8604,4618
TGGTCTCAGAATGCAC-1,1,25,119,8606,4436
GTTATTGACCTCATTC-1,1,25,121,8607,4253
GTCCGTCGGCATGCGT-1,1,25,123,8609,4070
GCCGTATGCGTTATAG-1,1,25,125,8610,3888
AGTGTAAGTCCATACA-1,1,25,127,8611,3705
TGAGTCGCCTCCGTCG-1,1,26,0,8681,15302
TCTTAGTCTGCCATCA-1,1,26,2,8682,15120
TGCGCCAGTAATGATC-1,1,26,4,8684,14937
GCTTAATAGAGGCGAG-1,1,26,6,8685,14755
AATGGTCTCGAGCGCT-1,1,26,8,8687,14572
CGCTTGCGTACGGCAC-1,1,26,10,8688,14389
AGGAGCATCACTCAGC-1,1,26,12,8689,14207
TCCAATACTATCTGTT-1,1,26,14,8691,14024
ATGCTCGCCTCCAATT-1,1,26,16,8692,13842
AGGACCAGTAACCTAA-1,1,26,18,8694,13659
CAGTTGCACGGACAGG-1,1,26,20,8695,13476
GGTCTTCCGGCTGGAC-1,1,26,22,8696,13294
AATTGCGGTGCTAATA-1,1,26,24,8698,13111
ATTGACGCATCTCAAC-1,1,26,26,8699,12928
TCGATATTAGACATAC-1,1,26,28,8701,12746
GTAAGTTGCTGGTGGA-1,1,26,30,8702,12563
CGCACGCAGGTAAGTC-1,1,26,32,8703,12381
CAGCTGGATGCGGCTA-1,1,26,34,8705,12198
GTCATCAGTAGACCAG-1,1,26,36,8706,12015
TCTTAGATGCCTCCGA-1,1,26,38,8708,11833
GCCGGCGAACCATTGT-1,1,26,40,8709,11650
CCATAGTATTGTCTGC-1,1,26,42,8710,11468
GAGGCCAGCAGAGGTT-1,1,26,44,8712,11285
CGCATCTTGACTTAGT-1,1,26,46,8713,11102
CTGCCGATTGCGATGT-1,1,26,48,8715,10920
TACACTGTCGAACCAA-1,1,26,50,8716,10737
CGCACTGTGAGCCTGT-1,1,26,52,8717,10554
ATACTGGAGGATAACG-1,1,26,54,8719,10372
AACTAGCCTTGCAATA-1,1,26,56,8720,10189
CCGCGTCGTTGGTCTG-1,1,26,58,8722,10007
ATGTACTACCGACTTC-1,1,26,60,8723,9824
TCCAGTACGTGCTATG-1,1,26,62,8725,9641
GAGCCTCACGTATGTA-1,1,26,64,8726,9459
CTTCCGTCGCTGCATC-1,1,26,66,8727,9276
ACGGCTTCCATCGGAA-1,1,26,68,8729,9094
AGTACCGTTGTACGCC-1,1,26,70,8730,8911
CCGTGAAGGATAACAG-1,1,26,72,8732,8728
GAGGATGATAGGAAGG-1,1,26,74,8733,8546
TGGCTCCGCATCAGAT-1,1,26,76,8734,8363
GTCAACCTGACGATAG-1,1,26,78,8736,8180
ATTCACCTGACCAGTT-1,1,26,80,8737,7998
CCTAAGCATGCCTTGT-1,1,26,82,8739,7815
GCTCAACCACGGCAAC-1,1,26,84,8740,7633
GCTGTTGATAGTCTTA-1,1,26,86,8741,7450
CGTAACATTCGCGATA-1,1,26,88,8743,7267
GAGTGGAGCAAGCGCA-1,1,26,90,8744,7085
ATGGCATTATGGCTCG-1,1,26,92,8746,6902
TAGCTAGAAGCGATCA-1,1,26,94,8747,6719
GCCTTGAGATCTGAGC-1,1,26,96,8748,6537
TCACATCCTGTCGCGG-1,1,26,98,8750,6354
ATAAGACCAATCGCGG-1,1,26,100,8751,6172
ACAATACGCCTTATTC-1,1,26,102,8753,5989
CGAGCGGCACAGTAGG-1,1,26,104,8754,5806
GCTTGGATCCAACCGG-1,1,26,106,8755,5624
TAACCTTGAGACTTCG-1,1,26,108,8757,5441
CATGCGCTACTGGAGG-1,1,26,110,8758,5259
TAGCGGACCACTGTTA-1,1,26,112,8760,5076
CCATGAACATCGTTGG-1,1,26,114,8761,4893
TATCTAGGAGTGGACA-1,1,26,116,8763,4711
GTGCACTTGTTCCTGG-1,1,26,118,8764,4528
TGGCCAAGCGTACAAG-1,1,26,120,8765,4345
CATCCGTTAAGCGTGC-1,1,26,122,8767,4163
CATCGCGGATGATATG-1,1,26,124,8768,3980
TAGACTAATATGGCGA-1,1,26,126,8770,3798
GGTAGGTTGTTACGGC-1,1,27,1,8840,15212
GTTACAGGTACATGGC-1,1,27,3,8842,15030
GGCGATCGGTCTGCTC-1,1,27,5,8843,14847
TAGCAGTCGTCATGAA-1,1,27,7,8845,14665
CTAGTTATGTCCAAGG-1,1,27,9,8846,14482
GGTACGTGCTCGGCAA-1,1,27,11,8848,14299
AGTCTAGGATTGTCAC-1,1,27,13,8849,14117
ATCGATGTCAGATAGA-1,1,27,15,8850,13934
AAGGCCGACTATGTAA-1,1,27,17,8852,13751
TGGAGTGAACGCGGTC-1,1,27,19,8853,13569
CACCTACCGCTACCTT-1,1,27,21,8855,13386
CTGGCTGGACGCTTGG-1,1,27,23,8856,13204
GTCTTGATTGCCACCT-1,1,27,25,8857,13021
CCTAGTCAGTCCTTAT-1,1,27,27,8859,12838
CCTCATGATTATCTGA-1,1,27,29,8860,12656
CGAAGACCGCCAGGCG-1,1,27,31,8862,12473
GTAGACCTGTCAACCA-1,1,27,33,8863,12291
CATTGCGTGCCACCTT-1,1,27,35,8864,12108
GCAACAGGCCATTGAC-1,1,27,37,8866,11925
TAGACCTGAGGAGCTG-1,1,27,39,8867,11743
CTGAAGGAGCCTCACT-1,1,27,41,8869,11560
TGACATTACAACGCCG-1,1,27,43,8870,11377
ATCCTCGTTCCAGGCC-1,1,27,45,8871,11195
ACCGGCACCATACTGC-1,1,27,47,8873,11012
ATCCGGATGACGTAAC-1,1,27,49,8874,10830
GGTCCTGCGAGTAGGT-1,1,27,51,8876,10647
ATTAGCCTCACTTCTA-1,1,27,53,8877,10464
TGGTTGCCTCCGGCTT-1,1,27,55,8878,10282
CGCAACCATGCACCGA-1,1,27,57,8880,10099
ACCAGTATGAAGTTCC-1,1,27,59,8881,9917
TCGTATCACGTTATGA-1,1,27,61,8883,9734
GTCTTGACAATAGCAA-1,1,27,63,8884,9551
TACTCCTACATCAACT-1,1,27,65,8886,9369
GCGAGCGGACCATAAC-1,1,27,67,8887,9186
CAGGACATGGTAATGC-1,1,27,69,8888,9003
CAATTGAACCGGCTCG-1,1,27,71,8890,8821
CCTCGATAGAATAGGA-1,1,27,73,8891,8638
CCTACGAGCTGGCCGG-1,1,27,75,8893,8456
CACCTCGAGCGATGCT-1,1,27,77,8894,8273
TCCTCACGTGTAGACG-1,1,27,79,8895,8090
AGAACAGGAGCATGGA-1,1,27,81,8897,7908
TGGTATGCAAGTCTAT-1,1,27,83,8898,7725
CGCATGAGGAGCGTCT-1,1,27,85,8900,7542
CTTAGCTTAGTTCTCG-1,1,27,87,8901,7360
AATTCTCGCACCAGTA-1,1,27,89,8902,7177
TGCATTAATGGCCACC-1,1,27,91,8904,6995
CGACCAGCCTTGATTA-1,1,27,93,8905,6812
CAGAAGTCGCGGTTAT-1,1,27,95,8907,6629
TGTCCATGTATGGAAT-1,1,27,97,8908,6447
CTTAGTTGCTCGTTGT-1,1,27,99,8909,6264
AACGAGCTAATAACTA-1,1,27,101,8911,6082
AGGCCGCAGAATAACG-1,1,27,103,8912,5899
CGTACAGTAAGTAATG-1,1,27,105,8914,5716
TGGCCAGAGTATCTCC-1,1,27,107,8915,5534
CGCTATAGTCTTCATC-1,1,27,109,8916,5351
AAGCGAGGAAGTGAAC-1,1,27,111,8918,5168
TAAGCCATACGACACG-1,1,27,113,8919,4986
CGTGTAGACACCTTCC-1,1,27,115,8921,4803
ATCACTTAGGCCTTGT-1,1,27,117,8922,4621
CTTACGACAACGATAC-1,1,27,119,8923,4438
ACATAAGACGCATATG-1,1,27,121,8925,4255
CAGAGGCAGCACATGG-1,1,27,123,8926,4073
CGACCAAGGTGAGCCG-1,1,27,125,8928,3890
AGTTGGACGTTGGTAT-1,1,27,127,8929,3708
CTATGTCGTTCCGCTA-1,1,28,0,8999,15305
ACGGCCGGAACGCTAG-1,1,28,2,9000,15122
GTGACAATAGGTATGT-1,1,28,4,9001,14940
TAGTATTGCCGAGTTG-1,1,28,6,9003,14757
TGGTGCCGCTGCAACA-1,1,28,8,9004,14574
GCCACTCCGTCACCTC-1,1,28,10,9006,14392
ATAATCGTAGTTATTC-1,1,28,12,9007,14209
TGCGTCTGGATCGGAT-1,1,28,14,9009,14027
GTACGAGGTAGTGCAC-1,1,28,16,9010,13844
TCCTAGGTATCTGATG-1,1,28,18,9011,13661
TACGGAATTGAACCAA-1,1,28,20,9013,13479
ACTGTAGACAAGGAAT-1,1,28,22,9014,13296
AAGTCGGACACTTCAG-1,1,28,24,9016,13114
CGACATTGTATGGAGG-1,1,28,26,9017,12931
AAGTCGCTATCCTGTC-1,1,28,28,9018,12748
AATAGATAGCCTAACC-1,1,28,30,9020,12566
GGTCACCGCATAACAA-1,1,28,32,9021,12383
CGGCAAGATGCGTCGG-1,1,28,34,9023,12200
TGACTTCGGCGTAACA-1,1,28,36,9024,12018
ATCGTATTACTCGGAG-1,1,28,38,9025,11835
GAGGTGTAGCAACTCA-1,1,28,40,9027,11653
TCTACTTAGGTTCTTA-1,1,28,42,9028,11470
GGAACTTCGACATGTC-1,1,28,44,9030,11287
CCGCGTTACCTTGGCG-1,1,28,46,9031,11105
CTTCCAATTGAAGATT-1,1,28,48,9032,10922
AAGTTCCTATTGCTGG-1,1,28,50,9034,10740
GAACATTCGACACGTA-1,1,28,52,9035,10557
TGGACGCCTGCGACCG-1,1,28,54,9037,10374
ATCATTCACCAGATTG-1,1,28,56,9038,10192
TAGGCATCTGCGGACC-1,1,28,58,9039,10009
CTAATCTGGCCGTGTT-1,1,28,60,9041,9826
TAAGGACGCCTGGTTG-1,1,28,62,9042,9644
ATCGTACACCTATGCC-1,1,28,64,9044,9461
GTTAACTCCGACCACT-1,1,28,66,9045,9279
ATCGCAGTAACTTATT-1,1,28,68,9047,9096
AAGATTATCTAGCATA-1,1,28,70,9048,8913
TGTTGGAACGAGGTCA-1,1,28,72,9049,8731
ACCGTACACGACCGTC-1,1,28,74,9051,8548
GCTGTAGTGCTGTCGC-1,1,28,76,9052,8365
ATTACTCCGTGAAGCG-1,1,28,78,9054,8183
TCCATGATGTGATCAA-1,1,28,80,9055,8000
TGACCAATCAGCCACG-1,1,28,82,9056,7818
GCAGGCTACCGTCCTT-1,1,28,84,9058,7635
AACAGGTTATTGCACC-1,1,28,86,9059,7452
AGGTGAAGTGACGACT-1,1,28,88,9061,7270
TATGACGGAGATTGGC-1,1,28,90,9062,7087
CTAACAGTATACCGGC-1,1,28,92,9063,6905
CCTATGCCTTCTTGTT-1,1,28,94,9065,6722
AGACAAGACGTATCGC-1,1,28,96,9066,6539
TCACGACATCAGAAGG-1,1,28,98,9068,6357
AAGCCACTATGTCTAA-1,1,28,100,9069,6174
TAACGTTGCGTCGATG-1,1,28,102,9070,5991
TCCTTACTCGCAATGA-1,1,28,104,9072,5809
GATAAGCACGTGCGTA-1,1,28,106,9073,5626
TCTGGTATCTGTAGCC-1,1,28,108,9075,5444
GAGCTAACCTACTTAC-1,1,28,110,9076,5261
CTTCGACTCCAGACTG-1,1,28,112,9077,5078
AGCTGTCCAGATGCTA-1,1,28,114,9079,4896
TATCTAATCACCTCGG-1,1,28,116,9080,4713
CTTGAGTCTTACAGTG-1,1,28,118,9082,4531
CTCATCCTCGGCAAGT-1,1,28,120,9083,4348
GAAGCGAGAACATGGA-1,1,28,122,9084,4165
GTATCTCAGCCTTGGT-1,1,28,124,9086,3983
GGCGCCACTCTGCGTT-1,1,28,126,9087,3800
CATCCTGGTACCTGCT-1,1,29,1,9158,15215
TATTCGTGCGTTCTGG-1,1,29,3,9160,15032
CAATCTATGAGGTCAG-1,1,29,5,9161,14850
GAGCGGCAATGGAATA-1,1,29,7,9162,14667
CCTTAGTTATACCAGA-1,1,29,9,9164,14484
GCGTCCAGCAATTGGC-1,1,29,11,9165,14302
TGCTATTGCGGCGTGG-1,1,29,13,9167,14119
TAGTGAACATGCAGAT-1,1,29,15,9168,13937
GGCGCCAAGGAGCGCT-1,1,29,17,9170,13754
GCACTGCCTCGATGCG-1,1,29,19,9171,13571
ACAACGCCGATAGTAT-1,1,29,21,9172,13389
AGTCGGTTATACATAG-1,1,29,23,9174,13206
AAGCATTGAGTGGTTG-1,1,29,25,9175,13023
CAGCACGCTAATCAGA-1,1,29,27,9177,12841
TGAATTATGCCGCAGT-1,1,29,29,9178,12658
CTCGATGTTGCTATGT-1,1,29,31,9179,12476
CTTGCGTAACAGCAGT-1,1,29,33,9181,12293
GTTGACATGAACCAAC-1,1,29,35,9182,12110
CAGATTATCATAACGC-1,1,29,37,9184,11928
ACGTTCTATGCACGAC-1,1,29,39,9185,11745
AGACCGTCATTAGTTA-1,1,29,41,9186,11563
ATAGATTGAGTTCGAG-1,1,29,43,9188,11380
AGTTGTCCACAGACCA-1,1,29,45,9189,11197
TATGAGGATCTACTGG-1,1,29,47,9191,11015
AACCACTGCCATAGCC-1,1,29,49,9192,10832
CGGTATAGGATGAGCG-1,1,29,51,9193,10649
TCTTGCACTATTCAGA-1,1,29,53,9195,10467
TGATTAGAATGACATA-1,1,29,55,9196,10284
GCCTGGTACATGGTCG-1,1,29,57,9198,10102
ATTAGATAAGACGGCG-1,1,29,59,9199,9919
GTATGTTAGTTCTACC-1,1,29,61,9200,9736
TCAGCGTGACCTTACC-1,1,29,63,9202,9554
CGAGGAGTCTAAGGAT-1,1,29,65,9203,9371
CTGGTGCGTTCACGAG-1,1,29,67,9205,9188
GAGGATCCAGAACTGG-1,1,29,69,9206,9006
ATGACCTCACTTAACC-1,1,29,71,9207,8823
AGTCGGACCGTGCTTA-1,1,29,73,9209,8641
GCATTACCTGTCAAGA-1,1,29,75,9210,8458
CAGCCAGTCCTGTCGG-1,1,29,77,9212,8275
AATAGTGCTCATAGAA-1,1,29,79,9213,8093
ATCTCCTTGCGATACA-1,1,29,81,9215,7910
GTACAACTCGGCAGAA-1,1,29,83,9216,7728
GCTGACAGCCGGAGCG-1,1,29,85,9217,7545
CCTCACCTAGTGGCAA-1,1,29,87,9219,7362
TCAGTCGTGCCGGCAG-1,1,29,89,9220,7180
GTCAGCGATGTAATTG-1,1,29,91,9222,6997
TGAATGTTGACATCGT-1,1,29,93,9223,6814
ATAGTGAGTGAGGATT-1,1,29,95,9224,6632
ATTCACTCACGTGCAC-1,1,29,97,9226,6449
ACCTGCTTGAGCCTGG-1,1,29,99,9227,6267
GCACTGGACGCAGCAC-1,1,29,101,9229,6084
GTTGACGGATAGCCAT-1,1,29,103,9230,5901
CAACAGGTCAGAGGAC-1,1,29,105,9231,5719
ACCTGCCACTATCAAT-1,1,29,107,9233,5536
TAAGCTCCTTCACGCC-1,1,29,109,9234,5354
TGCACTCCAGCTACTC-1,1,29,111,9236,5171
ACTCCAGTAGCTCCAG-1,1,29,113,9237,4988
AGTATTGGTATGTCTA-1,1,29,115,9238,4806
TAACGCTCACATTCTA-1,1,29,117,9240,4623
TACTAGTACACCTAAG-1,1,29,119,9241,4440
GTTCCGGCTGAGCCGA-1,1,29,121,9243,4258
TCCAACATGACCGGTC-1,1,29,123,9244,4075
ACTATTGTTCGCACAG-1,1,29,125,9245,3893
AGTTCAGTTCATACAT-1,1,29,127,9247,3710
AGTCGCAGGAACGAGT-1,1,30,0,9316,15307
ACCTTCGGTGCTACGA-1,1,30,2,9318,15125
TCCAGTGATGCGTATC-1,1,30,4,9319,14942
GTGAACGGTTCTAACG-1,1,30,6,9321,14760
TACATCGGACAACTGG-1,1,30,8,9322,14577
ACTCAGCTTCTGAGAC-1,1,30,10,9323,14394
CGGCTTACGTGCACGA-1,1,30,12,9325,14212
AAGCAGTATCAGAATC-1,1,30,14,9326,14029
ATGTATCCATAAGTTG-1,1,30,16,9328,13846
CGAGCCTGCAAGGTTA-1,1,30,18,9329,13664
TACACTGCGTCCGGAC-1,1,30,20,9330,13481
CTGTCTATCCACATCT-1,1,30,22,9332,13299
CTATTATGAGATACGA-1,1,30,24,9333,13116
TGCCTATCGGCTATGT-1,1,30,26,9335,12933
GAATACTAAGGCGAAT-1,1,30,28,9336,12751
GCCTATAGCATACCTT-1,1,30,30,9338,12568
CTATCCATTAGCTCGA-1,1,30,32,9339,12386
AGCGGAATGTCGCTGT-1,1,30,34,9340,12203
CTACAGATGGTCATAC-1,1,30,36,9342,12020
AGATTGCGCCTCGCTC-1,1,30,38,9343,11838
ATGCTCCGTTCTACTG-1,1,30,40,9345,11655
GTTGGTCCGCCAATCT-1,1,30,42,9346,11472
TAGATGGCTGTATGCC-1,1,30,44,9347,11290
TCACATCCTTCTCAGT-1,1,30,46,9349,11107
CAAGCCGCCATAGAGG-1,1,30,48,9350,10925
CGACAAGTACTCCTTA-1,1,30,50,9352,10742
TATTGAATCCGACTAA-1,1,30,52,9353,10559
TACGGATCAGCCATCC-1,1,30,54,9354,10377
GAGTTCTATCGTGCCT-1,1,30,56,9356,10194
AATAACGTAACTGTGA-1,1,30,58,9357,10011
ATCCGTAGCTTCAGTA-1,1,30,60,9359,9829
CCGGCGAACCGTGCAC-1,1,30,62,9360,9646
ACCAAGTGGCTGTATG-1,1,30,64,9361,9464
CTATCGGATATCGGAG-1,1,30,66,9363,9281
CCAGATAGACGAGGTG-1,1,30,68,9364,9098
CGAACCAGAAGTCTGG-1,1,30,70,9366,8916
GAGTCTGGTGAATGAG-1,1,30,72,9367,8733
TAGTGATGACTCCTGG-1,1,30,74,9368,8551
CTCACGTTCGGTCTGC-1,1,30,76,9370,8368
AATGTCAGGTCATTAC-1,1,30,78,9371,8185
CTGGTGGCCAATAAGT-1,1,30,80,9373,8003
TGGTACGGACGTAGTT-1,1,30,82,9374,7820
GACTGCCATAGAATAC-1,1,30,84,9376,7637
TATGTCGAGGTTGAAG-1,1,30,86,9377,7455
AGATGCTCCGTCATCT-1,1,30,88,9378,7272
GTCTATCAGTACTAAT-1,1,30,90,9380,7090
TCGACGAAGAGCAAGT-1,1,30,92,9381,6907
CTTCAAGTCGACCTTC-1,1,30,94,9383,6724
GTCCGACAGCCGCATT-1,1,30,96,9384,6542
TAAGCACGAGACCTAC-1,1,30,98,9385,6359
CGTAACATTGGCTGAG-1,1,30,100,9387,6177
ATCACCAGTTCGGCGA-1,1,30,102,9388,5994
CCATTCGTCTGCTCTA-1,1,30,104,9390,5811
GTGACATACAGGTCCT-1,1,30,106,9391,5629
AACCTACAGAGGTAGT-1,1,30,108,9392,5446
ATCCGTAGTGTCGCTC-1,1,30,110,9394,5263
AGCTAGCGTACAGTAA-1,1,30,112,9395,5081
CCTGTCTAAGTAGGCT-1,1,30,114,9397,4898
ACCTAAGTAGAACAGA-1,1,30,116,9398,4716
ATAGGCCGATGATCTA-1,1,30,118,9399,4533
TGACGGAGTGAGGTTA-1,1,30,120,9401,4350
TCTACAGCTGAATCAA-1,1,30,122,9402,4168
GGAGCACCAACTGATT-1,1,30,124,9404,3985
AATCGAATGTAACAGT-1,1,30,126,9405,3803
ACAGATCTGAAGTATC-1,1,31,1,9476,15217
TGAGTGCAGAGGACCA-1,1,31,3,9477,15035
CAGCCAACGATAGCTT-1,1,31,5,9479,14852
ACGGTGATAATGTTAC-1,1,31,7,9480,14669
GAATCAATTACCGACC-1,1,31,9,9482,14487
AATCCGGAGCTTGTCT-1,1,31,11,9483,14304
TGAATGCGGTTATGGA-1,1,31,13,9484,14122
TACGGAGGAAGCACCT-1,1,31,15,9486,13939
GGCGGATATTGATTGA-1,1,31,17,9487,13756
TCGAATTGTACACTAT-1,1,31,19,9489,13574
GTAATCAGGCGGACGG-1,1,31,21,9490,13391
ATGTCGGCTGTCGTAA-1,1,31,23,9491,13209
CAAGTAGCCTCGATCC-1,1,31,25,9493,13026
GAAGCTGTTCTACATC-1,1,31,27,9494,12843
CAAGTACTTCAATAGT-1,1,31,29,9496,12661
GTTCCTGAACCTTCAA-1,1,31,31,9497,12478
GTTATGTTGCTTAGAT-1,1,31,33,9499,12295
CTTGAGCCTTGTTCCA-1,1,31,35,9500,12113
TAAGATTGAGATTACA-1,1,31,37,9501,11930
AGGACCGTAGATGCTA-1,1,31,39,9503,11748
ATCGTAACTACCTCTT-1,1,31,41,9504,11565
CATGCTCATCTGAACG-1,1,31,43,9506,11382
CTCGTCGCGATTAATT-1,1,31,45,9507,11200
TGCTGTCAGAACGAAG-1,1,31,47,9508,11017
TCATTGTTCAATGCGT-1,1,31,49,9510,10834
TAACGCGTAATATGGC-1,1,31,51,9511,10652
AGGCATTAAGTCTGGC-1,1,31,53,9513,10469
TCACCGTTGCTAATGG-1,1,31,55,9514,10287
TCCGAACCTCAACCAT-1,1,31,57,9515,10104
CTTGGTTAGAGTCATC-1,1,31,59,9517,9921
CGGTTATCTGTCTTAA-1,1,31,61,9518,9739
CTGGAATAGTGCAAGT-1,1,31,63,9520,9556
GCTCATACAATTAGAC-1,1,31,65,9521,9374
GGCGGAGCACTGATAA-1,1,31,67,9522,9191
GACTACGAGTTCCATT-1,1,31,69,9524,9008
AATGGCATAGTATCAT-1,1,31,71,9525,8826
TAGTGAGGACATGTTG-1,1,31,73,9527,8643
GAACTGTAACTCAGGC-1,1,31,75,9528,8460
ATCATTGTCCATGCCA-1,1,31,77,9529,8278
CCTACCACTCCAGTTA-1,1,31,79,9531,8095
CAGACGCAGTAGGTCT-1,1,31,81,9532,7913
ATTGCATATTGTTATC-1,1,31,83,9534,7730
GCTGGATGACTCTACC-1,1,31,85,9535,7547
GGTACGATCGACTTAA-1,1,31,87,9536,7365
ATTCAAGATTAGTTGC-1,1,31,89,9538,7182
TAACGAATCCTAGATA-1,1,31,91,9539,7000
TCTTGAGTCATTATAC-1,1,31,93,9541,6817
TGCCAGGATGAGGTTC-1,1,31,95,9542,6634
TCAAGGCAACGCGGCT-1,1,31,97,9544,6452
CGTAGTTCGTTGGTAG-1,1,31,99,9545,6269
TCATCGTTATGTATCT-1,1,31,101,9546,6086
TGGAGTGCTCCTGATC-1,1,31,103,9548,5904
GCCGTATGCCAGTCTT-1,1,31,105,9549,5721
CTCCTACCTCGTGGTA-1,1,31,107,9551,5539
TGAATGTACCTTCGTC-1,1,31,109,9552,5356
TAGTATAACCTCGACA-1,1,31,111,9553,5173
CCTCTTCGAGCGGTTG-1,1,31,113,9555,4991
ATACATCATGCACCAA-1,1,31,115,9556,4808
ATGCTGCGGATGGTTG-1,1,31,117,9558,4626
TATTGTTAACCGAGAC-1,1,31,119,9559,4443
CACGGCGTCAGCCTGC-1,1,31,121,9560,4260
TAACTCCGATACGTAA-1,1,31,123,9562,4078
CCGGCGAGAATATTGA-1,1,31,125,9563,3895
GTCCTCCGGATTATAC-1,1,31,127,9565,3712
GTCGTGCTAATGCCTT-1,1,32,0,9634,15310
ACTTGAATTAACTTAG-1,1,32,2,9636,15127
AGCACGTGCACTGTAA-1,1,32,4,9637,14945
TACAGTCTCGGCACGG-1,1,32,6,9638,14762
CCTACCATCGCAGTAT-1,1,32,8,9640,14579
ATGTACATCGTGGTTA-1,1,32,10,9641,14397
GTTGAATGTTGCTGCC-1,1,32,12,9643,14214
CGTCGGCGGTAGATCA-1,1,32,14,9644,14032
TCCAATCCAGATACAT-1,1,32,16,9645,13849
CTACGAGCCGGACGGT-1,1,32,18,9647,13666
ATGTGAATTGCTGACC-1,1,32,20,9648,13484
TCCTTGGCTCAAGAGT-1,1,32,22,9650,13301
TGACGCTCGCGGTAGT-1,1,32,24,9651,13118
AACTTGCAACTTGGAC-1,1,32,26,9652,12936
TGAGTGACCTACTCGT-1,1,32,28,9654,12753
CGAGCGAGCCACGCTA-1,1,32,30,9655,12571
TCCTGAAGCGTGCACT-1,1,32,32,9657,12388
CGGCACTCCGGTTCGC-1,1,32,34,9658,12205
TATTAACTTCCGCTCA-1,1,32,36,9659,12023
GCAGGTGCTGATGCTT-1,1,32,38,9661,11840
GCGATCTTGCTCACGC-1,1,32,40,9662,11657
GCACGCATAGATTGCT-1,1,32,42,9664,11475
TGTCAGAAGTTGTAAC-1,1,32,44,9665,11292
CAACCGTATTACTGTA-1,1,32,46,9667,11110
ACGACTGAAGACTTAC-1,1,32,48,9668,10927
GTCAGTTCTGCCTGGA-1,1,32,50,9669,10744
GTCATCACGTGGTTCA-1,1,32,52,9671,10562
AGTTATCCTGAACGAA-1,1,32,54,9672,10379
CCTGTCTGATAGGTGA-1,1,32,56,9674,10197
GCCTTGCCACTTCTGA-1,1,32,58,9675,10014
TGCAGTTATTCCACTC-1,1,32,60,9676,9831
CGATGCACCAGGCCTC-1,1,32,62,9678,9649
GATGTAGGAGTTGGCC-1,1,32,64,9679,9466
GCCTTGGCGAACAATC-1,1,32,66,9681,9283
CGACCAGAAGGATCCG-1,1,32,68,9682,9101
TGCGGACTCACGTGAT-1,1,32,70,9683,8918
TAGCTTAAGCTGGCGT-1,1,32,72,9685,8736
ATGGAGTAATCGGACC-1,1,32,74,9686,8553
GCGTACCGTGTATCAG-1,1,32,76,9688,8370
GAGCTACAGCTCGGTA-1,1,32,78,9689,8188
ATAGTCCGCCGTTGGC-1,1,32,80,9690,8005
CGAGGAGCGTTCGTTA-1,1,32,82,9692,7823
AGATTGAGTTAGGAAC-1,1,32,84,9693,7640
TAGTGCACTATTGTCA-1,1,32,86,9695,7457
GTGCAGGCACTCTAGG-1,1,32,88,9696,7275
ACGCCGGCATCACTGG-1,1,32,90,9697,7092
CCGACAAGACTGTACT-1,1,32,92,9699,6909
AGAACTTCGATGCGTA-1,1,32,94,9700,6727
CTATTCTGTAGGACCT-1,1,32,96,9702,6544
GCTTGGCTGCGGTAAC-1,1,32,98,9703,6362
ATGTACATGAACTCCG-1,1,32,100,9705,6179
TCGTGCCTCGGTAGTT-1,1,32,102,9706,5996
GCTTCTAAGTCTGACG-1,1,32,104,9707,5814
GCAATTAATCAACGTA-1,1,32,106,9709,5631
AATGGTGCGTCCTAAC-1,1,32,108,9710,5449
CTGTGGCTTGTCAGCT-1,1,32,110,9712,5266
CGCTGCTATGACAGAC-1,1,32,112,9713,5083
GTCAGTGCTGACAGCG-1,1,32,114,9714,4901
GCCAACGAGCGGCATA-1,1,32,116,9716,4718
GATCGTTGATGGATGC-1,1,32,118,9717,4535
TGTAATAGCCGATTAT-1,1,32,120,9719,4353
GTTATTCGCCGATCGC-1,1,32,122,9720,4170
ACGCGGCTCAAGTTCA-1,1,32,124,9721,3988
AACGTGACGGTCCACC-1,1,32,126,9723,3805
GGTCTGGTATGTGGCC-1,1,33,1,9794,15220
AATCCTCGTCACAGGC-1,1,33,3,9795,15037
CTATTAGTACTGGCTC-1,1,33,5,9797,14855
ACAGGCACGCGAGGAT-1,1,33,7,9798,14672
ACAGGATACCGGATTC-1,1,33,9,9799,14489
CTTAGCACGACAGAAC-1,1,33,11,9801,14307
GCAGTAGATGTCCAAT-1,1,33,13,9802,14124
CTGAAGTTGCAGACAT-1,1,33,15,9804,13941
TCCAGTGATTGGTGCT-1,1,33,17,9805,13759
GTACTGCATAAGGTTA-1,1,33,19,9806,13576
CGGTCTTGCTATTCTA-1,1,33,21,9808,13394
CCGGCAATGAAGTGAA-1,1,33,23,9809,13211
CGACCTGCATCTGCAT-1,1,33,25,9811,13028
CAAGTCCGCTACCGTT-1,1,33,27,9812,12846
TCTTACGAGGAATAAG-1,1,33,29,9813,12663
CGTGTTAGATGGTATC-1,1,33,31,9815,12480
GAGTAGACGCAGGCTC-1,1,33,33,9816,12298
GGTAGTACCGCAACAG-1,1,33,35,9818,12115
ATTCGGAAGCTATTAC-1,1,33,37,9819,11933
TGCTACTTGTGGCTGG-1,1,33,39,9820,11750
GGTCTTCCGCACATCC-1,1,33,41,9822,11567
TGGTGCACGACCTTAG-1,1,33,43,9823,11385
ATCGTCAGTTAGTCCA-1,1,33,45,9825,11202
AATCCGCCTGGTCAAT-1,1,33,47,9826,11020
AGTAGAGCATGGACGT-1,1,33,49,9828,10837
TCAGCTATTAATCGCT-1,1,33,51,9829,10654
TGGTTGAACACGCCAA-1,1,33,53,9830,10472
GACTAGTAATCTTGCT-1,1,33,55,9832,10289
ATAACCTAGAACCTGC-1,1,33,57,9833,10106
AGCGAGAACAGATTCT-1,1,33,59,9835,9924
AAGTCTTAAGTTGCCA-1,1,33,61,9836,9741
GACCACATTCTTGAAT-1,1,33,63,9837,9559
TAACGTCACTATAATC-1,1,33,65,9839,9376
CCTCTACCGTGATTGG-1,1,33,67,9840,9193
TCCAACTAAGACTCCA-1,1,33,69,9842,9011
GTTGACGAACCAGAAC-1,1,33,71,9843,8828
GCTTCTAGCGTTCATT-1,1,33,73,9844,8646
TGCTATCCATGTAATA-1,1,33,75,9846,8463
GGCGTGGCACGGCACT-1,1,33,77,9847,8280
CCGACAACGTCATCGG-1,1,33,79,9849,8098
CGCTGCTTCGCATACT-1,1,33,81,9850,7915
TCTATTCTGCATTGGC-1,1,33,83,9851,7732
CTGAAGTGCTGAACTG-1,1,33,85,9853,7550
TCTGTACGCTGTCCTC-1,1,33,87,9854,7367
GCGAGGATCGACCTTA-1,1,33,89,9856,7185
CGCCTTATCTTGGCGA-1,1,33,91,9857,7002
CGCCTCGAGCCACTCG-1,1,33,93,9858,6819
TCTTACTGAGACTAGT-1,1,33,95,9860,6637
GGACGTTGGAGGTGAT-1,1,33,97,9861,6454
CCAACTTGCCACCGTA-1,1,33,99,9863,6272
CAGTGAACAGCAACGA-1,1,33,101,9864,6089
TATCAACGAATATGAG-1,1,33,103,9866,5906
CCAGACATCCGGTTCT-1,1,33,105,9867,5724
CCTTGTCTACTTAGAC-1,1,33,107,9868,5541
GCGAGCGGTTGTCATG-1,1,33,109,9870,5358
AGCACGAGATAACGGT-1,1,33,111,9871,5176
TCGGACCAGGATCGCC-1,1,33,113,9873,4993
GTTATTGCTGAATCCG-1,1,33,115,9874,4811
ATGTCTGCGTTGCAGC-1,1,33,117,9875,4628
GTCTTGCTCAGATTAC-1,1,33,119,9877,4445
CTTCCATAACCTTACG-1,1,33,121,9878,4263
TGGTTGGCGAAGCCTT-1,1,33,123,9880,4080
TCATACTGGTGAACCG-1,1,33,125,9881,3897
GTCGAGACTGCCTAAG-1,1,33,127,9882,3715
GCAACAGCGTGGATCA-1,1,34,0,9952,15312
CGGAGCTCACTTGCAT-1,1,34,2,9953,15130
TATGACCGATGAAGTG-1,1,34,4,9955,14947
GACAACTTGATTGTGA-1,1,34,6,9956,14764
AACTTCATCTTCTGGT-1,1,34,8,9958,14582
CATGTTATTGATGCAG-1,1,34,10,9959,14399
TCCTATTGACTGTTGA-1,1,34,12,9960,14217
TGGAAGCTCCATCGAC-1,1,34,14,9962,14034
AAGGCCAGTCGCAATT-1,1,34,16,9963,13851
CTGGCGGACAACGCAC-1,1,34,18,9965,13669
TCATGAGGTTGATATG-1,1,34,20,9966,13486
TGCGTATCTTGTACCG-1,1,34,22,9967,13303
CTTACGCCATGCACAG-1,1,34,24,9969,13121
GTAGAAGTAAGCTGCG-1,1,34,26,9970,12938
AAGTTAAGCACTATAA-1,1,34,28,9972,12756
AGCGGTACGCCGAGAA-1,1,34,30,9973,12573
CCGCCATACTTCACCA-1,1,34,32,9974,12390
AAGGCGAACTAGTAGA-1,1,34,34,9976,12208
CTAAGTGGCCGATTAG-1,1,34,36,9977,12025
AGACGTGGCGTTGAGT-1,1,34,38,9979,11843
TGAACGGATCTGGTAC-1,1,34,40,9980,11660
GATGAGTGAACGGCTG-1,1,34,42,9981,11477
CCACGTGCCACCTCAA-1,1,34,44,9983,11295
AAGACTGTCATAGTGC-1,1,34,46,9984,11112
CTACAGATCGGTCGCC-1,1,34,48,9986,10929
ATCCGGTATCACAAGT-1,1,34,50,9987,10747
CTTACGTCATCCTTAT-1,1,34,52,9989,10564
GATCGGAGATACGCAG-1,1,34,54,9990,10382
CCATCTGTGGCATCGT-1,1,34,56,9991,10199
CTGCTCATTAGAGTGC-1,1,34,58,9993,10016
AAGCCAGGCCGACGTG-1,1,34,60,9994,9834
GACAACGGACTCAGCT-1,1,34,62,9996,9651
TGAGGTAGGACTACTG-1,1,34,64,9997,9469
GTACCTGAAGTGAATG-1,1,34,66,9998,9286
AGGACGTCGGCACGAA-1,1,34,68,10000,9103
GCCGCTGATTGGCCAG-1,1,34,70,10001,8921
GAGTAGGATGGTAGTC-1,1,34,72,10003,8738
CAAGACCACTATCGAA-1,1,34,74,10004,8555
CTATGTAGGCCGAACG-1,1,34,76,10005,8373
AGGCATTACTATAGTA-1,1,34,78,10007,8190
CTAAGCGTGCCTGCAA-1,1,34,80,10008,8008
CGATAAGGTGCCTGAC-1,1,34,82,10010,7825
GGACCGATCTGGATTA-1,1,34,84,10011,7642
GGCGCCACTGAACATC-1,1,34,86,10012,7460
TCCTCATCGTGCTGGA-1,1,34,88,10014,7277
ACTCTAAGCTTGCGCC-1,1,34,90,10015,7095
GACCGGCCATGTACCG-1,1,34,92,10017,6912
CAGACGAATGAGGAAC-1,1,34,94,10018,6729
TGCGTGTCGGCGGATA-1,1,34,96,10019,6547
ATCGCAGTCTATGGCA-1,1,34,98,10021,6364
TCCAATCTAACACGCA-1,1,34,100,10022,6181
GAGTTACTCAATGGAA-1,1,34,102,10024,5999
GTCAACAGTTAAGTGA-1,1,34,104,10025,5816
ATTCCGTAAGGATTCC-1,1,34,106,10026,5634
TGTCATGCATGAGCAC-1,1,34,108,10028,5451
ACCGGCCTCAGGAGTT-1,1,34,110,10029,5268
TCTGTCACCGTTAATA-1,1,34,112,10031,5086
AGTGTACCTCTGTATG-1,1,34,114,10032,4903
AGGTGGCTGTCGCCAA-1,1,34,116,10034,4720
CTCATATGATAACTAT-1,1,34,118,10035,4538
AAGATACAGGCGAACG-1,1,34,120,10036,4355
TGCCTACGCAGGCTGC-1,1,34,122,10038,4173
GCGTCGTAGGCTCATC-1,1,34,124,10039,3990
ATGCTGCGCTGTTGCA-1,1,34,126,10041,3807
CGTAACATCGTTACGG-1,1,35,1,10112,15222
TACACCAGTGCCGACA-1,1,35,3,10113,15040
ATACTATCAACTTGTA-1,1,35,5,10114,14857
CCATTGGCAATTCTCA-1,1,35,7,10116,14674
ATGTACAGTGCCTATG-1,1,35,9,10117,14492
TCCTTGAACAGGACCA-1,1,35,11,10119,14309
CACCATTCTTACGAGC-1,1,35,13,10120,14126
GAACTACAAGTAGGAG-1,1,35,15,10121,13944
AACCTACTGTAACTCA-1,1,35,17,10123,13761
CTCACGATCTCCGGAG-1,1,35,19,10124,13579
GCAAGAATGTTCCACC-1,1,35,21,10126,13396
TGGAGTGATGGCTCTT-1,1,35,23,10127,13213
GATAATCAGCTATTGT-1,1,35,25,10128,13031
TCTACATGAACTATAC-1,1,35,27,10130,12848
TAGTGACTCGCTCCGC-1,1,35,29,10131,12666
CCAGACATCGGCACGC-1,1,35,31,10133,12483
TCTTACGGCCGCAACA-1,1,35,33,10134,12300
TGTTGGAACCTTCCGC-1,1,35,35,10135,12118
GTTATTCGTAACGTCC-1,1,35,37,10137,11935
AACGAATTGACCGGTT-1,1,35,39,10138,11752
CGCCATGAGGCGATGA-1,1,35,41,10140,11570
CTTAGTGGTACACGAC-1,1,35,43,10141,11387
GTCACTTATCCAAGAC-1,1,35,45,10142,11205
ACGGTTCGTACAGTTG-1,1,35,47,10144,11022
TCAGCTAGGATGTACT-1,1,35,49,10145,10839
GATTCCATACTGAACC-1,1,35,51,10147,10657
ACCTGTGGTCACCTCG-1,1,35,53,10148,10474
GTGGTCGCTCTGTAGC-1,1,35,55,10149,10292
TCGCACTGTACGGCGA-1,1,35,57,10151,10109
TCTAGGCGGAAGGCAC-1,1,35,59,10152,9926
TCACAAGCTCGAGGCA-1,1,35,61,10154,9744
CTATGTGCGGTTGACT-1,1,35,63,10155,9561
TGGTAGCATCAAGTCT-1,1,35,65,10157,9378
CATTAACTATTGTTCC-1,1,35,67,10158,9196
CTCGACTCCTAATGGA-1,1,35,69,10159,9013
TGAAGTATGATCGTGC-1,1,35,71,10161,8831
ATTAAGAACAGCTCCG-1,1,35,73,10162,8648
GACAAGCTGAATCTGG-1,1,35,75,10164,8465
TAGTGACTCAATTGCT-1,1,35,77,10165,8283
TGAGACAGAAGTGCTC-1,1,35,79,10166,8100
GACAACTTAACCAACC-1,1,35,81,10168,7918
GGAGCGGCACCTCGTA-1,1,35,83,10169,7735
AATAGTTGGTGCTCAG-1,1,35,85,10171,7552
CTCATCCTGGCAAGTC-1,1,35,87,10172,7370
TCTGCGTGCTATTCTA-1,1,35,89,10173,7187
GCGATGACCGTGTAAT-1,1,35,91,10175,7004
CGTTGTGAGCAAGTGG-1,1,35,93,10176,6822
ATTCCGCAACGCCGCT-1,1,35,95,10178,6639
TCGGAACGTCTGCAAG-1,1,35,97,10179,6457
GGACGTCGCACGAGAA-1,1,35,99,10180,6274
ATAAGGAATAGAACAT-1,1,35,101,10182,6091
GATTCCGTGCGTATAC-1,1,35,103,10183,5909
TGCGATTAGCTCCGCC-1,1,35,105,10185,5726
TGCCTATCAATGCCAT-1,1,35,107,10186,5543
TCTACAACTGGAACTT-1,1,35,109,10187,5361
GGCGAGGCAGCCTACT-1,1,35,111,10189,5178
ATCGACAGCGGCAACA-1,1,35,113,10190,4996
ATACTAGTAACTGAGT-1,1,35,115,10192,4813
AATACGAGAACACTCG-1,1,35,117,10193,4630
CTGGTAATTAATCTGG-1,1,35,119,10195,4448
TCGAGCTGGTTGCCGA-1,1,35,121,10196,4265
AAGGTGTCCATTAAGA-1,1,35,123,10197,4083
AGCCAGCGTTACAGTC-1,1,35,125,10199,3900
GTCGAGTGATTACTGT-1,1,35,127,10200,3717
CTCCGCAGCCGCCTTC-1,1,36,0,10270,15315
ACGCAACGTGTAATTG-1,1,36,2,10271,15132
GTAGCACGAGCTCAAG-1,1,36,4,10272,14949
TCGTATGTCGTGCCTA-1,1,36,6,10274,14767
GCTCGTCTGCCGCAAT-1,1,36,8,10275,14584
TCGCCTGCGTGCGTGG-1,1,36,10,10277,14402
GCCTTCGCTTATGTTC-1,1,36,12,10278,14219
AGCTATAAGTCCAGCA-1,1,36,14,10280,14036
ACGTGCAATTATTCGG-1,1,36,16,10281,13854
GGTTCTCCTATCAGTT-1,1,36,18,10282,13671
ACATCGTAGACAGGTT-1,1,36,20,10284,13489
CGACGCCAAGGTGCAA-1,1,36,22,10285,13306
ATGACCAGACGGCCGG-1,1,36,24,10287,13123
CTCGGAGTCTTAAGGA-1,1,36,26,10288,12941
CTCAGGCACGTCAGAC-1,1,36,28,10289,12758
TATGACAGCGAGAAGC-1,1,36,30,10291,12575
GCGTACGAATCTAATC-1,1,36,32,10292,12393
CGCCTCTAATTCGCGG-1,1,36,34,10294,12210
CGTGGCTCCTTGTCTT-1,1,36,36,10295,12028
CAGAGGCACTTAAGTC-1,1,36,38,10296,11845
GTCATCACTATTGTGC-1,1,36,40,10298,11662
AGCACGCTCGATCTAA-1,1,36,42,10299,11480
TCTGAGTCAGATCTTG-1,1,36,44,10301,11297
ATAGACATGGCTATGG-1,1,36,46,10302,11115
CACTACTGCGGAATTG-1,1,36,48,10303,10932
TGTCTTGCGACTAATT-1,1,36,50,10305,10749
GTTCCAGTGCCTTACC-1,1,36,52,10306,10567
ACAGGAACTACAGAAC-1,1,36,54,10308,10384
TGGTATTCCTAGTCCA-1,1,36,56,10309,10201
GGCGGAAGTCTTGTAG-1,1,36,58,10310,10019
AGTTGTACTTAATGGA-1,1,36,60,10312,9836
GTGAAGATGAGTGCCT-1,1,36,62,10313,9654
CTTAGTCTATCGAGAC-1,1,36,64,10315,9471
GAGGTATTAATAGCGG-1,1,36,66,10316,9288
CAACGCTTGCTCCTAC-1,1,36,68,10318,9106
GTCCTTCATCAGATCA-1,1,36,70,10319,8923
GTGACAAGATGCTCAT-1,1,36,72,10320,8741
TAGGTCTTGGCTCGTC-1,1,36,74,10322,8558
GCGACACTAAGCTAAG-1,1,36,76,10323,8375
CAACTGCTGGAGTTAT-1,1,36,78,10325,8193
AGTGCCAGATGCTCTG-1,1,36,80,10326,8010
CCAGCACTCGACTGAC-1,1,36,82,10327,7827
CAGACAGTCGGATCTG-1,1,36,84,10329,7645
GTAACATACACCTGTT-1,1,36,86,10330,7462
TAGACATACGTCTAAT-1,1,36,88,10332,7280
GCATTGACTACAGCGA-1,1,36,90,10333,7097
GGTCTTATAGGCTGGC-1,1,36,92,10334,6914
GATTGTCGCAACGAGG-1,1,36,94,10336,6732
CATTAGGCAATGGTTA-1,1,36,96,10337,6549
GTTCTTGATCTGTTGA-1,1,36,98,10339,6366
TGTTCCTCACATTAAT-1,1,36,100,10340,6184
AGACGTAGGCGGACCG-1,1,36,102,10341,6001
CCTAATGGCACTGTTC-1,1,36,104,10343,5819
CTTAGCAAGGACAGCC-1,1,36,106,10344,5636
GGAGTCTAAGTGGTCC-1,1,36,108,10346,5453
AACTATTCTGCGGCCT-1,1,36,110,10347,5271
ATGTAGGTTGGCGAGG-1,1,36,112,10348,5088
GGTCTGGTTGTAGAAC-1,1,36,114,10350,4906
GACGTCTTATCTCAGC-1,1,36,116,10351,4723
GTTGCCACAAGTCATA-1,1,36,118,10353,4540
TAAGGTACGGATAGTG-1,1,36,120,10354,4358
CGGTTACGTCCATGAA-1,1,36,122,10355,4175
CGCTGACATTGCGGTC-1,1,36,124,10357,3992
CACGTGCCAGAATTCT-1,1,36,126,10358,3810
GCCGGCATTCCGCCGA-1,1,37,1,10429,15225
CTAACGTGAATGATGT-1,1,37,3,10431,15042
TGGTGCATTGTAATCC-1,1,37,5,10432,14859
TCGTCAGAACAGCCAG-1,1,37,7,10433,14677
TCATCCACGTGGTCAC-1,1,37,9,10435,14494
ATGATAATTCCTTGCG-1,1,37,11,10436,14312
AGGTCTCACGCCAATA-1,1,37,13,10438,14129
TAGTTCAATCGACCTC-1,1,37,15,10439,13946
AGGACCGCAATAGTTA-1,1,37,17,10441,13764
CTCCTGTCGAAGCCAA-1,1,37,19,10442,13581
CAACTGACAAGACAAG-1,1,37,21,10443,13398
GTCTATTGCGAGTTAC-1,1,37,23,10445,13216
CTGAAGGATCTGTACG-1,1,37,25,10446,13033
GTTATGATACGATTAT-1,1,37,27,10448,12851
TCTACAGCACGTCCGA-1,1,37,29,10449,12668
CAATGCGGATGCTGGT-1,1,37,31,10450,12485
GCACTGTTGCGGCCTT-1,1,37,33,10452,12303
ACGATGCTCCAATACA-1,1,37,35,10453,12120
CGTACATCACTGGATG-1,1,37,37,10455,11938
TAGTGAATGTTCAGTG-1,1,37,39,10456,11755
CGGAGCGGTAAGACGC-1,1,37,41,10457,11572
TAGACCGCGGAAGGAC-1,1,37,43,10459,11390
ACTCTACTTCCGCATT-1,1,37,45,10460,11207
GTGGCGCACCTGTTCC-1,1,37,47,10462,11024
GTCAGTAGGTGACCGG-1,1,37,49,10463,10842
TACGACGCGATTCAAG-1,1,37,51,10464,10659
GTTCATCTTACATTCC-1,1,37,53,10466,10477
GCGGCAAGTGTTATGT-1,1,37,55,10467,10294
TAAGTGGCCGCTCACC-1,1,37,57,10469,10111
GGCGTGTAATTACTTA-1,1,37,59,10470,9929
AACTGCCTCGATAGGT-1,1,37,61,10471,9746
CCGAGGATGACTCGTC-1,1,37,63,10473,9564
AATGAAGACGGTTCAG-1,1,37,65,10474,9381
TATGACAATGCTTGAA-1,1,37,67,10476,9198
TGCCTAAGTTAATTAT-1,1,37,69,10477,9016
CTTAGCTACGCAAGGT-1,1,37,71,10479,8833
CGCTCGGTACTGCGAA-1,1,37,73,10480,8650
GTCTGATATCTGAATT-1,1,37,75,10481,8468
AACTTCGCTTAGTCAG-1,1,37,77,10483,8285
TCTTCGCCATTCGAAT-1,1,37,79,10484,8103
GGCTGACGCCGAATCA-1,1,37,81,10486,7920
TGCGTTATGTTCCGGA-1,1,37,83,10487,7737
TAATACCGTTAATTGC-1,1,37,85,10488,7555
CCTGGCTTATGGTCTG-1,1,37,87,10490,7372
TGCGAATTCTCCGCAC-1,1,37,89,10491,7189
GTATTATGAGTTAGCG-1,1,37,91,10493,7007
TGGATCCAGTCACTTC-1,1,37,93,10494,6824
TGAATTCGTGGTATAA-1,1,37,95,10495,6642
ACCATTAGATCGTGGC-1,1,37,97,10497,6459
CGAGCTTAGAATACCT-1,1,37,99,10498,6276
TCCGAACATAGTCTGA-1,1,37,101,10500,6094
GTCACTTATGTCGTAT-1,1,37,103,10501,5911
GCGTCGGTCACGCCAG-1,1,37,105,10502,5729
TCATAGGTGAGTCGAC-1,1,37,107,10504,5546
GCGGTCCTGTAGTCTG-1,1,37,109,10505,5363
GAGGTGGCTCGAGGTT-1,1,37,111,10507,5181
CTGAAGTGCTATGGCG-1,1,37,113,10508,4998
AGTTCGTGCATGTCGA-1,1,37,115,10509,4815
CTGTATCGGAAGCTCC-1,1,37,117,10511,4633
ACCGATTCCGGATACT-1,1,37,119,10512,4450
ACCTAAGTGATAATCA-1,1,37,121,10514,4268
TATGTTGGCGAGAACA-1,1,37,123,10515,4085
CTTATTGAGTTCTGTA-1,1,37,125,10516,3902
TGTTGGCCTACACGTG-1,1,37,127,10518,3720
TGCGATGCAGGTGCGA-1,1,38,0,10587,15317
ACTAATCGGCCACCGA-1,1,38,2,10589,15135
GTGGCTGAATGCGAGT-1,1,38,4,10590,14952
CGATTGGAACAGGCCA-1,1,38,6,10592,14769
ACTGTACATCCGATAC-1,1,38,8,10593,14587
TCATTGGCGACCGACG-1,1,38,10,10594,14404
AACGAGCCTCTTCGGC-1,1,38,12,10596,14221
ATTAAGTGGCCTAAGG-1,1,38,14,10597,14039
ATGAGTACGCTTCCTA-1,1,38,16,10599,13856
GCACGCAACCATACCA-1,1,38,18,10600,13674
CGGTCAACGGCGGATT-1,1,38,20,10602,13491
ATGCATGTCACTCGTG-1,1,38,22,10603,13308
CTTAGTAAGCGTGGCA-1,1,38,24,10604,13126
GTTCCTTGAGGAACGC-1,1,38,26,10606,12943
ATAGCTTCACAACCGT-1,1,38,28,10607,12761
TGGACTGAGTACCTAG-1,1,38,30,10609,12578
GACGAGCTGCACTCGT-1,1,38,32,10610,12395
TGCACGGCTGAGACTT-1,1,38,34,10611,12213
GTAGCGCTCATCAGGT-1,1,38,36,10613,12030
CAATAACTACATTAAC-1,1,38,38,10614,11847
GCACCTAGCCGAATCT-1,1,38,40,10616,11665
GCCTTCTGTCACGCTC-1,1,38,42,10617,11482
AGACTCATGACCTGGC-1,1,38,44,10618,11300
TCGGCGCAGATAGATA-1,1,38,46,10620,11117
TCCAACTGAATAAGGT-1,1,38,48,10621,10934
CGATAAGAATTCCAGT-1,1,38,50,10623,10752
TAACGAGCCGAAGGTC-1,1,38,52,10624,10569
AGTAGACAGTAAGGAG-1,1,38,54,10625,10387
TCATAGCTTCCAGTAC-1,1,38,56,10627,10204
GCGGTGGCCGACGCAT-1,1,38,58,10628,10021
CTCAATGACCATTAAG-1,1,38,60,10630,9839
GCAAGATAGGTTAACT-1,1,38,62,10631,9656
ATACGCTGAGATCAGA-1,1,38,64,10632,9473
TCTTAGTCGTCTCGGC-1,1,38,66,10634,9291
TATCCACTTGCGTATC-1,1,38,68,10635,9108
ATCTGTACGCGTCTCC-1,1,38,70,10637,8926
AGAAGCAGCCTAAGCT-1,1,38,72,10638,8743
CTTCGATACTCCGACC-1,1,38,74,10639,8560
CGCCTTGTGAAGTCTA-1,1,38,76,10641,8378
ATGTGCGTCTGAACAG-1,1,38,78,10642,8195
GGCCTTCGACCAGGTA-1,1,38,80,10644,8012
CTTCCGACGCACAACC-1,1,38,82,10645,7830
GGAGCGAGTGTAACTT-1,1,38,84,10647,7647
TCAGCTCGCCAGGATG-1,1,38,86,10648,7465
CCGCTGTTGCCATACG-1,1,38,88,10649,7282
GTAGAAGGACATCATA-1,1,38,90,10651,7099
CGAATGGACCGTCTTG-1,1,38,92,10652,6917
ACGAACGCACGAGCAC-1,1,38,94,10654,6734
GCGAATAGTGGCTAAT-1,1,38,96,10655,6552
ACATTGGTTCACAGTG-1,1,38,98,10656,6369
GAACGCTAGAAGGCTA-1,1,38,100,10658,6186
TGTAGGTCACTACATG-1,1,38,102,10659,6004
AACCAAGGTATCAGGC-1,1,38,104,10661,5821
TATGAGTTCCGAGTGA-1,1,38,106,10662,5638
CTTAGCCTAATGGTAA-1,1,38,108,10663,5456
GTCGCTAAGTGAGGTT-1,1,38,110,10665,5273
TCTAGAATTGCGGTTG-1,1,38,112,10666,5091
CAACTGCATTCGACTC-1,1,38,114,10668,4908
AGACTCCGCTTCGTAT-1,1,38,116,10669,4725
CTATGGCCAACGCCGG-1,1,38,118,10670,4543
GAGGATACCAGGTACG-1,1,38,120,10672,4360
GCAGATCGGTAATTAT-1,1,38,122,10673,4178
ATCGCAGTAATATCAG-1,1,38,124,10675,3995
AGGATCGAGCACCGCC-1,1,38,126,10676,3812
TAAGGATTGGAAGTGG-1,1,39,1,10747,15227
CTCACCGCTCTAATCA-1,1,39,3,10748,15044
CGGCCTGCGATCGATG-1,1,39,5,10750,14862
CCTCACTTCCTTCCGA-1,1,39,7,10751,14679
TAATGACGAAGCGGCT-1,1,39,9,10753,14497
GCTTGGTCAACCGTGG-1,1,39,11,10754,14314
GGACGTTAGATATTAC-1,1,39,13,10755,14131
CTCAGGTCGTGCTCGC-1,1,39,15,10757,13949
CGAGTCCGTTGGAACT-1,1,39,17,10758,13766
TGATCCGCACTCCTTA-1,1,39,19,10760,13584
CGTAGCCAAGTCCGTC-1,1,39,21,10761,13401
TCAGTCCAACGGAAGT-1,1,39,23,10762,13218
CAGCCTCGTGGCTCAC-1,1,39,25,10764,13036
CGATAAGGATAGGCAA-1,1,39,27,10765,12853
CGGTAGAACGTGACTT-1,1,39,29,10767,12670
CGGTAGATTCCTATGC-1,1,39,31,10768,12488
CCTTCCAACCTTCAGA-1,1,39,33,10770,12305
TCGGACATTCTATGAG-1,1,39,35,10771,12123
CACCATAAGCTGGCTG-1,1,39,37,10772,11940
TGTTCTGCTCTGTCGT-1,1,39,39,10774,11757
CTCCACGCTAGCTAGA-1,1,39,41,10775,11575
GTCAGCCTCCGAACCT-1,1,39,43,10777,11392
AACCGCCAGACTACTT-1,1,39,45,10778,11210
TACTCCGAAGTAGAAT-1,1,39,47,10779,11027
TGAACGGACACGTATC-1,1,39,49,10781,10844
TCCTGGTGGCAATAGC-1,1,39,51,10782,10662
CGTCGGCAGACGGTAT-1,1,39,53,10784,10479
CGATGTCCGACTACAG-1,1,39,55,10785,10296
GGCATTGCTAAGAATG-1,1,39,57,10786,10114
TCAGGAGCAACGGTCG-1,1,39,59,10788,9931
TGGCCTGACATACTCA-1,1,39,61,10789,9749
CTTACGGTAAGCCGAA-1,1,39,63,10791,9566
GAGGTGCATTCGGATC-1,1,39,65,10792,9383
GCCAGTAGACGATACC-1,1,39,67,10793,9201
CTGTTCCAGAAGCTGA-1,1,39,69,10795,9018
AAGCAGCGGACACGTG-1,1,39,71,10796,8835
CACGTCCACGACCTAT-1,1,39,73,10798,8653
AGTGAGTATTCTAAGT-1,1,39,75,10799,8470
GTATCTGTCAACGGTG-1,1,39,77,10800,8288
AACTCAACCTTGACCA-1,1,39,79,10802,8105
TGTAAGATCTTCACAT-1,1,39,81,10803,7922
GCAGATCCTAATGTGG-1,1,39,83,10805,7740
ATTCTACTGGTCGTTC-1,1,39,85,10806,7557
GCCTGGTCAGGTTGCC-1,1,39,87,10808,7375
CAACTGCAGTGCAATA-1,1,39,89,10809,7192
TATCACTTCGAGCCGT-1,1,39,91,10810,7009
GGTCTGCGAACTGTAT-1,1,39,93,10812,6827
GTGAAGTGATCGTGCT-1,1,39,95,10813,6644
ATTCCTGCCTTAACAG-1,1,39,97,10815,6461
ACGATGACTATTAGAT-1,1,39,99,10816,6279
TCATTCACTGTAATGG-1,1,39,101,10817,6096
TAAGAATATGAGATAG-1,1,39,103,10819,5914
TGACGGAGCGCTATAC-1,1,39,105,10820,5731
ATTCTAGTCCACAAGA-1,1,39,107,10822,5548
TAGCGTCACGACAGGC-1,1,39,109,10823,5366
GGTGCAATCAGACTTC-1,1,39,111,10824,5183
TGTACCACATACTGGT-1,1,39,113,10826,5001
CCATGAACAATGCTCC-1,1,39,115,10827,4818
GTGGTTACCTTGCGCA-1,1,39,117,10829,4635
CACTCAAGACGGACTA-1,1,39,119,10830,4453
AACTGCGATCGACTAA-1,1,39,121,10831,4270
TATTCTCGTGCTTGGC-1,1,39,123,10833,4087
CGTAAGGATACGGCAC-1,1,39,125,10834,3905
ATACTATCCGAACATA-1,1,39,127,10836,3722
GTAGCCTAAGGTTAGT-1,1,40,0,10905,15320
TGGCGAGCCACTAGCG-1,1,40,2,10907,15137
GATAGCTAATGGATAG-1,1,40,4,10908,14954
ATGTGATCCGTCTAAC-1,1,40,6,10909,14772
CGTGTTACCATATGTA-1,1,40,8,10911,14589
GGATAATTATGCTGGT-1,1,40,10,10912,14407
TCAGATTACCAGGTTA-1,1,40,12,10914,14224
CCTTAGTCTGTCACTG-1,1,40,14,10915,14041
TGGCAAGCGACACTTA-1,1,40,16,10916,13859
ATTATCCAGGTGAAGT-1,1,40,18,10918,13676
GACGGTACCTGGCCGT-1,1,40,20,10919,13493
CCGGCGCTAAGGATGA-1,1,40,22,10921,13311
TATCACCGGCATCGTG-1,1,40,24,10922,13128
GATATCTTGTGACACG-1,1,40,26,10923,12946
TCAGTTGACAGTGCCA-1,1,40,28,10925,12763
CCACATGGCGACGTCT-1,1,40,30,10926,12580
AGGACCTGTACCATTC-1,1,40,32,10928,12398
TCGATCTAATGTTAGT-1,1,40,34,10929,12215
CCTGTCCTCAGTTGTA-1,1,40,36,10931,12033
GAGGTAACTGCGAGAC-1,1,40,38,10932,11850
TGTAATCATATGAGAC-1,1,40,40,10933,11667
GCATGCTGAGACAGGT-1,1,40,42,10935,11485
CGGTCCATTACAACTA-1,1,40,44,10936,11302
CTACCAGACCTCTTAG-1,1,40,46,10938,11119
TAACAGGTCCATACCA-1,1,40,48,10939,10937
CTCAGGTCACTACAGC-1,1,40,50,10940,10754
CAGCCATGTCTGCCGT-1,1,40,52,10942,10572
AGACGGCCTTACGGAG-1,1,40,54,10943,10389
TCTTACTCTGTATGCG-1,1,40,56,10945,10206
CGTAGTACGCATAATG-1,1,40,58,10946,10024
GGTCTTGAACCGGCCA-1,1,40,60,10947,9841
CTCCTACATTGTATCT-1,1,40,62,10949,9658
CTCAATACGTTAACCG-1,1,40,64,10950,9476
CGTCAAGGCGGAATGT-1,1,40,66,10952,9293
CGACAATTATTCTGTC-1,1,40,68,10953,9111
GACAGTCACTTCGCTC-1,1,40,70,10954,8928
GCCGGTATGCTCATGC-1,1,40,72,10956,8745
AATAGTATAGTTGTCG-1,1,40,74,10957,8563
GAACAGATAACCTTAA-1,1,40,76,10959,8380
CTGTCACTCGGCCTTA-1,1,40,78,10960,8198
ATGTATCGGAATACGG-1,1,40,80,10961,8015
CGGCAACCTAAGTCCA-1,1,40,82,10963,7832
GTGACTGTCCTGGTAT-1,1,40,84,10964,7650
TACACTGCAGGTTAGA-1,1,40,86,10966,7467
TAACGCTTATGCCATA-1,1,40,88,10967,7284
ACAGAATGTCTTATTG-1,1,40,90,10968,7102
GGTCTGAAGTATGTCA-1,1,40,92,10970,6919
GTCACTAAGCCAGCGG-1,1,40,94,10971,6737
GGTGCAGGCACCGCGT-1,1,40,96,10973,6554
GCGACAGTGCCGCACC-1,1,40,98,10974,6371
CGCCTCGATAATGCGG-1,1,40,100,10976,6189
CCGCTCTGCTGAATTC-1,1,40,102,10977,6006
ATGTATGAGTACCGGA-1,1,40,104,10978,5824
GTACTTACTTCATACC-1,1,40,106,10980,5641
ACCACGGCCTCGCACC-1,1,40,108,10981,5458
CTGTGGTAAGCTAATA-1,1,40,110,10983,5276
TACACCTTGCGGCAGG-1,1,40,112,10984,5093
CATCGGCATGTCGAAG-1,1,40,114,10985,4910
AGCTACCAGCGTTACT-1,1,40,116,10987,4728
TAATTCCTGCAGAAGG-1,1,40,118,10988,4545
AGCTCGCATTAGGATT-1,1,40,120,10990,4363
GCTTGAACTCGCCATG-1,1,40,122,10991,4180
CAGTGATATTGATGTC-1,1,40,124,10992,3997
ATACGCGGTGAAGCCG-1,1,40,126,10994,3815
ATGGAGTCTTCGCAGT-1,1,41,1,11065,15230
TGGCCAAGCTGGCACC-1,1,41,3,11066,15047
CTATAACCAGCAGTAT-1,1,41,5,11068,14864
AGGCTTAACCGATTGT-1,1,41,7,11069,14682
ATCGTCTTAACGAAGG-1,1,41,9,11070,14499
TCGTTAGCCAGGCCAG-1,1,41,11,11072,14316
TACACTTCGCACCGAT-1,1,41,13,11073,14134
CCAGCGGATTCCGCTG-1,1,41,15,11075,13951
CACTGGTGAGTTATCG-1,1,41,17,11076,13769
GCAGGCAGTGATCTAC-1,1,41,19,11077,13586
TGCGGATCGGATCTTA-1,1,41,21,11079,13403
CCACGGTACACCAACC-1,1,41,23,11080,13221
CAAGGTCTCAATACAG-1,1,41,25,11082,13038
TAAGATTGCTCACTTC-1,1,41,27,11083,12856
CAGAATTCTTGAACCA-1,1,41,29,11084,12673
GACTTCATACCGCTGT-1,1,41,31,11086,12490
CGAACTACAGATGTAA-1,1,41,33,11087,12308
AGGCTGCAGCTCAGGC-1,1,41,35,11089,12125
ATGCCGTTGTGAAGCG-1,1,41,37,11090,11942
TAGTTCCGATAGAATC-1,1,41,39,11092,11760
TGGATCATTGTAACGG-1,1,41,41,11093,11577
TAATTACCGGTGCGAG-1,1,41,43,11094,11395
TGTCTTGGAATTGGCA-1,1,41,45,11096,11212
ATTAGTGCTTGGTCAT-1,1,41,47,11097,11029
TGCCAGTGATTCGTGC-1,1,41,49,11099,10847
ATCTACTCACATCTCC-1,1,41,51,11100,10664
TCTGCAATTCACAAGA-1,1,41,53,11101,10481
GTCTCATGACTAGTTG-1,1,41,55,11103,10299
TCCGCCAGTGATTAAT-1,1,41,57,11104,10116
AATGGACATCCTACTC-1,1,41,59,11106,9934
GGAATCCTTAGACTGT-1,1,41,61,11107,9751
GTTGACTAGAGCACGT-1,1,41,63,11108,9568
GGTAAGGCGACGATGA-1,1,41,65,11110,9386
CAGATTGCCTGTAAGT-1,1,41,67,11111,9203
GCAGGCCATTCCTGCC-1,1,41,69,11113,9021
AGACCGACCGCAGACA-1,1,41,71,11114,8838
CGAGGAAGACTTAGAT-1,1,41,73,11115,8655
GCACCTTACTGGCTAC-1,1,41,75,11117,8473
CATGTTACCGAAGGCG-1,1,41,77,11118,8290
ATTCACGTCGCAGGCT-1,1,41,79,11120,8107
ATAGTTAAGGCACGAG-1,1,41,81,11121,7925
AAGTGGCGAAGTTAAT-1,1,41,83,11122,7742
GAGTCCACTCATAACA-1,1,41,85,11124,7560
CAGTACAGTTGTGGAA-1,1,41,87,11125,7377
CGATGAGGCCAACGTA-1,1,41,89,11127,7194
CCGATGGAACATCAGC-1,1,41,91,11128,7012
ACAGAATCCGTTGCTT-1,1,41,93,11129,6829
GTGGAACAGAAGTCGA-1,1,41,95,11131,6647
TATCAAGGCCGCGTGG-1,1,41,97,11132,6464
AACTAGGCCTGACACC-1,1,41,99,11134,6281
ATAAGTACCACGAGTT-1,1,41,101,11135,6099
AGGACGAATGCTTCAA-1,1,41,103,11137,5916
AATGGAGGACCTGGTG-1,1,41,105,11138,5733
TCCGAATAGAAGCACC-1,1,41,107,11139,5551
TAGACAGGAGATCATT-1,1,41,109,11141,5368
CGAGCGTAATGGAGTG-1,1,41,111,11142,5186
CTCCACTGGCTAATGG-1,1,41,113,11144,5003
GTAATGACGGTCTACG-1,1,41,115,11145,4820
GTCGCAACGAGCTGAC-1,1,41,117,11146,4638
CGCCACATGCGTCCAA-1,1,41,119,11148,4455
AGCCATCCGTCAACTC-1,1,41,121,11149,4273
AACATATTCTTGCGAA-1,1,41,123,11151,4090
TCACGTCTAAGACTAG-1,1,41,125,11152,3907
GTTCGAGCTCGCGAAT-1,1,41,127,11153,3725
CATGCATATGACGTCG-1,1,42,0,11223,15322
TCCTACCGGTTCCTAG-1,1,42,2,11224,15139
AGACCGAACCGATGTC-1,1,42,4,11226,14957
CTAACGTTAGGCAATG-1,1,42,6,11227,14774
GATTATGTGACATGAT-1,1,42,8,11229,14592
CTCGGTCTCCAACTGC-1,1,42,10,11230,14409
CGCACGTGACTGTTGG-1,1,42,12,11231,14226
GTGCAGTTGTGGCGCT-1,1,42,14,11233,14044
CACCTAGAATACTTCT-1,1,42,16,11234,13861
GACCTGCTGTACGAAG-1,1,42,18,11236,13679
TAGCAGTGATTCTGTC-1,1,42,20,11237,13496
TCTGCCTGGATGTCAG-1,1,42,22,11238,13313
CCTACCATGTGATCAC-1,1,42,24,11240,13131
TCCTATGAGGATTGTT-1,1,42,26,11241,12948
AGCGGTGCAGGCATCT-1,1,42,28,11243,12765
CGGTGAACTCACATTG-1,1,42,30,11244,12583
CTGAATTCGCGTAAGG-1,1,42,32,11245,12400
GTTCATACCTTGGTTA-1,1,42,34,11247,12218
CGACTTCACTCGGCAT-1,1,42,36,11248,12035
ATCTGGATCCTCAGAC-1,1,42,38,11250,11852
TAGTGCAGTGCGGTAG-1,1,42,40,11251,11670
ACGCTGCGATTAACGA-1,1,42,42,11252,11487
TCCGAATCATGTTGTC-1,1,42,44,11254,11304
GGTTCACCGACTCACG-1,1,42,46,11255,11122
TCCGAGTACGACTTAG-1,1,42,48,11257,10939
CTTCGTCAAGACTCGT-1,1,42,50,11258,10757
CATCCGCCTAAGGAAC-1,1,42,52,11260,10574
CTGTATCTTCGCCATA-1,1,42,54,11261,10391
CACTGGCCAGCCAGAT-1,1,42,56,11262,10209
ATGATATCTAGTCTTA-1,1,42,58,11264,10026
ATACATCAAGGATTGC-1,1,42,60,11265,9844
AGTCGCCACTCGGCGA-1,1,42,62,11267,9661
GATGCCTAGAGTCTGT-1,1,42,64,11268,9478
TCGTCCAGCATGGCTT-1,1,42,66,11269,9296
AGACTCATTGCGGACA-1,1,42,68,11271,9113
CGCTTATGGTTAGGAT-1,1,42,70,11272,8930
TCAGTTCTCCGGACCG-1,1,42,72,11274,8748
CACGATCATACAATTA-1,1,42,74,11275,8565
CAGATTCCGTATGCGA-1,1,42,76,11276,8383
GCACGCATAGGCGATC-1,1,42,78,11278,8200
GATCCACCGCGTGCAA-1,1,42,80,11279,8017
CCAGACAATATCGTTA-1,1,42,82,11281,7835
CGAGGATTCGATCATA-1,1,42,84,11282,7652
CCAATCTTGCCTATGG-1,1,42,86,11283,7470
TCCAACTGCCGCCATA-1,1,42,88,11285,7287
CATCGCGGTCGGTGCG-1,1,42,90,11286,7104
AGTTCGTGCAGACCTT-1,1,42,92,11288,6922
TGACCAGCACTCCAGC-1,1,42,94,11289,6739
CTCACCTGCCGACTAA-1,1,42,96,11290,6556
GAATACAGACGAACTG-1,1,42,98,11292,6374
AACTGCAACGTCCTGG-1,1,42,100,11293,6191
TCGGTAGGCATCACGC-1,1,42,102,11295,6009
GAATGAGTATAGACCA-1,1,42,104,11296,5826
CGCATGGAATTCACGA-1,1,42,106,11298,5643
ATGCCTTCGTAAGTTA-1,1,42,108,11299,5461
AGGATCCGTGAGGCGG-1,1,42,110,11300,5278
CGACGCCGCAAGTAGC-1,1,42,112,11302,5096
ACGGCCTTGCCAGAAC-1,1,42,114,11303,4913
AATGATCTTGACAGCG-1,1,42,116,11305,4730
GTTGCTTGCAATCACT-1,1,42,118,11306,4548
GCCAGGCTTAATGGCC-1,1,42,120,11307,4365
TCCAGTTGCGGTGCAC-1,1,42,122,11309,4182
AAGGTGATCCGTGACG-1,1,42,124,11310,4000
GGAGCAATGCGGTGCA-1,1,42,126,11312,3817
GCTTACATGTTGCGCT-1,1,43,1,11383,15232
CCGCAAGTAGCGGACT-1,1,43,3,11384,15049
CAGTGAAGATACATAA-1,1,43,5,11385,14867
TGACCATGTACACTCA-1,1,43,7,11387,14684
CTTAGCTTCGCTGACC-1,1,43,9,11388,14502
CATGATGCATGTGCTA-1,1,43,11,11390,14319
ATTACTGTACGCGGTG-1,1,43,13,11391,14136
TGCATTCTTACGGAGG-1,1,43,15,11392,13954
GGCTGTTCAATGTCAA-1,1,43,17,11394,13771
CTGTATGGCTCAACAT-1,1,43,19,11395,13588
GTAGCAGAACATGGTG-1,1,43,21,11397,13406
ATGAGCTATTCGAAGA-1,1,43,23,11398,13223
TCGAATTAGTTACTCC-1,1,43,25,11399,13041
GAGCGAATCGGTAGAA-1,1,43,27,11401,12858
ATTGCAGTTCTTCATT-1,1,43,29,11402,12675
ATGCTCCAACCTGGCC-1,1,43,31,11404,12493
TAGATGCGTGCCAGCG-1,1,43,33,11405,12310
TCACCATAGATTGTTA-1,1,43,35,11406,12127
GCTGACTTGTCTCAAT-1,1,43,37,11408,11945
CGCTCGCAATTGGCGA-1,1,43,39,11409,11762
GGAGGTCGTAGGAGCT-1,1,43,41,11411,11580
CCTACACCGACATTAC-1,1,43,43,11412,11397
CGAGTCATCCGCACCA-1,1,43,45,11413,11214
CGCAGATAGATGTTCT-1,1,43,47,11415,11032
ACAGGTTCAGTGAACG-1,1,43,49,11416,10849
TCGCCTGACGGCCACT-1,1,43,51,11418,10667
GCCGGCGTGAACTTGC-1,1,43,53,11419,10484
TCGCCTATCGACTCCT-1,1,43,55,11421,10301
ATCGCAATGCACTAAC-1,1,43,57,11422,10119
GGACCGCTTCCTGGCA-1,1,43,59,11423,9936
GAATAAGGAGAACTAA-1,1,43,61,11425,9753
CTACATCTACTGGCTT-1,1,43,63,11426,9571
TAGAGGCGATTGATTC-1,1,43,65,11428,9388
GTGGTTGCCGCTTCAA-1,1,43,67,11429,9206
CATCAGATACTAATCG-1,1,43,69,11430,9023
TGCATTGCTGTCGGCG-1,1,43,71,11432,8840
TAGGATGCACCGTTCA-1,1,43,73,11433,8658
TGCAACGTTACCTGGT-1,1,43,75,11435,8475
GCATGACGGATTATCA-1,1,43,77,11436,8293
GTTGTCCTGTGATGTA-1,1,43,79,11437,8110
ATAGATGCCTAAGCAC-1,1,43,81,11439,7927
CACTTGACATTCAGAA-1,1,43,83,11440,7745
ATGCATGGTTCCGCCT-1,1,43,85,11442,7562
CCGGCGTCTTAATAAG-1,1,43,87,11443,7379
AATGATTACAACCTAA-1,1,43,89,11444,7197
CTCGTTCTGTCACGTT-1,1,43,91,11446,7014
AGGACGTATCGCCGTA-1,1,43,93,11447,6832
TCTTACCGCTCGTATG-1,1,43,95,11449,6649
TGGTGCCTAGCACGGC-1,1,43,97,11450,6466
AGGATTCTACGCCTAG-1,1,43,99,11451,6284
ACAATACAGGCGCCGT-1,1,43,101,11453,6101
TGATAAGCAGTAAGAA-1,1,43,103,11454,5919
ATTATCTAGATTAACG-1,1,43,105,11456,5736
GAGTCTCGAGATAGTC-1,1,43,107,11457,5553
TAGTTGGCTTAGGCCT-1,1,43,109,11458,5371
ACGAGGACCTGCTAGT-1,1,43,111,11460,5188
TGCTTATGAATAAGCA-1,1,43,113,11461,5005
TATCTAGTGCCATATT-1,1,43,115,11463,4823
CGTTCTCGAGGTTCGC-1,1,43,117,11464,4640
GCGAAGTTGGCGTGCA-1,1,43,119,11466,4458
TCCAGAGGTCGACAGC-1,1,43,121,11467,4275
GAGGACAGTGATCGGC-1,1,43,123,11468,4092
TAGCCGTAGCCAGGTG-1,1,43,125,11470,3910
CCACGTCAATCAACAT-1,1,43,127,11471,3727
GTCACTTACGTGTATG-1,1,44,0,11541,15325
CTGGTGCACGATCAAG-1,1,44,2,11542,15142
TCGTATCGGTCTCCTT-1,1,44,4,11544,14959
GTGCAGCCGGTCTGCA-1,1,44,6,11545,14777
GTATTAGGTTATCTGC-1,1,44,8,11546,14594
ACAGTACGCACTACCT-1,1,44,10,11548,14411
TAACGCTTCGGCACTT-1,1,44,12,11549,14229
AGCTCAACATCGTCCG-1,1,44,14,11551,14046
AGGTTCCACGCCGAAG-1,1,44,16,11552,13864
TCAGAATCTAATAGTC-1,1,44,18,11553,13681
GTCAGCCAACATCACG-1,1,44,20,11555,13498
CGGAGTCTTACGTGAA-1,1,44,22,11556,13316
AATGTAGTCTTACGAG-1,1,44,24,11558,13133
GGAGAAGCCAAGCGCT-1,1,44,26,11559,12950
TCAACCGGAGACCTCG-1,1,44,28,11560,12768
GAATCATAGTCTGAAG-1,1,44,30,11562,12585
AGGTTGAGTAGGAGAT-1,1,44,32,11563,12403
CTGGAACAATAGACAG-1,1,44,34,11565,12220
CCTGAAGCGTATAGCA-1,1,44,36,11566,12037
AGCATGCACCGCGTCA-1,1,44,38,11567,11855
GTTGAGCTTCGTCCGG-1,1,44,40,11569,11672
CGTTGGTCGTCACTGT-1,1,44,42,11570,11490
TGTTCAGAACGGTGTA-1,1,44,44,11572,11307
TAGTTCGAGTAGGAAG-1,1,44,46,11573,11124
AGCGTTATACCTGTTG-1,1,44,48,11574,10942
ACGCGTCGGTGAGGTT-1,1,44,50,11576,10759
AGGTCTTCCATCGCCG-1,1,44,52,11577,10576
TCCGTGTCTTACATAA-1,1,44,54,11579,10394
TCAGTCGCCAAGGTTG-1,1,44,56,11580,10211
GTCTTGCGGCGATTCA-1,1,44,58,11581,10029
ATTACATTGAAGTATG-1,1,44,60,11583,9846
AGTCGGTCTAATCTGT-1,1,44,62,11584,9663
CGAGTGCGGCTCGTGG-1,1,44,64,11586,9481
AGCGGTGAGTGACATG-1,1,44,66,11587,9298
TGGTCGCCGGCTTACT-1,1,44,68,11589,9116
CTTCGATAACATTGGT-1,1,44,70,11590,8933
GCGAATCGAGAACACG-1,1,44,72,11591,8750
CTATGCCGTACAGCGT-1,1,44,74,11593,8568
ATCGTCACCATGTCAC-1,1,44,76,11594,8385
TCGGCGCAGAATGTCT-1,1,44,78,11596,8202
CCTTGTGATGGTCTAG-1,1,44,80,11597,8020
TCTGCGTGCTTCAGAC-1,1,44,82,11598,7837
GGAATGGCAACTTGGA-1,1,44,84,11600,7655
GATTCCATTGAGTTGA-1,1,44,86,11601,7472
CACCTAGACGAGCCGG-1,1,44,88,11603,7289
CTCATAGCCAATGTCG-1,1,44,90,11604,7107
ATGCTGAATGCAATAG-1,1,44,92,11605,6924
CTACTGCTCCGACAGT-1,1,44,94,11607,6742
ATAGTACTATGGTTCT-1,1,44,96,11608,6559
GCAGGTCACTACCTCA-1,1,44,98,11610,6376
TGCCAGCTATTGTAGA-1,1,44,100,11611,6194
TGAGTGAGGCACGCCT-1,1,44,102,11612,6011
GTCAGTGCCAGAATAA-1,1,44,104,11614,5828
TGAGTATTCTAGGACT-1,1,44,106,11615,5646
ACAACTGTCGTGGATA-1,1,44,108,11617,5463
CCTCGGAAGGCATGCA-1,1,44,110,11618,5281
CTGATTATCAATAGAC-1,1,44,112,11619,5098
AGCGGTTACAATACGC-1,1,44,114,11621,4915
GTATGCGGTATCATGA-1,1,44,116,11622,4733
GTCTTGACTTGCTCTG-1,1,44,118,11624,4550
ATACCGTTCCAGTCCA-1,1,44,120,11625,4367
TATGACAAGTGGAAGA-1,1,44,122,11627,4185
AACAGTCGTGTCGCGG-1,1,44,124,11628,4002
GATACATAACGCATGT-1,1,44,126,11629,3820
ACTGCCGTTGGTGAGC-1,1,45,1,11700,15234
AACTTGGTTACATAAC-1,1,45,3,11702,15052
GTATTCTAAGTGCTGT-1,1,45,5,11703,14869
TGAGCCGCGTGATCAT-1,1,45,7,11705,14687
GATTCGCCATGTATCA-1,1,45,9,11706,14504
AGACTCAGACAGATAA-1,1,45,11,11707,14321
ACCTATGCTACCGGAT-1,1,45,13,11709,14139
CATACAATGAGTAGCT-1,1,45,15,11710,13956
TGCTGTGAAGTCAAGA-1,1,45,17,11712,13773
GCTGAGTGTTCAACCG-1,1,45,19,11713,13591
GCAATCCTCGAGCGTT-1,1,45,21,11714,13408
TCCGCCAACATTGCTC-1,1,45,23,11716,13226
ACGCTCAGTGCTATTC-1,1,45,25,11717,13043
GCAGATACGTTGAACG-1,1,45,27,11719,12860
CCTGCTCGCCGTCCAG-1,1,45,29,11720,12678
AGATCTCCGCCTTATT-1,1,45,31,11721,12495
CGCAGATTCGACCGAA-1,1,45,33,11723,12313
GAGCTACAAGATCAAG-1,1,45,35,11724,12130
ATACGGCGACTGGTCT-1,1,45,37,11726,11947
TCCAACGTGGTTGTTC-1,1,45,39,11727,11765
GTACAGATGACATCGC-1,1,45,41,11728,11582
TAGGACATCAGCATGG-1,1,45,43,11730,11399
GACAATTGTATGCTTC-1,1,45,45,11731,11217
AGCGTGCTTCGCTCAT-1,1,45,47,11733,11034
TGGCCTGGCACTGTGG-1,1,45,49,11734,10852
GAATGACACGACTAGG-1,1,45,51,11735,10669
ATAGTTCGCAGCCGTG-1,1,45,53,11737,10486
TGATGGCCGGCATCGC-1,1,45,55,11738,10304
ACTCAGTGAGCCTCCA-1,1,45,57,11740,10121
TAATAGCGCTGTACTC-1,1,45,59,11741,9939
TCGATCCAGTCTGTAG-1,1,45,61,11742,9756
GTGCAACGACGGTGTT-1,1,45,63,11744,9573
TGCAGACAATACTGTT-1,1,45,65,11745,9391
GAGTGCCGCATTAGGC-1,1,45,67,11747,9208
CTGCCGTGAAGTCGCA-1,1,45,69,11748,9025
GCTTGGATGCTCGCTT-1,1,45,71,11750,8843
AAGGCCGACCTACCTG-1,1,45,73,11751,8660
ACTTGAAGCGAGCGGT-1,1,45,75,11752,8478
CCTGTCTGCATAGGTC-1,1,45,77,11754,8295
AGCGTGGCACCGACAA-1,1,45,79,11755,8112
GAACTACCTTATCATA-1,1,45,81,11757,7930
TCGAGTGGTAGGTCAC-1,1,45,83,11758,7747
ATACAAGGTCAGTAGA-1,1,45,85,11759,7565
CTCGGATCGGAATACG-1,1,45,87,11761,7382
CAAGTGTTCGCCACGC-1,1,45,89,11762,7199
GTCTAGTCTAGCGACG-1,1,45,91,11764,7017
GGTTCATTCCGGCCTC-1,1,45,93,11765,6834
CTACGAATTGGCTGGT-1,1,45,95,11766,6651
AAGGCAGTCTGATCAC-1,1,45,97,11768,6469
ATACAATTGCGGTATT-1,1,45,99,11769,6286
CCGATAATGGAGCCTT-1,1,45,101,11771,6104
GTCACTGAATCTCACC-1,1,45,103,11772,5921
AGCCAGCGGCAAGCGT-1,1,45,105,11773,5738
TAGTGGTTGAACCAAT-1,1,45,107,11775,5556
ATAAGAATCATGCATC-1,1,45,109,11776,5373
CGCTATTAATCTATAA-1,1,45,111,11778,5190
GTAGGTGATAATTCAC-1,1,45,113,11779,5008
CATGATGCTAGCCATG-1,1,45,115,11780,4825
CACGTGGCGGCACTAG-1,1,45,117,11782,4643
ATAGCGGCGAGTAATT-1,1,45,119,11783,4460
GAGCACCATTCGCTGT-1,1,45,121,11785,4277
GTGGTAAGCCTCTTCG-1,1,45,123,11786,4095
TCACTACCAAGCCTGT-1,1,45,125,11788,3912
CACCATAGGTAACCAG-1,1,45,127,11789,3730
AATGCGAACCTCGCGT-1,1,46,0,11858,15327
GCTTCTCAGACCGCCT-1,1,46,2,11860,15144
GAGTCCTACCTCTGCA-1,1,46,4,11861,14962
TGAAGATACAATCTGC-1,1,46,6,11863,14779
GCCTCCGTCTACCTCG-1,1,46,8,11864,14596
GTAGGAGCAACAGGCA-1,1,46,10,11865,14414
GTCCTGCTTACGGCTG-1,1,46,12,11867,14231
TGCAGTACAACGAGTG-1,1,46,14,11868,14049
AATAGTCGTTATCTAG-1,1,46,16,11870,13866
GAGGACAGATCGCCTA-1,1,46,18,11871,13683
GACGCCTCGTCAGAGG-1,1,46,20,11873,13501
TGCCGGAACTTAGGCA-1,1,46,22,11874,13318
TAACGTGCCATAGTTA-1,1,46,24,11875,13136
CTCGGAATTCTTGATA-1,1,46,26,11877,12953
AAGCAGTGAGTGCGAC-1,1,46,28,11878,12770
CCAGATTGTAGCCTAC-1,1,46,30,11880,12588
CCGCTCGCTAGTCTAA-1,1,46,32,11881,12405
ACCTAATTGTCGCTGA-1,1,46,34,11882,12222
ACTGACGGCGAATAGT-1,1,46,36,11884,12040
GCACTACACTATTGCG-1,1,46,38,11885,11857
TGTATGGTGCCAAGGT-1,1,46,40,11887,11675
ATGCATGTATGTGAGT-1,1,46,42,11888,11492
CGGTCATGGAGGACTC-1,1,46,44,11889,11309
TATGAGCGATCCATTA-1,1,46,46,11891,11127
ACGTTAATACAATGAC-1,1,46,48,11892,10944
GTCTAAGATCGGACTA-1,1,46,50,11894,10762
CGTCCATCGTCCAATA-1,1,46,52,11895,10579
AATTGCATTGAAGAAT-1,1,46,54,11896,10396
CGGACTGTGAGTATAG-1,1,46,56,11898,10214
TGGTGCAGACCGAAGT-1,1,46,58,11899,10031
TCAAGGTATCAACTTA-1,1,46,60,11901,9848
AGCCGGCCTATTCCAG-1,1,46,62,11902,9666
CCGCTGTCACCTGCAA-1,1,46,64,11903,9483
GATTCCGCTGCAAGAT-1,1,46,66,11905,9301
TGAAGCACCGTCATGA-1,1,46,68,11906,9118
CTACAGCGTCTACACT-1,1,46,70,11908,8935
CTGAAGGTGCTCGAGG-1,1,46,72,11909,8753
ACTCAGGCCTGCAACT-1,1,46,74,11911,8570
GGCAGCGTATACGACT-1,1,46,76,11912,8388
TGCACGTAGTTCGAAG-1,1,46,78,11913,8205
GCCAGACATCTATCAC-1,1,46,80,11915,8022
AGTAAGCTCGGCCAAT-1,1,46,82,11916,7840
ACATGGATGCGTAAGC-1,1,46,84,11918,7657
GATGTAGCGAGGTCCA-1,1,46,86,11919,7474
TGCGCTCATAGAACGA-1,1,46,88,11920,7292
AATGAATCGGAAGGCA-1,1,46,90,11922,7109
CGACGCAGCCTTAGTC-1,1,46,92,11923,6927
ATTACTGAGTGCCTCC-1,1,46,94,11925,6744
TCTATGATCGGTGCCT-1,1,46,96,11926,6561
CAGTTGCGACTTCTCG-1,1,46,98,11927,6379
ATTCACATAGGATGAG-1,1,46,100,11929,6196
CCTCGGTATGACAGTA-1,1,46,102,11930,6013
CGTGTACGATGATTGT-1,1,46,104,11932,5831
GTGGCGCCAGCTAACC-1,1,46,106,11933,5648
TGCAGAGGTCGTAATT-1,1,46,108,11934,5466
ATTAGCGAGCATGCTG-1,1,46,110,11936,5283
GTCAGCTCAATCAAGG-1,1,46,112,11937,5100
GTCGCATGCGGTAGAT-1,1,46,114,11939,4918
ACGTTCACATGATCTG-1,1,46,116,11940,4735
ACTCCACGTTCGCTAC-1,1,46,118,11941,4553
GCCTGTTAGGTTGTGA-1,1,46,120,11943,4370
AGAAGCGATGTTCTAA-1,1,46,122,11944,4187
AACATCGCGTGACCAC-1,1,46,124,11946,4005
TAGGCAGTGCGTAGAC-1,1,46,126,11947,3822
GTCCGAATGCGGACAG-1,1,47,1,12018,15237
ATTCTGAGTACTGTAG-1,1,47,3,12019,15054
ATGTCGGACTGAAGTA-1,1,47,5,12021,14872
TGACTCGGCCGACCGA-1,1,47,7,12022,14689
GACAACATCATGCCGC-1,1,47,9,12024,14506
GACCACGGCGTACATA-1,1,47,11,12025,14324
AGACCTCAGCGAGGTG-1,1,47,13,12026,14141
TAGACCATCGATTGAG-1,1,47,15,12028,13959
ACGGCTTATTGGTATG-1,1,47,17,12029,13776
TGAGGAATCCATAGAA-1,1,47,19,12031,13593
CGTAAGCCGACCGCTT-1,1,47,21,12032,13411
CACGTCCATCTACTGA-1,1,47,23,12034,13228
ACGCGGAAGAGTTCCG-1,1,47,25,12035,13045
AAGCCATCCGTGCTAT-1,1,47,27,12036,12863
TCGGTGATCGCCGGCC-1,1,47,29,12038,12680
GTCGGCCGTTGTGAAT-1,1,47,31,12039,12498
GTTCGTAGGTAGTGAA-1,1,47,33,12041,12315
CTATCCATTGAGCCAC-1,1,47,35,12042,12132
CGACCAGATTCAGTGA-1,1,47,37,12043,11950
CGACTAGGAGATAAGC-1,1,47,39,12045,11767
ATACATCACGCCTTCT-1,1,47,41,12046,11585
CTGACTCGAATTCGTG-1,1,47,43,12048,11402
GGATGGATCACTCATA-1,1,47,45,12049,11219
CAGTGCCTTGCGGTCT-1,1,47,47,12050,11037
TGATAGGAGCATCAAC-1,1,47,49,12052,10854
TCTACTGTCTCAATGA-1,1,47,51,12053,10671
CTCACGAGTAGATGAG-1,1,47,53,12055,10489
ACGATGTTACCTCATT-1,1,47,55,12056,10306
ATCTGAGGAACGGTTG-1,1,47,57,12057,10124
CCTAGCCTTCATCGGC-1,1,47,59,12059,9941
CTCACCTGAGACTAAG-1,1,47,61,12060,9758
AGACTCCTGTATGGCG-1,1,47,63,12062,9576
CTCGACAGCACTCGGA-1,1,47,65,12063,9393
TGTAAGGTGAGCGACC-1,1,47,67,12064,9211
TAGCGTATAGCGCTAA-1,1,47,69,12066,9028
AACACTTGGCAAGGAA-1,1,47,71,12067,8845
ATGCTTGGACGAACTT-1,1,47,73,12069,8663
GCCGAGTCCTCGTCCA-1,1,47,75,12070,8480
TCTACATGTCCGACTT-1,1,47,77,12071,8297
TATTGATCGTGATCTT-1,1,47,79,12073,8115
ACGTTCACGACTAGGT-1,1,47,81,12074,7932
TCACGATACCTAGCCA-1,1,47,83,12076,7750
CTCCGGCCTACAGCTT-1,1,47,85,12077,7567
TGCTTATGACGCTGGC-1,1,47,87,12079,7384
GTACGATTAGTCTACA-1,1,47,89,12080,7202
TGCACGAGTGTCAGCC-1,1,47,91,12081,7019
CAATCGTCGGAGCATG-1,1,47,93,12083,6836
GGCGACCATAGCGTTA-1,1,47,95,12084,6654
GGTTAGTATGAGTGTC-1,1,47,97,12086,6471
TAACATGCGTGCGAAC-1,1,47,99,12087,6289
TGCGCCGAACGGACTC-1,1,47,101,12088,6106
TCGGTAATTACGTGGA-1,1,47,103,12090,5923
AGCCGTATTCAACCGT-1,1,47,105,12091,5741
CGCACGTAGCATTGTT-1,1,47,107,12093,5558
GGACGTCGAGGATTCA-1,1,47,109,12094,5376
TCTTCGTCAGACCAGG-1,1,47,111,12095,5193
TATCTAGTGAATGATC-1,1,47,113,12097,5010
TCTAACCGTGCTAGCT-1,1,47,115,12098,4828
GTAGTGACATTACGAC-1,1,47,117,12100,4645
TACAAGGTTATGCGGT-1,1,47,119,12101,4462
CTATTCCTTACCTAGG-1,1,47,121,12102,4280
GCTCGTAACGGAGCAC-1,1,47,123,12104,4097
TGACGCCTGCTTGTGA-1,1,47,125,12105,3915
TCCTGATCACCGGTCC-1,1,47,127,12107,3732
TCTTGCACGGTGAGCC-1,1,48,0,12176,15329
CTTGGTCGGAAGTAGC-1,1,48,2,12178,15147
AAGCAGTGGCTCATCC-1,1,48,4,12179,14964
CACTCATCACGTTACG-1,1,48,6,12180,14782
ACATTGGTTCTGCCGT-1,1,48,8,12182,14599
TCCATGCGTCGGTTAC-1,1,48,10,12183,14416
CTACGAGCCTGGAGAC-1,1,48,12,12185,14234
CAGTCTGGTAATCTAC-1,1,48,14,12186,14051
TGTAGGTCTGAACGCA-1,1,48,16,12187,13868
GTACGCCTCGCTTCCA-1,1,48,18,12189,13686
TCATCTATCCACGATT-1,1,48,20,12190,13503
CGGAGTAAGTGCACAT-1,1,48,22,12192,13321
AATACTAACCACTTAT-1,1,48,24,12193,13138
TAATTAGCTCGATTGT-1,1,48,26,12194,12955
AGTCACTTATTCAAGG-1,1,48,28,12196,12773
GGACGTCGAACGGCTT-1,1,48,30,12197,12590
GGTTAGACTCACTAGC-1,1,48,32,12199,12408
TCGGCACTGGCGCCGA-1,1,48,34,12200,12225
GTCCTTCGGAACCTGC-1,1,48,36,12202,12042
GTCAGCGATTGATTCA-1,1,48,38,12203,11860
GTATCTAGCTACCAGC-1,1,48,40,12204,11677
TCGCACTGCTGTGCTC-1,1,48,42,12206,11494
AGGTGAGCAATGTCTT-1,1,48,44,12207,11312
GGTAGCTTAGCCAATC-1,1,48,46,12209,11129
TCATCTCCAACCACCT-1,1,48,48,12210,10947
TACGGAATACTCGTTC-1,1,48,50,12211,10764
GTATGTGCAAGCCGGA-1,1,48,52,12213,10581
GCATACTAGCATCGAA-1,1,48,54,12214,10399
CAGGCCGTATCTGTTA-1,1,48,56,12216,10216
GTAAGTTGCGGAGCGT-1,1,48,58,12217,10034
CATGATAGGCCATGAG-1,1,48,60,12218,9851
TCAGAATCGATATCAT-1,1,48,62,12220,9668
CTCGCTAGCACCATCT-1,1,48,64,12221,9486
ATGTACTCTGCAGCAC-1,1,48,66,12223,9303
CCGGAGAAGCTAACCA-1,1,48,68,12224,9120
AATTGGTTATGATACA-1,1,48,70,12225,8938
TCCTCAATGAGGAACG-1,1,48,72,12227,8755
AGGATAACCGGTCGGA-1,1,48,74,12228,8573
TGGCCAGATCCGGACA-1,1,48,76,12230,8390
ATTCACATCTTATTCT-1,1,48,78,12231,8207
AGTATTCAGCTGAATG-1,1,48,80,12232,8025
CAGTCAGCCGATCCGG-1,1,48,82,12234,7842
TCCGAATCGCAGGTTC-1,1,48,84,12235,7659
GTCTTGTATTGTAGAT-1,1,48,86,12237,7477
AAGGCCGATTCTGAGC-1,1,48,88,12238,7294
AGGAGCATAATCCACT-1,1,48,90,12240,7112
GCTGAATGACCGTGAG-1,1,48,92,12241,6929
ACCTATAACGAACTAC-1,1,48,94,12242,6746
CGTAGTGACTCAAGGA-1,1,48,96,12244,6564
TCACAAGATGACTCGA-1,1,48,98,12245,6381
CGGAGTGGCGACTAAG-1,1,48,100,12247,6199
CTACCTTATCAACTGA-1,1,48,102,12248,6016
CATTGGCGGTTGAGTC-1,1,48,104,12249,5833
TGACTCCAAGTCTACC-1,1,48,106,12251,5651
ATCCGAGTCACTTGTA-1,1,48,108,12252,5468
AAGATCTGTAACTTGT-1,1,48,110,12254,5285
CAGCTGTTGCCGGAGT-1,1,48,112,12255,5103
TCTACTATGCTAGCTC-1,1,48,114,12256,4920
TCATAGTAGACTCATA-1,1,48,116,12258,4738
CTCCTTGAATTGGCTA-1,1,48,118,12259,4555
TATCCGACGTCTAGAT-1,1,48,120,12261,4372
GAGCGGTGTTATCAAC-1,1,48,122,12262,4190
CTCACCGCCTGTGAGT-1,1,48,124,12263,4007
AACTAACGAACTAGAT-1,1,48,126,12265,3825
GCTTGAACTCCATCCA-1,1,49,1,12336,15239
GTAGTCAGACCAATGT-1,1,49,3,12337,15057
GCAACATGGTTCTTCA-1,1,49,5,12339,14874
GCCACGAAGGAATTCC-1,1,49,7,12340,14691
TCACATAAGCGTTGCC-1,1,49,9,12341,14509
GTACGCTCGCCAACAT-1,1,49,11,12343,14326
GGTAGTACAGGTTAGA-1,1,49,13,12344,14144
AAGCCAGGTTACGAAC-1,1,49,15,12346,13961
ATGGTAACGGACCGGA-1,1,49,17,12347,13778
ACATGTTGCTTGATCT-1,1,49,19,12348,13596
CTCGCATACTCAACTC-1,1,49,21,12350,13413
TCCGCCGGTCTATTCA-1,1,49,23,12351,13231
GACGTACAGGAACGCT-1,1,49,25,12353,13048
AGTTCGTCTAGTGCAG-1,1,49,27,12354,12865
TACGACGTCTCATATT-1,1,49,29,12355,12683
CTGGTGCTTATGACCA-1,1,49,31,12357,12500
TGTTCATAGTATGACG-1,1,49,33,12358,12317
CGGATTCCAGACGGTT-1,1,49,35,12360,12135
CACGGATTCTCATCAC-1,1,49,37,12361,11952
GGAGATGGCTCGAGAT-1,1,49,39,12363,11770
CTTGAACTTAGAGGAA-1,1,49,41,12364,11587
AACAGGATTCATAGTT-1,1,49,43,12365,11404
AGTTAAGACTGGCTCC-1,1,49,45,12367,11222
TGTTGGCCAGACCTAC-1,1,49,47,12368,11039
TATGTTGGTCCAGTGA-1,1,49,49,12370,10857
TATGGCCGGCGACACT-1,1,49,51,12371,10674
AGATCAGTCGATAGAA-1,1,49,53,12372,10491
ACATTGTACATTCTTG-1,1,49,55,12374,10309
GTAGCAACGACCGTGG-1,1,49,57,12375,10126
GTACAGTATCGGAATT-1,1,49,59,12377,9943
CTATACCGACTCGCAT-1,1,49,61,12378,9761
CGCTCGGCCGGTTGTC-1,1,49,63,12379,9578
AGTGCGCAACATGCGT-1,1,49,65,12381,9396
CTAGGCCAGGAGTACG-1,1,49,67,12382,9213
AGATAAGCCACTCATA-1,1,49,69,12384,9030
TCTACTCCGACTCGGC-1,1,49,71,12385,8848
GACGCAGCGTCAAGTT-1,1,49,73,12386,8665
GTAACACCGAGCGTTA-1,1,49,75,12388,8482
TAGCTCGAATCGTCCG-1,1,49,77,12389,8300
CGTCAGAACGTTGCCG-1,1,49,79,12391,8117
GGCGCCACCGGAGCAA-1,1,49,81,12392,7935
GTATCTACAGATCTCC-1,1,49,83,12393,7752
GGAGTCCAGATAGCTT-1,1,49,85,12395,7569
GCCATTGTAACTGATC-1,1,49,87,12396,7387
TGAGACAAGGACGACC-1,1,49,89,12398,7204
AACTATGTGCTTGTTA-1,1,49,91,12399,7022
ACAATTGGTCGCGTAA-1,1,49,93,12401,6839
ACTGACGTGATATTGG-1,1,49,95,12402,6656
GCACTCTGTTGCCATA-1,1,49,97,12403,6474
GCTCCGAGACTACATA-1,1,49,99,12405,6291
TAGCTAGAGCACGCCG-1,1,49,101,12406,6108
CTTCGACCAAGCCGAG-1,1,49,103,12408,5926
TATTCGACAACCGTGA-1,1,49,105,12409,5743
CTAGCAACCAGTGCGG-1,1,49,107,12410,5561
CATATGTTGACTGGCG-1,1,49,109,12412,5378
CATCCTAGTGGTATGT-1,1,49,111,12413,5195
GTGACTTCAACATCCG-1,1,49,113,12415,5013
GTTAGGAAGTATACGA-1,1,49,115,12416,4830
GTTCTACTATACGAAC-1,1,49,117,12417,4648
TCACAAGACTTAGCTT-1,1,49,119,12419,4465
GGAGATAGGAATGGTC-1,1,49,121,12420,4282
TCAGGTCTAGTAAGCA-1,1,49,123,12422,4100
TCGGCGTAAGGCCTTA-1,1,49,125,12423,3917
TAACCTACGGACTCGT-1,1,49,127,12424,3734
ATTATGATACTGCGCA-1,1,50,0,12494,15332
TACGTAATCTAGTAAG-1,1,50,2,12495,15149
AACGGTAATCGACCTG-1,1,50,4,12497,14967
AACATACTCATATGCG-1,1,50,6,12498,14784
TCGCACTTGGTCCGTC-1,1,50,8,12500,14601
ATTGATAACACTAAGA-1,1,50,10,12501,14419
AAGCCACCATTCAAGA-1,1,50,12,12502,14236
ACGCACATTGTAAGTA-1,1,50,14,12504,14054
TATGGCCTCACGTACA-1,1,50,16,12505,13871
ATGTTCTGCCTTATCT-1,1,50,18,12507,13688
AAGGTGGATATGATCG-1,1,50,20,12508,13506
CGGTGAACGGTTAGAT-1,1,50,22,12509,13323
CGAGATGCGGTATGCG-1,1,50,24,12511,13140
CGGTCCGGTTCTTAGC-1,1,50,26,12512,12958
GCGTTGTATCGGAGCT-1,1,50,28,12514,12775
TGTAGGATCAGAGCGT-1,1,50,30,12515,12593
GACTTGAACGTCCGTA-1,1,50,32,12516,12410
GATAGAGTCTGAATCG-1,1,50,34,12518,12227
ATTGCACGACCACTTG-1,1,50,36,12519,12045
AATAACATGTGCTATG-1,1,50,38,12521,11862
GGCATACATGGCTCAG-1,1,50,40,12522,11680
TAAGACCGAGTGAACA-1,1,50,42,12524,11497
ATGTCGGATAAGCCGA-1,1,50,44,12525,11314
CGACGCTCCGCACGTG-1,1,50,46,12526,11132
GATGGACCTGGACGGA-1,1,50,48,12528,10949
AGCTTGAGTCAGGCCG-1,1,50,50,12529,10766
TCCAATTGGTTACAGT-1,1,50,52,12531,10584
CACCTTAGCTATTGTC-1,1,50,54,12532,10401
TCTTGCCGGCAGTCTA-1,1,50,56,12533,10219
GAATGACCACAATCGA-1,1,50,58,12535,10036
CTCAGAAGACAACTCG-1,1,50,60,12536,9853
CATGTCCACCTGCGTC-1,1,50,62,12538,9671
GTGACCGGAGTCATAC-1,1,50,64,12539,9488
TCTACAGGTACGCAGT-1,1,50,66,12540,9305
CGGAGTGGTCAAGTAT-1,1,50,68,12542,9123
AAGTACTGGATGCGCA-1,1,50,70,12543,8940
GGCTCAATCAACATGA-1,1,50,72,12545,8758
ATTACTGTCGCATATT-1,1,50,74,12546,8575
TGATCGGACCTGGATG-1,1,50,76,12547,8392
CCTCGGATCTTGCGGT-1,1,50,78,12549,8210
ATGCTTACTCTAGGAA-1,1,50,80,12550,8027
GCCAGTTCCTCGTGCC-1,1,50,82,12552,7845
TAACTTGCACGGCGGA-1,1,50,84,12553,7662
TAAGCCTGTAGCGTCC-1,1,50,86,12554,7479
GTTGAATGGTACAGTA-1,1,50,88,12556,7297
TACGCCGGAGTTCTGA-1,1,50,90,12557,7114
ACGATGTCGTTGCCAA-1,1,50,92,12559,6931
CCGCAAGGTACCGTTG-1,1,50,94,12560,6749
CTAGACGATTGAGCTA-1,1,50,96,12561,6566
CATCGGCCTGCATATC-1,1,50,98,12563,6384
ATTGACGCCAGCCAAG-1,1,50,100,12564,6201
AGCCTCGCATGGTCCT-1,1,50,102,12566,6018
GCTTCTCCAGAACCGC-1,1,50,104,12567,5836
TCCATCGGCTAGACGA-1,1,50,106,12569,5653
CTGACTGATTAGGCTG-1,1,50,108,12570,5471
CTATCGTATGATAGGA-1,1,50,110,12571,5288
TCGATCGCACCTAATC-1,1,50,112,12573,5105
AGTGTCGTGGCATGTT-1,1,50,114,12574,4923
ACAACGAGCGATCTGA-1,1,50,116,12576,4740
AGTTAACGAGCCACTC-1,1,50,118,12577,4557
CCAATAGAAGACTTGG-1,1,50,120,12578,4375
ACAACTGAATCCAGTC-1,1,50,122,12580,4192
GTGGACCAACTAGGAG-1,1,50,124,12581,4010
GGCGCCTTGGCCTAAG-1,1,50,126,12583,3827
GTAAGTAATTACAATC-1,1,51,1,12654,15242
GGTATGGTCAGGTTGG-1,1,51,3,12655,15059
CTCCAGAATATTACAT-1,1,51,5,12656,14877
GACCGACAATAGGAAT-1,1,51,7,12658,14694
CGGCTCGTGGAGTACT-1,1,51,9,12659,14511
GTACGCTTGATACCAC-1,1,51,11,12661,14329
GACATCTGCGGTCTTG-1,1,51,13,12662,14146
TAATTGACGTCGTTCC-1,1,51,15,12663,13963
AGCTATAGAATAGTCT-1,1,51,17,12665,13781
TCCGTCGGTACAAGTT-1,1,51,19,12666,13598
TGCGACTACGTGCGAG-1,1,51,21,12668,13416
GGCATTCCGATGCTCG-1,1,51,23,12669,13233
AGTCCGTGATCACTAC-1,1,51,25,12670,13050
AAGACTAAGGAGATCC-1,1,51,27,12672,12868
GAGCCAAGCGATCGTA-1,1,51,29,12673,12685
AGACCTATCCTTATAG-1,1,51,31,12675,12503
TGCGTTGTATTGCCTG-1,1,51,33,12676,12320
TCGCACTTACTGAAGT-1,1,51,35,12677,12137
AGCGAGGAACTGGTCC-1,1,51,37,12679,11955
GTAATCTTGTCTAGTT-1,1,51,39,12680,11772
AACAGGTTCACCGAAG-1,1,51,41,12682,11589
GGAACATCGTGGAATC-1,1,51,43,12683,11407
GCATAACCGAGGTGAT-1,1,51,45,12684,11224
CTCAGGATACGCGGCA-1,1,51,47,12686,11042
ACTTGAGCCGTTCTTA-1,1,51,49,12687,10859
CGACTAGGTCCTTAAC-1,1,51,51,12689,10676
GATAGTGACACTCCAA-1,1,51,53,12690,10494
TCAACAATGGAGGCCT-1,1,51,55,12692,10311
CCTTCCGCTCCGGCAT-1,1,51,57,12693,10128
AGGCAACTAGCGTACC-1,1,51,59,12694,9946
CACTGGTGAGACGCTT-1,1,51,61,12696,9763
TCTGCAAGGACGGCAA-1,1,51,63,12697,9581
TGTTGCGTCCAAGATT-1,1,51,65,12699,9398
CCGGCGCAGCATGCGA-1,1,51,67,12700,9215
GCTACTTCTGACGCGA-1,1,51,69,12701,9033
ACCGAAGCCGAATTAA-1,1,51,71,12703,8850
ATAGCTATTCGCACTC-1,1,51,73,12704,8668
CTATTCCGGCCGTCGG-1,1,51,75,12706,8485
TCCGCCAAGGTCCGTT-1,1,51,77,12707,8302
GCACAGCTGTGGTTGA-1,1,51,79,12708,8120
TCCAAGACCGCTTGAT-1,1,51,81,12710,7937
AACTTCAGATACTACC-1,1,51,83,12711,7754
GCTGCCGCCTATGTAG-1,1,51,85,12713,7572
TCTTCGAACAGCGTTA-1,1,51,87,12714,7389
TATCCAAGCGCCGTAG-1,1,51,89,12715,7207
GCTAACCATAGGCGTT-1,1,51,91,12717,7024
TCCGGTTCCGTTCTAG-1,1,51,93,12718,6841
ATCTTCGGACATACTA-1,1,51,95,12720,6659
CTGCCTCCAACACCAG-1,1,51,97,12721,6476
GTGGCGCCACTACGCT-1,1,51,99,12722,6294
TACGGTAGTTGCGTGA-1,1,51,101,12724,6111
ATGTCGTTACCAGACG-1,1,51,103,12725,5928
CCGGAGACAAGAATAA-1,1,51,105,12727,5746
GTTCCGTCATACGGCT-1,1,51,107,12728,5563
CCATAGTTCGAGTAAG-1,1,51,109,12730,5380
AATAACTTCATACGGA-1,1,51,111,12731,5198
TAGTTGAGCCAGCCAG-1,1,51,113,12732,5015
TGCACGTGATTATCAA-1,1,51,115,12734,4833
GGTAGGTCTGGCTAAC-1,1,51,117,12735,4650
AGACCGTCACTGAGCT-1,1,51,119,12737,4467
ATGCATTAGATATCCA-1,1,51,121,12738,4285
CCATCGGACAACCGTG-1,1,51,123,12739,4102
TATTGAGCATGGACCG-1,1,51,125,12741,3920
TCATCTCATGATACGT-1,1,51,127,12742,3737
AATGCCGCGATTGAGC-1,1,52,0,12812,15334
TATCAATCGCCGAGTG-1,1,52,2,12813,15152
AGATCAACTCGCTATG-1,1,52,4,12815,14969
TCGGAGTGGTACTTGC-1,1,52,6,12816,14786
TGCTCCTAACGGAAGA-1,1,52,8,12817,14604
CGTGTTAACCTGAAGC-1,1,52,10,12819,14421
GATTCCTGCAGATCGT-1,1,52,12,12820,14239
ATTGTTATACTTCACG-1,1,52,14,12822,14056
CTTAGCAACTAGGACC-1,1,52,16,12823,13873
AACCAATCTGGTTGGC-1,1,52,18,12824,13691
ACCGAGGTGATACCGA-1,1,52,20,12826,13508
GGATAAGTCAGGATAG-1,1,52,22,12827,13326
GTGCAACTACTGTACG-1,1,52,24,12829,13143
GAGCTAAGGTTGCGTT-1,1,52,26,12830,12960
TGCGTTAGCACGTACC-1,1,52,28,12831,12778
TACACCTCGTACTCCA-1,1,52,30,12833,12595
AAGCCATTATCTGCCA-1,1,52,32,12834,12412
GTATTACGGTATTGAG-1,1,52,34,12836,12230
AGCGGTTAGACTCGCC-1,1,52,36,12837,12047
GGCGCTAATATGCTCC-1,1,52,38,12838,11865
TAGCGTACCTTGACAT-1,1,52,40,12840,11682
GACAACGGCGATGTTA-1,1,52,42,12841,11499
GAACTCCTGGAGGCTC-1,1,52,44,12843,11317
CTGCCTGACACGGATT-1,1,52,46,12844,11134
CTTCTGTACGGACATC-1,1,52,48,12845,10951
GATCTATGAAGATGCG-1,1,52,50,12847,10769
CGGCGTAGCGCTAGGA-1,1,52,52,12848,10586
CATTGCTATGTTAGCT-1,1,52,54,12850,10404
CGAGTCACTCATAGAT-1,1,52,56,12851,10221
ACAGAATCTTGATAAG-1,1,52,58,12853,10038
AGTTGGCACCAGTTAC-1,1,52,60,12854,9856
TAGCTAGAGGCCTGAA-1,1,52,62,12855,9673
TAGTTCGAATTAGCGG-1,1,52,64,12857,9491
CCTAGCCTAGTACCGG-1,1,52,66,12858,9308
ACTCGTATTGTCAGAA-1,1,52,68,12860,9125
CTACAGAATTAATGAC-1,1,52,70,12861,8943
GTATGTAGCTCACCTT-1,1,52,72,12862,8760
AATAACATGTTACGTC-1,1,52,74,12864,8577
GGTGGCTTATTGCGTG-1,1,52,76,12865,8395
GAACTTGGTGAGGATA-1,1,52,78,12867,8212
TACAAGCGCCTCTACA-1,1,52,80,12868,8030
GTCGTGTTCATGTCAG-1,1,52,82,12869,7847
GAGGTCACTGTAAGCT-1,1,52,84,12871,7664
AGGATATCGCGAATAC-1,1,52,86,12872,7482
TATCACATAGCGAACT-1,1,52,88,12874,7299
CAATGCATTGACGGCA-1,1,52,90,12875,7117
TACGGTTAATGTACTA-1,1,52,92,12876,6934
CTTAGTCTTATTCGGA-1,1,52,94,12878,6751
TATGTTGGTAGGTCGT-1,1,52,96,12879,6569
GTGCCGTCCTGTCAGC-1,1,52,98,12881,6386
TCAATTAATAGAACCT-1,1,52,100,12882,6203
TGGCCACTCCGCGGAC-1,1,52,102,12883,6021
ACAACTAAGTGGCGCT-1,1,52,104,12885,5838
TAACGACCTTGCCTAT-1,1,52,106,12886,5656
ATTGTTACGACTAGCG-1,1,52,108,12888,5473
AGGACCAGTGCGCCAG-1,1,52,110,12889,5290
TACATTGAATGAACGT-1,1,52,112,12890,5108
CGTAACCGGTATGCTA-1,1,52,114,12892,4925
TCGACCAATCCGGTTG-1,1,52,116,12893,4743
GAGTCACGTCCTTAGA-1,1,52,118,12895,4560
CTTAGTTGAATCACCT-1,1,52,120,12896,4377
CAAGTCCATCGGCGGT-1,1,52,122,12898,4195
ACCAATGATCGCGGCC-1,1,52,124,12899,4012
TCGCGTTACGCAGAAT-1,1,52,126,12900,3829
ATTAGACCAAGTATAC-1,1,53,1,12971,15244
CTCAAGATACAACGGA-1,1,53,3,12973,15062
TGGCCGTCTATCAGGA-1,1,53,5,12974,14879
AGGTGGCACTTGTCAG-1,1,53,7,12976,14696
CGGTCTGCTTGAATGA-1,1,53,9,12977,14514
CAATAAGGTAACTCGT-1,1,53,11,12978,14331
ATTAGCCTCAGTAGAT-1,1,53,13,12980,14149
ATGCCAGCTGCCATCT-1,1,53,15,12981,13966
ATTACCTTCGCAGAAG-1,1,53,17,12983,13783
ACTCCTATGTTCCTAC-1,1,53,19,12984,13601
GTCGCAGATTACTGCA-1,1,53,21,12985,13418
ATCTACCATATTCCAG-1,1,53,23,12987,13235
CGCCGGTATCTAGCAC-1,1,53,25,12988,13053
CAATTGTTGACGTGAG-1,1,53,27,12990,12870
ATGGAGGCCACGGCTT-1,1,53,29,12991,12688
CCTTGTCTTACGGTTC-1,1,53,31,12992,12505
CTCCTTATGGAACCTT-1,1,53,33,12994,12322
GTCTTCGGTAGCTACA-1,1,53,35,12995,12140
TCGATCTAGCCGATTC-1,1,53,37,12997,11957
TAGGACGGCCAGCCGA-1,1,53,39,12998,11774
AACTCAACTTGACAGC-1,1,53,41,12999,11592
ATTATCGAGTGCAGAT-1,1,53,43,13001,11409
CTGGCCTTGCATTCGG-1,1,53,45,13002,11227
TATTCTCCTATGATGG-1,1,53,47,13004,11044
AGACCGCCGGCCAATG-1,1,53,49,13005,10861
TGGTATTGAGTTGTAA-1,1,53,51,13006,10679
AATTGGCTTGAGTTGC-1,1,53,53,13008,10496
CTCCATGGCGACCAGT-1,1,53,55,13009,10314
GTGATCTACGAGATCC-1,1,53,57,13011,10131
CACGAGGCCATCCACT-1,1,53,59,13012,9948
TGACTCTGCTCGCACG-1,1,53,61,13013,9766
TCGGACTGCCACCTCC-1,1,53,63,13015,9583
GCTTCGGCATCAGAGT-1,1,53,65,13016,9400
TGGTCTGCTCAGGTTG-1,1,53,67,13018,9218
GACCGAATCTAATACG-1,1,53,69,13019,9035
CTGACTCCGAATCTGC-1,1,53,71,13021,8853
TCTACACTAATTACTC-1,1,53,73,13022,8670
GCACTGAATATGACAG-1,1,53,75,13023,8487
AGTTACCTCACCAGCA-1,1,53,77,13025,8305
GTCACTTATGAATGCG-1,1,53,79,13026,8122
ATCCGATGACCTCGGA-1,1,53,81,13028,7940
CCTATGTCTTACCGGC-1,1,53,83,13029,7757
GTTAGACAATGGATGA-1,1,53,85,13030,7574
ACCGTACTATCGGAGG-1,1,53,87,13032,7392
GGCGTCGCCGTATGAT-1,1,53,89,13033,7209
GCAGACGCCTGGTTAT-1,1,53,91,13035,7026
ATTCCGCTCCATCAGC-1,1,53,93,13036,6844
TCCTACAAGCTCGAAC-1,1,53,95,13037,6661
AACTGCTACCTCGATA-1,1,53,97,13039,6479
GCGAATGCAGTGTCAA-1,1,53,99,13040,6296
TGTCAAGCGGATCGGT-1,1,53,101,13042,6113
GCTTGACCTCCGCTTC-1,1,53,103,13043,5931
CAGACACTTACAAGAC-1,1,53,105,13044,5748
GTACATAAGCTACGCC-1,1,53,107,13046,5566
GAGTTAGCAGTAGATG-1,1,53,109,13047,5383
CAAGTACTTATTAAGC-1,1,53,111,13049,5200
GGCCAATAACGCTACA-1,1,53,113,13050,5018
ACCGGCCGACCTGCAC-1,1,53,115,13051,4835
ATAGTTAGTCCTTAAT-1,1,53,117,13053,4652
ATTGACTGAATACTAT-1,1,53,119,13054,4470
CCATTCCGGTTCTTCC-1,1,53,121,13056,4287
CCGCGTTGACGGAACG-1,1,53,123,13057,4105
TCTTAGGCCTGGCGTA-1,1,53,125,13059,3922
GTTGAACCAGGATCGC-1,1,53,127,13060,3739
GTGAGGCAGTGAGTTA-1,1,54,0,13129,15337
GTACGAACAGACTAGG-1,1,54,2,13131,15154
TATTAATAGAATGGCA-1,1,54,4,13132,14972
TCTACATTGGAGTAAT-1,1,54,6,13134,14789
TGACTTAATGCGTTGG-1,1,54,8,13135,14606
GACAGCAACTCAGAAC-1,1,54,10,13137,14424
CTGGTGCTACAGTATT-1,1,54,12,13138,14241
TACAGTACTTAGTGTA-1,1,54,14,13139,14058
ATGAACAATCGATGCG-1,1,54,16,13141,13876
ATCCGATGTCTGTCAC-1,1,54,18,13142,13693
CATTCTCCAGTCACCA-1,1,54,20,13144,13511
GATAGAGTGATAAGCT-1,1,54,22,13145,13328
GGATTCCGACGTGATG-1,1,54,24,13146,13145
GCAATTCTGTGACAGA-1,1,54,26,13148,12963
GCTTCGCTCAAGCGAT-1,1,54,28,13149,12780
TCCTAATTGCGGCCTG-1,1,54,30,13151,12598
GATGGACGGCAGATGA-1,1,54,32,13152,12415
GAGTCCTCTAGCGACA-1,1,54,34,13153,12232
CAGAACGTATCGACTT-1,1,54,36,13155,12050
GAGTGCAGCGTCATCG-1,1,54,38,13156,11867
TCTTACATTACTTCGC-1,1,54,40,13158,11684
ATTCTTGGAGTGATAG-1,1,54,42,13159,11502
AGGTGATTGGCGGTAT-1,1,54,44,13160,11319
CGTCCAATCTGCGTCC-1,1,54,46,13162,11137
CCAGATGATATGTAGG-1,1,54,48,13163,10954
GTTGAATAAGTCAGCA-1,1,54,50,13165,10771
GGCCTGCGTTATGCCG-1,1,54,52,13166,10589
CACTAGTCGACATCTA-1,1,54,54,13167,10406
GCTTCTGTTACGAGAA-1,1,54,56,13169,10223
GAACTCATAGTGAGTG-1,1,54,58,13170,10041
TGTTACCTATTGGACA-1,1,54,60,13172,9858
ATCAGATACCAGCTGT-1,1,54,62,13173,9676
TGCCGAGTTAAGAACG-1,1,54,64,13174,9493
CCTATGCCAGCAATCC-1,1,54,66,13176,9310
ATGCATGCCTGCGATG-1,1,54,68,13177,9128
TATTCTCAGCGGCTGG-1,1,54,70,13179,8945
TAGCTACCATACTGCT-1,1,54,72,13180,8763
AGTGCAATAACTAACA-1,1,54,74,13182,8580
CGCTGTGACATAGGCA-1,1,54,76,13183,8397
ATCAGTAAGCTCGCCG-1,1,54,78,13184,8215
CGCTAGCCGCATGCAT-1,1,54,80,13186,8032
ACGTTCTGCCATAATC-1,1,54,82,13187,7849
TCTAGATAAGGTTAGC-1,1,54,84,13189,7667
CACGGTCTTGGTTAAT-1,1,54,86,13190,7484
TGCTGTCTTGTTAATG-1,1,54,88,13191,7302
TCATCTGCCGCTATTC-1,1,54,90,13193,7119
TCGTATGCCGGACGTT-1,1,54,92,13194,6936
ACGATGCGAAGGAGCA-1,1,54,94,13196,6754
TGTTAAGGAAGTCTTA-1,1,54,96,13197,6571
AACCTAAGATACTGAG-1,1,54,98,13198,6389
ACAGAATAAGAACCAT-1,1,54,100,13200,6206
TCTTGTTATTCTTGAT-1,1,54,102,13201,6023
TATTCGACATTACTAT-1,1,54,104,13203,5841
TATTCTAGAATCGGAC-1,1,54,106,13204,5658
CACGGCGATACATACG-1,1,54,108,13205,5475
CTGATTAGGTGCCGAA-1,1,54,110,13207,5293
TGATGGTTCCACTGAT-1,1,54,112,13208,5110
AGGATAGGCTCAGTTG-1,1,54,114,13210,4928
GGCGACTTCTTGATGT-1,1,54,116,13211,4745
CGAGCTAAGGCCTGTA-1,1,54,118,13212,4562
GTTGAATTCATAAGAT-1,1,54,120,13214,4380
CTATCGTTCCGCTCGT-1,1,54,122,13215,4197
CAAGATAATGAGACCG-1,1,54,124,13217,4014
TGCTATTGGTAAGTTC-1,1,54,126,13218,3832
CGGAGGTATCCTGCTA-1,1,55,1,13289,15247
TCGCCGTTCGCCACAG-1,1,55,3,13290,15064
TGGTACCAATACTTAC-1,1,55,5,13292,14881
GCGATTCTAACAGTAA-1,1,55,7,13293,14699
CGACCTTGGCGTTCTA-1,1,55,9,13295,14516
GCCACGCCTTAGTACG-1,1,55,11,13296,14334
AGCGTTGGCTCACGAT-1,1,55,13,13297,14151
TCTAGAACTTCTTGCA-1,1,55,15,13299,13968
GGTTAGCTTCATGAGT-1,1,55,17,13300,13786
CACTCAGTGGTCCTTC-1,1,55,19,13302,13603
GCTCCTATGTCTTCGC-1,1,55,21,13303,13421
TGGTATTAGCTAGACC-1,1,55,23,13305,13238
CTACAGGTCGCTAAGC-1,1,55,25,13306,13055
GTCAACAGACGCACGT-1,1,55,27,13307,12873
ACTGACTGTCATCTAC-1,1,55,29,13309,12690
CCGCTCATACAAGTCA-1,1,55,31,13310,12507
ATGAAGCTGAATCCAG-1,1,55,33,13312,12325
TGAGTAAGCGCAATCC-1,1,55,35,13313,12142
CGCCTTAGGATCGGCA-1,1,55,37,13314,11960
AGAAGGCGTAGAATAG-1,1,55,39,13316,11777
TCTTGCCATCGTTGTA-1,1,55,41,13317,11594
GTCAACAGCGCACCGA-1,1,55,43,13319,11412
AAGTTACTATTACATC-1,1,55,45,13320,11229
GAACGCCAGTGCATAC-1,1,55,47,13321,11046
GTCTATCAATGGATTA-1,1,55,49,13323,10864
CTTCGTATTAATACGG-1,1,55,51,13324,10681
CCAAGCTGGCCATTGC-1,1,55,53,13326,10499
ACATGTTCCAGGACGT-1,1,55,55,13327,10316
TCAAGGTCTGAATATG-1,1,55,57,13328,10133
GTCTGATAGATTATAA-1,1,55,59,13330,9951
AATAGTGGAAGAGCAT-1,1,55,61,13331,9768
GAATCATGAACCAGTG-1,1,55,63,13333,9586
TAACTCCAACATGGAC-1,1,55,65,13334,9403
TGTCAGTGGCTTCCAT-1,1,55,67,13335,9220
TATGGCCATAATAGAC-1,1,55,69,13337,9038
CCACGTCGGTCGCTTC-1,1,55,71,13338,8855
TCCAACGAAGATGCTT-1,1,55,73,13340,8672
CAGGCGAGGTCTTGGA-1,1,55,75,13341,8490
TCCGGCTATGCTCAGT-1,1,55,77,13343,8307
CTAAGCTTACAGTACG-1,1,55,79,13344,8125
CACGAGGTATAGGTAT-1,1,55,81,13345,7942
CCGTCTTATGGACGAG-1,1,55,83,13347,7759
CTCGATGTTGAACGGC-1,1,55,85,13348,7577
CTATTCGTCTTACATA-1,1,55,87,13350,7394
TAAGGATCTGAAGATA-1,1,55,89,13351,7212
GAGTCCACGCCTGAAG-1,1,55,91,13352,7029
AGCCGATGTTCTACTC-1,1,55,93,13354,6846
CTAGCACGATCACTGT-1,1,55,95,13355,6664
GACCACTTAGACAGGT-1,1,55,97,13357,6481
TGTTCATTGGTCCAAG-1,1,55,99,13358,6298
ATTAGTGAGGTATCGC-1,1,55,101,13359,6116
GTGATGGATTAGAACA-1,1,55,103,13361,5933
ACCGAAGATGTCGGCA-1,1,55,105,13362,5751
TGGTGCAGTACCATGC-1,1,55,107,13364,5568
CATCTGGCCATACTAG-1,1,55,109,13365,5385
GTATACGATACCTTGT-1,1,55,111,13366,5203
GTAGTTGTTCATGTAG-1,1,55,113,13368,5020
TACGCTTCCGCAAGCT-1,1,55,115,13369,4837
AGCGACAGCTACATCG-1,1,55,117,13371,4655
CGCCTCGTAGTCGTGA-1,1,55,119,13372,4472
ACCAATCATGGTTCAT-1,1,55,121,13373,4290
CTAGTTGTGCGTCACT-1,1,55,123,13375,4107
CACTCAATAGTGATGC-1,1,55,125,13376,3924
CTTAGTAAGCCTTAGG-1,1,55,127,13378,3742
CATGTTGAGCCGGAAC-1,1,56,0,13447,15339
TCCATGCCATTCCAGC-1,1,56,2,13449,15157
GAGGTACAACCTTCCG-1,1,56,4,13450,14974
ATTCGTTAGAATTCGG-1,1,56,6,13451,14791
ATCCACTCGTACTCGG-1,1,56,8,13453,14609
TGCCACTTAAGTGATG-1,1,56,10,13454,14426
CCAGGTCCACATCCAT-1,1,56,12,13456,14244
ATAACGAAGAGCACGC-1,1,56,14,13457,14061
AAGCCATCGCGATATG-1,1,56,16,13458,13878
CTGATTAACAGCGGCC-1,1,56,18,13460,13696
GAACCGAACGAAGACT-1,1,56,20,13461,13513
TACTCCGCCAATACAA-1,1,56,22,13463,13330
TCTTAGGCGACAGTCA-1,1,56,24,13464,13148
AACTAGCATCACGTAC-1,1,56,26,13466,12965
GAGCCTCCAGTACCGA-1,1,56,28,13467,12783
GAAGCGGCTGATCAGT-1,1,56,30,13468,12600
TCATCGCTGTGCAACA-1,1,56,32,13470,12417
GTGACCGTGGATTAGC-1,1,56,34,13471,12235
TCCGGTACGTGGCCTC-1,1,56,36,13473,12052
GAATGGCCAAGGAGGC-1,1,56,38,13474,11869
TGATGGCTGCGACGAT-1,1,56,40,13475,11687
GTCCATCTATACAAGG-1,1,56,42,13477,11504
AGCATGAGCGAATATT-1,1,56,44,13478,11322
CAGGAGCGTATCGCAT-1,1,56,46,13480,11139
TGATTCGTCTGGATCT-1,1,56,48,13481,10956
CTCACCTTAATAAGAT-1,1,56,50,13482,10774
AAGAATTCTGGCTGCA-1,1,56,52,13484,10591
ACGGCTATGGCATACC-1,1,56,54,13485,10409
GATACTTCACTCAGCA-1,1,56,56,13487,10226
TGCATTCGCTACAATG-1,1,56,58,13488,10043
ATGCTACTGAATAGTA-1,1,56,60,13489,9861
GTATACGGTACACGCA-1,1,56,62,13491,9678
CTTACGAACTCCGTCC-1,1,56,64,13492,9495
ATCCGTGGAACTTCAA-1,1,56,66,13494,9313
GCAATTCCTATCATAC-1,1,56,68,13495,9130
CCACGAACGCTGCCGC-1,1,56,70,13496,8948
ACCTGCTTGCTACGAC-1,1,56,72,13498,8765
ACGGCCGTCAACGTAT-1,1,56,74,13499,8582
GTCTTGAACAATTACA-1,1,56,76,13501,8400
AGACATCTTAGCACCT-1,1,56,78,13502,8217
AATACGTAGACAGTTA-1,1,56,80,13503,8035
GAGCCAGCTTACGGTA-1,1,56,82,13505,7852
CGGCCTAACGATAATG-1,1,56,84,13506,7669
ATACTAGCCACTTCGC-1,1,56,86,13508,7487
CAGCTTGGTTCGGTCG-1,1,56,88,13509,7304
TCACGCTATCCACTAC-1,1,56,90,13511,7121
GTAGTCCAGCGGACAT-1,1,56,92,13512,6939
TAAGGTATGAATGCTA-1,1,56,94,13513,6756
CAGGACAGAAGGCTGG-1,1,56,96,13515,6574
CAGTATCTTACACTAA-1,1,56,98,13516,6391
ATTATGCCATCGTTAA-1,1,56,100,13518,6208
ATAGGCCGATAGAAGT-1,1,56,102,13519,6026
CCTAGTCAGCGAACCA-1,1,56,104,13520,5843
GTTAGAGGTGTTAAGA-1,1,56,106,13522,5660
CCAGTGTCTAGCTACG-1,1,56,108,13523,5478
GTGGCGACTGATTAAC-1,1,56,110,13525,5295
TCGCAATGATAGTTCA-1,1,56,112,13526,5113
GTCTATAGAATCGAGC-1,1,56,114,13527,4930
GCACAGTCTTGATAGA-1,1,56,116,13529,4747
CAGGTACCACTCGCGG-1,1,56,118,13530,4565
TAGGTCCGTAGCCTAT-1,1,56,120,13532,4382
TGAGAACGAGTTCTGT-1,1,56,122,13533,4200
GCTTGCTCAGTGTCCG-1,1,56,124,13534,4017
CCGGTGGCTTCTGAGC-1,1,56,126,13536,3834
CCGAGTAATACACGAG-1,1,57,1,13607,15249
ATACCATAGCCAATCG-1,1,57,3,13608,15067
GTAATAGTCCTAAGCC-1,1,57,5,13610,14884
ATTCCGGACCGGTCTT-1,1,57,7,13611,14701
GCTGTTATGGTTGCCG-1,1,57,9,13612,14519
GTTAGGTCCACTGGCG-1,1,57,11,13614,14336
GATATCCATATGAGGC-1,1,57,13,13615,14153
TACGTACACCTTAAGC-1,1,57,15,13617,13971
AGCAGGTATGCCATTG-1,1,57,17,13618,13788
CGGCGTTGGTTGCAGC-1,1,57,19,13619,13606
AGTATTACGGTATTCG-1,1,57,21,13621,13423
TATGAACTACGCGGTG-1,1,57,23,13622,13240
GGTGCAGTTCCATATG-1,1,57,25,13624,13058
TGATGGATGATCACGG-1,1,57,27,13625,12875
TCGTCACGATGTTCGA-1,1,57,29,13626,12692
AAGCATCAAGCGTGAT-1,1,57,31,13628,12510
CGCTTAGAATTCTTAC-1,1,57,33,13629,12327
CCAATTATGACACTGG-1,1,57,35,13631,12145
CACGGCTGCGCTTGGC-1,1,57,37,13632,11962
ACATCGGCTTACAAGG-1,1,57,39,13634,11779
ACGACAAGCACTTCAC-1,1,57,41,13635,11597
TCTACTTCACCGTGGA-1,1,57,43,13636,11414
GTCACTAAGAGGAATA-1,1,57,45,13638,11232
CTACCAGGAGACATCT-1,1,57,47,13639,11049
CTGGTGATCCTGAAGG-1,1,57,49,13641,10866
GGTATGCAACAGTGGC-1,1,57,51,13642,10684
CTGTTCGTATGCACCA-1,1,57,53,13643,10501
GCTGAGGACAAGAAGT-1,1,57,55,13645,10318
ATGTAGCCGACCAAGG-1,1,57,57,13646,10136
TGCGGACTTCTGTCGC-1,1,57,59,13648,9953
TGAGACTATTGAATCT-1,1,57,61,13649,9771
CGGATGTTGAACCACG-1,1,57,63,13650,9588
ACAGGACTGAGCCGAT-1,1,57,65,13652,9405
TCGTATTCTGAGTGGC-1,1,57,67,13653,9223
AGCTCGACAGGCGATA-1,1,57,69,13655,9040
CTAAGCTCCACGATCA-1,1,57,71,13656,8858
AAGCAGTGGCATCACT-1,1,57,73,13657,8675
ACGATGTCGCACAATC-1,1,57,75,13659,8492
TCCGCCTTGTTCTGAT-1,1,57,77,13660,8310
TGCAGTCGAGCACCAA-1,1,57,79,13662,8127
TATGGCAGTTCGTCTA-1,1,57,81,13663,7944
CAACGGCACTCAGTCC-1,1,57,83,13664,7762
GTCACTACTTAATGGA-1,1,57,85,13666,7579
AGACTGGTAAGGAGGT-1,1,57,87,13667,7397
CGTCCATGTAGCGTCT-1,1,57,89,13669,7214
GGCGCCGTCGGACATA-1,1,57,91,13670,7031
CTCCGGATCCTCGCTC-1,1,57,93,13672,6849
AGGACTGAAGTGCCTT-1,1,57,95,13673,6666
CGCACTTAAGGCATGC-1,1,57,97,13674,6483
GCCTTCTGATTCCGTC-1,1,57,99,13676,6301
GGAAGCATTAGAGGCA-1,1,57,101,13677,6118
CTGCATAATGGACCGC-1,1,57,103,13679,5936
GGACCACTTATCGTTC-1,1,57,105,13680,5753
ATCCTCCAGCCATTGT-1,1,57,107,13681,5570
CTGGTGGCCTTCCGAC-1,1,57,109,13683,5388
AGTATTAGCTGATCGA-1,1,57,111,13684,5205
GAATTCACAACTGCAG-1,1,57,113,13686,5023
GTGCACCGAATGTTAA-1,1,57,115,13687,4840
TACCACAGGCCATTGC-1,1,57,117,13688,4657
AGTACCGAACCGCAAT-1,1,57,119,13690,4475
TCTGGTAATCGTCCAA-1,1,57,121,13691,4292
GGACAGGTCGCATAAT-1,1,57,123,13693,4109
GAATGACCACGTGCAG-1,1,57,125,13694,3927
TGCATTCGTCTACAGG-1,1,57,127,13695,3744
TGCATTCACTTCGCCG-1,1,58,0,13765,15342
CTGGTGGCTTAGACTC-1,1,58,2,13766,15159
GCACGACTGGTGCGTA-1,1,58,4,13768,14976
CAATGGCTGAGCGATT-1,1,58,6,13769,14794
GTAGTCCGTGTACTAA-1,1,58,8,13771,14611
TCCTCATGGCACCGTT-1,1,58,10,13772,14429
TGTCTACTAGATTGCC-1,1,58,12,13773,14246
GCTTGCAATACAAGGC-1,1,58,14,13775,14063
ATGTCATACTTAGACC-1,1,58,16,13776,13881
GCTGTTCAACCGAATA-1,1,58,18,13778,13698
TCTTCGAATTGTATAC-1,1,58,20,13779,13515
ATAGTTCGGTTCCAGA-1,1,58,22,13780,13333
CACGTCCAATTCGACT-1,1,58,24,13782,13150
AACATAGTCTATCTAC-1,1,58,26,13783,12968
GCTGCGTTATGTGGAC-1,1,58,28,13785,12785
CAAGTGAATTGGATGC-1,1,58,30,13786,12602
AGACCTTCGCGTGAAC-1,1,58,32,13787,12420
GTACGAAGATTATCCG-1,1,58,34,13789,12237
CGGCTTGTGCCGGCCT-1,1,58,36,13790,12055
CATACCTCGATTGTTC-1,1,58,38,13792,11872
GCTCGCATCGTCATTA-1,1,58,40,13793,11689
AATCGAACGGACGGAG-1,1,58,42,13795,11507
GTGCACTTGTAAGCAC-1,1,58,44,13796,11324
TGTCGATTCACGTAGT-1,1,58,46,13797,11141
CTTAGTGCGACCTATT-1,1,58,48,13799,10959
ATTAAGAATAACGCTT-1,1,58,50,13800,10776
GACGGTGGTTGATGTC-1,1,58,52,13802,10594
TGACCTCCTTCAGATT-1,1,58,54,13803,10411
GTCAGTAATCCAATTA-1,1,58,56,13804,10228
CGGATTGCGTCTACCT-1,1,58,58,13806,10046
TAAGCCTGGCTTCAGT-1,1,58,60,13807,9863
TATTCTAAGGCTCATC-1,1,58,62,13809,9681
GAGTTAATTCCACTGG-1,1,58,64,13810,9498
GGTACGGTATGCTCCA-1,1,58,66,13811,9315
TATTCGGTGGAGATTC-1,1,58,68,13813,9133
ACCAATGAGCCTCATC-1,1,58,70,13814,8950
GTGCTCAATGCAACCT-1,1,58,72,13816,8767
CTCGATGCGGTGTTAA-1,1,58,74,13817,8585
CCGTATAATCTGGCCG-1,1,58,76,13818,8402
CTTGATGCAATCACAA-1,1,58,78,13820,8220
ACAGAATAAGATAGTG-1,1,58,80,13821,8037
TCGGAGCGTTACCTCG-1,1,58,82,13823,7854
TATGTCATAAGCGTCG-1,1,58,84,13824,7672
CGAATTACTGCTCCGG-1,1,58,86,13825,7489
TACGACTCTGAACACT-1,1,58,88,13827,7306
GTGACATGTACCACCT-1,1,58,90,13828,7124
ACCGGCACGTACGAAC-1,1,58,92,13830,6941
AAGTGAGCCTGTTACA-1,1,58,94,13831,6759
CTCCTACTTGAGTAAG-1,1,58,96,13833,6576
CGGAGCCGCAATAGCC-1,1,58,98,13834,6393
CAAGATTCGTCAGCTG-1,1,58,100,13835,6211
TCAATATTCCGGTTAG-1,1,58,102,13837,6028
GTCACCAAGAGCGGTG-1,1,58,104,13838,5846
TCTTGCCACGTTCACT-1,1,58,106,13840,5663
CTGTATCGAAGTGGAT-1,1,58,108,13841,5480
ACTTCGACGGATCATT-1,1,58,110,13842,5298
AGGCTTAGCATTAACC-1,1,58,112,13844,5115
GTTCCGGCTGCAGTCA-1,1,58,114,13845,4932
GTTGAATTATTCGGTG-1,1,58,116,13847,4750
CACTCGTAGGCCACGG-1,1,58,118,13848,4567
CGGTCCATACTTGAGC-1,1,58,120,13849,4385
GGTTACCAAGGAATCT-1,1,58,122,13851,4202
GACTTGACGATGCTGT-1,1,58,124,13852,4019
TAACGAGCTATCCGTC-1,1,58,126,13854,3837
TAGGCATAAGTGAGGC-1,1,59,1,13925,15252
GGCACGTCCATAACCT-1,1,59,3,13926,15069
TATCCTGGCCGGCATA-1,1,59,5,13927,14886
CATTCTGTGCATGCTC-1,1,59,7,13929,14704
CTATAACTACGCCTGG-1,1,59,9,13930,14521
ACTCGAGTCCAAGTTG-1,1,59,11,13932,14338
GCGGTTGCCTCGACGG-1,1,59,13,13933,14156
AACCACTAACATGATT-1,1,59,15,13934,13973
CAGACGATACAGATCG-1,1,59,17,13936,13791
GCGTAACGTTACAGGT-1,1,59,19,13937,13608
ATAGCTTCGTGGAACG-1,1,59,21,13939,13425
CGTCCATAATCCGCTT-1,1,59,23,13940,13243
GTCTATCCAGGACGTC-1,1,59,25,13941,13060
CGCCTCGTACGAAGGC-1,1,59,27,13943,12878
ATCACGTTCAATGATA-1,1,59,29,13944,12695
CGCAGACACTGGCGTA-1,1,59,31,13946,12512
CAACTTGGACATAGAT-1,1,59,33,13947,12330
TATTCCGGTTGTTAAT-1,1,59,35,13948,12147
AGGCAATGTCAGCTGG-1,1,59,37,13950,11964
TAGACCATTGCTTAGA-1,1,59,39,13951,11782
GCTTGGTGTTCGAACA-1,1,59,41,13953,11599
TGTCGTTCATACGATA-1,1,59,43,13954,11417
GCCTGTGAAGTCGGCG-1,1,59,45,13956,11234
ACTGAGCGCAACTCAT-1,1,59,47,13957,11051
CAATAACTCAAGGCAA-1,1,59,49,13958,10869
AAGGCGACGGTGTCGG-1,1,59,51,13960,10686
AATTCTTGGATACGGA-1,1,59,53,13961,10504
TATGTTGCAGTCTAGG-1,1,59,55,13963,10321
TGCGTGTCAGCCAGTG-1,1,59,57,13964,10138
GCACGCTTCGTTGTTC-1,1,59,59,13965,9956
AGCCGTAGTGGAGTGC-1,1,59,61,13967,9773
CACGTACGTAGCTCAT-1,1,59,63,13968,9590
CGGCAATCAACGTGGA-1,1,59,65,13970,9408
GAGTAACGTGGCTTGA-1,1,59,67,13971,9225
TCATCGGCCTGTGCGG-1,1,59,69,13972,9043
TACTAGGATCAATGGC-1,1,59,71,13974,8860
GATAGATGTTGAAGAT-1,1,59,73,13975,8677
CACGGCTTACTCCGTT-1,1,59,75,13977,8495
AACCAGAATCAGACGT-1,1,59,77,13978,8312
ACATCGTCGGTCTACC-1,1,59,79,13979,8129
GTTGACGTCAGATTAG-1,1,59,81,13981,7947
ATCTTAGACGCCTACT-1,1,59,83,13982,7764
TCACAAGGAGAACAAG-1,1,59,85,13984,7582
TCGCCGTATCATGCTT-1,1,59,87,13985,7399
ACATCTCGACAACCAC-1,1,59,89,13986,7216
TCAGTCATTGCAAGTG-1,1,59,91,13988,7034
CTTGCCGGAAGACGCA-1,1,59,93,13989,6851
TGCCGGCATTATAGAT-1,1,59,95,13991,6669
ACCTAATGTTACCAAT-1,1,59,97,13992,6486
GCATGTCGAGTGTCTT-1,1,59,99,13993,6303
GGAGATCCGTAGGATA-1,1,59,101,13995,6121
ATGTTAGACTATCTCA-1,1,59,103,13996,5938
TCAAGGCGTCTACTCC-1,1,59,105,13998,5755
AAGCCAGATCCAACAT-1,1,59,107,13999,5573
CTTAATACGGCTAGCA-1,1,59,109,14001,5390
AGGATCTTAATGGTGA-1,1,59,111,14002,5208
AACATGACGCAGCGTG-1,1,59,113,14003,5025
TGAGTTGTTAGCACCG-1,1,59,115,14005,4842
GCGAGTTGAACGTCGA-1,1,59,117,14006,4660
GTGACATGCAATTAAT-1,1,59,119,14008,4477
ATGCTGCGGAACTACC-1,1,59,121,14009,4295
CTGCACTACACTCATT-1,1,59,123,14010,4112
TGAGACGTGAACGGTC-1,1,59,125,14012,3929
CGTAGTCGGTTATCGA-1,1,59,127,14013,3747
GAGCTATCCATCACGC-1,1,60,0,14083,15344
ACATCGAATGCGAACC-1,1,60,2,14084,15161
CCTGTCATCCGGTATG-1,1,60,4,14086,14979
AGATACTAATCAGGCG-1,1,60,6,14087,14796
CCGCGGCCACAATCGG-1,1,60,8,14088,14614
TACCATCTCGGCCGAA-1,1,60,10,14090,14431
GTATACATAGGTTGCC-1,1,60,12,14091,14248
AGGCTGCGCAGCAACT-1,1,60,14,14093,14066
CTGTCAGGCTTCCTAA-1,1,60,16,14094,13883
GGCATAATCCTTCATG-1,1,60,18,14095,13701
CAGCATAGACTAGGCA-1,1,60,20,14097,13518
AGTGAGGTCTGTGCTC-1,1,60,22,14098,13335
GTTCTTACTGAAGTAT-1,1,60,24,14100,13153
TCAACACCAATCATTA-1,1,60,26,14101,12970
TGCGGACTTAACTTCC-1,1,60,28,14102,12787
TCCACCAAGTGACGAA-1,1,60,30,14104,12605
GTCGAAGTCGTGTTCT-1,1,60,32,14105,12422
CAGTAGATTGACGGAT-1,1,60,34,14107,12240
CCTATGCCGTCGGCAC-1,1,60,36,14108,12057
GTGCATTGCAATGTTG-1,1,60,38,14109,11874
TCGAATGGTTCCACGC-1,1,60,40,14111,11692
CTATTAAGCCAGCACT-1,1,60,42,14112,11509
AACTATGCTGCATTCG-1,1,60,44,14114,11327
GCAATCGTGACTCCAA-1,1,60,46,14115,11144
ACGGTTCGCAAGTAAC-1,1,60,48,14116,10961
TCATAGGTAGTGACGA-1,1,60,50,14118,10779
GTCGCACGCAGCCTGC-1,1,60,52,14119,10596
AAGACAATCTCCTGCA-1,1,60,54,14121,10413
AATTGTAGAATCCTAG-1,1,60,56,14122,10231
AATCCGCCGACCTGAG-1,1,60,58,14124,10048
ATCCGGATCGCCGTAT-1,1,60,60,14125,9866
CTAAGTCAAGATCATG-1,1,60,62,14126,9683
GTTATTCGGCCATTCG-1,1,60,64,14128,9500
TACAACGGACGGCTCA-1,1,60,66,14129,9318
GGCAAGACAATCAGCT-1,1,60,68,14131,9135
AACTTCAAGGATAATC-1,1,60,70,14132,8953
ATTCTACGTGGCAGAT-1,1,60,72,14133,8770
TCCAGTCAGTACATTA-1,1,60,74,14135,8587
CACGTTGCACATACCG-1,1,60,76,14136,8405
AGTGTCATGGTTGTGG-1,1,60,78,14138,8222
TGACAGTACTATTCTA-1,1,60,80,14139,8039
TCCAGTACCGAGCGCA-1,1,60,82,14140,7857
GTGGCGATCTGCGATA-1,1,60,84,14142,7674
AATGTACTTAACATCA-1,1,60,86,14143,7492
GTAGCCGCACTCCATC-1,1,60,88,14145,7309
GTCAGGTACGTGGCAT-1,1,60,90,14146,7126
GCGAATTGGCTAGCCA-1,1,60,92,14147,6944
TATCCAATACCGCAAT-1,1,60,94,14149,6761
ATCGTAGCATGTAGAT-1,1,60,96,14150,6578
AAGGCCAATTCAATAA-1,1,60,98,14152,6396
CTACGATGCGTCCGGC-1,1,60,100,14153,6213
CTCCAAGCGTCCTTCA-1,1,60,102,14154,6031
TGCGATCTTGCTCGAT-1,1,60,104,14156,5848
TGGCGACAGCACGGCC-1,1,60,106,14157,5665
TGGAAGGTTCGCTTGC-1,1,60,108,14159,5483
TGGAGTTGGTGAATCA-1,1,60,110,14160,5300
TCGATATTGTCCTAAC-1,1,60,112,14162,5118
CCGGCGAATGTACAGG-1,1,60,114,14163,4935
ACCTTGGCTCTGTAAG-1,1,60,116,14164,4752
GGAGGCACATAGCGTA-1,1,60,118,14166,4570
ATGCATGTCGATGTGG-1,1,60,120,14167,4387
TACTAAGGAACATCAA-1,1,60,122,14169,4204
ATGCTGACGACTCGCT-1,1,60,124,14170,4022
CTCAATGACCGTGGTA-1,1,60,126,14171,3839
TATCGGCTTCCTCGAA-1,1,61,1,14242,15254
GTCATCGTATTGGCGA-1,1,61,3,14244,15071
AGACGAGTATACGGAA-1,1,61,5,14245,14889
CATAAGTCTTCGAGTT-1,1,61,7,14247,14706
CTGGTTGCGTTAATTG-1,1,61,9,14248,14524
AACTTAACAGTGAGGA-1,1,61,11,14249,14341
TCTACTTAGTATTAGT-1,1,61,13,14251,14158
TATCAAGGCTCGTCGG-1,1,61,15,14252,13976
CCGTGCACATCTGGCA-1,1,61,17,14254,13793
TCATCTTCGACACCGT-1,1,61,19,14255,13610
ATTAAGCGTCCTGCCG-1,1,61,21,14256,13428
AATGAACTACGTCCAG-1,1,61,23,14258,13245
CCGTGCTGGCAATATG-1,1,61,25,14259,13063
GCAGCGACAGTTCGGT-1,1,61,27,14261,12880
GTACAGGAACGAATGG-1,1,61,29,14262,12697
TGTCGCGGAAGAGCTA-1,1,61,31,14263,12515
ATCGACCGGAGTATCG-1,1,61,33,14265,12332
GCCATTGCATGTTAAC-1,1,61,35,14266,12150
TAACGCGTCCTACAAC-1,1,61,37,14268,11967
GGCCTTGGATGTTGTC-1,1,61,39,14269,11784
TAGAATTCAACGTGGC-1,1,61,41,14270,11602
CATCCGGTACCAACGA-1,1,61,43,14272,11419
GGACGTACATACCAGA-1,1,61,45,14273,11236
ATGACACTAATCGCAC-1,1,61,47,14275,11054
CGTGAGCAATGGACAT-1,1,61,49,14276,10871
TCTACATGAATCTGAT-1,1,61,51,14277,10689
GGAAGTCTTGTCGCAT-1,1,61,53,14279,10506
CCGCGTATCGTTGCAG-1,1,61,55,14280,10323
GAATTAACCTTCAATT-1,1,61,57,14282,10141
GGCGTCGGTAGTGATA-1,1,61,59,14283,9958
TGGTACAAGACACTGA-1,1,61,61,14285,9776
CCGGATCTCCGAAGCG-1,1,61,63,14286,9593
TATGTAGAGCTGATCA-1,1,61,65,14287,9410
ATTAGTTCACAGACTC-1,1,61,67,14289,9228
AGGAATTACGGTGACG-1,1,61,69,14290,9045
GAACAAGGTCGAGCAA-1,1,61,71,14292,8862
AGCTGTTCCGGTGATT-1,1,61,73,14293,8680
TAGTCACTGGATAGGC-1,1,61,75,14294,8497
GCACCGAAGATGTCTA-1,1,61,77,14296,8315
CAACTTGGTACGATGT-1,1,61,79,14297,8132
AGATAACCAATACGCC-1,1,61,81,14299,7949
TAGACCAGGATATCGG-1,1,61,83,14300,7767
ATCTGACCGGAGTCCT-1,1,61,85,14301,7584
GGTAGGTTGTTCTAAG-1,1,61,87,14303,7401
CTACAGGTAGAATTCC-1,1,61,89,14304,7219
CTTGTCAAGGCGTCAA-1,1,61,91,14306,7036
CATCCGTGCGGTCTAC-1,1,61,93,14307,6854
TGGCCACTCCTGAGTG-1,1,61,95,14308,6671
ATGTAGAAGCGAATAG-1,1,61,97,14310,6488
TAGGAGGCGTATTGCC-1,1,61,99,14311,6306
GTATGCCTATCTTGCG-1,1,61,101,14313,6123
GGATTCGATGTCCGGA-1,1,61,103,14314,5941
CTTAGCCTGTAAGACA-1,1,61,105,14315,5758
TCGTCAAGTCCAGGTT-1,1,61,107,14317,5575
CCATAGCCGTACGCAC-1,1,61,109,14318,5393
GTTGAGAATCACGGAG-1,1,61,111,14320,5210
TAGTGAGGACGCGAAT-1,1,61,113,14321,5027
CCTGGCAACGAACGTC-1,1,61,115,14322,4845
GGTACGAAGAACTCGA-1,1,61,117,14324,4662
GACCGAGGCAACGTTC-1,1,61,119,14325,4480
CGGCAATTAATTGGAC-1,1,61,121,14327,4297
GGTTCTCGCTCACGCC-1,1,61,123,14328,4114
ACATCGCCTAGTATGT-1,1,61,125,14330,3932
AAGTCTACGCACTCGG-1,1,61,127,14331,3749
GTGCCACCTAGCAGCC-1,1,62,0,14400,15347
TGACCACGAAGCCGAG-1,1,62,2,14402,15164
TCATTCTTGGCATCGG-1,1,62,4,14403,14981
GTATCTATGAAGATGT-1,1,62,6,14405,14799
ACTCCTTGTCCAGACC-1,1,62,8,14406,14616
CTGAGGTTCAGGCCAA-1,1,62,10,14408,14433
GGCGACCTATCTGGCG-1,1,62,12,14409,14251
GCTTAGACTACCAATG-1,1,62,14,14410,14068
TCAGTTGCTAAGCCTA-1,1,62,16,14412,13886
CCTAACGCGATTGCAT-1,1,62,18,14413,13703
TGTCAGACGAAGCACC-1,1,62,20,14415,13520
CTCCGGTTCAGCGGAT-1,1,62,22,14416,13338
GTCAACATGGTGCTAT-1,1,62,24,14417,13155
ATGTCTAACTGGCGAA-1,1,62,26,14419,12973
GAATGACAACTAGTCA-1,1,62,28,14420,12790
TGCTATTGTCAAGGAG-1,1,62,30,14422,12607
TCACTCCGCTCACTGG-1,1,62,32,14423,12425
AAGATGGCCGCTAGTT-1,1,62,34,14424,12242
ACAGAATGTTGAGTCC-1,1,62,36,14426,12059
AGCACTCATACAGAAC-1,1,62,38,14427,11877
ACGAGTGCGTGCGTTC-1,1,62,40,14429,11694
GTGGCGATAGGCAGAA-1,1,62,42,14430,11512
CACTACCTTCGCTTCA-1,1,62,44,14431,11329
GCGTTAATAGTCAGTA-1,1,62,46,14433,11146
AGACCGGAGCAACGCT-1,1,62,48,14434,10964
TACGGATCCTTGCGAT-1,1,62,50,14436,10781
ATAATTAGTTCTACGG-1,1,62,52,14437,10599
AAGTACTAAGGTTACG-1,1,62,54,14438,10416
ACTTAAGCCAGTAGGA-1,1,62,56,14440,10233
CGGTCTAGATCGAATG-1,1,62,58,14441,10051
TCATCCATGCCAAGCG-1,1,62,60,14443,9868
GTATACATTGGCTCAG-1,1,62,62,14444,9685
GGTACTGTGATCTTCC-1,1,62,64,14446,9503
TGCCTTAGGCGTCTAT-1,1,62,66,14447,9320
CTGGCCTTACCACTTA-1,1,62,68,14448,9138
CTTCGCCGCAACATTA-1,1,62,70,14450,8955
ACTCTTGCGGAGAACC-1,1,62,72,14451,8772
GGCGGATACAACGCAC-1,1,62,74,14453,8590
CGTGAGCTGTTATCGT-1,1,62,76,14454,8407
TAAGCAAGTAATGTGG-1,1,62,78,14455,8224
ATTGTTAAGTAGACTA-1,1,62,80,14457,8042
TCGCTTGTTCCAGTTG-1,1,62,82,14458,7859
GACGTGGTGCTCCAGA-1,1,62,84,14460,7677
CGCACGTATGAAGGCC-1,1,62,86,14461,7494
GGCAGCTCCTGGACGG-1,1,62,88,14462,7311
CGACGCAACATGGCGA-1,1,62,90,14464,7129
CCGATTAGCGAGTGTA-1,1,62,92,14465,6946
GGTTACCAGACAACAT-1,1,62,94,14467,6764
TGCTATAATGTCGCTG-1,1,62,96,14468,6581
ACATGTTCACCGGCAG-1,1,62,98,14469,6398
CACGGCGACGGTGCCT-1,1,62,100,14471,6216
TGCTCAGATTGGTAGC-1,1,62,102,14472,6033
CGGTTACCATCAACCA-1,1,62,104,14474,5850
CCACTCTGTAGTCGGA-1,1,62,106,14475,5668
AGTTGGCAACGTTGTC-1,1,62,108,14476,5485
TAACTCCAGGTAGGCT-1,1,62,110,14478,5303
GTGGCGCCACGCTGAG-1,1,62,112,14479,5120
ACCTCGCACTAAGAGC-1,1,62,114,14481,4937
TAACCAGATACGCTTC-1,1,62,116,14482,4755
AGCACGTGCACCTCTG-1,1,62,118,14483,4572
CAGAACATGCCTAGTG-1,1,62,120,14485,4390
CAAGGCAAGATTAGCA-1,1,62,122,14486,4207
CTCGGAAGGCCAATAA-1,1,62,124,14488,4024
CGGTAGGTACTCTACG-1,1,62,126,14489,3842
GGTGATCGTATCGTCT-1,1,63,1,14560,15256
CAGAGCTTGTACTCGC-1,1,63,3,14561,15074
CGTCCATCGGTACCTA-1,1,63,5,14563,14891
TACGACGTGAAGTATC-1,1,63,7,14564,14709
TCTTACCGGATCCGCT-1,1,63,9,14566,14526
CGAAGAGCAGATGATT-1,1,63,11,14567,14343
TGAGTTCGCTTGACCT-1,1,63,13,14569,14161
TACAAGGTCGACAAGT-1,1,63,15,14570,13978
GGAAGCAGTCATTCAG-1,1,63,17,14571,13796
GAGGTCCAAGTAGCTA-1,1,63,19,14573,13613
CCAGAACCGTGCATCC-1,1,63,21,14574,13430
TAGATGAGCCGTCATT-1,1,63,23,14576,13248
GTACAGCTGAGCCGGA-1,1,63,25,14577,13065
CAAGTATCGGCAACCA-1,1,63,27,14578,12882
TATTAATATGTCGACT-1,1,63,29,14580,12700
TCGGTATCGTAATTGG-1,1,63,31,14581,12517
ATGACGAGATCATTAA-1,1,63,33,14583,12335
CGCCTCTACTCGGAAC-1,1,63,35,14584,12152
GATCGTCATGCGGAGG-1,1,63,37,14585,11969
ACGTTCGTCCGCCTAT-1,1,63,39,14587,11787
TCTTGCACCAATCTAT-1,1,63,41,14588,11604
TACGTGGAGGCATGGC-1,1,63,43,14590,11422
ACATTGAATACGCATA-1,1,63,45,14591,11239
TAGGACTTCATGTTAT-1,1,63,47,14592,11056
CTATAACTCCTGGAGG-1,1,63,49,14594,10874
GATCTTGTCATGATCT-1,1,63,51,14595,10691
TCGAATCTTGCGTTAC-1,1,63,53,14597,10508
GCGATGTACTGCTATT-1,1,63,55,14598,10326
GTTGCCACGACAAGAA-1,1,63,57,14599,10143
CGTCCATCCTAGCATC-1,1,63,59,14601,9961
GGCCGTCCAGTAGGAC-1,1,63,61,14602,9778
TAGTTGAGTTCTGCAC-1,1,63,63,14604,9595
GTTCGCTGGTATTAGA-1,1,63,65,14605,9413
TATTCGTTATCGCCTG-1,1,63,67,14606,9230
GGAGATGCGTGCAGTA-1,1,63,69,14608,9047
GAACTCCTCATACATA-1,1,63,71,14609,8865
GTTCCGTCTTATCTTA-1,1,63,73,14611,8682
TGACCAAGTAAGGACC-1,1,63,75,14612,8500
AACTCACGGAGTACGT-1,1,63,77,14614,8317
TCGGACGGCCGAGGAA-1,1,63,79,14615,8134
GATAAGTTGGCGATTA-1,1,63,81,14616,7952
CGGTCTGCGTATCTGG-1,1,63,83,14618,7769
AGCAGGTGCAATGGTT-1,1,63,85,14619,7587
CTATGCCATGCGGACA-1,1,63,87,14621,7404
TGTAATGCACTACGAG-1,1,63,89,14622,7221
AGACCGGACTGTCCAT-1,1,63,91,14623,7039
AGTGTTCGAGGATGAA-1,1,63,93,14625,6856
AGACCGGTATCCGTGG-1,1,63,95,14626,6673
TGATGGAACTAACGAA-1,1,63,97,14628,6491
TGGAAGACTAGTCTTG-1,1,63,99,14629,6308
CGATGCCTGCTCACCG-1,1,63,101,14630,6126
TCCTACGTAAGCCAGA-1,1,63,103,14632,5943
AGGTGAGGTAGAATAC-1,1,63,105,14633,5760
ACTGATAGCACGGTCT-1,1,63,107,14635,5578
CCTTGTCTAGTTCTTG-1,1,63,109,14636,5395
CTTCTACTCAAGTCGT-1,1,63,111,14637,5213
GTTAATGGCGCAACGC-1,1,63,113,14639,5030
TGAACGAATCTTAATT-1,1,63,115,14640,4847
CATGATACTCAGGATT-1,1,63,117,14642,4665
CAGATATGTCCTTAAG-1,1,63,119,14643,4482
GAATCACCAGTGATAC-1,1,63,121,14644,4299
TCTGGTCACTATCTGT-1,1,63,123,14646,4117
CTATGTGCCTGGTAGG-1,1,63,125,14647,3934
GGACGGATCCATCTAA-1,1,63,127,14649,3752
GCTTCTCACGACCACT-1,1,64,0,14718,15349
CTACATGGTGACCGAA-1,1,64,2,14720,15166
GCTATCTGTCGCCGAG-1,1,64,4,14721,14984
GAGCCAAGTTACTACA-1,1,64,6,14722,14801
CAAGTGGATCATCCAG-1,1,64,8,14724,14619
CGCCTTAAGGTACGCT-1,1,64,10,14725,14436
ATCCGATTATCTACGT-1,1,64,12,14727,14253
TACCGGACCGTTAGGT-1,1,64,14,14728,14071
GTCTGAACAAGGTTAG-1,1,64,16,14729,13888
AGATACAAGGATGGTG-1,1,64,18,14731,13705
TGTTCAGCGAGGCAGT-1,1,64,20,14732,13523
CTGGTGAGGTCTCGTC-1,1,64,22,14734,13340
GTATGGTGGAGCGGCC-1,1,64,24,14735,13158
AAGCCAGATATCAGAA-1,1,64,26,14737,12975
ATTATGTTAAGGTAGT-1,1,64,28,14738,12792
CTTAGTTGGAGCGACC-1,1,64,30,14739,12610
TCCTACCGATCGTGGC-1,1,64,32,14741,12427
CTGACCGCCAATTAGG-1,1,64,34,14742,12245
CCGCGAGGTGCGATGG-1,1,64,36,14744,12062
GTGCAGGACTCCAAGG-1,1,64,38,14745,11879
GACAACCTAGGAGTCT-1,1,64,40,14746,11697
CCTGAAGTGCATGCAT-1,1,64,42,14748,11514
CCTCACATGTACCTGG-1,1,64,44,14749,11331
ATACTGACTTCGGCAC-1,1,64,46,14751,11149
CGTAGTACAAGGTACT-1,1,64,48,14752,10966
GATGACTCTGAATCTT-1,1,64,50,14753,10784
TCAACATGGATACAAC-1,1,64,52,14755,10601
GATATGCTCACGTTAC-1,1,64,54,14756,10418
ATAGTTAAGCCTGCCG-1,1,64,56,14758,10236
AACCTTAGCGTCCGGT-1,1,64,58,14759,10053
GTAGCAGAGCAATAGC-1,1,64,60,14760,9870
TCAAGTGATGGTTAAT-1,1,64,62,14762,9688
GTTGCTACGTCTTAAT-1,1,64,64,14763,9505
AGGAGCCGCTGAGTAG-1,1,64,66,14765,9323
CTATCGTTACAACCTT-1,1,64,68,14766,9140
TAGGCTTATCTAGCTC-1,1,64,70,14767,8957
TAGATGTCGAGGCCAG-1,1,64,72,14769,8775
ATGTACCGATCCAGAA-1,1,64,74,14770,8592
GATTGACTCCATGCGA-1,1,64,76,14772,8410
TAGTAAGCGGTGGATA-1,1,64,78,14773,8227
CCTGGATTGCGTAACA-1,1,64,80,14775,8044
ATGTTCGCAGAAGTCT-1,1,64,82,14776,7862
CCGCAATCCGTGGTTG-1,1,64,84,14777,7679
TCTTGCTGTCCTAGGC-1,1,64,86,14779,7496
CTAATTATGTTGCCGC-1,1,64,88,14780,7314
TCGGCGACCTCGCTGA-1,1,64,90,14782,7131
GCTCCGGCAACATGAT-1,1,64,92,14783,6949
CACGCTTATCAATCTT-1,1,64,94,14784,6766
ATGCCGTCGATAAGAC-1,1,64,96,14786,6583
AAGGCCTCGCGAGGAA-1,1,64,98,14787,6401
GCTGTTCATCAGCGTC-1,1,64,100,14789,6218
ACCTGTCTGCGGTTGT-1,1,64,102,14790,6036
CCTAAGGTTACAGTAA-1,1,64,104,14791,5853
CCAATAGCGGTACGTG-1,1,64,106,14793,5670
CTCGTTGCACCTTAGG-1,1,64,108,14794,5488
CTATCGATCTGCGTGA-1,1,64,110,14796,5305
ATCGAACTCGTCCGGC-1,1,64,112,14797,5122
TGCGGACGATACGGAC-1,1,64,114,14798,4940
CGAGCGTGAAGTTAGC-1,1,64,116,14800,4757
GGACTCGTTCCTCGGA-1,1,64,118,14801,4575
GACCTGCTGTCGTGTA-1,1,64,120,14803,4392
GTCACTGTGATAACTC-1,1,64,122,14804,4209
TACCTGTTCGGTAACT-1,1,64,124,14805,4027
GCTTCAATGTAACACC-1,1,64,126,14807,3844
CAACCGTTCCACTCAC-1,1,65,1,14878,15259
CTTGAGTCTAAGATCA-1,1,65,3,14879,15076
TGCGATCGCAATGAGC-1,1,65,5,14881,14894
GGTTCAAGGCGTGCGT-1,1,65,7,14882,14711
CTTAGTAATGCAACGA-1,1,65,9,14883,14528
GCTTCTGTATCGACGC-1,1,65,11,14885,14346
ACTCGTTCCTGATACA-1,1,65,13,14886,14163
CGATGATCCTGCAGCC-1,1,65,15,14888,13981
ATTATCAGTTCGATGC-1,1,65,17,14889,13798
GGACGTACTTCGGACA-1,1,65,19,14890,13615
TGGTACAAGACCAATC-1,1,65,21,14892,13433
AGCGGCGAATAATCTT-1,1,65,23,14893,13250
GAGGTGAGGATTCATT-1,1,65,25,14895,13068
CATGGCTACTGTACGT-1,1,65,27,14896,12885
CGAAGATCCGAAGGCA-1,1,65,29,14898,12702
CTCACCAGGAATTGAC-1,1,65,31,14899,12520
TACCTGTTAACGGCCT-1,1,65,33,14900,12337
ACCATCCGTTCGAGTG-1,1,65,35,14902,12154
AATCGACTATCGCTAG-1,1,65,37,14903,11972
AATAGCACGGAAGCGA-1,1,65,39,14905,11789
AGCGACTATGTATCTT-1,1,65,41,14906,11607
ACATTCCTGAGTTCCG-1,1,65,43,14907,11424
GAGTGCGGATACAGTC-1,1,65,45,14909,11241
TAGTTCGATCCTCACG-1,1,65,47,14910,11059
TCGCAATAGTGACGCA-1,1,65,49,14912,10876
ATCTTAGATAGGTTCA-1,1,65,51,14913,10693
TGTATGATTGTAGGTG-1,1,65,53,14914,10511
TATTAAGCAGCGCCGG-1,1,65,55,14916,10328
TAATTGATTCTGTCGC-1,1,65,57,14917,10146
GGCCGCCAACTATTGC-1,1,65,59,14919,9963
CAGGCCAACAGCGAGT-1,1,65,61,14920,9780
GCCGGCAATAGGCAGG-1,1,65,63,14921,9598
ATCTGAAGTATGCACG-1,1,65,65,14923,9415
TCAGCGCCTAGTCTTA-1,1,65,67,14924,9233
CAGCGATAACTGAACC-1,1,65,69,14926,9050
CGCTGCGAGTCCACAT-1,1,65,71,14927,8867
TCAAGGACGTTAGGAG-1,1,65,73,14928,8685
ATACGACATCTAGACC-1,1,65,75,14930,8502
AATGCCGACGAGCAAC-1,1,65,77,14931,8319
CTCAATTGGCGATTCC-1,1,65,79,14933,8137
ACAACGTGGAGCTACT-1,1,65,81,14934,7954
CATATTCATCCGCATT-1,1,65,83,14935,7772
CACTCAATGGTTCGGA-1,1,65,85,14937,7589
CTGGAAGTCTAAGCTC-1,1,65,87,14938,7406
TCTACTCGAGCAGAGG-1,1,65,89,14940,7224
GTAGCAGAAGACTCTT-1,1,65,91,14941,7041
CACGACCTCCGTCATA-1,1,65,93,14943,6859
CTAGTTCTACATGACG-1,1,65,95,14944,6676
ATGCTGGCTTACTACA-1,1,65,97,14945,6493
CGGCCATCAACCGGCG-1,1,65,99,14947,6311
CCTAACTACGAATATG-1,1,65,101,14948,6128
GACCGAAGACTGGCAG-1,1,65,103,14950,5945
GGCTGCTAACTTCGCT-1,1,65,105,14951,5763
TGTATGCTCGCCTAGT-1,1,65,107,14952,5580
CGTGTATGAGGCCAGG-1,1,65,109,14954,5398
GGCTGCTCCATAGCTG-1,1,65,111,14955,5215
GTCAGCTAGATCGACA-1,1,65,113,14957,5032
AAGTATTGTAGGTCGC-1,1,65,115,14958,4850
TCGATCCAACGTCCTT-1,1,65,117,14959,4667
CTCACCTTCGGCGTCT-1,1,65,119,14961,4484
AGTTGGAAGAGTATTG-1,1,65,121,14962,4302
GTTGCTAGTCCATACC-1,1,65,123,14964,4119
TCGCCGGAAGGCAGGA-1,1,65,125,14965,3937
CTGATATTAGTAATCG-1,1,65,127,14966,3754
GAGGATCGGTAGCATC-1,1,66,0,15036,15351
GCGACCTCTACGTCCA-1,1,66,2,15037,15169
TCTAGGCTCGCACCAA-1,1,66,4,15039,14986
GTTGAATGTCCTTCTG-1,1,66,6,15040,14804
GCTCGATCGCAGCCAC-1,1,66,8,15042,14621
ACTGACGGCCATGTCT-1,1,66,10,15043,14438
CTGAAGTTGGATCGGC-1,1,66,12,15044,14256
GCGATGGAGCTACATT-1,1,66,14,15046,14073
TGCAGATGAGATCTAG-1,1,66,16,15047,13891
TCAGACCGGCCTGCTC-1,1,66,18,15049,13708
GTATAAGGCGTCTTCA-1,1,66,20,15050,13525
CGCTGCAATCGCTGTT-1,1,66,22,15051,13343
CTGGAATAGGAATTAG-1,1,66,24,15053,13160
AACTTATGATACGTAC-1,1,66,26,15054,12977
CTCACCTGGCTTAGGT-1,1,66,28,15056,12795
CGAACGTGAAGTCCAA-1,1,66,30,15057,12612
TCTGAGCGTAATTGTC-1,1,66,32,15059,12430
GCACTCTTGCTACCGA-1,1,66,34,15060,12247
GAGGAAGGCAACGGCG-1,1,66,36,15061,12064
ACTGGTAAGGCCTCAG-1,1,66,38,15063,11882
ACATCTATCCGAACCA-1,1,66,40,15064,11699
TGCCACTATCAGGCAG-1,1,66,42,15066,11516
TCTATTCCTTCCGGAA-1,1,66,44,15067,11334
CTGGTTGGCTTGTTAC-1,1,66,46,15068,11151
GTCGGCCTCCGGCATC-1,1,66,48,15070,10969
GTCAGGATCAACCAAC-1,1,66,50,15071,10786
TGCTTAGTTGACTTAC-1,1,66,52,15073,10603
CTTGTCAGTTCGGTAA-1,1,66,54,15074,10421
AATCTTAGCCTCTGTC-1,1,66,56,15075,10238
GCCTGTGATAGATTGG-1,1,66,58,15077,10056
TCTTGCACTGGTGCTC-1,1,66,60,15078,9873
TGACCTGTCTATCTCG-1,1,66,62,15080,9690
CTAGCATAGAGCGAGC-1,1,66,64,15081,9508
ACGGCCGTGACATTAA-1,1,66,66,15082,9325
GTGCCGCATCCTTCCT-1,1,66,68,15084,9142
TAGCAATTATGGACCG-1,1,66,70,15085,8960
TAACCGGATGGACAGG-1,1,66,72,15087,8777
AAGATATTGGACGTCC-1,1,66,74,15088,8595
CGACTAATGTTAGGCT-1,1,66,76,15089,8412
ATCGAACATGCTAAGC-1,1,66,78,15091,8229
AAGATAGGCTTGCTTA-1,1,66,80,15092,8047
CAGAGTCATGTACAGG-1,1,66,82,15094,7864
CATCAGTAATCAGACA-1,1,66,84,15095,7682
TGAACGGATTCAAGTT-1,1,66,86,15096,7499
CGGCATGGCCGCTTGT-1,1,66,88,15098,7316
GCTTACCTCGTGCTAT-1,1,66,90,15099,7134
CCTCTAGCTGGTCCGC-1,1,66,92,15101,6951
GCCAGTTAATTCTTGC-1,1,66,94,15102,6768
TCATGCAGCGCCTTCG-1,1,66,96,15104,6586
CTCACCGTGACTCGGA-1,1,66,98,15105,6403
AGTATTGATTGAGTCA-1,1,66,100,15106,6221
GTATGCCTTACTCCAC-1,1,66,102,15108,6038
CAGGTTCCACTAATCC-1,1,66,104,15109,5855
CGGACACTATGTATCA-1,1,66,106,15111,5673
TAGACATATGGCGAGG-1,1,66,108,15112,5490
CTAGTGTTCAGATCCG-1,1,66,110,15113,5308
GTACAGAACGCAGCGT-1,1,66,112,15115,5125
GACTGAGGTGATTAAC-1,1,66,114,15116,4942
CCGACAAGGCACGGTT-1,1,66,116,15118,4760
ATCGACTAAGTACTGC-1,1,66,118,15119,4577
GCCTCCGTGCTGTAAT-1,1,66,120,15120,4394
ATGTCGCATTGATTGC-1,1,66,122,15122,4212
TGGCGACATACGCTCA-1,1,66,124,15123,4029
CTGCTTACTGTCGCGA-1,1,66,126,15125,3847
CCGGTGAAGCGGAGTG-1,1,67,1,15196,15261
GTAGCCTCTAAGTGTA-1,1,67,3,15197,15079
CTCGATGCCGTGCGTC-1,1,67,5,15198,14896
TGAACTCAAGGTCGGT-1,1,67,7,15200,14714
GACGTACTGCGTGCGG-1,1,67,9,15201,14531
ATGTCATCAGGTTATG-1,1,67,11,15203,14348
TGTAAGTGATCAGACC-1,1,67,13,15204,14166
ACGGCTTCGATTAAGC-1,1,67,15,15205,13983
ATACGGTCCTTGTCTT-1,1,67,17,15207,13800
AACCATCGGAAGCGAC-1,1,67,19,15208,13618
AACATGCGCAAGTGAG-1,1,67,21,15210,13435
CAATAAGAACCGACTT-1,1,67,23,15211,13253
AACTGCCGGAGTAACA-1,1,67,25,15212,13070
CCTCTATGTTGCTTAT-1,1,67,27,15214,12887
CGCCTCTGACTATTGT-1,1,67,29,15215,12705
GAAGGATGGTATACGT-1,1,67,31,15217,12522
TCGTATACAAGACGAG-1,1,67,33,15218,12339
CTGACGTATCCGCCAC-1,1,67,35,15219,12157
CGAGTCCATGTCAACA-1,1,67,37,15221,11974
CGATGACCTCATCCTC-1,1,67,39,15222,11792
GTAGCATCGAAGGTCT-1,1,67,41,15224,11609
TAAGAACAGGTGTAAC-1,1,67,43,15225,11426
CACTCAAGACCATGCA-1,1,67,45,15227,11244
GTCCTTCATGGATTAG-1,1,67,47,15228,11061
CATGCGGCCGGAATTC-1,1,67,49,15229,10879
CCTATGATGGTCAATG-1,1,67,51,15231,10696
AAGCCAGGCTGCTTGA-1,1,67,53,15232,10513
AACATCTAATGACCGG-1,1,67,55,15234,10331
GTATTCCGCTCGGATG-1,1,67,57,15235,10148
CAGTTGCAACCGAGAT-1,1,67,59,15236,9965
AGTCGTTGCCTTACCT-1,1,67,61,15238,9783
GTCGCATTACCAGGCA-1,1,67,63,15239,9600
TCCAATAACGTGCTAG-1,1,67,65,15241,9418
TCGCTTACTCGCAAGT-1,1,67,67,15242,9235
GTCTGCTCAACACCAA-1,1,67,69,15243,9052
ACTATTACCAGGTGCT-1,1,67,71,15245,8870
ATTCTTGAGGCGACGC-1,1,67,73,15246,8687
GTATGTTCTGGATCGC-1,1,67,75,15248,8505
GGACGTTAGATTCAGG-1,1,67,77,15249,8322
GAACAGATCCGCTAGA-1,1,67,79,15250,8139
GTGAGCACCAGCATCC-1,1,67,81,15252,7957
CTTGGACAGGTTAGAA-1,1,67,83,15253,7774
CATGCACGCCGACGGA-1,1,67,85,15255,7591
TCTAGCGACACCGAGC-1,1,67,87,15256,7409
TAGGCAGGCGGACGCC-1,1,67,89,15257,7226
GTAGACCAGAATACTC-1,1,67,91,15259,7044
TGCACGGTAGACGGTA-1,1,67,93,15260,6861
GCTGTCGCGATGGTAG-1,1,67,95,15262,6678
TGCTGTATTAGCGGTC-1,1,67,97,15263,6496
TCCAGTTGAAGTAGCA-1,1,67,99,15265,6313
TCGGTGTCAACAGGCA-1,1,67,101,15266,6131
TGTATCACGGTGGAAC-1,1,67,103,15267,5948
ATTCTAACGCCTGTTA-1,1,67,105,15269,5765
CTATCGTTATCCGTCG-1,1,67,107,15270,5583
TCGACTTATTAATCCT-1,1,67,109,15272,5400
CGGCTGACCGCTCGCA-1,1,67,111,15273,5217
CATTAAGTAGCTTACC-1,1,67,113,15274,5035
CTCCAACCTTAGCCGG-1,1,67,115,15276,4852
CAGGACCTACATAGTC-1,1,67,117,15277,4670
TCCAACGCGACGTTGG-1,1,67,119,15279,4487
AATTACCAACTCCGTA-1,1,67,121,15280,4304
TGGAAGTCCGCAGTCT-1,1,67,123,15281,4122
GCCGCTAGATCACCTT-1,1,67,125,15283,3939
AGGCAACAGCGTTCGC-1,1,67,127,15284,3756
CTAAGACCTTGGTTAA-1,1,68,0,15354,15354
AGGAGCAGAACATCTT-1,1,68,2,15355,15171
TGAGGTCGGCTCGGCT-1,1,68,4,15357,14989
ACCACGGAAGTTAATT-1,1,68,6,15358,14806
AAGATAGTCGACCTTG-1,1,68,8,15359,14623
CGGCTTCGATCTCCAA-1,1,68,10,15361,14441
CTCAATACAGTATTCT-1,1,68,12,15362,14258
TGACGCTGCAGCTCAT-1,1,68,14,15364,14076
GCCTTGCCTAGTCGAT-1,1,68,16,15365,13893
AGGTCACCTCCGCCTC-1,1,68,18,15366,13710
TCATAGGTATTGCGTG-1,1,68,20,15368,13528
TGTCCGGATGGCAGTT-1,1,68,22,15369,13345
TCGCGGAGTACAACCA-1,1,68,24,15371,13162
GTCTCGACTGACGAGT-1,1,68,26,15372,12980
CTGGTGCGAGAAGCTT-1,1,68,28,15373,12797
ACTGAGACCTTAGCAC-1,1,68,30,15375,12615
CTACCATCGATGAGAA-1,1,68,32,15376,12432
CACCTTGCGAGTTATG-1,1,68,34,15378,12249
TACGTGTACATCCGTG-1,1,68,36,15379,12067
CGAGCGTGCATTGTGG-1,1,68,38,15380,11884
ACATTGCAGTTCGGCA-1,1,68,40,15382,11702
AATAACGTATTGAACA-1,1,68,42,15383,11519
TACACTGTAGTCAACG-1,1,68,44,15385,11336
AGGAGCCTCGAACGTT-1,1,68,46,15386,11154
TGTAATGCCTAACACC-1,1,68,48,15388,10971
CGATTAACTAATCTTA-1,1,68,50,15389,10788
CATCGGTAGCGTCCGA-1,1,68,52,15390,10606
TCCTGCCGTGTCTAAG-1,1,68,54,15392,10423
GCGACGTAGAGCGTTA-1,1,68,56,15393,10241
CTTGAGTCCAAGGCTG-1,1,68,58,15395,10058
TATTGATCTACTTCGG-1,1,68,60,15396,9875
TGTCACAGACGTATCC-1,1,68,62,15397,9693
AGGTTACATTCCACGC-1,1,68,64,15399,9510
GCACCTAGTAATTATC-1,1,68,66,15400,9328
GAAGCGTCCATAGTTG-1,1,68,68,15402,9145
ATGTACCATTATTGTC-1,1,68,70,15403,8962
AACCGTGCTTATGTTG-1,1,68,72,15404,8780
CGCACTCACCAGCACG-1,1,68,74,15406,8597
TATGGATATGGTGCGA-1,1,68,76,15407,8414
CAACCGTTAACAGACC-1,1,68,78,15409,8232
CACCTATTACTCAGAT-1,1,68,80,15410,8049
GCCTCATGCGAGCAGG-1,1,68,82,15411,7867
ACATGTTCCACTGATA-1,1,68,84,15413,7684
CCTATCTATCAATCGC-1,1,68,86,15414,7501
GGTCTGAGATCCGCCA-1,1,68,88,15416,7319
AGCGACATTCGATCTG-1,1,68,90,15417,7136
ATGTATGTTATTGAAG-1,1,68,92,15418,6954
AGACTACGTGCTCCAT-1,1,68,94,15420,6771
TCCAATACTGGAGCGT-1,1,68,96,15421,6588
ATACTATGGTTACATT-1,1,68,98,15423,6406
CCGGTGGAGCTGGCTC-1,1,68,100,15424,6223
AGGCATGCATGGAATT-1,1,68,102,15425,6040
TCCATAGCGACTCAGT-1,1,68,104,15427,5858
GCGTGAACGTGACTCA-1,1,68,106,15428,5675
CTATGTCAGGAACCTC-1,1,68,108,15430,5493
CTATGCAGACCTCGCC-1,1,68,110,15431,5310
AGCACCTCCAATCACG-1,1,68,112,15433,5127
TCATTCTGATGGTGCG-1,1,68,114,15434,4945
GACGCTCAACTGAGTG-1,1,68,116,15435,4762
TCACATGGATAACTGT-1,1,68,118,15437,4579
TGTTCAGATAACGGTC-1,1,68,120,15438,4397
TGTATGTCGAGGAAGC-1,1,68,122,15440,4214
GGTACGTGCCTTATCC-1,1,68,124,15441,4032
CGTACAGGATTGGAAT-1,1,68,126,15442,3849
AAGCCGGTTACAAGGC-1,1,69,1,15513,15264
GACAGAGGTCGCTTCG-1,1,69,3,15515,15081
GAAGCGAACTGACATT-1,1,69,5,15516,14899
AACAGGAAGAGCATAG-1,1,69,7,15518,14716
AACTGGATACTTCACT-1,1,69,9,15519,14533
GCGGTTCTGTGGACGT-1,1,69,11,15520,14351
CGTCTTGCAACTTCTG-1,1,69,13,15522,14168
GTACAGCTGTTGTCCT-1,1,69,15,15523,13985
ACAGAAGTGATCAATC-1,1,69,17,15525,13803
TCGAACAGGTTGCACG-1,1,69,19,15526,13620
TACGTTCCACGCTCGT-1,1,69,21,15527,13438
GCCACGACCGTTAAGT-1,1,69,23,15529,13255
TGCCACCTATTACATT-1,1,69,25,15530,13072
CAATCTGAGTCGACTC-1,1,69,27,15532,12890
ATAGGCCGGTAATTCT-1,1,69,29,15533,12707
CAAGGCAAGCATCTCG-1,1,69,31,15534,12525
CTTGGACATTACAGGA-1,1,69,33,15536,12342
AAGGAGTGGCTACCAA-1,1,69,35,15537,12159
CTAATCACTCCGAGAC-1,1,69,37,15539,11977
CCAGGTTACGAGACTG-1,1,69,39,15540,11794
GCACGAGCTATTGTCG-1,1,69,41,15541,11611
ATCGCATCACGCATCT-1,1,69,43,15543,11429
TCTAGAGTCTCCACGC-1,1,69,45,15544,11246
CCTCCGAAGCTGTACC-1,1,69,47,15546,11064
TGCGCCTCTTCGGCGA-1,1,69,49,15547,10881
AGATCATTCACGCTGT-1,1,69,51,15548,10698
GTATCTGTGGCGTCTA-1,1,69,53,15550,10516
CATCGGATCCTACCTG-1,1,69,55,15551,10333
ATCTGATACTTCATTA-1,1,69,57,15553,10151
ACGGTCGGACAGGCGA-1,1,69,59,15554,9968
CGCTACTCAGCCATAG-1,1,69,61,15556,9785
TCAGTGAAGAGTTCTA-1,1,69,63,15557,9603
GCACATGCCGGTCTGG-1,1,69,65,15558,9420
CCATGGTTCCAATGTC-1,1,69,67,15560,9237
GTCTAGCGTTGTGACC-1,1,69,69,15561,9055
TATGCCACAGCCGGTG-1,1,69,71,15563,8872
CACCTACATGATTGAT-1,1,69,73,15564,8690
CTGGAAGGCAACCGGA-1,1,69,75,15565,8507
TCTTGCACGTCTAATG-1,1,69,77,15567,8324
AGCGCATCGTGGTCGA-1,1,69,79,15568,8142
AACTATCGTCATAGTC-1,1,69,81,15570,7959
GACTACGCCTATAGCC-1,1,69,83,15571,7777
TGCGGACCATGGTACC-1,1,69,85,15572,7594
ATTATCCATTGTGACA-1,1,69,87,15574,7411
GACATCACCGTTGCGT-1,1,69,89,15575,7229
ACTGTATGATCCTCAT-1,1,69,91,15577,7046
CGTTACGTGCAGATGG-1,1,69,93,15578,6863
TGCCGACGATGAACTG-1,1,69,95,15579,6681
TATTCGATGATCTAGT-1,1,69,97,15581,6498
ATTGGCACCACGCCAT-1,1,69,99,15582,6316
GAGGTGCCTCTTCGTG-1,1,69,101,15584,6133
TAACAGTTCCACTTCG-1,1,69,103,15585,5950
ACCTTCAGACCTCGGT-1,1,69,105,15586,5768
TAAGACCTCAAGTGCC-1,1,69,107,15588,5585
ATTCTACAGCCAGCAC-1,1,69,109,15589,5402
CCTTATAGGTCTCAAC-1,1,69,111,15591,5220
CGGTCAATTGGCCGAT-1,1,69,113,15592,5037
GCTAACGTCCATTCTG-1,1,69,115,15594,4855
CTCCGGTTATGGCACG-1,1,69,117,15595,4672
AAGGACCTGCAAGCAT-1,1,69,119,15596,4489
CCATGACAGGAGAACA-1,1,69,121,15598,4307
GTTGCAGCCGGCTTGG-1,1,69,123,15599,4124
ACCAGCACTCCAATAC-1,1,69,125,15601,3942
TATGAGCCGCAATCCG-1,1,69,127,15602,3759
TAACGAATGGTAGTAC-1,1,70,0,15672,15356
GTGAACTCACCAGTAT-1,1,70,2,15673,15174
ATCATTCGGACAACAG-1,1,70,4,15674,14991
CCATAGGACCGCCAAC-1,1,70,6,15676,14808
TAGTTGAGCGACGCTA-1,1,70,8,15677,14626
GGTGCATGATACGGAT-1,1,70,10,15679,14443
CTGCGGAAGCAGGCAC-1,1,70,12,15680,14261
GATTCCGTCTAACGTT-1,1,70,14,15681,14078
ATACTATGAATGTCTT-1,1,70,16,15683,13895
TCTACCGGTCAATAGC-1,1,70,18,15684,13713
CGATAACTCCTTATGC-1,1,70,20,15686,13530
CTCATCTATTCGATAC-1,1,70,22,15687,13348
CGAGGAGCATGCTATG-1,1,70,24,15688,13165
GAGGTGAGATCATTGG-1,1,70,26,15690,12982
TGGAGTCGGCAAGCTC-1,1,70,28,15691,12800
ACCGAGAACGTGTTGG-1,1,70,30,15693,12617
GACGAGAAGTTACAGA-1,1,70,32,15694,12434
GAACGCCACGGTGGTT-1,1,70,34,15695,12252
AGCTTCGCTGCGGTCA-1,1,70,36,15697,12069
CCGCTCTGGATATCGG-1,1,70,38,15698,11887
GAATACCTGCCACGGC-1,1,70,40,15700,11704
GCACTCCGACTGGCGT-1,1,70,42,15701,11521
TGTAATCGAGACTGGC-1,1,70,44,15702,11339
AGGTGAATCCACAACC-1,1,70,46,15704,11156
AAGGCGCCGACAATCT-1,1,70,48,15705,10974
TACGTGGCATCATATG-1,1,70,50,15707,10791
GCAACAGCTCCTATGA-1,1,70,52,15708,10608
GTTCTACTTATGGTAG-1,1,70,54,15709,10426
CAGAGGCGAATTGCCA-1,1,70,56,15711,10243
CGAGCGTATGCCAGCG-1,1,70,58,15712,10060
TCGTATTAGATCCGGT-1,1,70,60,15714,9878
ATTGGCCTAGGAATCG-1,1,70,62,15715,9695
CCTAATCGGCAGTCAC-1,1,70,64,15717,9513
CATGGTGAGGCAGCAT-1,1,70,66,15718,9330
CGACAATTCGTCATGT-1,1,70,68,15719,9147
ATAGTGTCAGATGTAG-1,1,70,70,15721,8965
GGTAGCGTACATCTGT-1,1,70,72,15722,8782
CCACAGGAAGATGTGC-1,1,70,74,15724,8600
ATTGCCTGATGTGCGG-1,1,70,76,15725,8417
TCCTGCTACATGCAGA-1,1,70,78,15726,8234
AAGGTGCCGCTAAGGT-1,1,70,80,15728,8052
ATGCTCATGCCTGCCT-1,1,70,82,15729,7869
AGCTCACTATGCAGTT-1,1,70,84,15731,7686
CTATCCATAATCGATA-1,1,70,86,15732,7504
CTTCAATCGTACTACG-1,1,70,88,15733,7321
GATACTTCTAGTGGAG-1,1,70,90,15735,7139
CGGTGAACTCCACCAG-1,1,70,92,15736,6956
GCTACATCTGTACTCA-1,1,70,94,15738,6773
GGCGTGGACCTTAGAT-1,1,70,96,15739,6591
CTATGCACCAATCCAG-1,1,70,98,15740,6408
TCGCCAGGCATGCCTC-1,1,70,100,15742,6225
GGATCGATACCTCCGG-1,1,70,102,15743,6043
CAGCTTGACGCCATTA-1,1,70,104,15745,5860
TGTATGCCTATCTTAT-1,1,70,106,15746,5678
GTATACGGTTAAGATA-1,1,70,108,15747,5495
TGGAAGTCTGGACTAA-1,1,70,110,15749,5312
TCCGTACTATCCTGCT-1,1,70,112,15750,5130
TAGTGAGGTGCCATCA-1,1,70,114,15752,4947
TGAGACCTGAGCCGAG-1,1,70,116,15753,4765
AAGTGATCCACGAGCG-1,1,70,118,15755,4582
ATTAGCTAGATGCGCA-1,1,70,120,15756,4399
TCGACTGCAATTCTCG-1,1,70,122,15757,4217
CACGCCTGGCGAATGT-1,1,70,124,15759,4034
ATCCGAACGCAACCTT-1,1,70,126,15760,3851
AGCGCTAGGTACGCAA-1,1,71,1,15831,15266
TACGGACCTCACGTAC-1,1,71,3,15832,15084
ATTCACGCTGCCTAGG-1,1,71,5,15834,14901
CCATGAGGCTATGCCA-1,1,71,7,15835,14718
GGTTCTATCATATGGC-1,1,71,9,15837,14536
GTAACGGCAGCCTACA-1,1,71,11,15838,14353
ATGTAGTCCAGAACAT-1,1,71,13,15840,14171
GAACGCTTAGAACGTC-1,1,71,15,15841,13988
TCAGGAATAGAACCTG-1,1,71,17,15842,13805
AATGGTCGAACGTGAA-1,1,71,19,15844,13623
TCATAATTCGTGCAGA-1,1,71,21,15845,13440
GGTCTTGATTCAACCT-1,1,71,23,15847,13257
GGACCAGATAGGATGT-1,1,71,25,15848,13075
TCGGACCAGATTCAAT-1,1,71,27,15849,12892
GTGGAGTACAATCAAT-1,1,71,29,15851,12710
CCTAGTGAATGTCTGC-1,1,71,31,15852,12527
TGGCGATGAGTGGCAG-1,1,71,33,15854,12344
ATTAGTTGGACGTGAT-1,1,71,35,15855,12162
ACCACGGATCCGGATA-1,1,71,37,15856,11979
CATATTCTTGTCGTAA-1,1,71,39,15858,11797
GTGAACTCGTGGTATC-1,1,71,41,15859,11614
CTATCGAATGGTCTGT-1,1,71,43,15861,11431
AGATGCACGTAGGTGC-1,1,71,45,15862,11249
TCTAGCTTATTCGCCA-1,1,71,47,15863,11066
TACATTGACTGAGTCC-1,1,71,49,15865,10883
ATTGCGTAGTTAGGAG-1,1,71,51,15866,10701
TCTGATCATAATGATT-1,1,71,53,15868,10518
GCGAGCTAACTCCTAG-1,1,71,55,15869,10336
CACGCCACTCCTTCAT-1,1,71,57,15870,10153
CGAGGACGTAATAGGC-1,1,71,59,15872,9970
TGGTTGGTATCGGCAT-1,1,71,61,15873,9788
ATCAAGGAGCTTACAT-1,1,71,63,15875,9605
GTTGACTTCTATGCTG-1,1,71,65,15876,9423
GACTTGAAGCCATAGC-1,1,71,67,15878,9240
TGACCATCCATCTGCT-1,1,71,69,15879,9057
TCATTCACGCGAGCTC-1,1,71,71,15880,8875
TGCACGGCTGGTAAGG-1,1,71,73,15882,8692
AGCCTACGGTGACCAA-1,1,71,75,15883,8509
AATTGAATTCACTAGA-1,1,71,77,15885,8327
GTGCCACCTTGAGCAT-1,1,71,79,15886,8144
GAGCTGCGGTGGTAAT-1,1,71,81,15887,7962
TATGCGTACCTGAGTC-1,1,71,83,15889,7779
GGTCTTGCACGTTGCG-1,1,71,85,15890,7596
CGTGGCTACATCCATT-1,1,71,87,15892,7414
TAGACATTGACTTGCA-1,1,71,89,15893,7231
CTATCGGCCGTCTGAC-1,1,71,91,15894,7048
CAGCTCACGCACTAGA-1,1,71,93,15896,6866
CCAAGCCTGTATTAAT-1,1,71,95,15897,6683
ATTACATGTTATTGAC-1,1,71,97,15899,6501
GTGAACTGAGTTCGGC-1,1,71,99,15900,6318
TGCAGAATCGGAGGCT-1,1,71,101,15901,6135
ATCTTAGACTTGATCT-1,1,71,103,15903,5953
AGTGTAAGCCTGCAAG-1,1,71,105,15904,5770
GTTCGAATCACGTACG-1,1,71,107,15906,5588
AATGGTTGAGTCGGAA-1,1,71,109,15907,5405
TCTAGCAGCGGATCAG-1,1,71,111,15908,5222
CTAACAAGGCTCACTT-1,1,71,113,15910,5040
TGATGGCTAATCCATA-1,1,71,115,15911,4857
ACTAATGCCTTGCATC-1,1,71,117,15913,4674
TACCATGGCGCCTTGT-1,1,71,119,15914,4492
GGAAGTCCTTGTCATC-1,1,71,121,15915,4309
ATGTATGTACTATCTT-1,1,71,123,15917,4127
CTTCGATACAGTCTCC-1,1,71,125,15918,3944
AACAGGCCAACGATTA-1,1,71,127,15920,3761
GGCGGACATATTGATG-1,1,72,0,15989,15359
TGTCACTCCGTCAAGT-1,1,72,2,15991,15176
TGGTTGTCTATCGACA-1,1,72,4,15992,14994
TACCGTAGGTATAACA-1,1,72,6,15993,14811
AGGATAGATAATTGGA-1,1,72,8,15995,14628
CAGCTTCTCCGCTCTT-1,1,72,10,15996,14446
CGAATTAAGTGGACTA-1,1,72,12,15998,14263
TCGCCGTTGTTACAAG-1,1,72,14,15999,14080
AGGAGCCTTCGCCTTA-1,1,72,16,16001,13898
CCGCGTAAGATTCCTT-1,1,72,18,16002,13715
GTGAAGTATTGGTCAC-1,1,72,20,16003,13533
CCGATGGATCCGGCAG-1,1,72,22,16005,13350
ATAACGCCTGTAGGCA-1,1,72,24,16006,13167
CTGTCAGGTGGATCGT-1,1,72,26,16008,12985
ACTCTGACCTTACTGA-1,1,72,28,16009,12802
GAGGAAGCCGATGTGA-1,1,72,30,16010,12620
TAGTTCAAGGTCCACG-1,1,72,32,16012,12437
ACCTGTAACCGAATAA-1,1,72,34,16013,12254
CCTATGTCGAATAGAA-1,1,72,36,16015,12072
CTGGAATGGATAGTTC-1,1,72,38,16016,11889
GAAGCTTGACGCTTAA-1,1,72,40,16017,11706
GTACGACAGCTCCGGA-1,1,72,42,16019,11524
GCGGAGCCTGTAACAT-1,1,72,44,16020,11341
AATTATACCTCAATGA-1,1,72,46,16022,11159
CGACGCCGGAGTTGAG-1,1,72,48,16023,10976
AGCTGTTGAAGGCCTT-1,1,72,50,16024,10793
ATTGGCGAATTGCACT-1,1,72,52,16026,10611
CTATGCCATTGGAGAA-1,1,72,54,16027,10428
TAACGAGCGTCTGGCC-1,1,72,56,16029,10246
CTGGCACTTCTGCGTC-1,1,72,58,16030,10063
CGAGTCTTGTACTGCC-1,1,72,60,16031,9880
CTTAGCTACCATCTCA-1,1,72,62,16033,9698
CTGTGCGTGAGCCGTC-1,1,72,64,16034,9515
CCGAAGCCAGGTTCAG-1,1,72,66,16036,9332
TGCCTATGGACTGGTC-1,1,72,68,16037,9150
GTCCTTATACATTACG-1,1,72,70,16038,8967
ATTAGATTCGTACTCA-1,1,72,72,16040,8785
AGATCTAACGAGCTCA-1,1,72,74,16041,8602
AATGAAGAGGATGTAT-1,1,72,76,16043,8419
GCTAACAGATTGGTAG-1,1,72,78,16044,8237
ATTATCGAAGCCTAAG-1,1,72,80,16046,8054
AATCCGACCACGGTCC-1,1,72,82,16047,7871
GGTGCGCAACTAACGG-1,1,72,84,16048,7689
TACGGATCTTGCGATG-1,1,72,86,16050,7506
ATCGTACCGCGTACGC-1,1,72,88,16051,7324
GTTCCGTATGGTAACG-1,1,72,90,16053,7141
AAGCCATTATCGAAGG-1,1,72,92,16054,6958
TGTACCAATATTAGTC-1,1,72,94,16055,6776
CCAGACCAGCGGCAAG-1,1,72,96,16057,6593
AACTTCAGCATGGCCG-1,1,72,98,16058,6411
TCATTGCAAGTGCTCA-1,1,72,100,16060,6228
GTGACATAGTTAGCTG-1,1,72,102,16061,6045
ATGAGTCTTAGGAAGG-1,1,72,104,16062,5863
ATGGAGGTTCACCGGT-1,1,72,106,16064,5680
CTGGAATTCGGCGAAC-1,1,72,108,16065,5497
ACAACTAACCAGTGGA-1,1,72,110,16067,5315
CCTAACGCTGATGTCT-1,1,72,112,16068,5132
AGACGATGCTGATAAT-1,1,72,114,16069,4950
CTCACCTTGGAAGAAC-1,1,72,116,16071,4767
CAAGTCGTAGGACTCG-1,1,72,118,16072,4584
ACATCGAAGTGATTAA-1,1,72,120,16074,4402
GTTGCCGGTGGAAGTA-1,1,72,122,16075,4219
GGAGATTCACGACCAT-1,1,72,124,16076,4037
TACGACTAGCCTTACC-1,1,72,126,16078,3854
GGAGCCAGTCTGCTGA-1,1,73,1,16149,15269
CAGCTGCCATAACCAG-1,1,73,3,16150,15086
TGTAATACTACACGGT-1,1,73,5,16152,14903
TATGTTGGAGTTGTAA-1,1,73,7,16153,14721
GTAGACGTGCATGTGC-1,1,73,9,16154,14538
TGCAGAACTATCAACT-1,1,73,11,16156,14356
CATGCAGGTAGTTGTA-1,1,73,13,16157,14173
ATCCGTTATCGAAGGC-1,1,73,15,16159,13990
CCTTAGTGGATCCACG-1,1,73,17,16160,13808
TAACGACTGGCCGTCG-1,1,73,19,16161,13625
ACCGTCGAGTATACTC-1,1,73,21,16163,13443
ATCCACATCACTGCCG-1,1,73,23,16164,13260
TGTCCGATAGTCACAG-1,1,73,25,16166,13077
GGCCGGCGGTCTGTTA-1,1,73,27,16167,12895
CGACTAAGCGGCAGAC-1,1,73,29,16169,12712
TCCGAAGTGACAGGCT-1,1,73,31,16170,12529
CGACCTATCTCGCAAG-1,1,73,33,16171,12347
CACGATCTTCGCCGAC-1,1,73,35,16173,12164
AGCGGTACGGCGCATC-1,1,73,37,16174,11982
CTGCGGCATGTAAGTA-1,1,73,39,16176,11799
GGTGTCAAGCTGCACC-1,1,73,41,16177,11616
ATTACTGATATTCGCC-1,1,73,43,16178,11434
TCGTCATCGTACCAAT-1,1,73,45,16180,11251
TACAAGTTATACGCTG-1,1,73,47,16181,11069
TATGTCTAAGACGCAA-1,1,73,49,16183,10886
AGGATTCCTTGCTGCG-1,1,73,51,16184,10703
GCAATCAACTCCAGAT-1,1,73,53,16185,10521
GCACCTTAATCGGATA-1,1,73,55,16187,10338
GAACCTTAGTTGATTA-1,1,73,57,16188,10155
CGGAGCCATCTGGATA-1,1,73,59,16190,9973
TGGCGAATTCTATGGT-1,1,73,61,16191,9790
TGTAGCCGTACATAAC-1,1,73,63,16192,9608
CCAACTGGAGATTCAT-1,1,73,65,16194,9425
TGAGTACGCTGCTCAG-1,1,73,67,16195,9242
ACCAAGGCTTCGCTAG-1,1,73,69,16197,9060
CTCATATGTAACCGTG-1,1,73,71,16198,8877
CTACCTGTAATAAGCA-1,1,73,73,16199,8694
AACCATGAATTGCCTT-1,1,73,75,16201,8512
TGGTACTGACCGCTGC-1,1,73,77,16202,8329
AGGAGCATCTTAACTC-1,1,73,79,16204,8147
AGGTACTCTGCCACCG-1,1,73,81,16205,7964
GAGGATGAGGATCCTC-1,1,73,83,16207,7781
ATGTTACGCCATTCCT-1,1,73,85,16208,7599
CGCAAGTAGAGCTTGA-1,1,73,87,16209,7416
CACTCAAGGCGGCACT-1,1,73,89,16211,7234
CAACCGTTAATGTCAT-1,1,73,91,16212,7051
GTGAGGTACGCTGAGT-1,1,73,93,16214,6868
TAGATGCTGTATCGTA-1,1,73,95,16215,6686
CGACAAGTGATGCGCA-1,1,73,97,16216,6503
TGCATTCACGTGTACT-1,1,73,99,16218,6320
GCTGCGCAATGGAAGC-1,1,73,101,16219,6138
TAACAGTCTACTATGG-1,1,73,103,16221,5955
TGAACGGACATTGAGT-1,1,73,105,16222,5773
TACGTTCTACCGCCAT-1,1,73,107,16223,5590
CAATGCATCATTATGC-1,1,73,109,16225,5407
CATCTGGCGAATGTCG-1,1,73,111,16226,5225
AGTAGAGTGCCGAATG-1,1,73,113,16228,5042
GTTATTGGCATGTAGA-1,1,73,115,16229,4860
TCCGTTGGTTCACTCG-1,1,73,117,16230,4677
CCGGCATGAGCCGTCT-1,1,73,119,16232,4494
CTTGGTGCAGCCTCCA-1,1,73,121,16233,4312
TCCAGAGGCAAGAACT-1,1,73,123,16235,4129
GTGCGGCATGCTCATC-1,1,73,125,16236,3946
TCAGTCCGGCGATTGG-1,1,73,127,16237,3764
TGCACGGCCTGTGATA-1,1,74,0,16307,15361
TGAGCCTTGATGTATC-1,1,74,2,16308,15179
GATACGACTGAACAGA-1,1,74,4,16310,14996
GTATACATAAGGACTA-1,1,74,6,16311,14813
AGCGTTATAGCGCACT-1,1,74,8,16313,14631
AGTGAGCGCCTGTCCT-1,1,74,10,16314,14448
TACGGTGAGCCGATGT-1,1,74,12,16315,14266
GATCGTTGTATCTACT-1,1,74,14,16317,14083
GGAATGCGCCGACAGG-1,1,74,16,16318,13900
GTCACTTCTGGAGCGG-1,1,74,18,16320,13718
TGCGGAGGCTGGACCG-1,1,74,20,16321,13535
GAGGAAGGACAATGAA-1,1,74,22,16322,13352
CTGCCACGTGTTAATA-1,1,74,24,16324,13170
TCTTACCGCACTGAAT-1,1,74,26,16325,12987
AGTCTGTTACAATAGT-1,1,74,28,16327,12805
TCTAGCGGAATGGATC-1,1,74,30,16328,12622
CGGATTGTGCAGGAGC-1,1,74,32,16330,12439
GCAGTTGACAATAGAA-1,1,74,34,16331,12257
GTCTTGACCGGAGGCC-1,1,74,36,16332,12074
AAGCAGTGTACACCGC-1,1,74,38,16334,11892
ATGAGGAACGACCAGC-1,1,74,40,16335,11709
TCATCGCTGCGTATTG-1,1,74,42,16337,11526
CCATACGGAGCCAAGG-1,1,74,44,16338,11344
ACATCTACCTGTTCTA-1,1,74,46,16339,11161
ACTGATACCTTCACTA-1,1,74,48,16341,10978
GGATTCGTGGTAATCA-1,1,74,50,16342,10796
AGCCGTAGACTCTGAA-1,1,74,52,16344,10613
TGTCACTAGCTCAGAC-1,1,74,54,16345,10431
GCTACCTAGTCCGTTC-1,1,74,56,16346,10248
GTGACTATGGCATGGA-1,1,74,58,16348,10065
CTATTACCGTCATATT-1,1,74,60,16349,9883
GAGCAGACTAGTGGTA-1,1,74,62,16351,9700
ACTGAGCGATTACTAA-1,1,74,64,16352,9517
AGAAGCAATGAGGAAC-1,1,74,66,16353,9335
GTACCTACAATACGAA-1,1,74,68,16355,9152
TCGCGACGTGGTAAGT-1,1,74,70,16356,8970
CGCTATAGCGATCGCC-1,1,74,72,16358,8787
TGTAGGCAGGTCTAGC-1,1,74,74,16359,8604
ACCTCCGATTATAAGA-1,1,74,76,16360,8422
GAGCATCTCCAGTCTG-1,1,74,78,16362,8239
TGCAGAGCCTTGCCGG-1,1,74,80,16363,8057
ATAGTCGCTAAGGTAT-1,1,74,82,16365,7874
GCCTGTTAACGGACGA-1,1,74,84,16366,7691
TCCAACAGATGCGGCA-1,1,74,86,16367,7509
TGGTCGAGATCTGTAA-1,1,74,88,16369,7326
GCACGAGGTCACGGAC-1,1,74,90,16370,7143
AGCGACATCCTTCTAA-1,1,74,92,16372,6961
GATTCCAAGTCCTGTA-1,1,74,94,16373,6778
GTGCAGTGGTAGATTC-1,1,74,96,16375,6596
GACGTAGACTGCCGCA-1,1,74,98,16376,6413
TGTATGCAGGATTCAC-1,1,74,100,16377,6230
ATGAGCTACTGGACAT-1,1,74,102,16379,6048
GACGTTCGGTCTTACC-1,1,74,104,16380,5865
TCCAGCTCTGCTATAG-1,1,74,106,16382,5683
GGCTCGATTAAGGCGG-1,1,74,108,16383,5500
TGTTCGCAACCGCCAA-1,1,74,110,16384,5317
GTTCCATGAATCGCAT-1,1,74,112,16386,5135
GGAGGTATTGGACACC-1,1,74,114,16387,4952
CCTAATCGCTCACCAT-1,1,74,116,16389,4769
TGCGTCCTAAGTTCCA-1,1,74,118,16390,4587
CAATGTCCGTTGCGTG-1,1,74,120,16391,4404
GACAAGTGTTATAGGC-1,1,74,122,16393,4222
TGCCAGTTATGCAGCT-1,1,74,124,16394,4039
TAGGTCGCCGCAACTC-1,1,74,126,16396,3856
ATAGCCGGCGACCGTC-1,1,75,1,16467,15271
ACGCCGGCATAGTCAG-1,1,75,3,16468,15089
ATGTTAGAATAGTACT-1,1,75,5,16469,14906
TAGAAGTATTCAGTTG-1,1,75,7,16471,14723
ATACAGATAGATTGAC-1,1,75,9,16472,14541
GCTTGGCACTCCGTCT-1,1,75,11,16474,14358
TCTAGCTCCGAGGACC-1,1,75,13,16475,14175
GGTGATGGTACAATGG-1,1,75,15,16476,13993
CAATAACTCAGATGAG-1,1,75,17,16478,13810
GCTTCGATTGCGGTGC-1,1,75,19,16479,13628
TGCAGAGGAAGGCCTG-1,1,75,21,16481,13445
GGTGCAACCATGAGGA-1,1,75,23,16482,13262
TGGATCGGCCTCCATG-1,1,75,25,16483,13080
CGTGAGGAACATAGGT-1,1,75,27,16485,12897
TCGACTCAGGTTAACC-1,1,75,29,16486,12715
GTTGTCGAACCATGTT-1,1,75,31,16488,12532
ATGGAGCGGACCGATT-1,1,75,33,16489,12349
GCTCATTGGTTCAACA-1,1,75,35,16491,12167
ACATCACTGGCGTTCG-1,1,75,37,16492,11984
TCGCGGTCCGGATCAG-1,1,75,39,16493,11801
TACCATTGATCATTAG-1,1,75,41,16495,11619
CGACTTAGCGCTATCT-1,1,75,43,16496,11436
GTTGAACTACCGTTCA-1,1,75,45,16498,11254
ACCTGTGGCGCTGCAA-1,1,75,47,16499,11071
TCGGAGGCTGTAGTTG-1,1,75,49,16500,10888
GTCAGTGCAGCGTTGT-1,1,75,51,16502,10706
CATAGACGAGGTATTA-1,1,75,53,16503,10523
ACTATCAAGGACGGAA-1,1,75,55,16505,10340
ACTGATACAGAACGTC-1,1,75,57,16506,10158
TATCCGTAAGCCAGCG-1,1,75,59,16507,9975
TAATAGGCTTGCTGAA-1,1,75,61,16509,9793
ATGCTGACAGTTACAT-1,1,75,63,16510,9610
CTTCAAGTAACAGCTT-1,1,75,65,16512,9427
TAGACCAGGTACGATC-1,1,75,67,16513,9245
GGAAGCTGAGATAAGG-1,1,75,69,16514,9062
GTACGCCATAGATGGT-1,1,75,71,16516,8880
GTGACAATTGCGATAA-1,1,75,73,16517,8697
TACAAGCGCCATCGGA-1,1,75,75,16519,8514
GTGGATTAACAGCGGT-1,1,75,77,16520,8332
GGTTGACCAAGACATG-1,1,75,79,16521,8149
GATCACGAACGTTGAG-1,1,75,81,16523,7966
GTACCTGTCTTACTGT-1,1,75,83,16524,7784
ACATTGATCGTAATCC-1,1,75,85,16526,7601
TAGCGTGGTATTGTGC-1,1,75,87,16527,7419
AAGGTTCATGCGGTGC-1,1,75,89,16528,7236
TCCTGACAGGCAGCAA-1,1,75,91,16530,7053
CGGAGCTCTTCCAACG-1,1,75,93,16531,6871
GTATCTGTGGTCCAGC-1,1,75,95,16533,6688
AAGGACATAACCGCAC-1,1,75,97,16534,6506
AGGCCTTGTCGTTGAT-1,1,75,99,16536,6323
CTGGCCTGGAACAATT-1,1,75,101,16537,6140
GTTGCCATCTACGCAC-1,1,75,103,16538,5958
TCGGACCAACCATACA-1,1,75,105,16540,5775
CGGTAGGTTCGATTCA-1,1,75,107,16541,5592
GTTGTCCTTGAGCGGT-1,1,75,109,16543,5410
CCTTAGATGTGCTACG-1,1,75,111,16544,5227
GCGAACAATAGAAGAC-1,1,75,113,16545,5045
ACATAACCTCTGCCTT-1,1,75,115,16547,4862
TGTTCGTGACCAGTAG-1,1,75,117,16548,4679
CGCTGCAATTAGGCGT-1,1,75,119,16550,4497
GTAGCCAGCTTAATTG-1,1,75,121,16551,4314
TCATCGGTCTCAGTTC-1,1,75,123,16552,4132
CGCCTAACTTGATGGT-1,1,75,125,16554,3949
TGCGATCGGATTCACT-1,1,75,127,16555,3766
GCCTGGATCTGTGCTG-1,1,76,0,16625,15364
CCTCTACCACGTATCG-1,1,76,2,16626,15181
ATACTATGACTTCTTA-1,1,76,4,16628,14998
GCTTACCTATTAATAC-1,1,76,6,16629,14816
AGCTCATTAACGAATG-1,1,76,8,16630,14633
CTATGTCACTTGAACC-1,1,76,10,16632,14451
GTTCTGCGCCAAGCGA-1,1,76,12,16633,14268
ACCTGAGCAGGACCGC-1,1,76,14,16635,14085
GGAGGCTCGCACTTAC-1,1,76,16,16636,13903
CTTCGCACCTGGCGGA-1,1,76,18,16637,13720
ACGAAGATCGAATTGA-1,1,76,20,16639,13538
AACACGTGCATCGCAC-1,1,76,22,16640,13355
CTATTAGACTAAGTGG-1,1,76,24,16642,13172
AGGATGAGTGCGTGCG-1,1,76,26,16643,12990
GATGCGGTCCAGCTTA-1,1,76,28,16644,12807
TCTACAGCACCGAACC-1,1,76,30,16646,12624
CACGTACACTCGCACC-1,1,76,32,16647,12442
TACACTCAGCGTATAA-1,1,76,34,16649,12259
ATCCACGACACGAATG-1,1,76,36,16650,12077
GTGGTACTGGTTCCAA-1,1,76,38,16651,11894
GTCCAGCACGTTCAGA-1,1,76,40,16653,11711
GAAGTAGCTGAGTCTA-1,1,76,42,16654,11529
CACCGACAAGGCGTAT-1,1,76,44,16656,11346
TCGCACTTCAGTGACA-1,1,76,46,16657,11163
AACTGCGATGAATAGG-1,1,76,48,16659,10981
CGCTGACGGCACATGA-1,1,76,50,16660,10798
CAACAGCCGCCTTGAG-1,1,76,52,16661,10616
ACTCAGTAGATACAAT-1,1,76,54,16663,10433
AGGATGCTCGACAGTC-1,1,76,56,16664,10250
CAATAAGGTAGCGATG-1,1,76,58,16666,10068
GGCATACTATTGCACT-1,1,76,60,16667,9885
GGACGTTACGTACATC-1,1,76,62,16668,9703
TCTTGCCGGAGCCAGA-1,1,76,64,16670,9520
AAGATTGACACTCGAT-1,1,76,66,16671,9337
ATCTTAAGCTCCTTGA-1,1,76,68,16673,9155
GTGCTCGCTTGATCGG-1,1,76,70,16674,8972
AATTCTAACATCGTGC-1,1,76,72,16675,8789
GATCGTTGGAATGACA-1,1,76,74,16677,8607
TCTTGCATAGACAATA-1,1,76,76,16678,8424
CGACTATTGGTACTAT-1,1,76,78,16680,8242
TGTCAACTTATTCAAT-1,1,76,80,16681,8059
TATTGAATTAAGCGTT-1,1,76,82,16682,7876
ACCTCCACAGAACTCA-1,1,76,84,16684,7694
CTGGAATGTCCGGCCT-1,1,76,86,16685,7511
GTACTTGTTATTCAAG-1,1,76,88,16687,7329
TCTAGGACTGCCACCG-1,1,76,90,16688,7146
AATAGTCTGGAACAAT-1,1,76,92,16689,6963
ATGAGCATGGCATTCT-1,1,76,94,16691,6781
TGCGTTATTGTTGCGA-1,1,76,96,16692,6598
GTCTCAATACTATGAG-1,1,76,98,16694,6415
GACTAGCTTCCTTGTA-1,1,76,100,16695,6233
CAGCACCGCACGACTA-1,1,76,102,16697,6050
TCAGTTGCAGTTCTTA-1,1,76,104,16698,5868
GTCACTACTCGCGGAG-1,1,76,106,16699,5685
CATTGTGGCCTCAGGC-1,1,76,108,16701,5502
TCAACGTCTTCGGTCC-1,1,76,110,16702,5320
GTCAGTTGTCGTATGT-1,1,76,112,16704,5137
CCGCGTGCTGATTAGT-1,1,76,114,16705,4955
CGCTAATTACATTAGG-1,1,76,116,16706,4772
GTGGCGGTCCGGATGA-1,1,76,118,16708,4589
AGTCACCATACCTCCA-1,1,76,120,16709,4407
CGGCTGTCGGTATTAC-1,1,76,122,16711,4224
TACGCCAGCACCGGAA-1,1,76,124,16712,4041
ACAGTTGAGGCTAATG-1,1,76,126,16713,3859
AGTGCTAACTCCTGGA-1,1,77,1,16784,15274
CTTCCACGTCACGCCA-1,1,77,3,16786,15091
GATTCCTGTTCGCACC-1,1,77,5,16787,14908
GTACAGACCGTCGGCG-1,1,77,7,16789,14726
ACCTGCCACTGCGGTT-1,1,77,9,16790,14543
TCCGTCACGCTAAGGT-1,1,77,11,16791,14361
CTAGCATCGACTTGTT-1,1,77,13,16793,14178
CTAAGCCTAGGCTCAT-1,1,77,15,16794,13995
TGAGGTGCTTAAGCGA-1,1,77,17,16796,13813
ATTCCTCAATTCCATA-1,1,77,19,16797,13630
GCCTTCGATCAGGTCG-1,1,77,21,16798,13447
AGGTACGGAAGTCAAC-1,1,77,23,16800,13265
AGATAGGTGACCGCGT-1,1,77,25,16801,13082
GCTTCTAGCCGAACAG-1,1,77,27,16803,12900
CCACAACCAGCAGGTG-1,1,77,29,16804,12717
TGTACCTGCAGGAACA-1,1,77,31,16805,12534
TCAATCAGATGACGTG-1,1,77,33,16807,12352
CAGCCACGGCTCTACG-1,1,77,35,16808,12169
AGAACATACTGGTCGT-1,1,77,37,16810,11986
CGCTTAGGCTGAGTCC-1,1,77,39,16811,11804
AACTAGCGCTCCAGTT-1,1,77,41,16812,11621
GTAACCACAAGGCTGA-1,1,77,43,16814,11439
TACGTTATCCAGACGC-1,1,77,45,16815,11256
CTTACGCTACGTAAGC-1,1,77,47,16817,11073
TCGGTATCTAGTATAC-1,1,77,49,16818,10891
ATCCGGCGTAGTCTGA-1,1,77,51,16820,10708
TCGCCTAATGACCGGT-1,1,77,53,16821,10526
CGATGCCGACCGTGAC-1,1,77,55,16822,10343
GGACTCTGAACCTGAG-1,1,77,57,16824,10160
TACACGAACAGCTACT-1,1,77,59,16825,9978
AATTCTTGCATTGGTC-1,1,77,61,16827,9795
AGTGCAGCTTCATCGG-1,1,77,63,16828,9612
AGACTGGAACCGTTGG-1,1,77,65,16829,9430
TCTTGAGCGGCAACGC-1,1,77,67,16831,9247
GCCGAATCCACGACTC-1,1,77,69,16832,9065
ATGATAATGCACGCAC-1,1,77,71,16834,8882
TGACCATCCGCCACGT-1,1,77,73,16835,8699
TAGAACATGATTAACA-1,1,77,75,16836,8517
AGCGGATCGCGGACAG-1,1,77,77,16838,8334
ACGTGAAGGTCGCCTC-1,1,77,79,16839,8152
CTGATTGCTTCTAGAA-1,1,77,81,16841,7969
ATTACTTAACCACTTC-1,1,77,83,16842,7786
CATCTTACTTGCACTC-1,1,77,85,16843,7604
ATCCGAACAGGCTCGA-1,1,77,87,16845,7421
GTCAACTCAACTGTTA-1,1,77,89,16846,7238
AACTTGTTGACCGATA-1,1,77,91,16848,7056
ATAATTCTCCGGTCGG-1,1,77,93,16849,6873
AGCGGTGCACCAAGCC-1,1,77,95,16850,6691
TATCTAGTGAGGTAGG-1,1,77,97,16852,6508
CGAGTCGCGTAGACAT-1,1,77,99,16853,6325
TGGTGCTTCTAGGCAA-1,1,77,101,16855,6143
TCGCGGAAGCACCACG-1,1,77,103,16856,5960
ACAGGTGGACGACCTC-1,1,77,105,16857,5778
CTCACGTGAACGTATT-1,1,77,107,16859,5595
ATAGTCGAGTTGTCTG-1,1,77,109,16860,5412
CCTGTCTACCGTGGCA-1,1,77,111,16862,5230
AGGCAACAGTCTGGTT-1,1,77,113,16863,5047
AAGACTGCTACTTCCT-1,1,77,115,16865,4864
CGGCTTCCAATAGGAA-1,1,77,117,16866,4682
TCCGACCGCAAGTCCT-1,1,77,119,16867,4499
GTCAGTTGGAACCACG-1,1,77,121,16869,4317
GTCGAGACCGTCCGTT-1,1,77,123,16870,4134
TGGCTGGAGTTATTGT-1,1,77,125,16872,3951
AGGATCCGCTCGGTGC-1,1,77,127,16873,3769